transaction_id,date,merchant,amount,category,accounting_code,accounting_type,tax_deductible,department,extraction_confidence
TXN-00001,2024-12-16,Steelcase,600.0,Furniture - Fixed Asset,1540,Fixed Asset - Furniture,Yes (Depreciated),Sales,0.8999999999999999
TXN-00002,2024-10-30,Slack,99.0,Software - SaaS,6320,Operating Expense - SaaS,Yes,Engineering,0.93
TXN-00003,2025-03-13,Verizon,100.0,Utilities - Telecom,6600,Operating Expense - Utilities,Yes,Operations,0.8999999999999999
TXN-00004,2025-03-10,Apple,1999.0,Hardware - Equipment,1520,Fixed Asset - Equipment,Yes (Depreciated),Marketing,0.8999999999999999
TXN-00005,2024-11-17,Grubhub,50.0,Meals & Entertainment,6500,Operating Expense - Meals,Partial (50%),Operations,0.8999999999999999
TXN-00006,2024-04-05,Deloitte,50000.0,Professional Services,6700,Operating Expense - Services,Yes,Operations,0.93
TXN-00007,2024-01-29,Restaurants.Com,40.0,Meals & Entertainment,6500,Operating Expense - Meals,Partial (50%),HR,0.8999999999999999
TXN-00008,2024-05-31,Ups,50.0,Shipping & Logistics,6900,Operating Expense - Shipping,Yes,HR,0.8999999999999999
TXN-00009,2024-03-01,Apple,1999.0,Hardware - Equipment,1520,Fixed Asset - Equipment,Yes (Depreciated),Finance,0.95
TXN-00010,2025-02-17,Google Cloud,400.0,Software - Cloud,6310,Operating Expense - Technology,Yes,HR,0.8999999999999999
TXN-00011,2024-06-09,American Airlines,950.0,Travel - Airfare,6400,Operating Expense - Travel,Yes,Finance,0.95
TXN-00012,2024-06-11,Lenovo,2000.0,Hardware - Equipment,1520,Fixed Asset - Equipment,Yes (Depreciated),Finance,0.8999999999999999
TXN-00013,2024-05-02,Marriott Hotels,450.0,Travel - Lodging,6420,Operating Expense - Travel,Yes,Engineering,0.8999999999999999
TXN-00014,2024-09-27,Ubereats,45.0,Meals & Entertainment,6500,Operating Expense - Meals,Partial (50%),HR,0.8999999999999999
TXN-00015,2024-01-19,Starbucks,15.0,Meals & Entertainment,6500,Operating Expense - Meals,Partial (50%),Sales,0.8999999999999999
TXN-00016,2024-07-02,Facebook Ads,4000.0,Marketing - Digital,6800,Operating Expense - Marketing,Yes,Finance,0.95
TXN-00017,2024-06-15,Fedex,500.0,Shipping & Logistics,6900,Operating Expense - Shipping,Yes,Marketing,0.8999999999999999
TXN-00018,2025-01-07,Best Buy,1200.0,Hardware - Equipment,1520,Fixed Asset - Equipment,Yes (Depreciated),Sales,0.8999999999999999
TXN-00019,2025-02-13,Quickbooks,300.0,Accounting Software,6720,Operating Expense - Services,Yes,Sales,0.8999999999999999
TXN-00020,2024-03-27,Comcast Inc,200.0,Utilities - Internet,6610,Operating Expense - Utilities,Yes,Marketing,0.95
TXN-00021,2024-05-14,Ups,350.0,Shipping & Logistics,6900,Operating Expense - Shipping,Yes,Engineering,0.8999999999999999
TXN-00022,2024-07-21,Time Warner,60.0,Utilities - Internet,6610,Operating Expense - Utilities,Yes,Operations,0.95
TXN-00023,2024-11-20,At&T,300.0,Utilities - Telecom,6600,Operating Expense - Utilities,Yes,Sales,0.95
TXN-00024,2024-12-12,Staples,150.0,Office Supplies,6100,Operating Expense - Office,Yes,Operations,0.8999999999999999
TXN-00025,2025-02-07,Restaurants.Com,40.0,Meals & Entertainment,6500,Operating Expense - Meals,Partial (50%),Finance,0.8999999999999999
TXN-00026,2024-09-07,Slack,125.0,Software - SaaS,6320,Operating Expense - SaaS,Yes,Operations,0.95
TXN-00027,2024-08-02,Lenovo,2000.0,Hardware - Equipment,1520,Fixed Asset - Equipment,Yes (Depreciated),Sales,0.8999999999999999
TXN-00028,2024-08-05,United Airlines,850.0,Travel - Airfare,6400,Operating Expense - Travel,Yes,Operations,0.95
TXN-00029,2025-03-29,Time Warner,60.0,Utilities - Internet,6610,Operating Expense - Utilities,Yes,Finance,0.8999999999999999
TXN-00030,2025-02-08,Hilton Hotels,700.0,Travel - Lodging,6420,Operating Expense - Travel,Yes,Sales,0.8999999999999999
TXN-00031,2024-01-13,Herman Miller,1500.0,Furniture - Fixed Asset,1540,Fixed Asset - Furniture,Yes (Depreciated),Sales,0.8999999999999999
TXN-00032,2024-05-19,Doordash,100.0,Meals & Entertainment,6500,Operating Expense - Meals,Partial (50%),Sales,0.95
TXN-00033,2024-10-21,Verizon,350.0,Utilities - Telecom,6600,Operating Expense - Utilities,Yes,Engineering,0.8999999999999999
TXN-00034,2024-02-25,Github,231.0,Software - Development,6360,Operating Expense - Technology,Yes,Marketing,0.8999999999999999
TXN-00035,2024-05-24,Fedex,100.0,Shipping & Logistics,6900,Operating Expense - Shipping,Yes,Sales,0.8999999999999999
TXN-00036,2024-09-13,Datadog,1500.0,Software - Monitoring,6330,Operating Expense - Technology,Yes,Marketing,0.93
TXN-00037,2024-08-30,Deloitte,10000.0,Professional Services,6700,Operating Expense - Services,Yes,Finance,0.95
TXN-00038,2024-04-11,Southwest Airlines,150.0,Travel - Airfare,6400,Operating Expense - Travel,Yes,HR,0.8999999999999999
TXN-00039,2024-11-24,Dell,2500.0,Hardware - Equipment,1520,Fixed Asset - Equipment,Yes (Depreciated),Finance,0.8799999999999999
TXN-00040,2024-01-24,Amazon,299.0,Hardware - Equipment,1520,Fixed Asset - Equipment,Yes (Depreciated),Engineering,0.8999999999999999
TXN-00041,2024-03-20,Hubspot,200.0,Marketing - Software,6810,Operating Expense - Marketing,Yes,Engineering,0.8999999999999999
TXN-00042,2024-07-31,Comcast,70.0,Utilities - Internet,6610,Operating Expense - Utilities,Yes,Engineering,0.8999999999999999
TXN-00043,2025-01-01,Verizon,350.0,Utilities - Telecom,6600,Operating Expense - Utilities,Yes,Sales,0.8999999999999999
TXN-00044,2025-02-06,Southwest Airlines,150.0,Travel - Airfare,6400,Operating Expense - Travel,Yes,Finance,0.95
TXN-00045,2024-05-24,Delta Airlines,900.0,Travel - Airfare,6400,Operating Expense - Travel,Yes,Engineering,0.8999999999999999
TXN-00046,2024-12-24,Google Ads,500.0,Marketing - Digital,6800,Operating Expense - Marketing,Yes,HR,0.8999999999999999
TXN-00047,2024-12-09,Time Warner,60.0,Utilities - Internet,6610,Operating Expense - Utilities,Yes,Finance,0.8999999999999999
TXN-00048,2024-01-24,Mckinsey,60000.0,Professional Services,6700,Operating Expense - Services,Yes,HR,0.8999999999999999
TXN-00049,2024-04-08,Starbucks,15.0,Meals & Entertainment,6500,Operating Expense - Meals,Partial (50%),Marketing,0.8999999999999999
TXN-00050,2024-03-18,Facebook Ads,4000.0,Marketing - Digital,6800,Operating Expense - Marketing,Yes,Marketing,0.8999999999999999
TXN-00051,2024-12-22,Ups,50.0,Shipping & Logistics,6900,Operating Expense - Shipping,Yes,Operations,0.95
TXN-00052,2024-05-21,Herman Miller,1200.0,Furniture - Fixed Asset,1540,Fixed Asset - Furniture,Yes (Depreciated),Marketing,0.95
TXN-00053,2025-02-23,Apple,799.0,Hardware - Equipment,1520,Fixed Asset - Equipment,Yes (Depreciated),Marketing,0.8999999999999999
TXN-00054,2024-02-27,Ikea,1200.0,Furniture - Fixed Asset,1540,Fixed Asset - Furniture,Yes (Depreciated),HR,0.95
TXN-00055,2025-01-30,Delta Airlines,280.0,Travel - Airfare,6400,Operating Expense - Travel,Yes,Sales,0.8799999999999999
TXN-00056,2024-09-12,Aws,2341.0,Software - Cloud,6310,Operating Expense - Technology,Yes,Finance,0.8999999999999999
TXN-00057,2024-05-26,Linkedin Ads,1000.0,Marketing - Digital,6800,Operating Expense - Marketing,Yes,HR,0.8999999999999999
TXN-00058,2024-05-17,Southwest Airlines,650.0,Travel - Airfare,6400,Operating Expense - Travel,Yes,Operations,0.8999999999999999
TXN-00059,2024-06-12,Staples,150.0,Office Supplies,6100,Operating Expense - Office,Yes,Marketing,0.95
TXN-00060,2025-02-15,Slack,299.0,Software - SaaS,6320,Operating Expense - SaaS,Yes,Operations,0.8999999999999999
TXN-00061,2024-03-06,Steelcase,1000.0,Furniture - Fixed Asset,1540,Fixed Asset - Furniture,Yes (Depreciated),Finance,0.8999999999999999
TXN-00062,2024-10-28,United Airlines,850.0,Travel - Airfare,6400,Operating Expense - Travel,Yes,Operations,0.95
TXN-00063,2025-03-27,Ikea,300.0,Furniture - Fixed Asset,1540,Fixed Asset - Furniture,Yes (Depreciated),HR,0.8999999999999999
TXN-00064,2024-03-08,Google Cloud,950.0,Software - Cloud,6310,Operating Expense - Technology,Yes,Finance,0.8999999999999999
TXN-00065,2024-08-18,Hilton Hotels,700.0,Travel - Lodging,6420,Operating Expense - Travel,Yes,Operations,0.95
TXN-00066,2024-03-31,Dell,500.0,Hardware - Equipment,1520,Fixed Asset - Equipment,Yes (Depreciated),Operations,0.95
TXN-00067,2024-09-09,Deloitte,10000.0,Professional Services,6700,Operating Expense - Services,Yes,Finance,0.95
TXN-00068,2025-01-22,Verizon,100.0,Utilities - Telecom,6600,Operating Expense - Utilities,Yes,HR,0.8999999999999999
TXN-00069,2025-01-20,Airbnb,80.0,Travel - Lodging,6420,Operating Expense - Travel,Yes,Operations,0.95
TXN-00070,2024-03-11,Steelcase,2500.0,Furniture - Fixed Asset,1540,Fixed Asset - Furniture,Yes (Depreciated),Engineering,0.95
TXN-00071,2024-10-04,Xero,99.0,Accounting Software,6720,Operating Expense - Services,Yes,Finance,0.95
TXN-00072,2024-09-16,Google Cloud,950.0,Software - Cloud,6310,Operating Expense - Technology,Yes,Operations,0.8999999999999999
TXN-00073,2024-11-21,United Airlines,250.0,Travel - Airfare,6400,Operating Expense - Travel,Yes,Engineering,0.8999999999999999
TXN-00074,2024-07-11,American Airlines,300.0,Travel - Airfare,6400,Operating Expense - Travel,Yes,Operations,0.95
TXN-00075,2024-01-04,Restaurants.Com,80.0,Meals & Entertainment,6500,Operating Expense - Meals,Partial (50%),Sales,0.8999999999999999
TXN-00076,2024-10-19,Staples,150.0,Office Supplies,6100,Operating Expense - Office,Yes,Marketing,0.8999999999999999
TXN-00077,2025-03-12,Google Ads,5000.0,Marketing - Digital,6800,Operating Expense - Marketing,Yes,Finance,0.8999999999999999
TXN-00078,2025-01-06,Aws,2341.0,Software - Cloud,6310,Operating Expense - Technology,Yes,Sales,0.95
TXN-00079,2025-03-03,Linkedin Ads,2500.0,Marketing - Digital,6800,Operating Expense - Marketing,Yes,Finance,0.93
TXN-00080,2024-12-09,Github,500.0,Software - Development,6360,Operating Expense - Technology,Yes,Operations,0.8999999999999999
TXN-00081,2024-11-09,Quickbooks,120.0,Accounting Software,6720,Operating Expense - Services,Yes,Engineering,0.8999999999999999
TXN-00082,2024-02-28,Deloitte,25000.0,Professional Services,6700,Operating Expense - Services,Yes,Sales,0.8999999999999999
TXN-00083,2024-02-03,Zoom,599.0,Software - SaaS,6320,Operating Expense - SaaS,Yes,Sales,0.95
TXN-00084,2024-05-03,Staples,50.0,Office Supplies,6100,Operating Expense - Office,Yes,Marketing,0.8999999999999999
TXN-00085,2024-09-29,Lyft,12.0,Travel - Ground,6410,Operating Expense - Travel,Yes,Finance,0.95
TXN-00086,2024-07-28,Restaurants.Com,150.0,Meals & Entertainment,6500,Operating Expense - Meals,Partial (50%),Operations,0.95
TXN-00087,2025-02-06,Uber,15.0,Travel - Ground,6410,Operating Expense - Travel,Yes,Engineering,0.8999999999999999
TXN-00088,2024-08-29,Mckinsey,6000.0,Professional Services,6700,Operating Expense - Services,Yes,Engineering,0.8999999999999999
TXN-00089,2025-02-09,Airbnb,150.0,Travel - Lodging,6420,Operating Expense - Travel,Yes,Marketing,0.95
TXN-00090,2024-11-26,Hilton Hotels,400.0,Travel - Lodging,6420,Operating Expense - Travel,Yes,Engineering,0.8999999999999999
TXN-00091,2024-09-18,Restaurants.Com,150.0,Meals & Entertainment,6500,Operating Expense - Meals,Partial (50%),Finance,0.95
TXN-00092,2024-08-31,Quickbooks,120.0,Accounting Software,6720,Operating Expense - Services,Yes,Sales,0.95
TXN-00093,2024-09-14,Twilio,50.0,Software - Communications,6340,Operating Expense - Technology,Yes,Finance,0.93
TXN-00094,2024-02-18,Google Ads,5000.0,Marketing - Digital,6800,Operating Expense - Marketing,Yes,Engineering,0.8999999999999999
TXN-00095,2024-12-14,Datadog,1500.0,Software - Monitoring,6330,Operating Expense - Technology,Yes,Operations,0.95
TXN-00096,2024-12-21,United Airlines,450.0,Travel - Airfare,6400,Operating Expense - Travel,Yes,Operations,0.8799999999999999
TXN-00097,2024-02-21,Dhl,60.0,Shipping & Logistics,6900,Operating Expense - Shipping,Yes,Sales,0.8999999999999999
TXN-00098,2025-03-21,Hubspot,50.0,Marketing - Software,6810,Operating Expense - Marketing,Yes,HR,0.8999999999999999
TXN-00099,2024-09-18,Office Depot,200.0,Office Supplies,6100,Operating Expense - Office,Yes,Marketing,0.95
TXN-00100,2025-03-06,Delta Airlines,900.0,Travel - Airfare,6400,Operating Expense - Travel,Yes,Operations,0.95
TXN-00101,2024-12-05,Microsoft Azure,1500.0,Software - Cloud,6310,Operating Expense - Technology,Yes,Operations,0.95
TXN-00102,2025-03-09,Lyft,60.0,Travel - Ground,6410,Operating Expense - Travel,Yes,Operations,0.8999999999999999
TXN-00103,2024-07-30,Google Ads,500.0,Marketing - Digital,6800,Operating Expense - Marketing,Yes,Engineering,0.95
TXN-00104,2024-06-29,Marriott Hotels,800.0,Travel - Lodging,6420,Operating Expense - Travel,Yes,Finance,0.95
TXN-00105,2025-01-17,Stripe,2500.0,Software - Payments,6350,Operating Expense - Technology,Yes,Operations,0.95
TXN-00106,2024-09-01,Time Warner,180.0,Utilities - Internet,6610,Operating Expense - Utilities,Yes,HR,0.95
TXN-00107,2024-08-03,Quickbooks,300.0,Accounting Software,6720,Operating Expense - Services,Yes,HR,0.95
TXN-00108,2024-02-25,Amazon Business,250.0,Office Supplies,6100,Operating Expense - Office,Yes,Finance,0.8999999999999999
TXN-00109,2024-08-22,Southwest Airlines,650.0,Travel - Airfare,6400,Operating Expense - Travel,Yes,Finance,0.8999999999999999
TXN-00110,2024-08-11,Dell,1200.0,Hardware - Equipment,1520,Fixed Asset - Equipment,Yes (Depreciated),Finance,0.95
TXN-00111,2024-12-16,Ubereats,100.0,Meals & Entertainment,6500,Operating Expense - Meals,Partial (50%),Marketing,0.8999999999999999
TXN-00112,2024-07-12,Hubspot,50.0,Marketing - Software,6810,Operating Expense - Marketing,Yes,Marketing,0.8999999999999999
TXN-00113,2025-02-28,Doordash,50.0,Meals & Entertainment,6500,Operating Expense - Meals,Partial (50%),Operations,0.8999999999999999
TXN-00114,2024-02-09,Microsoft Azure,300.0,Software - Cloud,6310,Operating Expense - Technology,Yes,Operations,0.95
TXN-00115,2024-02-01,Starbucks,5.0,Meals & Entertainment,6500,Operating Expense - Meals,Partial (50%),Finance,0.95
TXN-00116,2024-05-26,Restaurants.Com,150.0,Meals & Entertainment,6500,Operating Expense - Meals,Partial (50%),Engineering,0.8999999999999999
TXN-00117,2025-03-28,Herman Miller,3000.0,Furniture - Fixed Asset,1540,Fixed Asset - Furniture,Yes (Depreciated),HR,0.8999999999999999
TXN-00118,2024-12-16,Dell,500.0,Hardware - Equipment,1520,Fixed Asset - Equipment,Yes (Depreciated),Marketing,0.8999999999999999
TXN-00119,2024-07-24,Github,231.0,Software - Development,6360,Operating Expense - Technology,Yes,Operations,0.8799999999999999
TXN-00120,2024-11-27,American Airlines,1500.0,Travel - Airfare,6400,Operating Expense - Travel,Yes,HR,0.95
TXN-00121,2024-11-28,Mckinsey,6000.0,Professional Services,6700,Operating Expense - Services,Yes,Sales,0.95
TXN-00122,2024-07-18,Quickbooks,600.0,Accounting Software,6720,Operating Expense - Services,Yes,Finance,0.8999999999999999
TXN-00123,2025-03-11,Marriott Hotels,800.0,Travel - Lodging,6420,Operating Expense - Travel,Yes,Marketing,0.8799999999999999
TXN-00124,2024-05-22,American Airlines,950.0,Travel - Airfare,6400,Operating Expense - Travel,Yes,Engineering,0.95
TXN-00125,2024-08-26,Linkedin Ads,5000.0,Marketing - Digital,6800,Operating Expense - Marketing,Yes,Marketing,0.95
TXN-00126,2024-08-28,American Airlines,550.0,Travel - Airfare,6400,Operating Expense - Travel,Yes,Operations,0.8999999999999999
TXN-00127,2025-02-20,Starbucks,15.0,Meals & Entertainment,6500,Operating Expense - Meals,Partial (50%),Engineering,0.8999999999999999
TXN-00128,2024-04-06,Grubhub,50.0,Meals & Entertainment,6500,Operating Expense - Meals,Partial (50%),HR,0.95
TXN-00129,2024-07-09,Slack,125.0,Software - SaaS,6320,Operating Expense - SaaS,Yes,Sales,0.8999999999999999
TXN-00130,2024-08-22,Staples,500.0,Office Supplies,6100,Operating Expense - Office,Yes,Engineering,0.8999999999999999
TXN-00131,2024-01-20,Airbnb,300.0,Travel - Lodging,6420,Operating Expense - Travel,Yes,Marketing,0.8999999999999999
TXN-00132,2024-07-20,Starbucks,5.0,Meals & Entertainment,6500,Operating Expense - Meals,Partial (50%),HR,0.8999999999999999
TXN-00133,2024-04-24,Doordash,50.0,Meals & Entertainment,6500,Operating Expense - Meals,Partial (50%),Sales,0.95
TXN-00134,2025-03-01,Github,500.0,Software - Development,6360,Operating Expense - Technology,Yes,Finance,0.8999999999999999
TXN-00135,2024-10-12,Deloitte,50000.0,Professional Services,6700,Operating Expense - Services,Yes,Marketing,0.8999999999999999
TXN-00136,2024-05-19,Grubhub,180.0,Meals & Entertainment,6500,Operating Expense - Meals,Partial (50%),Operations,0.95
TXN-00137,2024-05-31,Fedex,45.0,Shipping & Logistics,6900,Operating Expense - Shipping,Yes,Finance,0.8999999999999999
TXN-00138,2024-10-09,Google Cloud,1850.0,Software - Cloud,6310,Operating Expense - Technology,Yes,Marketing,0.95
TXN-00139,2024-08-02,Accenture,7000.0,Professional Services,6700,Operating Expense - Services,Yes,Sales,0.8999999999999999
TXN-00140,2025-02-25,Ikea,100.0,Furniture - Fixed Asset,1540,Fixed Asset - Furniture,Yes (Depreciated),Sales,0.95
TXN-00141,2024-11-06,Aws,2341.0,Software - Cloud,6310,Operating Expense - Technology,Yes,HR,0.8999999999999999
TXN-00142,2024-07-21,Linkedin Ads,2500.0,Marketing - Digital,6800,Operating Expense - Marketing,Yes,Sales,0.8999999999999999
TXN-00143,2024-06-19,Zoom,299.0,Software - SaaS,6320,Operating Expense - SaaS,Yes,HR,0.8999999999999999
TXN-00144,2024-04-12,Fedex,300.0,Shipping & Logistics,6900,Operating Expense - Shipping,Yes,Finance,0.8999999999999999
TXN-00145,2024-04-03,Accenture Inc,3000.0,Professional Services,6700,Operating Expense - Services,Yes,Finance,0.8799999999999999
TXN-00146,2024-09-26,Restaurants.Com,80.0,Meals & Entertainment,6500,Operating Expense - Meals,Partial (50%),Sales,0.95
TXN-00147,2024-06-08,Facebook Ads,4000.0,Marketing - Digital,6800,Operating Expense - Marketing,Yes,Operations,0.8999999999999999
TXN-00148,2024-02-22,Steelcase,2500.0,Furniture - Fixed Asset,1540,Fixed Asset - Furniture,Yes (Depreciated),Marketing,0.95
TXN-00149,2024-08-27,Slack,299.0,Software - SaaS,6320,Operating Expense - SaaS,Yes,Engineering,0.95
TXN-00150,2024-12-30,Southwest Airlines,1000.0,Travel - Airfare,6400,Operating Expense - Travel,Yes,Marketing,0.95
TXN-00151,2024-06-12,Hilton Hotels Inc,220.0,Travel - Lodging,6420,Operating Expense - Travel,Yes,Sales,0.95
TXN-00152,2024-01-21,Lenovo,400.0,Hardware - Equipment,1520,Fixed Asset - Equipment,Yes (Depreciated),Engineering,0.8999999999999999
TXN-00153,2024-03-23,Hubspot,1200.0,Marketing - Software,6810,Operating Expense - Marketing,Yes,HR,0.8999999999999999
TXN-00154,2024-08-30,Airbnb,600.0,Travel - Lodging,6420,Operating Expense - Travel,Yes,Finance,0.8999999999999999
TXN-00155,2024-07-11,Linkedin Ads,1000.0,Marketing - Digital,6800,Operating Expense - Marketing,Yes,Engineering,0.8999999999999999
TXN-00156,2024-08-30,Dhl,30.0,Shipping & Logistics,6900,Operating Expense - Shipping,Yes,Operations,0.8999999999999999
TXN-00157,2024-07-25,Linkedin Ads,5000.0,Marketing - Digital,6800,Operating Expense - Marketing,Yes,Marketing,0.8999999999999999
TXN-00158,2024-08-13,Airbnb,150.0,Travel - Lodging,6420,Operating Expense - Travel,Yes,Finance,0.95
TXN-00159,2024-10-14,Best Buy,100.0,Hardware - Equipment,1520,Fixed Asset - Equipment,Yes (Depreciated),HR,0.8999999999999999
TXN-00160,2024-02-16,Zoom,299.0,Software - SaaS,6320,Operating Expense - SaaS,Yes,Engineering,0.8999999999999999
TXN-00161,2025-03-24,Lawdepot Inc,1000.0,Legal Services,6710,Operating Expense - Services,Yes,Operations,0.8999999999999999
TXN-00162,2024-12-06,Quickbooks,600.0,Accounting Software,6720,Operating Expense - Services,Yes,Engineering,0.8999999999999999
TXN-00163,2025-03-06,Salesforce,1200.0,Software - SaaS,6320,Operating Expense - SaaS,Yes,HR,0.8799999999999999
TXN-00164,2024-06-07,Chipotle,20.0,Meals & Entertainment,6500,Operating Expense - Meals,Partial (50%),HR,0.8999999999999999
TXN-00165,2024-01-24,Uber,65.0,Travel - Ground,6410,Operating Expense - Travel,Yes,Sales,0.8999999999999999
TXN-00166,2024-11-06,Dhl,60.0,Shipping & Logistics,6900,Operating Expense - Shipping,Yes,Engineering,0.8999999999999999
TXN-00167,2024-07-29,Dhl,60.0,Shipping & Logistics,6900,Operating Expense - Shipping,Yes,Sales,0.8799999999999999
TXN-00168,2025-03-17,Herman Miller,1200.0,Furniture - Fixed Asset,1540,Fixed Asset - Furniture,Yes (Depreciated),Operations,0.8799999999999999
TXN-00169,2024-07-07,Amazon Business,100.0,Office Supplies,6100,Operating Expense - Office,Yes,Marketing,0.95
TXN-00170,2024-02-11,Amazon Business,500.0,Office Supplies,6100,Operating Expense - Office,Yes,Sales,0.95
TXN-00171,2024-09-14,Slack,125.0,Software - SaaS,6320,Operating Expense - SaaS,Yes,Finance,0.95
TXN-00172,2024-10-03,American Airlines,550.0,Travel - Airfare,6400,Operating Expense - Travel,Yes,Sales,0.8999999999999999
TXN-00173,2024-05-17,Hilton Hotels,220.0,Travel - Lodging,6420,Operating Expense - Travel,Yes,Engineering,0.8999999999999999
TXN-00174,2024-07-23,Github,500.0,Software - Development,6360,Operating Expense - Technology,Yes,Sales,0.8799999999999999
TXN-00175,2024-02-11,Starbucks,10.0,Meals & Entertainment,6500,Operating Expense - Meals,Partial (50%),HR,0.8999999999999999
TXN-00176,2024-11-28,Steelcase,1000.0,Furniture - Fixed Asset,1540,Fixed Asset - Furniture,Yes (Depreciated),HR,0.95
TXN-00177,2024-04-13,Fedex,45.0,Shipping & Logistics,6900,Operating Expense - Shipping,Yes,Operations,0.95
TXN-00178,2024-09-05,Microsoft Azure,1500.0,Software - Cloud,6310,Operating Expense - Technology,Yes,HR,0.93
TXN-00179,2024-05-10,Xero,99.0,Accounting Software,6720,Operating Expense - Services,Yes,Marketing,0.95
TXN-00180,2024-05-28,Stripe,1250.0,Software - Payments,6350,Operating Expense - Technology,Yes,Operations,0.8999999999999999
TXN-00181,2024-12-03,Microsoft Azure,3000.0,Software - Cloud,6310,Operating Expense - Technology,Yes,Sales,0.95
TXN-00182,2024-08-28,Slack,199.0,Software - SaaS,6320,Operating Expense - SaaS,Yes,Engineering,0.8999999999999999
TXN-00183,2024-09-18,Github,500.0,Software - Development,6360,Operating Expense - Technology,Yes,Marketing,0.8999999999999999
TXN-00184,2024-06-03,Twilio,50.0,Software - Communications,6340,Operating Expense - Technology,Yes,Finance,0.8999999999999999
TXN-00185,2024-06-26,Ubereats,100.0,Meals & Entertainment,6500,Operating Expense - Meals,Partial (50%),Operations,0.95
TXN-00186,2024-07-24,Hubspot,1200.0,Marketing - Software,6810,Operating Expense - Marketing,Yes,Marketing,0.8999999999999999
TXN-00187,2024-07-18,Datadog,800.0,Software - Monitoring,6330,Operating Expense - Technology,Yes,Engineering,0.8799999999999999
TXN-00188,2024-09-07,Delta Airlines,1400.0,Travel - Airfare,6400,Operating Expense - Travel,Yes,Engineering,0.8999999999999999
TXN-00189,2024-11-30,Ubereats,100.0,Meals & Entertainment,6500,Operating Expense - Meals,Partial (50%),Engineering,0.8999999999999999
TXN-00190,2024-05-29,Office Depot,75.0,Office Supplies,6100,Operating Expense - Office,Yes,HR,0.95
TXN-00191,2024-12-23,Chipotle,25.0,Meals & Entertainment,6500,Operating Expense - Meals,Partial (50%),Engineering,0.93
TXN-00192,2024-12-14,Accenture,3000.0,Professional Services,6700,Operating Expense - Services,Yes,Operations,0.8999999999999999
TXN-00193,2024-02-26,Slack,299.0,Software - SaaS,6320,Operating Expense - SaaS,Yes,Marketing,0.8999999999999999
TXN-00194,2024-07-08,American Airlines,300.0,Travel - Airfare,6400,Operating Expense - Travel,Yes,HR,0.8799999999999999
TXN-00195,2024-10-08,Airbnb,80.0,Travel - Lodging,6420,Operating Expense - Travel,Yes,Finance,0.8999999999999999
TXN-00196,2024-01-25,Apple,1200.0,Hardware - Equipment,1520,Fixed Asset - Equipment,Yes (Depreciated),Marketing,0.8999999999999999
TXN-00197,2024-06-13,Office Depot,200.0,Office Supplies,6100,Operating Expense - Office,Yes,Sales,0.8799999999999999
TXN-00198,2024-11-01,Lyft,60.0,Travel - Ground,6410,Operating Expense - Travel,Yes,Engineering,0.8999999999999999
TXN-00199,2024-04-22,Dhl,150.0,Shipping & Logistics,6900,Operating Expense - Shipping,Yes,HR,0.8999999999999999
TXN-00200,2024-02-06,Herman Miller,1200.0,Furniture - Fixed Asset,1540,Fixed Asset - Furniture,Yes (Depreciated),Engineering,0.8999999999999999
TXN-00201,2024-07-14,Github,500.0,Software - Development,6360,Operating Expense - Technology,Yes,Sales,0.8999999999999999
TXN-00202,2024-04-07,Herman Miller,1500.0,Furniture - Fixed Asset,1540,Fixed Asset - Furniture,Yes (Depreciated),Marketing,0.8999999999999999
TXN-00203,2024-11-27,Amazon,99.0,Hardware - Equipment,1520,Fixed Asset - Equipment,Yes (Depreciated),Sales,0.8999999999999999
TXN-00204,2024-04-15,Ubereats,45.0,Meals & Entertainment,6500,Operating Expense - Meals,Partial (50%),Marketing,0.8999999999999999
TXN-00205,2024-05-11,Ubereats,20.0,Meals & Entertainment,6500,Operating Expense - Meals,Partial (50%),Finance,0.95
TXN-00206,2024-11-05,Verizon,350.0,Utilities - Telecom,6600,Operating Expense - Utilities,Yes,Operations,0.8999999999999999
TXN-00207,2024-03-22,At&T,300.0,Utilities - Telecom,6600,Operating Expense - Utilities,Yes,Finance,0.8999999999999999
TXN-00208,2024-08-12,Amazon Business,250.0,Office Supplies,6100,Operating Expense - Office,Yes,Operations,0.95
TXN-00209,2024-04-08,Staples,50.0,Office Supplies,6100,Operating Expense - Office,Yes,Engineering,0.95
TXN-00210,2024-12-01,Time Warner,100.0,Utilities - Internet,6610,Operating Expense - Utilities,Yes,Sales,0.8999999999999999
TXN-00211,2024-01-24,Slack,299.0,Software - SaaS,6320,Operating Expense - SaaS,Yes,Marketing,0.95
TXN-00212,2025-02-03,Google Ads,2500.0,Marketing - Digital,6800,Operating Expense - Marketing,Yes,HR,0.8999999999999999
TXN-00213,2024-04-13,Apple,1200.0,Hardware - Equipment,1520,Fixed Asset - Equipment,Yes (Depreciated),Finance,0.8999999999999999
TXN-00214,2025-01-03,Quickbooks,600.0,Accounting Software,6720,Operating Expense - Services,Yes,Marketing,0.8999999999999999
TXN-00215,2024-12-02,Google Cloud,4000.0,Software - Cloud,6310,Operating Expense - Technology,Yes,Marketing,0.95
TXN-00216,2025-01-21,Doordash,50.0,Meals & Entertainment,6500,Operating Expense - Meals,Partial (50%),Engineering,0.95
TXN-00217,2024-07-30,Microsoft Azure,300.0,Software - Cloud,6310,Operating Expense - Technology,Yes,Operations,0.8999999999999999
TXN-00218,2024-10-15,Salesforce,600.0,Software - SaaS,6320,Operating Expense - SaaS,Yes,Finance,0.8799999999999999
TXN-00219,2024-06-30,Comcast,200.0,Utilities - Internet,6610,Operating Expense - Utilities,Yes,Operations,0.8999999999999999
TXN-00220,2024-02-18,Linkedin Ads,2500.0,Marketing - Digital,6800,Operating Expense - Marketing,Yes,Engineering,0.95
TXN-00221,2024-10-23,Doordash,100.0,Meals & Entertainment,6500,Operating Expense - Meals,Partial (50%),Marketing,0.95
TXN-00222,2024-03-31,Linkedin Ads,1000.0,Marketing - Digital,6800,Operating Expense - Marketing,Yes,Finance,0.8999999999999999
TXN-00223,2024-04-06,Herman Miller,1200.0,Furniture - Fixed Asset,1540,Fixed Asset - Furniture,Yes (Depreciated),Sales,0.95
TXN-00224,2024-09-13,Deloitte,25000.0,Professional Services,6700,Operating Expense - Services,Yes,Marketing,0.8999999999999999
TXN-00225,2024-02-16,Linkedin Ads,5000.0,Marketing - Digital,6800,Operating Expense - Marketing,Yes,Marketing,0.8999999999999999
TXN-00226,2024-11-01,Staples,500.0,Office Supplies,6100,Operating Expense - Office,Yes,Finance,0.8999999999999999
TXN-00227,2024-06-03,Microsoft Azure,1500.0,Software - Cloud,6310,Operating Expense - Technology,Yes,Operations,0.8999999999999999
TXN-00228,2024-09-09,Herman Miller,800.0,Furniture - Fixed Asset,1540,Fixed Asset - Furniture,Yes (Depreciated),Marketing,0.8999999999999999
TXN-00229,2024-11-11,Best Buy,500.0,Hardware - Equipment,1520,Fixed Asset - Equipment,Yes (Depreciated),Sales,0.8999999999999999
TXN-00230,2025-02-24,Hilton Hotels,120.0,Travel - Lodging,6420,Operating Expense - Travel,Yes,Operations,0.95
TXN-00231,2024-02-09,Lawdepot,200.0,Legal Services,6710,Operating Expense - Services,Yes,Engineering,0.8999999999999999
TXN-00232,2024-07-28,Verizon,350.0,Utilities - Telecom,6600,Operating Expense - Utilities,Yes,Marketing,0.8999999999999999
TXN-00233,2025-01-10,Twilio,200.0,Software - Communications,6340,Operating Expense - Technology,Yes,Sales,0.8999999999999999
TXN-00234,2025-01-21,Fedex,300.0,Shipping & Logistics,6900,Operating Expense - Shipping,Yes,Finance,0.8999999999999999
TXN-00235,2024-07-02,Datadog,3000.0,Software - Monitoring,6330,Operating Expense - Technology,Yes,Finance,0.8999999999999999
TXN-00236,2024-07-06,Deloitte,25000.0,Professional Services,6700,Operating Expense - Services,Yes,Operations,0.8999999999999999
TXN-00237,2025-01-07,Herman Miller,1500.0,Furniture - Fixed Asset,1540,Fixed Asset - Furniture,Yes (Depreciated),Operations,0.95
TXN-00238,2024-12-27,Office Depot,200.0,Office Supplies,6100,Operating Expense - Office,Yes,Operations,0.8799999999999999
TXN-00239,2024-09-26,Linkedin Ads,2500.0,Marketing - Digital,6800,Operating Expense - Marketing,Yes,Finance,0.95
TXN-00240,2024-08-21,Amazon Business,100.0,Office Supplies,6100,Operating Expense - Office,Yes,Engineering,0.8999999999999999
TXN-00241,2025-01-08,Slack,125.0,Software - SaaS,6320,Operating Expense - SaaS,Yes,Finance,0.8999999999999999
TXN-00242,2024-06-15,Ikea,1200.0,Furniture - Fixed Asset,1540,Fixed Asset - Furniture,Yes (Depreciated),Engineering,0.8999999999999999
TXN-00243,2024-05-21,Slack,299.0,Software - SaaS,6320,Operating Expense - SaaS,Yes,Finance,0.8999999999999999
TXN-00244,2024-11-01,Deloitte,5000.0,Professional Services,6700,Operating Expense - Services,Yes,Engineering,0.8999999999999999
TXN-00245,2025-01-25,Grubhub,180.0,Meals & Entertainment,6500,Operating Expense - Meals,Partial (50%),Finance,0.8999999999999999
TXN-00246,2024-05-30,Steelcase,1800.0,Furniture - Fixed Asset,1540,Fixed Asset - Furniture,Yes (Depreciated),HR,0.8999999999999999
TXN-00247,2024-07-07,Accenture,3000.0,Professional Services,6700,Operating Expense - Services,Yes,HR,0.8999999999999999
TXN-00248,2024-10-07,Xero,200.0,Accounting Software,6720,Operating Expense - Services,Yes,Sales,0.95
TXN-00249,2025-02-04,Mckinsey,30000.0,Professional Services,6700,Operating Expense - Services,Yes,Finance,0.93
TXN-00250,2024-03-29,Quickbooks,600.0,Accounting Software,6720,Operating Expense - Services,Yes,Marketing,0.8999999999999999
TXN-00251,2025-01-10,Comcast,70.0,Utilities - Internet,6610,Operating Expense - Utilities,Yes,Sales,0.95
TXN-00252,2024-07-15,Verizon,200.0,Utilities - Telecom,6600,Operating Expense - Utilities,Yes,Marketing,0.95
TXN-00253,2024-12-05,Microsoft Azure,3000.0,Software - Cloud,6310,Operating Expense - Technology,Yes,Marketing,0.8999999999999999
TXN-00254,2024-07-08,Mckinsey,6000.0,Professional Services,6700,Operating Expense - Services,Yes,Sales,0.8999999999999999
TXN-00255,2024-12-11,Pwc,4000.0,Professional Services,6700,Operating Expense - Services,Yes,Engineering,0.8999999999999999
TXN-00256,2025-02-02,Xero,99.0,Accounting Software,6720,Operating Expense - Services,Yes,Engineering,0.8999999999999999
TXN-00257,2024-02-24,Stripe,2500.0,Software - Payments,6350,Operating Expense - Technology,Yes,Operations,0.95
TXN-00258,2024-06-23,Zoom,299.0,Software - SaaS,6320,Operating Expense - SaaS,Yes,HR,0.8999999999999999
TXN-00259,2024-12-19,Lawdepot,200.0,Legal Services,6710,Operating Expense - Services,Yes,HR,0.95
TXN-00260,2025-03-09,Dell,1200.0,Hardware - Equipment,1520,Fixed Asset - Equipment,Yes (Depreciated),HR,0.8799999999999999
TXN-00261,2025-03-16,Accenture,15000.0,Professional Services,6700,Operating Expense - Services,Yes,Marketing,0.8799999999999999
TXN-00262,2024-10-09,Herman Miller,800.0,Furniture - Fixed Asset,1540,Fixed Asset - Furniture,Yes (Depreciated),Sales,0.8999999999999999
TXN-00263,2024-09-20,Linkedin Ads,5000.0,Marketing - Digital,6800,Operating Expense - Marketing,Yes,Engineering,0.8999999999999999
TXN-00264,2024-09-05,Microsoft Azure,300.0,Software - Cloud,6310,Operating Expense - Technology,Yes,Engineering,0.95
TXN-00265,2024-11-13,Hubspot,200.0,Marketing - Software,6810,Operating Expense - Marketing,Yes,Finance,0.8999999999999999
TXN-00266,2024-10-03,Marriott Hotels,250.0,Travel - Lodging,6420,Operating Expense - Travel,Yes,HR,0.8999999999999999
TXN-00267,2024-11-22,Slack Inc,125.0,Software - SaaS,6320,Operating Expense - SaaS,Yes,Finance,0.95
TXN-00268,2024-11-16,Doordash,25.0,Meals & Entertainment,6500,Operating Expense - Meals,Partial (50%),Engineering,0.8999999999999999
TXN-00269,2024-02-27,Salesforce,300.0,Software - SaaS,6320,Operating Expense - SaaS,Yes,Operations,0.95
TXN-00270,2024-07-28,Hilton Hotels,700.0,Travel - Lodging,6420,Operating Expense - Travel,Yes,Sales,0.8999999999999999
TXN-00271,2025-01-01,Office Depot,350.0,Office Supplies,6100,Operating Expense - Office,Yes,HR,0.95
TXN-00272,2024-04-29,Facebook Ads Inc,4000.0,Marketing - Digital,6800,Operating Expense - Marketing,Yes,Finance,0.95
TXN-00273,2025-01-10,Lawdepot,500.0,Legal Services,6710,Operating Expense - Services,Yes,Operations,0.8999999999999999
TXN-00274,2024-05-27,Doordash,25.0,Meals & Entertainment,6500,Operating Expense - Meals,Partial (50%),HR,0.8999999999999999
TXN-00275,2025-02-22,Grubhub,180.0,Meals & Entertainment,6500,Operating Expense - Meals,Partial (50%),Engineering,0.8999999999999999
TXN-00276,2024-12-02,Deloitte,10000.0,Professional Services,6700,Operating Expense - Services,Yes,Engineering,0.8999999999999999
TXN-00277,2024-04-07,Salesforce,2500.0,Software - SaaS,6320,Operating Expense - SaaS,Yes,Engineering,0.8999999999999999
TXN-00278,2024-01-25,Quickbooks,300.0,Accounting Software,6720,Operating Expense - Services,Yes,Sales,0.8799999999999999
TXN-00279,2024-03-08,United Airlines,1200.0,Travel - Airfare,6400,Operating Expense - Travel,Yes,HR,0.93
TXN-00280,2024-07-23,Herman Miller,3000.0,Furniture - Fixed Asset,1540,Fixed Asset - Furniture,Yes (Depreciated),Engineering,0.8999999999999999
TXN-00281,2024-09-25,Zoom,299.0,Software - SaaS,6320,Operating Expense - SaaS,Yes,Marketing,0.95
TXN-00282,2025-02-21,Linkedin Ads,400.0,Marketing - Digital,6800,Operating Expense - Marketing,Yes,HR,0.8999999999999999
TXN-00283,2024-08-02,Time Warner,60.0,Utilities - Internet,6610,Operating Expense - Utilities,Yes,Operations,0.8999999999999999
TXN-00284,2025-02-10,Datadog,3000.0,Software - Monitoring,6330,Operating Expense - Technology,Yes,Finance,0.8999999999999999
TXN-00285,2024-02-19,Stripe,2500.0,Software - Payments,6350,Operating Expense - Technology,Yes,Marketing,0.8999999999999999
TXN-00286,2024-03-03,Lyft,12.0,Travel - Ground,6410,Operating Expense - Travel,Yes,Finance,0.8999999999999999
TXN-00287,2024-11-24,Uber,25.0,Travel - Ground,6410,Operating Expense - Travel,Yes,Operations,0.8999999999999999
TXN-00288,2025-03-17,United Airlines,250.0,Travel - Airfare,6400,Operating Expense - Travel,Yes,Finance,0.8999999999999999
TXN-00289,2024-07-14,Dell,500.0,Hardware - Equipment,1520,Fixed Asset - Equipment,Yes (Depreciated),Engineering,0.8999999999999999
TXN-00290,2024-10-28,Pwc,8000.0,Professional Services,6700,Operating Expense - Services,Yes,Finance,0.8999999999999999
TXN-00291,2025-03-05,Airbnb,80.0,Travel - Lodging,6420,Operating Expense - Travel,Yes,Engineering,0.95
TXN-00292,2024-04-18,Fedex,500.0,Shipping & Logistics,6900,Operating Expense - Shipping,Yes,Marketing,0.95
TXN-00293,2024-07-02,Microsoft Azure,800.0,Software - Cloud,6310,Operating Expense - Technology,Yes,HR,0.95
TXN-00294,2024-11-13,Aws,2341.0,Software - Cloud,6310,Operating Expense - Technology,Yes,Operations,0.95
TXN-00295,2024-11-26,Herman Miller,1200.0,Furniture - Fixed Asset,1540,Fixed Asset - Furniture,Yes (Depreciated),Operations,0.95
TXN-00296,2025-03-15,Xero,400.0,Accounting Software,6720,Operating Expense - Services,Yes,Marketing,0.8999999999999999
TXN-00297,2024-06-05,Salesforce,300.0,Software - SaaS,6320,Operating Expense - SaaS,Yes,Marketing,0.8999999999999999
TXN-00298,2024-04-29,Dell,500.0,Hardware - Equipment,1520,Fixed Asset - Equipment,Yes (Depreciated),Marketing,0.95
TXN-00299,2024-12-31,Accenture,7000.0,Professional Services,6700,Operating Expense - Services,Yes,Finance,0.93
TXN-00300,2024-06-14,Grubhub,100.0,Meals & Entertainment,6500,Operating Expense - Meals,Partial (50%),HR,0.95
TXN-00301,2024-02-17,Quickbooks,600.0,Accounting Software,6720,Operating Expense - Services,Yes,Sales,0.8799999999999999
TXN-00302,2024-02-06,Pwc,8000.0,Professional Services,6700,Operating Expense - Services,Yes,Engineering,0.8999999999999999
TXN-00303,2025-01-29,Hilton Hotels,220.0,Travel - Lodging,6420,Operating Expense - Travel,Yes,HR,0.8999999999999999
TXN-00304,2025-03-31,Office Depot,200.0,Office Supplies,6100,Operating Expense - Office,Yes,Marketing,0.8799999999999999
TXN-00305,2024-06-14,Lenovo,1000.0,Hardware - Equipment,1520,Fixed Asset - Equipment,Yes (Depreciated),Operations,0.95
TXN-00306,2024-09-06,American Airlines,950.0,Travel - Airfare,6400,Operating Expense - Travel,Yes,Sales,0.8999999999999999
TXN-00307,2024-03-06,Linkedin Ads,5000.0,Marketing - Digital,6800,Operating Expense - Marketing,Yes,Finance,0.8999999999999999
TXN-00308,2024-07-21,Twilio,50.0,Software - Communications,6340,Operating Expense - Technology,Yes,Operations,0.8999999999999999
TXN-00309,2025-01-05,Amazon,599.0,Hardware - Equipment,1520,Fixed Asset - Equipment,Yes (Depreciated),Marketing,0.8999999999999999
TXN-00310,2024-01-24,Dhl,30.0,Shipping & Logistics,6900,Operating Expense - Shipping,Yes,HR,0.95
TXN-00311,2024-07-23,Apple Inc,199.0,Hardware - Equipment,1520,Fixed Asset - Equipment,Yes (Depreciated),HR,0.8999999999999999
TXN-00312,2024-03-06,Zoom,100.0,Software - SaaS,6320,Operating Expense - SaaS,Yes,Engineering,0.8999999999999999
TXN-00313,2025-01-16,Accenture,3000.0,Professional Services,6700,Operating Expense - Services,Yes,Operations,0.8799999999999999
TXN-00314,2024-03-17,Ubereats,185.0,Meals & Entertainment,6500,Operating Expense - Meals,Partial (50%),Sales,0.8999999999999999
TXN-00315,2024-01-08,Zoom,200.0,Software - SaaS,6320,Operating Expense - SaaS,Yes,Engineering,0.8999999999999999
TXN-00316,2025-03-14,American Airlines,950.0,Travel - Airfare,6400,Operating Expense - Travel,Yes,Sales,0.8999999999999999
TXN-00317,2025-02-18,Ubereats,20.0,Meals & Entertainment,6500,Operating Expense - Meals,Partial (50%),Engineering,0.8999999999999999
TXN-00318,2024-12-19,Aws,500.0,Software - Cloud,6310,Operating Expense - Technology,Yes,Marketing,0.95
TXN-00319,2024-06-05,Accenture,15000.0,Professional Services,6700,Operating Expense - Services,Yes,HR,0.8999999999999999
TXN-00320,2024-11-13,Dhl,30.0,Shipping & Logistics,6900,Operating Expense - Shipping,Yes,Marketing,0.95
TXN-00321,2024-01-18,Delta Airlines,280.0,Travel - Airfare,6400,Operating Expense - Travel,Yes,HR,0.95
TXN-00322,2024-02-21,Accenture,15000.0,Professional Services,6700,Operating Expense - Services,Yes,Engineering,0.95
TXN-00323,2024-01-12,Restaurants.Com,300.0,Meals & Entertainment,6500,Operating Expense - Meals,Partial (50%),Engineering,0.8999999999999999
TXN-00324,2024-10-07,Airbnb,150.0,Travel - Lodging,6420,Operating Expense - Travel,Yes,Operations,0.8999999999999999
TXN-00325,2024-05-12,Ikea,1200.0,Furniture - Fixed Asset,1540,Fixed Asset - Furniture,Yes (Depreciated),Operations,0.8999999999999999
TXN-00326,2024-02-10,At&T,80.0,Utilities - Telecom,6600,Operating Expense - Utilities,Yes,Marketing,0.8999999999999999
TXN-00327,2025-03-13,Steelcase,2500.0,Furniture - Fixed Asset,1540,Fixed Asset - Furniture,Yes (Depreciated),Finance,0.95
TXN-00328,2025-02-11,Restaurants.Com,300.0,Meals & Entertainment,6500,Operating Expense - Meals,Partial (50%),Finance,0.8999999999999999
TXN-00329,2024-03-12,Ubereats,185.0,Meals & Entertainment,6500,Operating Expense - Meals,Partial (50%),Operations,0.95
TXN-00330,2024-08-11,Delta Airlines,280.0,Travel - Airfare,6400,Operating Expense - Travel,Yes,Finance,0.95
TXN-00331,2024-02-15,Lawdepot,1000.0,Legal Services,6710,Operating Expense - Services,Yes,Sales,0.95
TXN-00332,2024-11-15,Github,21.0,Software - Development,6360,Operating Expense - Technology,Yes,HR,0.8999999999999999
TXN-00333,2024-12-24,Southwest Airlines,1000.0,Travel - Airfare,6400,Operating Expense - Travel,Yes,Finance,0.95
TXN-00334,2024-07-24,Time Warner,100.0,Utilities - Internet,6610,Operating Expense - Utilities,Yes,Operations,0.8999999999999999
TXN-00335,2024-01-31,Xero,400.0,Accounting Software,6720,Operating Expense - Services,Yes,HR,0.8999999999999999
TXN-00336,2024-02-08,Restaurants.Com,300.0,Meals & Entertainment,6500,Operating Expense - Meals,Partial (50%),Engineering,0.95
TXN-00337,2024-03-13,Zoom,299.0,Software - SaaS,6320,Operating Expense - SaaS,Yes,Engineering,0.8999999999999999
TXN-00338,2024-07-21,United Airlines,450.0,Travel - Airfare,6400,Operating Expense - Travel,Yes,Operations,0.8799999999999999
TXN-00339,2024-07-24,Dhl,150.0,Shipping & Logistics,6900,Operating Expense - Shipping,Yes,Engineering,0.8999999999999999
TXN-00340,2024-01-25,Linkedin Ads,2500.0,Marketing - Digital,6800,Operating Expense - Marketing,Yes,Engineering,0.95
TXN-00341,2024-06-26,Verizon,100.0,Utilities - Telecom,6600,Operating Expense - Utilities,Yes,Operations,0.8999999999999999
TXN-00342,2024-01-07,Mckinsey,15000.0,Professional Services,6700,Operating Expense - Services,Yes,Operations,0.8799999999999999
TXN-00343,2025-01-17,Chipotle,10.0,Meals & Entertainment,6500,Operating Expense - Meals,Partial (50%),Marketing,0.95
TXN-00344,2024-09-22,Southwest Airlines,1000.0,Travel - Airfare,6400,Operating Expense - Travel,Yes,Sales,0.95
TXN-00345,2024-01-29,Steelcase,1000.0,Furniture - Fixed Asset,1540,Fixed Asset - Furniture,Yes (Depreciated),Finance,0.8999999999999999
TXN-00346,2024-11-26,Delta Airlines,900.0,Travel - Airfare,6400,Operating Expense - Travel,Yes,HR,0.8999999999999999
TXN-00347,2025-01-03,Amazon Business,100.0,Office Supplies,6100,Operating Expense - Office,Yes,Operations,0.8999999999999999
TXN-00348,2024-01-29,Github Inc,231.0,Software - Development,6360,Operating Expense - Technology,Yes,Marketing,0.8999999999999999
TXN-00349,2024-10-25,Lenovo,400.0,Hardware - Equipment,1520,Fixed Asset - Equipment,Yes (Depreciated),Sales,0.8999999999999999
TXN-00350,2024-07-16,Delta Airlines,280.0,Travel - Airfare,6400,Operating Expense - Travel,Yes,Sales,0.8799999999999999
TXN-00351,2024-12-15,Github,21.0,Software - Development,6360,Operating Expense - Technology,Yes,Operations,0.8799999999999999
TXN-00352,2025-02-18,At&T,150.0,Utilities - Telecom,6600,Operating Expense - Utilities,Yes,Operations,0.95
TXN-00353,2025-02-01,Google Cloud,400.0,Software - Cloud,6310,Operating Expense - Technology,Yes,Engineering,0.95
TXN-00354,2024-04-04,Aws,5000.0,Software - Cloud,6310,Operating Expense - Technology,Yes,Finance,0.8799999999999999
TXN-00355,2024-07-06,Amazon,599.0,Hardware - Equipment,1520,Fixed Asset - Equipment,Yes (Depreciated),Engineering,0.8999999999999999
TXN-00356,2025-01-20,Xero Inc,200.0,Accounting Software,6720,Operating Expense - Services,Yes,Marketing,0.95
TXN-00357,2025-03-13,Deloitte,10000.0,Professional Services,6700,Operating Expense - Services,Yes,Marketing,0.95
TXN-00358,2025-02-13,Starbucks,15.0,Meals & Entertainment,6500,Operating Expense - Meals,Partial (50%),Engineering,0.8999999999999999
TXN-00359,2024-08-19,Staples,150.0,Office Supplies,6100,Operating Expense - Office,Yes,Operations,0.8799999999999999
TXN-00360,2024-12-26,Fedex,20.0,Shipping & Logistics,6900,Operating Expense - Shipping,Yes,Engineering,0.8999999999999999
TXN-00361,2024-06-12,Stripe,2500.0,Software - Payments,6350,Operating Expense - Technology,Yes,Engineering,0.8799999999999999
TXN-00362,2024-04-18,Salesforce,300.0,Software - SaaS,6320,Operating Expense - SaaS,Yes,Finance,0.8999999999999999
TXN-00363,2024-07-06,Twilio,50.0,Software - Communications,6340,Operating Expense - Technology,Yes,Sales,0.8799999999999999
TXN-00364,2024-10-21,Microsoft Azure,3000.0,Software - Cloud,6310,Operating Expense - Technology,Yes,Operations,0.8999999999999999
TXN-00365,2025-01-04,Chipotle,15.0,Meals & Entertainment,6500,Operating Expense - Meals,Partial (50%),Marketing,0.95
TXN-00366,2024-11-22,Ups,350.0,Shipping & Logistics,6900,Operating Expense - Shipping,Yes,HR,0.95
TXN-00367,2024-02-16,Airbnb,600.0,Travel - Lodging,6420,Operating Expense - Travel,Yes,Marketing,0.8999999999999999
TXN-00368,2024-10-31,Amazon Business,500.0,Office Supplies,6100,Operating Expense - Office,Yes,Marketing,0.95
TXN-00369,2024-05-04,Google Ads,1000.0,Marketing - Digital,6800,Operating Expense - Marketing,Yes,Sales,0.8999999999999999
TXN-00370,2024-07-05,Facebook Ads,800.0,Marketing - Digital,6800,Operating Expense - Marketing,Yes,Marketing,0.95
TXN-00371,2024-11-17,Uber,120.0,Travel - Ground,6410,Operating Expense - Travel,Yes,Sales,0.95
TXN-00372,2024-06-26,Accenture,15000.0,Professional Services,6700,Operating Expense - Services,Yes,Operations,0.8999999999999999
TXN-00373,2024-07-25,Hubspot,200.0,Marketing - Software,6810,Operating Expense - Marketing,Yes,HR,0.8999999999999999
TXN-00374,2024-12-19,Amazon Business,100.0,Office Supplies,6100,Operating Expense - Office,Yes,Finance,0.95
TXN-00375,2024-03-14,Lawdepot,500.0,Legal Services,6710,Operating Expense - Services,Yes,Sales,0.8999999999999999
TXN-00376,2024-12-24,Xero Inc,99.0,Accounting Software,6720,Operating Expense - Services,Yes,Sales,0.95
TXN-00377,2024-09-20,Lenovo,1000.0,Hardware - Equipment,1520,Fixed Asset - Equipment,Yes (Depreciated),Operations,0.8999999999999999
TXN-00378,2024-05-14,Microsoft Azure,300.0,Software - Cloud,6310,Operating Expense - Technology,Yes,Finance,0.8799999999999999
TXN-00379,2025-02-06,Pwc,20000.0,Professional Services,6700,Operating Expense - Services,Yes,Operations,0.8999999999999999
TXN-00380,2024-06-21,Deloitte,50000.0,Professional Services,6700,Operating Expense - Services,Yes,Marketing,0.8999999999999999
TXN-00381,2024-07-19,Amazon,99.0,Hardware - Equipment,1520,Fixed Asset - Equipment,Yes (Depreciated),Marketing,0.8999999999999999
TXN-00382,2025-01-23,Ups,25.0,Shipping & Logistics,6900,Operating Expense - Shipping,Yes,Sales,0.8999999999999999
TXN-00383,2025-03-12,Mckinsey,6000.0,Professional Services,6700,Operating Expense - Services,Yes,Engineering,0.95
TXN-00384,2024-12-20,Ikea,300.0,Furniture - Fixed Asset,1540,Fixed Asset - Furniture,Yes (Depreciated),Engineering,0.8999999999999999
TXN-00385,2024-05-30,Grubhub,25.0,Meals & Entertainment,6500,Operating Expense - Meals,Partial (50%),Finance,0.8999999999999999
TXN-00386,2024-04-13,Southwest Airlines,1000.0,Travel - Airfare,6400,Operating Expense - Travel,Yes,Finance,0.8999999999999999
TXN-00387,2024-01-05,Lyft,22.0,Travel - Ground,6410,Operating Expense - Travel,Yes,Operations,0.95
TXN-00388,2025-02-10,Comcast,200.0,Utilities - Internet,6610,Operating Expense - Utilities,Yes,Engineering,0.8999999999999999
TXN-00389,2024-04-11,Ups,350.0,Shipping & Logistics,6900,Operating Expense - Shipping,Yes,Operations,0.95
TXN-00390,2024-04-29,Quickbooks,600.0,Accounting Software,6720,Operating Expense - Services,Yes,Operations,0.8799999999999999
TXN-00391,2024-02-14,Aws,2341.0,Software - Cloud,6310,Operating Expense - Technology,Yes,Marketing,0.8999999999999999
TXN-00392,2024-08-08,Microsoft Azure,800.0,Software - Cloud,6310,Operating Expense - Technology,Yes,HR,0.8999999999999999
TXN-00393,2024-10-22,Comcast,120.0,Utilities - Internet,6610,Operating Expense - Utilities,Yes,Finance,0.8999999999999999
TXN-00394,2025-01-06,Amazon Business,100.0,Office Supplies,6100,Operating Expense - Office,Yes,Engineering,0.95
TXN-00395,2024-12-01,Southwest Airlines,150.0,Travel - Airfare,6400,Operating Expense - Travel,Yes,Finance,0.8999999999999999
TXN-00396,2024-09-04,Time Warner,100.0,Utilities - Internet,6610,Operating Expense - Utilities,Yes,Engineering,0.8999999999999999
TXN-00397,2024-03-13,Linkedin Ads,5000.0,Marketing - Digital,6800,Operating Expense - Marketing,Yes,Sales,0.8999999999999999
TXN-00398,2024-05-03,Steelcase,1800.0,Furniture - Fixed Asset,1540,Fixed Asset - Furniture,Yes (Depreciated),Finance,0.8999999999999999
TXN-00399,2024-10-24,Ups,50.0,Shipping & Logistics,6900,Operating Expense - Shipping,Yes,Engineering,0.95
TXN-00400,2024-06-08,Apple,1999.0,Hardware - Equipment,1520,Fixed Asset - Equipment,Yes (Depreciated),Engineering,0.8999999999999999
TXN-00401,2024-12-24,Linkedin Ads,2500.0,Marketing - Digital,6800,Operating Expense - Marketing,Yes,HR,0.8999999999999999
TXN-00402,2024-02-20,Chipotle,20.0,Meals & Entertainment,6500,Operating Expense - Meals,Partial (50%),Sales,0.8999999999999999
TXN-00403,2025-01-18,Office Depot,350.0,Office Supplies,6100,Operating Expense - Office,Yes,HR,0.8999999999999999
TXN-00404,2024-03-29,Facebook Ads,4000.0,Marketing - Digital,6800,Operating Expense - Marketing,Yes,HR,0.8999999999999999
TXN-00405,2024-04-05,Best Buy,500.0,Hardware - Equipment,1520,Fixed Asset - Equipment,Yes (Depreciated),Marketing,0.8999999999999999
TXN-00406,2024-06-23,Ubereats,100.0,Meals & Entertainment,6500,Operating Expense - Meals,Partial (50%),HR,0.8999999999999999
TXN-00407,2024-06-21,Uber,45.0,Travel - Ground,6410,Operating Expense - Travel,Yes,Sales,0.95
TXN-00408,2024-02-08,Delta Airlines,280.0,Travel - Airfare,6400,Operating Expense - Travel,Yes,Engineering,0.8999999999999999
TXN-00409,2024-02-28,Hubspot,50.0,Marketing - Software,6810,Operating Expense - Marketing,Yes,Finance,0.95
TXN-00410,2024-08-31,Lenovo,1000.0,Hardware - Equipment,1520,Fixed Asset - Equipment,Yes (Depreciated),Operations,0.8999999999999999
TXN-00411,2024-12-16,Lawdepot,200.0,Legal Services,6710,Operating Expense - Services,Yes,Finance,0.8799999999999999
TXN-00412,2025-03-19,American Airlines,1500.0,Travel - Airfare,6400,Operating Expense - Travel,Yes,Finance,0.95
TXN-00413,2024-08-19,Datadog,1500.0,Software - Monitoring,6330,Operating Expense - Technology,Yes,Operations,0.95
TXN-00414,2024-01-08,Pwc,40000.0,Professional Services,6700,Operating Expense - Services,Yes,Marketing,0.8999999999999999
TXN-00415,2024-05-03,Ubereats,100.0,Meals & Entertainment,6500,Operating Expense - Meals,Partial (50%),Operations,0.8999999999999999
TXN-00416,2024-10-06,Microsoft Azure,1500.0,Software - Cloud,6310,Operating Expense - Technology,Yes,HR,0.95
TXN-00417,2024-09-18,Lyft,60.0,Travel - Ground,6410,Operating Expense - Travel,Yes,Finance,0.8999999999999999
TXN-00418,2024-10-11,Best Buy,100.0,Hardware - Equipment,1520,Fixed Asset - Equipment,Yes (Depreciated),Sales,0.8799999999999999
TXN-00419,2024-06-23,Office Depot,200.0,Office Supplies,6100,Operating Expense - Office,Yes,Sales,0.8999999999999999
TXN-00420,2025-03-01,Datadog,800.0,Software - Monitoring,6330,Operating Expense - Technology,Yes,Finance,0.95
TXN-00421,2024-07-03,Ikea,600.0,Furniture - Fixed Asset,1540,Fixed Asset - Furniture,Yes (Depreciated),Sales,0.8999999999999999
TXN-00422,2024-12-20,Hubspot,500.0,Marketing - Software,6810,Operating Expense - Marketing,Yes,Marketing,0.8999999999999999
TXN-00423,2024-12-14,Stripe,1250.0,Software - Payments,6350,Operating Expense - Technology,Yes,HR,0.95
TXN-00424,2024-03-30,Slack,299.0,Software - SaaS,6320,Operating Expense - SaaS,Yes,Marketing,0.8999999999999999
TXN-00425,2025-03-13,Google Ads,1000.0,Marketing - Digital,6800,Operating Expense - Marketing,Yes,Operations,0.8999999999999999
TXN-00426,2024-02-07,Fedex,20.0,Shipping & Logistics,6900,Operating Expense - Shipping,Yes,Operations,0.95
TXN-00427,2024-04-30,Fedex,500.0,Shipping & Logistics,6900,Operating Expense - Shipping,Yes,Marketing,0.95
TXN-00428,2025-01-15,Pwc Inc,20000.0,Professional Services,6700,Operating Expense - Services,Yes,Finance,0.8999999999999999
TXN-00429,2024-06-23,Lenovo,400.0,Hardware - Equipment,1520,Fixed Asset - Equipment,Yes (Depreciated),Operations,0.8999999999999999
TXN-00430,2024-01-24,Best Buy,100.0,Hardware - Equipment,1520,Fixed Asset - Equipment,Yes (Depreciated),Engineering,0.8999999999999999
TXN-00431,2025-01-18,Accenture,7000.0,Professional Services,6700,Operating Expense - Services,Yes,Marketing,0.95
TXN-00432,2024-03-26,Salesforce,2500.0,Software - SaaS,6320,Operating Expense - SaaS,Yes,Finance,0.8799999999999999
TXN-00433,2024-04-09,United Airlines,2500.0,Travel - Airfare,6400,Operating Expense - Travel,Yes,Sales,0.95
TXN-00434,2024-01-08,Google Cloud,950.0,Software - Cloud,6310,Operating Expense - Technology,Yes,Marketing,0.8999999999999999
TXN-00435,2024-11-22,Slack,125.0,Software - SaaS,6320,Operating Expense - SaaS,Yes,Operations,0.95
TXN-00436,2024-06-12,Staples,50.0,Office Supplies,6100,Operating Expense - Office,Yes,Sales,0.8999999999999999
TXN-00437,2024-11-04,Deloitte,50000.0,Professional Services,6700,Operating Expense - Services,Yes,Marketing,0.8999999999999999
TXN-00438,2024-09-24,Ikea,1200.0,Furniture - Fixed Asset,1540,Fixed Asset - Furniture,Yes (Depreciated),Marketing,0.8999999999999999
TXN-00439,2025-02-01,Twilio,200.0,Software - Communications,6340,Operating Expense - Technology,Yes,HR,0.8999999999999999
TXN-00440,2024-04-13,Pwc,4000.0,Professional Services,6700,Operating Expense - Services,Yes,Engineering,0.8999999999999999
TXN-00441,2024-06-06,Amazon,299.0,Hardware - Equipment,1520,Fixed Asset - Equipment,Yes (Depreciated),Finance,0.95
TXN-00442,2025-02-25,Amazon Business,100.0,Office Supplies,6100,Operating Expense - Office,Yes,Sales,0.8999999999999999
TXN-00443,2024-08-29,Verizon,350.0,Utilities - Telecom,6600,Operating Expense - Utilities,Yes,Marketing,0.8999999999999999
TXN-00444,2024-08-06,United Airlines,1200.0,Travel - Airfare,6400,Operating Expense - Travel,Yes,Sales,0.8999999999999999
TXN-00445,2024-06-30,Ups,50.0,Shipping & Logistics,6900,Operating Expense - Shipping,Yes,Operations,0.8999999999999999
TXN-00446,2024-02-07,Salesforce,600.0,Software - SaaS,6320,Operating Expense - SaaS,Yes,Finance,0.8999999999999999
TXN-00447,2024-09-30,Restaurants.Com,40.0,Meals & Entertainment,6500,Operating Expense - Meals,Partial (50%),Marketing,0.8999999999999999
TXN-00448,2025-01-13,Dhl,30.0,Shipping & Logistics,6900,Operating Expense - Shipping,Yes,Sales,0.8999999999999999
TXN-00449,2024-11-09,Accenture,3000.0,Professional Services,6700,Operating Expense - Services,Yes,Operations,0.95
TXN-00450,2024-08-30,Dhl,30.0,Shipping & Logistics,6900,Operating Expense - Shipping,Yes,HR,0.95
TXN-00451,2025-01-24,Southwest Airlines,150.0,Travel - Airfare,6400,Operating Expense - Travel,Yes,Sales,0.8999999999999999
TXN-00452,2024-10-13,Steelcase,600.0,Furniture - Fixed Asset,1540,Fixed Asset - Furniture,Yes (Depreciated),Operations,0.8999999999999999
TXN-00453,2024-09-20,Deloitte,5000.0,Professional Services,6700,Operating Expense - Services,Yes,Sales,0.8999999999999999
TXN-00454,2025-03-25,Ubereats,185.0,Meals & Entertainment,6500,Operating Expense - Meals,Partial (50%),HR,0.8999999999999999
TXN-00455,2024-12-03,Lenovo Inc,1000.0,Hardware - Equipment,1520,Fixed Asset - Equipment,Yes (Depreciated),Operations,0.95
TXN-00456,2024-03-06,Restaurants.Com,80.0,Meals & Entertainment,6500,Operating Expense - Meals,Partial (50%),Marketing,0.8999999999999999
TXN-00457,2024-05-02,Verizon,200.0,Utilities - Telecom,6600,Operating Expense - Utilities,Yes,Sales,0.8999999999999999
TXN-00458,2024-08-09,Amazon,599.0,Hardware - Equipment,1520,Fixed Asset - Equipment,Yes (Depreciated),Sales,0.8999999999999999
TXN-00459,2024-08-04,Linkedin Ads,400.0,Marketing - Digital,6800,Operating Expense - Marketing,Yes,Finance,0.8999999999999999
TXN-00460,2024-11-11,Xero,99.0,Accounting Software,6720,Operating Expense - Services,Yes,Sales,0.95
TXN-00461,2024-06-12,Lyft,60.0,Travel - Ground,6410,Operating Expense - Travel,Yes,Marketing,0.8999999999999999
TXN-00462,2024-03-29,Hilton Hotels,400.0,Travel - Lodging,6420,Operating Expense - Travel,Yes,Engineering,0.93
TXN-00463,2024-12-19,Ups Inc,50.0,Shipping & Logistics,6900,Operating Expense - Shipping,Yes,Engineering,0.95
TXN-00464,2024-05-24,Microsoft Azure,300.0,Software - Cloud,6310,Operating Expense - Technology,Yes,Finance,0.8999999999999999
TXN-00465,2025-02-10,Office Depot,75.0,Office Supplies,6100,Operating Expense - Office,Yes,Finance,0.95
TXN-00466,2024-10-15,Pwc,8000.0,Professional Services,6700,Operating Expense - Services,Yes,Marketing,0.8999999999999999
TXN-00467,2024-03-26,Airbnb,80.0,Travel - Lodging,6420,Operating Expense - Travel,Yes,Marketing,0.8999999999999999
TXN-00468,2024-12-12,Verizon,350.0,Utilities - Telecom,6600,Operating Expense - Utilities,Yes,Operations,0.8999999999999999
TXN-00469,2024-02-20,Github,231.0,Software - Development,6360,Operating Expense - Technology,Yes,HR,0.95
TXN-00470,2024-02-21,Google Ads,2500.0,Marketing - Digital,6800,Operating Expense - Marketing,Yes,HR,0.8999999999999999
TXN-00471,2025-01-13,Mckinsey,6000.0,Professional Services,6700,Operating Expense - Services,Yes,Sales,0.8999999999999999
TXN-00472,2025-01-19,Lyft,22.0,Travel - Ground,6410,Operating Expense - Travel,Yes,Engineering,0.95
TXN-00473,2025-02-02,Dell,500.0,Hardware - Equipment,1520,Fixed Asset - Equipment,Yes (Depreciated),Engineering,0.95
TXN-00474,2025-03-14,Dell,2500.0,Hardware - Equipment,1520,Fixed Asset - Equipment,Yes (Depreciated),Operations,0.95
TXN-00475,2024-08-08,Amazon Business,250.0,Office Supplies,6100,Operating Expense - Office,Yes,Finance,0.8999999999999999
TXN-00476,2025-01-09,Stripe,100.0,Software - Payments,6350,Operating Expense - Technology,Yes,HR,0.8799999999999999
TXN-00477,2024-11-22,Lenovo,2000.0,Hardware - Equipment,1520,Fixed Asset - Equipment,Yes (Depreciated),HR,0.8999999999999999
TXN-00478,2024-03-12,Lyft,40.0,Travel - Ground,6410,Operating Expense - Travel,Yes,Marketing,0.95
TXN-00479,2024-08-17,Time Warner,60.0,Utilities - Internet,6610,Operating Expense - Utilities,Yes,Operations,0.8999999999999999
TXN-00480,2025-01-23,Hubspot,500.0,Marketing - Software,6810,Operating Expense - Marketing,Yes,Marketing,0.95
TXN-00481,2024-12-12,Ubereats,20.0,Meals & Entertainment,6500,Operating Expense - Meals,Partial (50%),Operations,0.8999999999999999
TXN-00482,2024-11-02,Linkedin Ads,5000.0,Marketing - Digital,6800,Operating Expense - Marketing,Yes,Marketing,0.8999999999999999
TXN-00483,2025-02-19,Starbucks,10.0,Meals & Entertainment,6500,Operating Expense - Meals,Partial (50%),HR,0.8799999999999999
TXN-00484,2024-09-22,Office Depot,200.0,Office Supplies,6100,Operating Expense - Office,Yes,Operations,0.95
TXN-00485,2025-03-25,Grubhub,100.0,Meals & Entertainment,6500,Operating Expense - Meals,Partial (50%),Sales,0.8999999999999999
TXN-00486,2024-12-08,Linkedin Ads,400.0,Marketing - Digital,6800,Operating Expense - Marketing,Yes,Sales,0.95
TXN-00487,2024-09-27,Office Depot,75.0,Office Supplies,6100,Operating Expense - Office,Yes,HR,0.8999999999999999
TXN-00488,2024-08-09,Staples,50.0,Office Supplies,6100,Operating Expense - Office,Yes,Marketing,0.95
TXN-00489,2024-09-14,Dhl,30.0,Shipping & Logistics,6900,Operating Expense - Shipping,Yes,Engineering,0.8999999999999999
TXN-00490,2024-11-20,Comcast,120.0,Utilities - Internet,6610,Operating Expense - Utilities,Yes,Sales,0.8999999999999999
TXN-00491,2024-04-22,Google Cloud,1850.0,Software - Cloud,6310,Operating Expense - Technology,Yes,Operations,0.8999999999999999
TXN-00492,2024-01-22,Grubhub,25.0,Meals & Entertainment,6500,Operating Expense - Meals,Partial (50%),Sales,0.8999999999999999
TXN-00493,2025-01-26,At&T,150.0,Utilities - Telecom,6600,Operating Expense - Utilities,Yes,HR,0.8999999999999999
TXN-00494,2024-10-22,Chipotle,10.0,Meals & Entertainment,6500,Operating Expense - Meals,Partial (50%),Operations,0.95
TXN-00495,2024-01-26,Steelcase,2500.0,Furniture - Fixed Asset,1540,Fixed Asset - Furniture,Yes (Depreciated),Sales,0.95
TXN-00496,2024-02-13,Comcast,120.0,Utilities - Internet,6610,Operating Expense - Utilities,Yes,Sales,0.8999999999999999
TXN-00497,2024-02-02,Best Buy,500.0,Hardware - Equipment,1520,Fixed Asset - Equipment,Yes (Depreciated),HR,0.8999999999999999
TXN-00498,2024-07-30,Stripe,2500.0,Software - Payments,6350,Operating Expense - Technology,Yes,Operations,0.8999999999999999
TXN-00499,2024-10-27,Airbnb,150.0,Travel - Lodging,6420,Operating Expense - Travel,Yes,Marketing,0.95
TXN-00500,2024-12-20,Zoom,200.0,Software - SaaS,6320,Operating Expense - SaaS,Yes,Operations,0.95
TXN-00501,2024-10-29,Deloitte,5000.0,Professional Services,6700,Operating Expense - Services,Yes,Engineering,0.93
TXN-00502,2024-04-26,Office Depot,200.0,Office Supplies,6100,Operating Expense - Office,Yes,Engineering,0.8999999999999999
TXN-00503,2024-08-22,Uber,120.0,Travel - Ground,6410,Operating Expense - Travel,Yes,Finance,0.8999999999999999
TXN-00504,2024-07-05,Dhl,400.0,Shipping & Logistics,6900,Operating Expense - Shipping,Yes,Sales,0.93
TXN-00505,2024-01-22,Lyft,22.0,Travel - Ground,6410,Operating Expense - Travel,Yes,Finance,0.8999999999999999
TXN-00506,2024-12-10,Zoom,299.0,Software - SaaS,6320,Operating Expense - SaaS,Yes,HR,0.8799999999999999
TXN-00507,2024-06-15,Marriott Hotels,800.0,Travel - Lodging,6420,Operating Expense - Travel,Yes,HR,0.95
TXN-00508,2024-03-27,Slack,125.0,Software - SaaS,6320,Operating Expense - SaaS,Yes,HR,0.95
TXN-00509,2024-09-15,Apple,1200.0,Hardware - Equipment,1520,Fixed Asset - Equipment,Yes (Depreciated),Sales,0.95
TXN-00510,2024-12-15,Salesforce,600.0,Software - SaaS,6320,Operating Expense - SaaS,Yes,HR,0.93
TXN-00511,2024-08-04,Lyft,60.0,Travel - Ground,6410,Operating Expense - Travel,Yes,Marketing,0.95
TXN-00512,2024-03-25,Herman Miller,1500.0,Furniture - Fixed Asset,1540,Fixed Asset - Furniture,Yes (Depreciated),Marketing,0.8999999999999999
TXN-00513,2024-12-16,Hubspot,500.0,Marketing - Software,6810,Operating Expense - Marketing,Yes,Engineering,0.8999999999999999
TXN-00514,2024-01-20,Hubspot,1200.0,Marketing - Software,6810,Operating Expense - Marketing,Yes,Marketing,0.8999999999999999
TXN-00515,2024-05-05,Twilio,1000.0,Software - Communications,6340,Operating Expense - Technology,Yes,HR,0.95
TXN-00516,2025-03-29,Fedex,45.0,Shipping & Logistics,6900,Operating Expense - Shipping,Yes,Finance,0.95
TXN-00517,2024-07-31,Doordash,25.0,Meals & Entertainment,6500,Operating Expense - Meals,Partial (50%),Operations,0.8999999999999999
TXN-00518,2024-04-21,Fedex,300.0,Shipping & Logistics,6900,Operating Expense - Shipping,Yes,Marketing,0.93
TXN-00519,2024-06-02,Facebook Ads,800.0,Marketing - Digital,6800,Operating Expense - Marketing,Yes,Engineering,0.8999999999999999
TXN-00520,2024-05-04,Doordash,100.0,Meals & Entertainment,6500,Operating Expense - Meals,Partial (50%),Sales,0.95
TXN-00521,2024-09-10,Amazon,99.0,Hardware - Equipment,1520,Fixed Asset - Equipment,Yes (Depreciated),Marketing,0.95
TXN-00522,2024-12-16,Southwest Airlines,150.0,Travel - Airfare,6400,Operating Expense - Travel,Yes,Marketing,0.8999999999999999
TXN-00523,2025-01-07,Xero Inc,400.0,Accounting Software,6720,Operating Expense - Services,Yes,HR,0.93
TXN-00524,2024-09-05,Apple,1200.0,Hardware - Equipment,1520,Fixed Asset - Equipment,Yes (Depreciated),Marketing,0.8999999999999999
TXN-00525,2024-12-08,Slack,199.0,Software - SaaS,6320,Operating Expense - SaaS,Yes,Finance,0.95
TXN-00526,2024-08-24,Amazon,99.0,Hardware - Equipment,1520,Fixed Asset - Equipment,Yes (Depreciated),Operations,0.95
TXN-00527,2024-07-14,Steelcase,1800.0,Furniture - Fixed Asset,1540,Fixed Asset - Furniture,Yes (Depreciated),Marketing,0.95
TXN-00528,2024-03-24,Uber,120.0,Travel - Ground,6410,Operating Expense - Travel,Yes,HR,0.8999999999999999
TXN-00529,2024-04-15,American Airlines Inc,950.0,Travel - Airfare,6400,Operating Expense - Travel,Yes,Engineering,0.8999999999999999
TXN-00530,2024-09-29,At&T,150.0,Utilities - Telecom,6600,Operating Expense - Utilities,Yes,Marketing,0.8999999999999999
TXN-00531,2024-04-10,Best Buy,1200.0,Hardware - Equipment,1520,Fixed Asset - Equipment,Yes (Depreciated),Operations,0.8999999999999999
TXN-00532,2024-08-17,Aws,10000.0,Software - Cloud,6310,Operating Expense - Technology,Yes,Marketing,0.95
TXN-00533,2025-01-12,Hubspot,1200.0,Marketing - Software,6810,Operating Expense - Marketing,Yes,Sales,0.95
TXN-00534,2024-06-16,American Airlines,300.0,Travel - Airfare,6400,Operating Expense - Travel,Yes,Engineering,0.8999999999999999
TXN-00535,2025-01-12,Xero,99.0,Accounting Software,6720,Operating Expense - Services,Yes,Sales,0.8999999999999999
TXN-00536,2024-11-02,Google Cloud,950.0,Software - Cloud,6310,Operating Expense - Technology,Yes,Marketing,0.93
TXN-00537,2024-07-12,Grubhub,180.0,Meals & Entertainment,6500,Operating Expense - Meals,Partial (50%),Marketing,0.95
TXN-00538,2024-10-22,Amazon Business,500.0,Office Supplies,6100,Operating Expense - Office,Yes,Operations,0.95
TXN-00539,2024-04-03,Uber,65.0,Travel - Ground,6410,Operating Expense - Travel,Yes,Engineering,0.8799999999999999
TXN-00540,2025-02-17,Mckinsey,15000.0,Professional Services,6700,Operating Expense - Services,Yes,Engineering,0.8999999999999999
TXN-00541,2024-12-07,Lawdepot,2500.0,Legal Services,6710,Operating Expense - Services,Yes,Finance,0.95
TXN-00542,2024-11-15,Chipotle,10.0,Meals & Entertainment,6500,Operating Expense - Meals,Partial (50%),Engineering,0.95
TXN-00543,2024-10-05,Airbnb,150.0,Travel - Lodging,6420,Operating Expense - Travel,Yes,Marketing,0.8999999999999999
TXN-00544,2024-02-09,Google Cloud,4000.0,Software - Cloud,6310,Operating Expense - Technology,Yes,HR,0.8999999999999999
TXN-00545,2024-08-20,Accenture,3000.0,Professional Services,6700,Operating Expense - Services,Yes,Marketing,0.8999999999999999
TXN-00546,2024-10-14,Lawdepot,2500.0,Legal Services,6710,Operating Expense - Services,Yes,Operations,0.95
TXN-00547,2024-04-21,Github,231.0,Software - Development,6360,Operating Expense - Technology,Yes,HR,0.95
TXN-00548,2024-04-16,Dell,500.0,Hardware - Equipment,1520,Fixed Asset - Equipment,Yes (Depreciated),HR,0.95
TXN-00549,2024-05-11,Mckinsey,15000.0,Professional Services,6700,Operating Expense - Services,Yes,HR,0.8999999999999999
TXN-00550,2025-03-08,Datadog,1500.0,Software - Monitoring,6330,Operating Expense - Technology,Yes,Sales,0.8999999999999999
TXN-00551,2024-03-19,Grubhub,100.0,Meals & Entertainment,6500,Operating Expense - Meals,Partial (50%),Engineering,0.8799999999999999
TXN-00552,2024-04-08,Zoom,200.0,Software - SaaS,6320,Operating Expense - SaaS,Yes,Engineering,0.8999999999999999
TXN-00553,2024-05-14,Lyft,60.0,Travel - Ground,6410,Operating Expense - Travel,Yes,Sales,0.8799999999999999
TXN-00554,2024-12-08,Linkedin Ads,2500.0,Marketing - Digital,6800,Operating Expense - Marketing,Yes,HR,0.8799999999999999
TXN-00555,2024-05-11,Hubspot,50.0,Marketing - Software,6810,Operating Expense - Marketing,Yes,Finance,0.95
TXN-00556,2024-02-26,Quickbooks,120.0,Accounting Software,6720,Operating Expense - Services,Yes,HR,0.8999999999999999
TXN-00557,2024-06-29,Microsoft Azure,1500.0,Software - Cloud,6310,Operating Expense - Technology,Yes,HR,0.8999999999999999
TXN-00558,2024-11-12,Linkedin Ads,5000.0,Marketing - Digital,6800,Operating Expense - Marketing,Yes,Marketing,0.8799999999999999
TXN-00559,2024-01-17,Mckinsey,6000.0,Professional Services,6700,Operating Expense - Services,Yes,Finance,0.95
TXN-00560,2024-08-25,Verizon,100.0,Utilities - Telecom,6600,Operating Expense - Utilities,Yes,Engineering,0.8999999999999999
TXN-00561,2025-03-11,Verizon,350.0,Utilities - Telecom,6600,Operating Expense - Utilities,Yes,Operations,0.95
TXN-00562,2024-12-14,Xero,200.0,Accounting Software,6720,Operating Expense - Services,Yes,HR,0.8999999999999999
TXN-00563,2024-07-15,Google Cloud,950.0,Software - Cloud,6310,Operating Expense - Technology,Yes,Finance,0.8999999999999999
TXN-00564,2025-01-06,Salesforce,1200.0,Software - SaaS,6320,Operating Expense - SaaS,Yes,Marketing,0.95
TXN-00565,2024-10-23,Google Cloud,950.0,Software - Cloud,6310,Operating Expense - Technology,Yes,Sales,0.8799999999999999
TXN-00566,2025-03-23,Fedex,100.0,Shipping & Logistics,6900,Operating Expense - Shipping,Yes,Sales,0.95
TXN-00567,2024-06-10,Lenovo,1000.0,Hardware - Equipment,1520,Fixed Asset - Equipment,Yes (Depreciated),HR,0.8999999999999999
TXN-00568,2024-09-10,Hubspot,200.0,Marketing - Software,6810,Operating Expense - Marketing,Yes,HR,0.8999999999999999
TXN-00569,2025-03-17,At&T,300.0,Utilities - Telecom,6600,Operating Expense - Utilities,Yes,HR,0.8999999999999999
TXN-00570,2025-01-22,Airbnb,80.0,Travel - Lodging,6420,Operating Expense - Travel,Yes,Operations,0.8999999999999999
TXN-00571,2024-05-27,Quickbooks,300.0,Accounting Software,6720,Operating Expense - Services,Yes,Finance,0.8999999999999999
TXN-00572,2024-12-12,Fedex,300.0,Shipping & Logistics,6900,Operating Expense - Shipping,Yes,Sales,0.8999999999999999
TXN-00573,2024-06-24,Salesforce,600.0,Software - SaaS,6320,Operating Expense - SaaS,Yes,Finance,0.95
TXN-00574,2024-09-07,Quickbooks,300.0,Accounting Software,6720,Operating Expense - Services,Yes,Marketing,0.8999999999999999
TXN-00575,2024-05-31,Doordash,100.0,Meals & Entertainment,6500,Operating Expense - Meals,Partial (50%),Sales,0.8999999999999999
TXN-00576,2024-02-20,Ubereats,185.0,Meals & Entertainment,6500,Operating Expense - Meals,Partial (50%),HR,0.8999999999999999
TXN-00577,2025-02-10,Salesforce,2500.0,Software - SaaS,6320,Operating Expense - SaaS,Yes,Sales,0.8999999999999999
TXN-00578,2025-03-29,Steelcase,1800.0,Furniture - Fixed Asset,1540,Fixed Asset - Furniture,Yes (Depreciated),Marketing,0.8799999999999999
TXN-00579,2024-04-28,Amazon Business,100.0,Office Supplies,6100,Operating Expense - Office,Yes,Operations,0.8999999999999999
TXN-00580,2024-09-04,Time Warner,60.0,Utilities - Internet,6610,Operating Expense - Utilities,Yes,Finance,0.8999999999999999
TXN-00581,2024-11-17,Deloitte,5000.0,Professional Services,6700,Operating Expense - Services,Yes,Operations,0.8999999999999999
TXN-00582,2024-06-07,Chipotle,25.0,Meals & Entertainment,6500,Operating Expense - Meals,Partial (50%),Marketing,0.95
TXN-00583,2024-11-07,Verizon,350.0,Utilities - Telecom,6600,Operating Expense - Utilities,Yes,Engineering,0.8999999999999999
TXN-00584,2024-10-09,Facebook Ads,2000.0,Marketing - Digital,6800,Operating Expense - Marketing,Yes,Engineering,0.95
TXN-00585,2024-06-28,Verizon,350.0,Utilities - Telecom,6600,Operating Expense - Utilities,Yes,Finance,0.8999999999999999
TXN-00586,2024-04-17,Xero,99.0,Accounting Software,6720,Operating Expense - Services,Yes,Marketing,0.8799999999999999
TXN-00587,2024-11-03,Comcast,70.0,Utilities - Internet,6610,Operating Expense - Utilities,Yes,Operations,0.8999999999999999
TXN-00588,2024-10-16,Google Ads,500.0,Marketing - Digital,6800,Operating Expense - Marketing,Yes,Marketing,0.8999999999999999
TXN-00589,2025-02-13,Ikea,300.0,Furniture - Fixed Asset,1540,Fixed Asset - Furniture,Yes (Depreciated),Finance,0.95
TXN-00590,2024-09-27,Ikea,600.0,Furniture - Fixed Asset,1540,Fixed Asset - Furniture,Yes (Depreciated),Sales,0.8999999999999999
TXN-00591,2024-08-13,Accenture,3000.0,Professional Services,6700,Operating Expense - Services,Yes,Finance,0.8999999999999999
TXN-00592,2024-04-18,Deloitte,25000.0,Professional Services,6700,Operating Expense - Services,Yes,Engineering,0.8999999999999999
TXN-00593,2024-03-13,Delta Airlines,500.0,Travel - Airfare,6400,Operating Expense - Travel,Yes,HR,0.95
TXN-00594,2024-01-14,Amazon,1200.0,Hardware - Equipment,1520,Fixed Asset - Equipment,Yes (Depreciated),Operations,0.8999999999999999
TXN-00595,2024-02-13,At&T,150.0,Utilities - Telecom,6600,Operating Expense - Utilities,Yes,Sales,0.8999999999999999
TXN-00596,2024-02-07,Quickbooks,120.0,Accounting Software,6720,Operating Expense - Services,Yes,Sales,0.8999999999999999
TXN-00597,2024-09-22,Hubspot,200.0,Marketing - Software,6810,Operating Expense - Marketing,Yes,HR,0.8799999999999999
TXN-00598,2024-09-25,Restaurants.Com,40.0,Meals & Entertainment,6500,Operating Expense - Meals,Partial (50%),Operations,0.8999999999999999
TXN-00599,2025-01-17,Amazon,299.0,Hardware - Equipment,1520,Fixed Asset - Equipment,Yes (Depreciated),Sales,0.8999999999999999
TXN-00600,2024-09-27,Deloitte,5000.0,Professional Services,6700,Operating Expense - Services,Yes,Engineering,0.8999999999999999
TXN-00601,2024-10-28,Marriott Hotels,150.0,Travel - Lodging,6420,Operating Expense - Travel,Yes,Marketing,0.8999999999999999
TXN-00602,2024-10-25,Dhl,400.0,Shipping & Logistics,6900,Operating Expense - Shipping,Yes,HR,0.95
TXN-00603,2024-04-30,Time Warner,180.0,Utilities - Internet,6610,Operating Expense - Utilities,Yes,Finance,0.95
TXN-00604,2024-01-07,Amazon,99.0,Hardware - Equipment,1520,Fixed Asset - Equipment,Yes (Depreciated),Finance,0.8999999999999999
TXN-00605,2024-02-25,Aws,2341.0,Software - Cloud,6310,Operating Expense - Technology,Yes,Sales,0.95
TXN-00606,2024-05-06,Slack,99.0,Software - SaaS,6320,Operating Expense - SaaS,Yes,Marketing,0.8999999999999999
TXN-00607,2025-02-09,Aws,2341.0,Software - Cloud,6310,Operating Expense - Technology,Yes,Operations,0.8999999999999999
TXN-00608,2024-10-06,Uber,45.0,Travel - Ground,6410,Operating Expense - Travel,Yes,Marketing,0.95
TXN-00609,2024-09-24,Uber,65.0,Travel - Ground,6410,Operating Expense - Travel,Yes,Engineering,0.95
TXN-00610,2024-09-01,Accenture,7000.0,Professional Services,6700,Operating Expense - Services,Yes,Finance,0.8999999999999999
TXN-00611,2024-09-05,Marriott Hotels,150.0,Travel - Lodging,6420,Operating Expense - Travel,Yes,Marketing,0.8999999999999999
TXN-00612,2024-01-14,Stripe,1250.0,Software - Payments,6350,Operating Expense - Technology,Yes,Engineering,0.8999999999999999
TXN-00613,2024-04-28,Southwest Airlines,150.0,Travel - Airfare,6400,Operating Expense - Travel,Yes,Engineering,0.8799999999999999
TXN-00614,2024-08-13,Time Warner,100.0,Utilities - Internet,6610,Operating Expense - Utilities,Yes,Marketing,0.8999999999999999
TXN-00615,2025-03-14,Quickbooks,120.0,Accounting Software,6720,Operating Expense - Services,Yes,Finance,0.95
TXN-00616,2025-01-18,Time Warner,100.0,Utilities - Internet,6610,Operating Expense - Utilities,Yes,Engineering,0.8799999999999999
TXN-00617,2024-07-21,Pwc,20000.0,Professional Services,6700,Operating Expense - Services,Yes,Finance,0.93
TXN-00618,2024-10-05,Best Buy,1200.0,Hardware - Equipment,1520,Fixed Asset - Equipment,Yes (Depreciated),Finance,0.8799999999999999
TXN-00619,2025-03-18,Linkedin Ads,400.0,Marketing - Digital,6800,Operating Expense - Marketing,Yes,Engineering,0.8999999999999999
TXN-00620,2024-12-14,Twilio,500.0,Software - Communications,6340,Operating Expense - Technology,Yes,Engineering,0.8999999999999999
TXN-00621,2024-03-14,Stripe,1250.0,Software - Payments,6350,Operating Expense - Technology,Yes,Operations,0.8999999999999999
TXN-00622,2024-11-14,Pwc,8000.0,Professional Services,6700,Operating Expense - Services,Yes,Finance,0.95
TXN-00623,2024-03-16,Ups,120.0,Shipping & Logistics,6900,Operating Expense - Shipping,Yes,HR,0.95
TXN-00624,2024-04-27,Marriott Hotels,150.0,Travel - Lodging,6420,Operating Expense - Travel,Yes,Marketing,0.95
TXN-00625,2025-01-13,Aws,10000.0,Software - Cloud,6310,Operating Expense - Technology,Yes,HR,0.8999999999999999
TXN-00626,2024-01-19,Restaurants.Com,80.0,Meals & Entertainment,6500,Operating Expense - Meals,Partial (50%),Sales,0.8999999999999999
TXN-00627,2024-01-16,Amazon Business,250.0,Office Supplies,6100,Operating Expense - Office,Yes,Operations,0.8999999999999999
TXN-00628,2024-02-04,Google Cloud,950.0,Software - Cloud,6310,Operating Expense - Technology,Yes,Sales,0.8799999999999999
TXN-00629,2025-03-25,At&T,80.0,Utilities - Telecom,6600,Operating Expense - Utilities,Yes,Engineering,0.8999999999999999
TXN-00630,2024-03-10,Time Warner,100.0,Utilities - Internet,6610,Operating Expense - Utilities,Yes,Marketing,0.8999999999999999
TXN-00631,2024-01-08,Ubereats,20.0,Meals & Entertainment,6500,Operating Expense - Meals,Partial (50%),Marketing,0.8799999999999999
TXN-00632,2025-01-04,Comcast,200.0,Utilities - Internet,6610,Operating Expense - Utilities,Yes,Engineering,0.95
TXN-00633,2025-03-07,Uber,15.0,Travel - Ground,6410,Operating Expense - Travel,Yes,Operations,0.8999999999999999
TXN-00634,2024-10-25,Chipotle,15.0,Meals & Entertainment,6500,Operating Expense - Meals,Partial (50%),Finance,0.8999999999999999
TXN-00635,2024-01-31,Dell,2500.0,Hardware - Equipment,1520,Fixed Asset - Equipment,Yes (Depreciated),HR,0.95
TXN-00636,2024-01-23,Facebook Ads,4000.0,Marketing - Digital,6800,Operating Expense - Marketing,Yes,HR,0.8999999999999999
TXN-00637,2024-12-28,Staples,150.0,Office Supplies,6100,Operating Expense - Office,Yes,Sales,0.8999999999999999
TXN-00638,2024-04-02,Mckinsey,15000.0,Professional Services,6700,Operating Expense - Services,Yes,Operations,0.8999999999999999
TXN-00639,2024-04-28,Lyft,40.0,Travel - Ground,6410,Operating Expense - Travel,Yes,HR,0.8999999999999999
TXN-00640,2024-03-20,Linkedin Ads,5000.0,Marketing - Digital,6800,Operating Expense - Marketing,Yes,Sales,0.8999999999999999
TXN-00641,2025-02-16,Chipotle,15.0,Meals & Entertainment,6500,Operating Expense - Meals,Partial (50%),HR,0.8799999999999999
TXN-00642,2024-04-12,Microsoft Azure,1500.0,Software - Cloud,6310,Operating Expense - Technology,Yes,Marketing,0.95
TXN-00643,2024-01-28,Restaurants.Com,80.0,Meals & Entertainment,6500,Operating Expense - Meals,Partial (50%),Engineering,0.95
TXN-00644,2024-03-03,Uber,120.0,Travel - Ground,6410,Operating Expense - Travel,Yes,Operations,0.8999999999999999
TXN-00645,2024-05-03,At&T,150.0,Utilities - Telecom,6600,Operating Expense - Utilities,Yes,Operations,0.8999999999999999
TXN-00646,2024-07-23,Herman Miller,3000.0,Furniture - Fixed Asset,1540,Fixed Asset - Furniture,Yes (Depreciated),Operations,0.8999999999999999
TXN-00647,2025-02-22,Dhl,400.0,Shipping & Logistics,6900,Operating Expense - Shipping,Yes,HR,0.95
TXN-00648,2024-09-08,Staples,500.0,Office Supplies,6100,Operating Expense - Office,Yes,Marketing,0.8999999999999999
TXN-00649,2024-09-10,American Airlines,300.0,Travel - Airfare,6400,Operating Expense - Travel,Yes,Sales,0.8999999999999999
TXN-00650,2024-04-13,Marriott Hotels,150.0,Travel - Lodging,6420,Operating Expense - Travel,Yes,Marketing,0.8799999999999999
TXN-00651,2024-06-30,Datadog,800.0,Software - Monitoring,6330,Operating Expense - Technology,Yes,Sales,0.95
TXN-00652,2024-12-05,Lyft,40.0,Travel - Ground,6410,Operating Expense - Travel,Yes,Operations,0.95
TXN-00653,2024-04-17,Facebook Ads,4000.0,Marketing - Digital,6800,Operating Expense - Marketing,Yes,Sales,0.8999999999999999
TXN-00654,2024-08-10,Office Depot,200.0,Office Supplies,6100,Operating Expense - Office,Yes,Operations,0.8999999999999999
TXN-00655,2024-11-25,Steelcase,1000.0,Furniture - Fixed Asset,1540,Fixed Asset - Furniture,Yes (Depreciated),Marketing,0.8999999999999999
TXN-00656,2025-02-17,American Airlines,550.0,Travel - Airfare,6400,Operating Expense - Travel,Yes,Engineering,0.8999999999999999
TXN-00657,2024-11-10,Quickbooks,120.0,Accounting Software,6720,Operating Expense - Services,Yes,Engineering,0.8999999999999999
TXN-00658,2024-12-10,Best Buy,1200.0,Hardware - Equipment,1520,Fixed Asset - Equipment,Yes (Depreciated),Marketing,0.8999999999999999
TXN-00659,2024-05-30,Dell,2500.0,Hardware - Equipment,1520,Fixed Asset - Equipment,Yes (Depreciated),Finance,0.8999999999999999
TXN-00660,2024-03-02,Uber,65.0,Travel - Ground,6410,Operating Expense - Travel,Yes,Finance,0.8999999999999999
TXN-00661,2024-08-25,Google Cloud,4000.0,Software - Cloud,6310,Operating Expense - Technology,Yes,HR,0.93
TXN-00662,2024-07-18,Ubereats,100.0,Meals & Entertainment,6500,Operating Expense - Meals,Partial (50%),Engineering,0.95
TXN-00663,2024-07-24,Chipotle,15.0,Meals & Entertainment,6500,Operating Expense - Meals,Partial (50%),HR,0.93
TXN-00664,2024-08-06,Aws,1000.0,Software - Cloud,6310,Operating Expense - Technology,Yes,HR,0.8999999999999999
TXN-00665,2024-05-17,Slack,299.0,Software - SaaS,6320,Operating Expense - SaaS,Yes,Sales,0.8999999999999999
TXN-00666,2025-02-24,Herman Miller,3000.0,Furniture - Fixed Asset,1540,Fixed Asset - Furniture,Yes (Depreciated),Operations,0.8999999999999999
TXN-00667,2024-09-10,United Airlines,1200.0,Travel - Airfare,6400,Operating Expense - Travel,Yes,Engineering,0.95
TXN-00668,2025-03-28,Steelcase,1800.0,Furniture - Fixed Asset,1540,Fixed Asset - Furniture,Yes (Depreciated),Finance,0.8999999999999999
TXN-00669,2024-08-09,Chipotle,15.0,Meals & Entertainment,6500,Operating Expense - Meals,Partial (50%),Sales,0.95
TXN-00670,2024-10-10,Herman Miller,3000.0,Furniture - Fixed Asset,1540,Fixed Asset - Furniture,Yes (Depreciated),HR,0.8999999999999999
TXN-00671,2024-03-31,Mckinsey,30000.0,Professional Services,6700,Operating Expense - Services,Yes,Sales,0.8999999999999999
TXN-00672,2024-06-06,Fedex,500.0,Shipping & Logistics,6900,Operating Expense - Shipping,Yes,Operations,0.8999999999999999
TXN-00673,2025-02-05,Starbucks,5.0,Meals & Entertainment,6500,Operating Expense - Meals,Partial (50%),Engineering,0.8999999999999999
TXN-00674,2024-02-10,Ikea,100.0,Furniture - Fixed Asset,1540,Fixed Asset - Furniture,Yes (Depreciated),Finance,0.8999999999999999
TXN-00675,2024-01-19,Datadog,1500.0,Software - Monitoring,6330,Operating Expense - Technology,Yes,Marketing,0.8999999999999999
TXN-00676,2024-04-04,Best Buy,100.0,Hardware - Equipment,1520,Fixed Asset - Equipment,Yes (Depreciated),Finance,0.95
TXN-00677,2024-11-06,Herman Miller,1500.0,Furniture - Fixed Asset,1540,Fixed Asset - Furniture,Yes (Depreciated),Marketing,0.8999999999999999
TXN-00678,2024-06-24,Github,500.0,Software - Development,6360,Operating Expense - Technology,Yes,Finance,0.8999999999999999
TXN-00679,2024-05-11,Restaurants.Com,80.0,Meals & Entertainment,6500,Operating Expense - Meals,Partial (50%),Marketing,0.8999999999999999
TXN-00680,2025-01-16,Comcast,120.0,Utilities - Internet,6610,Operating Expense - Utilities,Yes,Marketing,0.8999999999999999
TXN-00681,2024-08-23,Time Warner,60.0,Utilities - Internet,6610,Operating Expense - Utilities,Yes,Operations,0.8999999999999999
TXN-00682,2024-01-13,Dhl,30.0,Shipping & Logistics,6900,Operating Expense - Shipping,Yes,HR,0.8999999999999999
TXN-00683,2024-09-24,Hubspot,1200.0,Marketing - Software,6810,Operating Expense - Marketing,Yes,Sales,0.8799999999999999
TXN-00684,2024-06-23,Apple,199.0,Hardware - Equipment,1520,Fixed Asset - Equipment,Yes (Depreciated),Engineering,0.8999999999999999
TXN-00685,2024-04-17,Ikea,600.0,Furniture - Fixed Asset,1540,Fixed Asset - Furniture,Yes (Depreciated),Finance,0.8999999999999999
TXN-00686,2024-08-29,Aws,500.0,Software - Cloud,6310,Operating Expense - Technology,Yes,Finance,0.95
TXN-00687,2025-03-30,Microsoft Azure,300.0,Software - Cloud,6310,Operating Expense - Technology,Yes,Engineering,0.95
TXN-00688,2025-03-16,Datadog,1500.0,Software - Monitoring,6330,Operating Expense - Technology,Yes,Marketing,0.8999999999999999
TXN-00689,2024-05-11,Zoom,299.0,Software - SaaS,6320,Operating Expense - SaaS,Yes,Finance,0.95
TXN-00690,2025-03-10,Lawdepot,200.0,Legal Services,6710,Operating Expense - Services,Yes,Marketing,0.8999999999999999
TXN-00691,2024-08-09,Grubhub,100.0,Meals & Entertainment,6500,Operating Expense - Meals,Partial (50%),HR,0.95
TXN-00692,2024-06-26,Delta Airlines,280.0,Travel - Airfare,6400,Operating Expense - Travel,Yes,Engineering,0.8999999999999999
TXN-00693,2024-05-13,United Airlines,450.0,Travel - Airfare,6400,Operating Expense - Travel,Yes,Engineering,0.95
TXN-00694,2024-09-04,Microsoft Azure,1500.0,Software - Cloud,6310,Operating Expense - Technology,Yes,Finance,0.8999999999999999
TXN-00695,2024-10-05,American Airlines,950.0,Travel - Airfare,6400,Operating Expense - Travel,Yes,Operations,0.8999999999999999
TXN-00696,2024-12-16,Lawdepot,500.0,Legal Services,6710,Operating Expense - Services,Yes,Engineering,0.8999999999999999
TXN-00697,2024-04-23,Github,500.0,Software - Development,6360,Operating Expense - Technology,Yes,Marketing,0.8999999999999999
TXN-00698,2025-02-16,Mckinsey,30000.0,Professional Services,6700,Operating Expense - Services,Yes,Engineering,0.95
TXN-00699,2024-01-11,Marriott Hotels,450.0,Travel - Lodging,6420,Operating Expense - Travel,Yes,Engineering,0.95
TXN-00700,2024-09-03,Office Depot,350.0,Office Supplies,6100,Operating Expense - Office,Yes,Finance,0.95
TXN-00701,2024-02-20,Lenovo,1000.0,Hardware - Equipment,1520,Fixed Asset - Equipment,Yes (Depreciated),Sales,0.95
TXN-00702,2024-02-27,Lenovo,2000.0,Hardware - Equipment,1520,Fixed Asset - Equipment,Yes (Depreciated),Sales,0.8999999999999999
TXN-00703,2024-04-01,Slack,99.0,Software - SaaS,6320,Operating Expense - SaaS,Yes,HR,0.8999999999999999
TXN-00704,2024-05-31,Fedex,300.0,Shipping & Logistics,6900,Operating Expense - Shipping,Yes,Sales,0.8999999999999999
TXN-00705,2024-10-02,Twilio,200.0,Software - Communications,6340,Operating Expense - Technology,Yes,HR,0.95
TXN-00706,2024-06-17,Time Warner,100.0,Utilities - Internet,6610,Operating Expense - Utilities,Yes,Operations,0.8799999999999999
TXN-00707,2024-09-19,At&T,80.0,Utilities - Telecom,6600,Operating Expense - Utilities,Yes,HR,0.8799999999999999
TXN-00708,2024-08-22,Ups,120.0,Shipping & Logistics,6900,Operating Expense - Shipping,Yes,Finance,0.8999999999999999
TXN-00709,2024-09-08,Fedex,500.0,Shipping & Logistics,6900,Operating Expense - Shipping,Yes,Sales,0.95
TXN-00710,2024-05-22,Grubhub,25.0,Meals & Entertainment,6500,Operating Expense - Meals,Partial (50%),Engineering,0.95
TXN-00711,2024-06-01,Amazon Business,250.0,Office Supplies,6100,Operating Expense - Office,Yes,Finance,0.95
TXN-00712,2024-07-13,Salesforce,600.0,Software - SaaS,6320,Operating Expense - SaaS,Yes,Operations,0.8999999999999999
TXN-00713,2024-12-22,Fedex,20.0,Shipping & Logistics,6900,Operating Expense - Shipping,Yes,Finance,0.8999999999999999
TXN-00714,2024-11-08,Datadog,3000.0,Software - Monitoring,6330,Operating Expense - Technology,Yes,Engineering,0.95
TXN-00715,2024-06-08,American Airlines,300.0,Travel - Airfare,6400,Operating Expense - Travel,Yes,Operations,0.8999999999999999
TXN-00716,2025-03-10,Dhl,30.0,Shipping & Logistics,6900,Operating Expense - Shipping,Yes,HR,0.8999999999999999
TXN-00717,2024-02-26,Hubspot,50.0,Marketing - Software,6810,Operating Expense - Marketing,Yes,Operations,0.8999999999999999
TXN-00718,2024-12-27,Twilio,1000.0,Software - Communications,6340,Operating Expense - Technology,Yes,Engineering,0.93
TXN-00719,2024-10-02,Staples,50.0,Office Supplies,6100,Operating Expense - Office,Yes,Engineering,0.95
TXN-00720,2024-12-11,Delta Airlines,280.0,Travel - Airfare,6400,Operating Expense - Travel,Yes,HR,0.8999999999999999
TXN-00721,2024-03-30,Microsoft Azure,800.0,Software - Cloud,6310,Operating Expense - Technology,Yes,Operations,0.8999999999999999
TXN-00722,2025-01-10,Slack,199.0,Software - SaaS,6320,Operating Expense - SaaS,Yes,Engineering,0.8999999999999999
TXN-00723,2024-06-18,Verizon,350.0,Utilities - Telecom,6600,Operating Expense - Utilities,Yes,Sales,0.8999999999999999
TXN-00724,2024-07-01,Steelcase,1000.0,Furniture - Fixed Asset,1540,Fixed Asset - Furniture,Yes (Depreciated),Engineering,0.8999999999999999
TXN-00725,2024-08-20,United Airlines,1200.0,Travel - Airfare,6400,Operating Expense - Travel,Yes,Marketing,0.95
TXN-00726,2024-08-26,American Airlines,300.0,Travel - Airfare,6400,Operating Expense - Travel,Yes,Engineering,0.8999999999999999
TXN-00727,2024-03-13,At&T,80.0,Utilities - Telecom,6600,Operating Expense - Utilities,Yes,Engineering,0.8999999999999999
TXN-00728,2024-01-21,Mckinsey,30000.0,Professional Services,6700,Operating Expense - Services,Yes,Finance,0.95
TXN-00729,2024-08-11,Office Depot,350.0,Office Supplies,6100,Operating Expense - Office,Yes,HR,0.8999999999999999
TXN-00730,2024-06-06,Grubhub,25.0,Meals & Entertainment,6500,Operating Expense - Meals,Partial (50%),Finance,0.8999999999999999
TXN-00731,2024-06-29,Herman Miller,1500.0,Furniture - Fixed Asset,1540,Fixed Asset - Furniture,Yes (Depreciated),Marketing,0.8799999999999999
TXN-00732,2024-03-21,Ikea,600.0,Furniture - Fixed Asset,1540,Fixed Asset - Furniture,Yes (Depreciated),HR,0.8999999999999999
TXN-00733,2024-11-26,Google Ads,1000.0,Marketing - Digital,6800,Operating Expense - Marketing,Yes,Operations,0.8999999999999999
TXN-00734,2025-03-12,Delta Airlines,500.0,Travel - Airfare,6400,Operating Expense - Travel,Yes,Engineering,0.95
TXN-00735,2024-11-19,Hubspot,1200.0,Marketing - Software,6810,Operating Expense - Marketing,Yes,Engineering,0.8999999999999999
TXN-00736,2024-03-17,Hubspot,200.0,Marketing - Software,6810,Operating Expense - Marketing,Yes,Operations,0.8999999999999999
TXN-00737,2024-11-24,United Airlines,2500.0,Travel - Airfare,6400,Operating Expense - Travel,Yes,Sales,0.93
TXN-00738,2025-02-08,Twilio,200.0,Software - Communications,6340,Operating Expense - Technology,Yes,Marketing,0.95
TXN-00739,2024-07-22,Chipotle,20.0,Meals & Entertainment,6500,Operating Expense - Meals,Partial (50%),Operations,0.8999999999999999
TXN-00740,2024-10-05,Fedex,100.0,Shipping & Logistics,6900,Operating Expense - Shipping,Yes,Engineering,0.8999999999999999
TXN-00741,2024-10-18,Pwc Inc,20000.0,Professional Services,6700,Operating Expense - Services,Yes,Finance,0.8999999999999999
TXN-00742,2024-01-29,Amazon Business,250.0,Office Supplies,6100,Operating Expense - Office,Yes,Marketing,0.95
TXN-00743,2024-03-26,Hubspot,500.0,Marketing - Software,6810,Operating Expense - Marketing,Yes,Sales,0.8999999999999999
TXN-00744,2024-07-05,Fedex,100.0,Shipping & Logistics,6900,Operating Expense - Shipping,Yes,HR,0.8999999999999999
TXN-00745,2025-03-11,Hilton Hotels,400.0,Travel - Lodging,6420,Operating Expense - Travel,Yes,Operations,0.8999999999999999
TXN-00746,2025-02-04,Fedex,500.0,Shipping & Logistics,6900,Operating Expense - Shipping,Yes,Engineering,0.8999999999999999
TXN-00747,2024-04-02,Slack,125.0,Software - SaaS,6320,Operating Expense - SaaS,Yes,Sales,0.8999999999999999
TXN-00748,2024-02-10,Steelcase,1800.0,Furniture - Fixed Asset,1540,Fixed Asset - Furniture,Yes (Depreciated),Operations,0.95
TXN-00749,2024-08-04,Steelcase,1000.0,Furniture - Fixed Asset,1540,Fixed Asset - Furniture,Yes (Depreciated),Operations,0.8999999999999999
TXN-00750,2024-01-09,Slack,99.0,Software - SaaS,6320,Operating Expense - SaaS,Yes,Marketing,0.8999999999999999
TXN-00751,2024-07-27,Lenovo,2000.0,Hardware - Equipment,1520,Fixed Asset - Equipment,Yes (Depreciated),HR,0.8999999999999999
TXN-00752,2024-08-15,Grubhub,180.0,Meals & Entertainment,6500,Operating Expense - Meals,Partial (50%),Engineering,0.8999999999999999
TXN-00753,2024-02-23,Mckinsey,30000.0,Professional Services,6700,Operating Expense - Services,Yes,Operations,0.8999999999999999
TXN-00754,2024-12-20,Google Cloud,400.0,Software - Cloud,6310,Operating Expense - Technology,Yes,HR,0.95
TXN-00755,2024-06-09,Deloitte,50000.0,Professional Services,6700,Operating Expense - Services,Yes,Finance,0.95
TXN-00756,2025-01-01,Google Cloud,950.0,Software - Cloud,6310,Operating Expense - Technology,Yes,Engineering,0.8999999999999999
TXN-00757,2024-07-20,Accenture,15000.0,Professional Services,6700,Operating Expense - Services,Yes,Engineering,0.95
TXN-00758,2024-02-01,Doordash,25.0,Meals & Entertainment,6500,Operating Expense - Meals,Partial (50%),Marketing,0.95
TXN-00759,2024-01-24,Grubhub,50.0,Meals & Entertainment,6500,Operating Expense - Meals,Partial (50%),HR,0.8999999999999999
TXN-00760,2024-01-23,Hilton Hotels,700.0,Travel - Lodging,6420,Operating Expense - Travel,Yes,HR,0.8999999999999999
TXN-00761,2025-03-20,Uber,25.0,Travel - Ground,6410,Operating Expense - Travel,Yes,Operations,0.8999999999999999
TXN-00762,2025-01-12,United Airlines,1200.0,Travel - Airfare,6400,Operating Expense - Travel,Yes,Marketing,0.8999999999999999
TXN-00763,2024-09-14,Delta Airlines,280.0,Travel - Airfare,6400,Operating Expense - Travel,Yes,Sales,0.8999999999999999
TXN-00764,2024-04-09,Herman Miller,1500.0,Furniture - Fixed Asset,1540,Fixed Asset - Furniture,Yes (Depreciated),Operations,0.8999999999999999
TXN-00765,2025-03-29,Lawdepot,200.0,Legal Services,6710,Operating Expense - Services,Yes,Engineering,0.95
TXN-00766,2024-12-27,Github,231.0,Software - Development,6360,Operating Expense - Technology,Yes,Sales,0.95
TXN-00767,2024-06-27,Apple,199.0,Hardware - Equipment,1520,Fixed Asset - Equipment,Yes (Depreciated),Sales,0.93
TXN-00768,2024-10-24,Salesforce,2500.0,Software - SaaS,6320,Operating Expense - SaaS,Yes,Operations,0.8999999999999999
TXN-00769,2024-05-04,Hubspot,1200.0,Marketing - Software,6810,Operating Expense - Marketing,Yes,Finance,0.8999999999999999
TXN-00770,2024-10-13,Lyft,22.0,Travel - Ground,6410,Operating Expense - Travel,Yes,Sales,0.8999999999999999
TXN-00771,2025-03-03,Uber,120.0,Travel - Ground,6410,Operating Expense - Travel,Yes,Engineering,0.8999999999999999
TXN-00772,2024-02-22,Xero,99.0,Accounting Software,6720,Operating Expense - Services,Yes,Engineering,0.8999999999999999
TXN-00773,2024-02-29,Fedex,100.0,Shipping & Logistics,6900,Operating Expense - Shipping,Yes,Engineering,0.95
TXN-00774,2024-03-10,Lawdepot,1000.0,Legal Services,6710,Operating Expense - Services,Yes,Operations,0.95
TXN-00775,2024-07-23,Starbucks Inc,7.0,Meals & Entertainment,6500,Operating Expense - Meals,Partial (50%),Engineering,0.95
TXN-00776,2025-02-24,Quickbooks,120.0,Accounting Software,6720,Operating Expense - Services,Yes,HR,0.8999999999999999
TXN-00777,2024-09-27,Datadog,1500.0,Software - Monitoring,6330,Operating Expense - Technology,Yes,Finance,0.95
TXN-00778,2024-07-22,Marriott Hotels,250.0,Travel - Lodging,6420,Operating Expense - Travel,Yes,Marketing,0.8999999999999999
TXN-00779,2025-03-12,Microsoft Azure,800.0,Software - Cloud,6310,Operating Expense - Technology,Yes,Sales,0.8999999999999999
TXN-00780,2024-08-26,Deloitte,25000.0,Professional Services,6700,Operating Expense - Services,Yes,Marketing,0.95
TXN-00781,2025-01-28,Fedex,500.0,Shipping & Logistics,6900,Operating Expense - Shipping,Yes,Sales,0.8999999999999999
TXN-00782,2025-02-25,Time Warner,100.0,Utilities - Internet,6610,Operating Expense - Utilities,Yes,Finance,0.8999999999999999
TXN-00783,2024-01-07,Staples,50.0,Office Supplies,6100,Operating Expense - Office,Yes,Engineering,0.8999999999999999
TXN-00784,2024-09-25,Lyft,60.0,Travel - Ground,6410,Operating Expense - Travel,Yes,Finance,0.8999999999999999
TXN-00785,2024-10-13,At&T,80.0,Utilities - Telecom,6600,Operating Expense - Utilities,Yes,Engineering,0.8999999999999999
TXN-00786,2025-02-27,Deloitte,50000.0,Professional Services,6700,Operating Expense - Services,Yes,Finance,0.8999999999999999
TXN-00787,2024-09-14,Starbucks,7.0,Meals & Entertainment,6500,Operating Expense - Meals,Partial (50%),Operations,0.95
TXN-00788,2025-03-04,Lawdepot,200.0,Legal Services,6710,Operating Expense - Services,Yes,HR,0.8999999999999999
TXN-00789,2024-12-06,Deloitte,50000.0,Professional Services,6700,Operating Expense - Services,Yes,Sales,0.8999999999999999
TXN-00790,2025-02-25,Ubereats,185.0,Meals & Entertainment,6500,Operating Expense - Meals,Partial (50%),Marketing,0.8999999999999999
TXN-00791,2025-02-08,Office Depot,200.0,Office Supplies,6100,Operating Expense - Office,Yes,Sales,0.93
TXN-00792,2024-07-25,American Airlines,300.0,Travel - Airfare,6400,Operating Expense - Travel,Yes,Sales,0.8999999999999999
TXN-00793,2025-03-08,Fedex,20.0,Shipping & Logistics,6900,Operating Expense - Shipping,Yes,Finance,0.8999999999999999
TXN-00794,2024-05-06,Zoom,100.0,Software - SaaS,6320,Operating Expense - SaaS,Yes,Sales,0.95
TXN-00795,2024-05-22,Airbnb,600.0,Travel - Lodging,6420,Operating Expense - Travel,Yes,Sales,0.95
TXN-00796,2024-11-05,Mckinsey,60000.0,Professional Services,6700,Operating Expense - Services,Yes,Operations,0.8799999999999999
TXN-00797,2025-01-25,Chipotle,25.0,Meals & Entertainment,6500,Operating Expense - Meals,Partial (50%),Operations,0.95
TXN-00798,2024-08-10,Southwest Airlines,1000.0,Travel - Airfare,6400,Operating Expense - Travel,Yes,HR,0.93
TXN-00799,2024-10-02,Apple,1200.0,Hardware - Equipment,1520,Fixed Asset - Equipment,Yes (Depreciated),Operations,0.8999999999999999
TXN-00800,2024-07-14,Google Ads,5000.0,Marketing - Digital,6800,Operating Expense - Marketing,Yes,Operations,0.8999999999999999
TXN-00801,2024-07-21,Accenture,15000.0,Professional Services,6700,Operating Expense - Services,Yes,Operations,0.8799999999999999
TXN-00802,2024-12-21,Facebook Ads,300.0,Marketing - Digital,6800,Operating Expense - Marketing,Yes,HR,0.8999999999999999
TXN-00803,2024-02-01,Herman Miller,800.0,Furniture - Fixed Asset,1540,Fixed Asset - Furniture,Yes (Depreciated),Sales,0.95
TXN-00804,2024-10-24,Lyft,22.0,Travel - Ground,6410,Operating Expense - Travel,Yes,HR,0.8999999999999999
TXN-00805,2024-11-15,Mckinsey,6000.0,Professional Services,6700,Operating Expense - Services,Yes,Operations,0.8999999999999999
TXN-00806,2024-06-14,Pwc Inc,8000.0,Professional Services,6700,Operating Expense - Services,Yes,Finance,0.8999999999999999
TXN-00807,2024-02-02,Office Depot,75.0,Office Supplies,6100,Operating Expense - Office,Yes,Sales,0.95
TXN-00808,2024-02-04,Aws,10000.0,Software - Cloud,6310,Operating Expense - Technology,Yes,HR,0.95
TXN-00809,2024-04-18,Hubspot,50.0,Marketing - Software,6810,Operating Expense - Marketing,Yes,Marketing,0.95
TXN-00810,2024-07-05,Dhl,60.0,Shipping & Logistics,6900,Operating Expense - Shipping,Yes,HR,0.8999999999999999
TXN-00811,2024-07-29,Slack,99.0,Software - SaaS,6320,Operating Expense - SaaS,Yes,Engineering,0.8999999999999999
TXN-00812,2024-08-05,Aws,500.0,Software - Cloud,6310,Operating Expense - Technology,Yes,Sales,0.8799999999999999
TXN-00813,2025-01-26,Mckinsey,15000.0,Professional Services,6700,Operating Expense - Services,Yes,Sales,0.8999999999999999
TXN-00814,2025-03-22,Starbucks,15.0,Meals & Entertainment,6500,Operating Expense - Meals,Partial (50%),Sales,0.8999999999999999
TXN-00815,2024-11-16,Xero Inc,400.0,Accounting Software,6720,Operating Expense - Services,Yes,HR,0.8999999999999999
TXN-00816,2024-07-20,Lyft,12.0,Travel - Ground,6410,Operating Expense - Travel,Yes,Sales,0.8999999999999999
TXN-00817,2024-05-23,Facebook Ads,2000.0,Marketing - Digital,6800,Operating Expense - Marketing,Yes,Sales,0.8999999999999999
TXN-00818,2024-11-11,Fedex,500.0,Shipping & Logistics,6900,Operating Expense - Shipping,Yes,Marketing,0.95
TXN-00819,2025-02-23,Hilton Hotels,700.0,Travel - Lodging,6420,Operating Expense - Travel,Yes,Engineering,0.8999999999999999
TXN-00820,2025-01-12,Stripe,2500.0,Software - Payments,6350,Operating Expense - Technology,Yes,Finance,0.95
TXN-00821,2025-03-08,Slack,99.0,Software - SaaS,6320,Operating Expense - SaaS,Yes,Marketing,0.8999999999999999
TXN-00822,2025-02-20,Lawdepot,2500.0,Legal Services,6710,Operating Expense - Services,Yes,Finance,0.8999999999999999
TXN-00823,2024-07-27,Amazon,299.0,Hardware - Equipment,1520,Fixed Asset - Equipment,Yes (Depreciated),HR,0.8999999999999999
TXN-00824,2024-10-17,Comcast,120.0,Utilities - Internet,6610,Operating Expense - Utilities,Yes,HR,0.95
TXN-00825,2025-02-10,United Airlines,250.0,Travel - Airfare,6400,Operating Expense - Travel,Yes,Sales,0.8999999999999999
TXN-00826,2025-02-23,Airbnb,300.0,Travel - Lodging,6420,Operating Expense - Travel,Yes,Engineering,0.8999999999999999
TXN-00827,2024-08-27,Best Buy,100.0,Hardware - Equipment,1520,Fixed Asset - Equipment,Yes (Depreciated),Sales,0.95
TXN-00828,2024-02-10,Quickbooks,600.0,Accounting Software,6720,Operating Expense - Services,Yes,Operations,0.8999999999999999
TXN-00829,2024-08-21,Airbnb,600.0,Travel - Lodging,6420,Operating Expense - Travel,Yes,Finance,0.8999999999999999
TXN-00830,2024-01-08,Salesforce,1200.0,Software - SaaS,6320,Operating Expense - SaaS,Yes,Sales,0.95
TXN-00831,2025-02-03,Southwest Airlines,150.0,Travel - Airfare,6400,Operating Expense - Travel,Yes,Operations,0.95
TXN-00832,2024-01-23,Ikea,300.0,Furniture - Fixed Asset,1540,Fixed Asset - Furniture,Yes (Depreciated),Engineering,0.95
TXN-00833,2024-08-25,Hubspot,200.0,Marketing - Software,6810,Operating Expense - Marketing,Yes,Engineering,0.93
TXN-00834,2024-10-13,Slack,99.0,Software - SaaS,6320,Operating Expense - SaaS,Yes,Engineering,0.95
TXN-00835,2024-04-16,Time Warner,100.0,Utilities - Internet,6610,Operating Expense - Utilities,Yes,Marketing,0.95
TXN-00836,2024-09-27,Ubereats Inc,185.0,Meals & Entertainment,6500,Operating Expense - Meals,Partial (50%),Operations,0.8999999999999999
TXN-00837,2024-09-02,Marriott Hotels,450.0,Travel - Lodging,6420,Operating Expense - Travel,Yes,Operations,0.8999999999999999
TXN-00838,2024-03-11,Ikea,600.0,Furniture - Fixed Asset,1540,Fixed Asset - Furniture,Yes (Depreciated),Finance,0.95
TXN-00839,2024-10-29,Xero,200.0,Accounting Software,6720,Operating Expense - Services,Yes,Engineering,0.8999999999999999
TXN-00840,2024-06-13,Doordash,50.0,Meals & Entertainment,6500,Operating Expense - Meals,Partial (50%),Finance,0.8999999999999999
TXN-00841,2024-08-10,Lyft,12.0,Travel - Ground,6410,Operating Expense - Travel,Yes,HR,0.8999999999999999
TXN-00842,2024-09-08,Verizon,200.0,Utilities - Telecom,6600,Operating Expense - Utilities,Yes,HR,0.95
TXN-00843,2024-03-11,Zoom,599.0,Software - SaaS,6320,Operating Expense - SaaS,Yes,Sales,0.8999999999999999
TXN-00844,2024-02-03,Marriott Hotels,450.0,Travel - Lodging,6420,Operating Expense - Travel,Yes,Sales,0.8999999999999999
TXN-00845,2025-03-03,Herman Miller,1200.0,Furniture - Fixed Asset,1540,Fixed Asset - Furniture,Yes (Depreciated),Marketing,0.8999999999999999
TXN-00846,2024-05-11,Ubereats,100.0,Meals & Entertainment,6500,Operating Expense - Meals,Partial (50%),Finance,0.8799999999999999
TXN-00847,2024-08-24,Comcast,200.0,Utilities - Internet,6610,Operating Expense - Utilities,Yes,Sales,0.95
TXN-00848,2024-02-24,Ups,350.0,Shipping & Logistics,6900,Operating Expense - Shipping,Yes,HR,0.8999999999999999
TXN-00849,2025-03-06,Facebook Ads Inc,800.0,Marketing - Digital,6800,Operating Expense - Marketing,Yes,Operations,0.95
TXN-00850,2024-10-27,Zoom,200.0,Software - SaaS,6320,Operating Expense - SaaS,Yes,Operations,0.8999999999999999
TXN-00851,2024-09-30,Google Cloud,400.0,Software - Cloud,6310,Operating Expense - Technology,Yes,Operations,0.8999999999999999
TXN-00852,2024-03-18,Airbnb,80.0,Travel - Lodging,6420,Operating Expense - Travel,Yes,Marketing,0.8999999999999999
TXN-00853,2024-04-07,Lyft,40.0,Travel - Ground,6410,Operating Expense - Travel,Yes,Finance,0.8799999999999999
TXN-00854,2024-09-10,Amazon Business,250.0,Office Supplies,6100,Operating Expense - Office,Yes,HR,0.95
TXN-00855,2024-07-13,Verizon,200.0,Utilities - Telecom,6600,Operating Expense - Utilities,Yes,Operations,0.8999999999999999
TXN-00856,2024-04-05,Best Buy,1200.0,Hardware - Equipment,1520,Fixed Asset - Equipment,Yes (Depreciated),Engineering,0.95
TXN-00857,2024-12-20,Zoom,100.0,Software - SaaS,6320,Operating Expense - SaaS,Yes,Finance,0.8799999999999999
TXN-00858,2024-09-19,Delta Airlines,1400.0,Travel - Airfare,6400,Operating Expense - Travel,Yes,HR,0.8999999999999999
TXN-00859,2024-01-16,Ikea,300.0,Furniture - Fixed Asset,1540,Fixed Asset - Furniture,Yes (Depreciated),Operations,0.8799999999999999
TXN-00860,2024-01-16,Twilio,50.0,Software - Communications,6340,Operating Expense - Technology,Yes,Finance,0.8999999999999999
TXN-00861,2024-11-01,Uber,45.0,Travel - Ground,6410,Operating Expense - Travel,Yes,Sales,0.8799999999999999
TXN-00862,2024-06-08,Accenture,7000.0,Professional Services,6700,Operating Expense - Services,Yes,Finance,0.8999999999999999
TXN-00863,2024-04-11,Microsoft Azure,1500.0,Software - Cloud,6310,Operating Expense - Technology,Yes,Operations,0.8999999999999999
TXN-00864,2024-10-21,Time Warner,60.0,Utilities - Internet,6610,Operating Expense - Utilities,Yes,Engineering,0.8999999999999999
TXN-00865,2024-03-27,At&T,300.0,Utilities - Telecom,6600,Operating Expense - Utilities,Yes,Finance,0.8999999999999999
TXN-00866,2025-01-07,Github,500.0,Software - Development,6360,Operating Expense - Technology,Yes,HR,0.8999999999999999
TXN-00867,2025-01-01,Lawdepot,2500.0,Legal Services,6710,Operating Expense - Services,Yes,Sales,0.93
TXN-00868,2024-01-31,Time Warner,180.0,Utilities - Internet,6610,Operating Expense - Utilities,Yes,HR,0.8999999999999999
TXN-00869,2025-01-28,Best Buy,500.0,Hardware - Equipment,1520,Fixed Asset - Equipment,Yes (Depreciated),Engineering,0.8999999999999999
TXN-00870,2024-12-04,At&T,150.0,Utilities - Telecom,6600,Operating Expense - Utilities,Yes,HR,0.8999999999999999
TXN-00871,2024-10-30,Verizon,200.0,Utilities - Telecom,6600,Operating Expense - Utilities,Yes,Operations,0.8999999999999999
TXN-00872,2024-10-31,Comcast,120.0,Utilities - Internet,6610,Operating Expense - Utilities,Yes,Finance,0.8999999999999999
TXN-00873,2024-10-14,Southwest Airlines,1000.0,Travel - Airfare,6400,Operating Expense - Travel,Yes,Finance,0.95
TXN-00874,2024-09-06,Airbnb,300.0,Travel - Lodging,6420,Operating Expense - Travel,Yes,HR,0.8999999999999999
TXN-00875,2024-09-14,Quickbooks,120.0,Accounting Software,6720,Operating Expense - Services,Yes,Marketing,0.8999999999999999
TXN-00876,2024-03-17,Microsoft Azure,800.0,Software - Cloud,6310,Operating Expense - Technology,Yes,Marketing,0.95
TXN-00877,2024-12-26,Salesforce,1200.0,Software - SaaS,6320,Operating Expense - SaaS,Yes,Marketing,0.95
TXN-00878,2025-03-18,Google Cloud,400.0,Software - Cloud,6310,Operating Expense - Technology,Yes,Engineering,0.95
TXN-00879,2024-04-10,American Airlines,1500.0,Travel - Airfare,6400,Operating Expense - Travel,Yes,Finance,0.8799999999999999
TXN-00880,2024-11-02,Google Cloud,4000.0,Software - Cloud,6310,Operating Expense - Technology,Yes,Finance,0.8999999999999999
TXN-00881,2024-09-24,Mckinsey,30000.0,Professional Services,6700,Operating Expense - Services,Yes,Sales,0.8999999999999999
TXN-00882,2025-01-22,Mckinsey,60000.0,Professional Services,6700,Operating Expense - Services,Yes,Marketing,0.8999999999999999
TXN-00883,2024-12-10,Twilio,500.0,Software - Communications,6340,Operating Expense - Technology,Yes,Finance,0.95
TXN-00884,2024-08-25,American Airlines,950.0,Travel - Airfare,6400,Operating Expense - Travel,Yes,Operations,0.8799999999999999
TXN-00885,2025-01-02,Starbucks,7.0,Meals & Entertainment,6500,Operating Expense - Meals,Partial (50%),Finance,0.8999999999999999
TXN-00886,2024-05-15,Hubspot,50.0,Marketing - Software,6810,Operating Expense - Marketing,Yes,HR,0.8999999999999999
TXN-00887,2025-03-10,Xero,200.0,Accounting Software,6720,Operating Expense - Services,Yes,Finance,0.95
TXN-00888,2024-07-02,Verizon,200.0,Utilities - Telecom,6600,Operating Expense - Utilities,Yes,Marketing,0.8999999999999999
TXN-00889,2024-02-15,Ikea,100.0,Furniture - Fixed Asset,1540,Fixed Asset - Furniture,Yes (Depreciated),Engineering,0.8999999999999999
TXN-00890,2025-03-13,Slack,299.0,Software - SaaS,6320,Operating Expense - SaaS,Yes,Finance,0.8999999999999999
TXN-00891,2024-08-29,Accenture,3000.0,Professional Services,6700,Operating Expense - Services,Yes,Finance,0.8999999999999999
TXN-00892,2025-02-11,Doordash,50.0,Meals & Entertainment,6500,Operating Expense - Meals,Partial (50%),HR,0.8999999999999999
TXN-00893,2024-09-12,Lenovo,1000.0,Hardware - Equipment,1520,Fixed Asset - Equipment,Yes (Depreciated),Engineering,0.8999999999999999
TXN-00894,2024-01-05,Time Warner Inc,100.0,Utilities - Internet,6610,Operating Expense - Utilities,Yes,HR,0.8999999999999999
TXN-00895,2024-08-24,Verizon,200.0,Utilities - Telecom,6600,Operating Expense - Utilities,Yes,Marketing,0.95
TXN-00896,2024-09-03,Quickbooks Inc,600.0,Accounting Software,6720,Operating Expense - Services,Yes,Finance,0.8799999999999999
TXN-00897,2024-11-14,Google Cloud,4000.0,Software - Cloud,6310,Operating Expense - Technology,Yes,Finance,0.8999999999999999
TXN-00898,2025-03-18,Google Ads,500.0,Marketing - Digital,6800,Operating Expense - Marketing,Yes,Engineering,0.95
TXN-00899,2024-10-16,Uber,65.0,Travel - Ground,6410,Operating Expense - Travel,Yes,Marketing,0.95
TXN-00900,2024-05-25,Herman Miller,1500.0,Furniture - Fixed Asset,1540,Fixed Asset - Furniture,Yes (Depreciated),HR,0.8999999999999999
TXN-00901,2025-02-08,Herman Miller,1200.0,Furniture - Fixed Asset,1540,Fixed Asset - Furniture,Yes (Depreciated),Marketing,0.8999999999999999
TXN-00902,2024-07-01,Deloitte,50000.0,Professional Services,6700,Operating Expense - Services,Yes,HR,0.8999999999999999
TXN-00903,2024-07-23,Xero,200.0,Accounting Software,6720,Operating Expense - Services,Yes,Engineering,0.8999999999999999
TXN-00904,2025-02-27,Twilio,500.0,Software - Communications,6340,Operating Expense - Technology,Yes,Engineering,0.8999999999999999
TXN-00905,2024-09-03,Slack,125.0,Software - SaaS,6320,Operating Expense - SaaS,Yes,Sales,0.8999999999999999
TXN-00906,2024-09-15,Hilton Hotels,700.0,Travel - Lodging,6420,Operating Expense - Travel,Yes,HR,0.95
TXN-00907,2024-05-22,Staples,500.0,Office Supplies,6100,Operating Expense - Office,Yes,Finance,0.95
TXN-00908,2024-07-25,Chipotle,10.0,Meals & Entertainment,6500,Operating Expense - Meals,Partial (50%),Operations,0.95
TXN-00909,2024-09-20,Lenovo,2000.0,Hardware - Equipment,1520,Fixed Asset - Equipment,Yes (Depreciated),Operations,0.8999999999999999
TXN-00910,2024-07-06,Lenovo,1000.0,Hardware - Equipment,1520,Fixed Asset - Equipment,Yes (Depreciated),HR,0.95
TXN-00911,2024-01-05,Aws,1000.0,Software - Cloud,6310,Operating Expense - Technology,Yes,Operations,0.8999999999999999
TXN-00912,2024-01-16,Best Buy,500.0,Hardware - Equipment,1520,Fixed Asset - Equipment,Yes (Depreciated),Operations,0.95
TXN-00913,2024-04-26,Stripe,2500.0,Software - Payments,6350,Operating Expense - Technology,Yes,Finance,0.8999999999999999
TXN-00914,2024-04-08,Staples,50.0,Office Supplies,6100,Operating Expense - Office,Yes,Engineering,0.95
TXN-00915,2024-11-19,Facebook Ads,800.0,Marketing - Digital,6800,Operating Expense - Marketing,Yes,Finance,0.8999999999999999
TXN-00916,2024-04-11,Microsoft Azure,1500.0,Software - Cloud,6310,Operating Expense - Technology,Yes,Operations,0.95
TXN-00917,2024-02-17,Deloitte,10000.0,Professional Services,6700,Operating Expense - Services,Yes,Sales,0.95
TXN-00918,2024-03-24,Github,21.0,Software - Development,6360,Operating Expense - Technology,Yes,Marketing,0.8999999999999999
TXN-00919,2024-11-11,Grubhub,25.0,Meals & Entertainment,6500,Operating Expense - Meals,Partial (50%),Finance,0.8999999999999999
TXN-00920,2025-02-10,Ubereats,100.0,Meals & Entertainment,6500,Operating Expense - Meals,Partial (50%),Sales,0.8999999999999999
TXN-00921,2024-03-06,Herman Miller,1200.0,Furniture - Fixed Asset,1540,Fixed Asset - Furniture,Yes (Depreciated),Finance,0.8999999999999999
TXN-00922,2025-03-15,Grubhub,50.0,Meals & Entertainment,6500,Operating Expense - Meals,Partial (50%),Operations,0.8999999999999999
TXN-00923,2024-08-13,American Airlines,550.0,Travel - Airfare,6400,Operating Expense - Travel,Yes,Sales,0.8999999999999999
TXN-00924,2025-02-08,Mckinsey,6000.0,Professional Services,6700,Operating Expense - Services,Yes,HR,0.8999999999999999
TXN-00925,2024-03-23,Time Warner,100.0,Utilities - Internet,6610,Operating Expense - Utilities,Yes,Operations,0.8999999999999999
TXN-00926,2024-05-27,Accenture,15000.0,Professional Services,6700,Operating Expense - Services,Yes,Sales,0.8999999999999999
TXN-00927,2024-07-14,Google Ads,500.0,Marketing - Digital,6800,Operating Expense - Marketing,Yes,Finance,0.95
TXN-00928,2024-12-31,Ups,120.0,Shipping & Logistics,6900,Operating Expense - Shipping,Yes,Finance,0.8999999999999999
TXN-00929,2025-03-08,United Airlines,2500.0,Travel - Airfare,6400,Operating Expense - Travel,Yes,Sales,0.8799999999999999
TXN-00930,2025-01-08,Office Depot,200.0,Office Supplies,6100,Operating Expense - Office,Yes,Engineering,0.8999999999999999
TXN-00931,2024-11-11,Hubspot,500.0,Marketing - Software,6810,Operating Expense - Marketing,Yes,Finance,0.8999999999999999
TXN-00932,2024-05-23,Office Depot,350.0,Office Supplies,6100,Operating Expense - Office,Yes,Sales,0.95
TXN-00933,2024-05-07,Dhl,150.0,Shipping & Logistics,6900,Operating Expense - Shipping,Yes,Finance,0.8999999999999999
TXN-00934,2024-06-24,Accenture,35000.0,Professional Services,6700,Operating Expense - Services,Yes,Marketing,0.8999999999999999
TXN-00935,2024-08-27,Grubhub,50.0,Meals & Entertainment,6500,Operating Expense - Meals,Partial (50%),HR,0.95
TXN-00936,2025-02-19,Twilio,1000.0,Software - Communications,6340,Operating Expense - Technology,Yes,Sales,0.8999999999999999
TXN-00937,2025-02-15,Facebook Ads,300.0,Marketing - Digital,6800,Operating Expense - Marketing,Yes,Finance,0.95
TXN-00938,2024-05-24,Ikea,600.0,Furniture - Fixed Asset,1540,Fixed Asset - Furniture,Yes (Depreciated),Engineering,0.8999999999999999
TXN-00939,2024-10-04,Verizon,350.0,Utilities - Telecom,6600,Operating Expense - Utilities,Yes,HR,0.8999999999999999
TXN-00940,2024-05-19,Ubereats,20.0,Meals & Entertainment,6500,Operating Expense - Meals,Partial (50%),Operations,0.95
TXN-00941,2024-07-15,Office Depot,75.0,Office Supplies,6100,Operating Expense - Office,Yes,HR,0.8999999999999999
TXN-00942,2024-10-04,Twilio,1000.0,Software - Communications,6340,Operating Expense - Technology,Yes,HR,0.8799999999999999
TXN-00943,2024-01-09,At&T,300.0,Utilities - Telecom,6600,Operating Expense - Utilities,Yes,Engineering,0.8999999999999999
TXN-00944,2024-07-27,Delta Airlines,900.0,Travel - Airfare,6400,Operating Expense - Travel,Yes,Finance,0.93
TXN-00945,2024-05-30,Ikea,300.0,Furniture - Fixed Asset,1540,Fixed Asset - Furniture,Yes (Depreciated),Sales,0.95
TXN-00946,2024-10-23,Pwc,40000.0,Professional Services,6700,Operating Expense - Services,Yes,Finance,0.8999999999999999
TXN-00947,2024-08-16,Xero,200.0,Accounting Software,6720,Operating Expense - Services,Yes,Operations,0.8799999999999999
TXN-00948,2024-11-10,Linkedin Ads,400.0,Marketing - Digital,6800,Operating Expense - Marketing,Yes,Marketing,0.95
TXN-00949,2024-09-01,Airbnb,600.0,Travel - Lodging,6420,Operating Expense - Travel,Yes,Sales,0.8999999999999999
TXN-00950,2024-12-22,Restaurants.Com Inc,40.0,Meals & Entertainment,6500,Operating Expense - Meals,Partial (50%),Engineering,0.8999999999999999
TXN-00951,2024-01-30,Aws,5000.0,Software - Cloud,6310,Operating Expense - Technology,Yes,Engineering,0.8999999999999999
TXN-00952,2024-08-19,American Airlines,1500.0,Travel - Airfare,6400,Operating Expense - Travel,Yes,Engineering,0.8999999999999999
TXN-00953,2025-01-08,United Airlines,450.0,Travel - Airfare,6400,Operating Expense - Travel,Yes,Sales,0.8999999999999999
TXN-00954,2024-04-22,Apple,1999.0,Hardware - Equipment,1520,Fixed Asset - Equipment,Yes (Depreciated),Operations,0.8999999999999999
TXN-00955,2024-04-05,Fedex,300.0,Shipping & Logistics,6900,Operating Expense - Shipping,Yes,Operations,0.8999999999999999
TXN-00956,2025-03-14,Datadog,1500.0,Software - Monitoring,6330,Operating Expense - Technology,Yes,Marketing,0.8999999999999999
TXN-00957,2024-03-20,Lenovo,1000.0,Hardware - Equipment,1520,Fixed Asset - Equipment,Yes (Depreciated),Engineering,0.8999999999999999
TXN-00958,2024-04-04,Dell,2500.0,Hardware - Equipment,1520,Fixed Asset - Equipment,Yes (Depreciated),HR,0.8999999999999999
TXN-00959,2025-02-25,Uber,15.0,Travel - Ground,6410,Operating Expense - Travel,Yes,Operations,0.8999999999999999
TXN-00960,2024-11-03,Comcast,70.0,Utilities - Internet,6610,Operating Expense - Utilities,Yes,HR,0.95
TXN-00961,2024-11-14,Microsoft Azure,3000.0,Software - Cloud,6310,Operating Expense - Technology,Yes,Marketing,0.8999999999999999
TXN-00962,2025-01-12,Xero Inc,200.0,Accounting Software,6720,Operating Expense - Services,Yes,Finance,0.8999999999999999
TXN-00963,2024-11-19,Amazon,299.0,Hardware - Equipment,1520,Fixed Asset - Equipment,Yes (Depreciated),HR,0.8799999999999999
TXN-00964,2024-03-14,Lyft,12.0,Travel - Ground,6410,Operating Expense - Travel,Yes,Sales,0.95
TXN-00965,2024-08-26,Linkedin Ads,2500.0,Marketing - Digital,6800,Operating Expense - Marketing,Yes,Marketing,0.8999999999999999
TXN-00966,2024-09-24,Quickbooks,300.0,Accounting Software,6720,Operating Expense - Services,Yes,Sales,0.8999999999999999
TXN-00967,2024-01-16,Mckinsey,15000.0,Professional Services,6700,Operating Expense - Services,Yes,Finance,0.8999999999999999
TXN-00968,2024-08-06,Ups,350.0,Shipping & Logistics,6900,Operating Expense - Shipping,Yes,Finance,0.8999999999999999
TXN-00969,2024-10-05,Slack,199.0,Software - SaaS,6320,Operating Expense - SaaS,Yes,Sales,0.95
TXN-00970,2024-08-06,Office Depot,350.0,Office Supplies,6100,Operating Expense - Office,Yes,Engineering,0.95
TXN-00971,2024-11-26,Aws,10000.0,Software - Cloud,6310,Operating Expense - Technology,Yes,Engineering,0.95
TXN-00972,2025-01-09,Zoom,299.0,Software - SaaS,6320,Operating Expense - SaaS,Yes,HR,0.8999999999999999
TXN-00973,2024-03-13,Quickbooks,120.0,Accounting Software,6720,Operating Expense - Services,Yes,Marketing,0.95
TXN-00974,2024-01-17,Best Buy,1200.0,Hardware - Equipment,1520,Fixed Asset - Equipment,Yes (Depreciated),Engineering,0.95
TXN-00975,2025-01-04,Office Depot,75.0,Office Supplies,6100,Operating Expense - Office,Yes,Operations,0.8999999999999999
TXN-00976,2024-12-05,Aws,5000.0,Software - Cloud,6310,Operating Expense - Technology,Yes,HR,0.8999999999999999
TXN-00977,2024-05-24,Twilio,1000.0,Software - Communications,6340,Operating Expense - Technology,Yes,Sales,0.95
TXN-00978,2025-03-27,Xero,400.0,Accounting Software,6720,Operating Expense - Services,Yes,Sales,0.95
TXN-00979,2024-06-09,Lyft,60.0,Travel - Ground,6410,Operating Expense - Travel,Yes,Sales,0.8999999999999999
TXN-00980,2025-02-15,American Airlines,550.0,Travel - Airfare,6400,Operating Expense - Travel,Yes,Operations,0.95
TXN-00981,2024-08-14,Staples,300.0,Office Supplies,6100,Operating Expense - Office,Yes,Engineering,0.8999999999999999
TXN-00982,2024-08-15,Apple,799.0,Hardware - Equipment,1520,Fixed Asset - Equipment,Yes (Depreciated),Operations,0.8999999999999999
TXN-00983,2024-02-17,Amazon,99.0,Hardware - Equipment,1520,Fixed Asset - Equipment,Yes (Depreciated),Sales,0.8999999999999999
TXN-00984,2024-09-17,Dhl,400.0,Shipping & Logistics,6900,Operating Expense - Shipping,Yes,Marketing,0.95
TXN-00985,2024-09-27,Comcast,70.0,Utilities - Internet,6610,Operating Expense - Utilities,Yes,Engineering,0.8999999999999999
TXN-00986,2025-02-11,Hubspot,1200.0,Marketing - Software,6810,Operating Expense - Marketing,Yes,HR,0.8999999999999999
TXN-00987,2024-11-05,Starbucks,5.0,Meals & Entertainment,6500,Operating Expense - Meals,Partial (50%),Operations,0.8999999999999999
TXN-00988,2024-03-31,Aws,2341.0,Software - Cloud,6310,Operating Expense - Technology,Yes,HR,0.8999999999999999
TXN-00989,2024-03-17,Chipotle,15.0,Meals & Entertainment,6500,Operating Expense - Meals,Partial (50%),HR,0.95
TXN-00990,2024-06-07,Stripe,2500.0,Software - Payments,6350,Operating Expense - Technology,Yes,Finance,0.95
TXN-00991,2024-05-24,Best Buy,100.0,Hardware - Equipment,1520,Fixed Asset - Equipment,Yes (Depreciated),Marketing,0.8999999999999999
TXN-00992,2024-08-10,Quickbooks,120.0,Accounting Software,6720,Operating Expense - Services,Yes,Finance,0.8999999999999999
TXN-00993,2024-04-16,Aws,500.0,Software - Cloud,6310,Operating Expense - Technology,Yes,HR,0.8999999999999999
TXN-00994,2025-02-07,Ikea,300.0,Furniture - Fixed Asset,1540,Fixed Asset - Furniture,Yes (Depreciated),Engineering,0.8799999999999999
TXN-00995,2025-02-25,Aws,500.0,Software - Cloud,6310,Operating Expense - Technology,Yes,Operations,0.93
TXN-00996,2024-05-03,Uber,15.0,Travel - Ground,6410,Operating Expense - Travel,Yes,Marketing,0.8799999999999999
TXN-00997,2024-05-30,Best Buy,100.0,Hardware - Equipment,1520,Fixed Asset - Equipment,Yes (Depreciated),Engineering,0.95
TXN-00998,2024-08-08,Southwest Airlines,350.0,Travel - Airfare,6400,Operating Expense - Travel,Yes,HR,0.95
TXN-00999,2024-01-18,Accenture,7000.0,Professional Services,6700,Operating Expense - Services,Yes,Engineering,0.95
TXN-01000,2025-02-12,Delta Airlines,900.0,Travel - Airfare,6400,Operating Expense - Travel,Yes,HR,0.93
TXN-01001,2025-02-27,Uber,25.0,Travel - Ground,6410,Operating Expense - Travel,Yes,Marketing,0.8999999999999999
TXN-01002,2024-02-06,Zoom,100.0,Software - SaaS,6320,Operating Expense - SaaS,Yes,Operations,0.95
TXN-01003,2024-04-01,Lyft,40.0,Travel - Ground,6410,Operating Expense - Travel,Yes,Finance,0.95
TXN-01004,2025-01-28,American Airlines,1500.0,Travel - Airfare,6400,Operating Expense - Travel,Yes,Finance,0.95
TXN-01005,2024-10-03,American Airlines,550.0,Travel - Airfare,6400,Operating Expense - Travel,Yes,Marketing,0.8999999999999999
TXN-01006,2024-01-29,Facebook Ads,800.0,Marketing - Digital,6800,Operating Expense - Marketing,Yes,HR,0.95
TXN-01007,2024-03-21,Aws,500.0,Software - Cloud,6310,Operating Expense - Technology,Yes,Engineering,0.8999999999999999
TXN-01008,2024-03-29,Verizon,200.0,Utilities - Telecom,6600,Operating Expense - Utilities,Yes,Operations,0.95
TXN-01009,2025-01-07,Comcast,70.0,Utilities - Internet,6610,Operating Expense - Utilities,Yes,Operations,0.8999999999999999
TXN-01010,2024-10-28,Doordash,25.0,Meals & Entertainment,6500,Operating Expense - Meals,Partial (50%),Sales,0.95
TXN-01011,2024-04-21,Google Ads,5000.0,Marketing - Digital,6800,Operating Expense - Marketing,Yes,Engineering,0.95
TXN-01012,2024-03-27,Starbucks,5.0,Meals & Entertainment,6500,Operating Expense - Meals,Partial (50%),Operations,0.8999999999999999
TXN-01013,2024-11-22,Amazon,99.0,Hardware - Equipment,1520,Fixed Asset - Equipment,Yes (Depreciated),Engineering,0.8799999999999999
TXN-01014,2024-11-15,United Airlines,450.0,Travel - Airfare,6400,Operating Expense - Travel,Yes,Sales,0.8999999999999999
TXN-01015,2024-06-01,Grubhub,100.0,Meals & Entertainment,6500,Operating Expense - Meals,Partial (50%),HR,0.95
TXN-01016,2024-03-28,Linkedin Ads,400.0,Marketing - Digital,6800,Operating Expense - Marketing,Yes,Operations,0.8999999999999999
TXN-01017,2024-07-09,At&T,300.0,Utilities - Telecom,6600,Operating Expense - Utilities,Yes,Finance,0.8999999999999999
TXN-01018,2025-02-22,Google Ads,5000.0,Marketing - Digital,6800,Operating Expense - Marketing,Yes,Finance,0.8999999999999999
TXN-01019,2024-05-13,Facebook Ads,2000.0,Marketing - Digital,6800,Operating Expense - Marketing,Yes,Operations,0.8999999999999999
TXN-01020,2024-09-13,Marriott Hotels,150.0,Travel - Lodging,6420,Operating Expense - Travel,Yes,HR,0.8999999999999999
TXN-01021,2024-11-05,Amazon Business,250.0,Office Supplies,6100,Operating Expense - Office,Yes,Sales,0.8999999999999999
TXN-01022,2024-05-20,Mckinsey,60000.0,Professional Services,6700,Operating Expense - Services,Yes,HR,0.95
TXN-01023,2024-01-18,Quickbooks,300.0,Accounting Software,6720,Operating Expense - Services,Yes,Engineering,0.8999999999999999
TXN-01024,2024-06-29,Mckinsey,15000.0,Professional Services,6700,Operating Expense - Services,Yes,Sales,0.8999999999999999
TXN-01025,2024-02-04,Ikea,600.0,Furniture - Fixed Asset,1540,Fixed Asset - Furniture,Yes (Depreciated),Operations,0.8999999999999999
TXN-01026,2024-06-06,Hilton Hotels,700.0,Travel - Lodging,6420,Operating Expense - Travel,Yes,Sales,0.8799999999999999
TXN-01027,2024-08-30,Datadog,1500.0,Software - Monitoring,6330,Operating Expense - Technology,Yes,HR,0.8999999999999999
TXN-01028,2024-01-19,Ubereats,20.0,Meals & Entertainment,6500,Operating Expense - Meals,Partial (50%),HR,0.93
TXN-01029,2025-02-06,Dell,1200.0,Hardware - Equipment,1520,Fixed Asset - Equipment,Yes (Depreciated),HR,0.8999999999999999
TXN-01030,2024-05-31,Southwest Airlines,1000.0,Travel - Airfare,6400,Operating Expense - Travel,Yes,Finance,0.8999999999999999
TXN-01031,2024-04-10,American Airlines,1500.0,Travel - Airfare,6400,Operating Expense - Travel,Yes,Operations,0.95
TXN-01032,2025-01-14,Starbucks,5.0,Meals & Entertainment,6500,Operating Expense - Meals,Partial (50%),Finance,0.8999999999999999
TXN-01033,2025-02-25,Twilio,1000.0,Software - Communications,6340,Operating Expense - Technology,Yes,Operations,0.95
TXN-01034,2025-02-24,Dhl,400.0,Shipping & Logistics,6900,Operating Expense - Shipping,Yes,Engineering,0.95
TXN-01035,2025-01-16,Grubhub,50.0,Meals & Entertainment,6500,Operating Expense - Meals,Partial (50%),Finance,0.8799999999999999
TXN-01036,2024-05-24,Grubhub,180.0,Meals & Entertainment,6500,Operating Expense - Meals,Partial (50%),Finance,0.8999999999999999
TXN-01037,2024-03-26,Pwc,8000.0,Professional Services,6700,Operating Expense - Services,Yes,Engineering,0.8999999999999999
TXN-01038,2024-05-21,Apple,799.0,Hardware - Equipment,1520,Fixed Asset - Equipment,Yes (Depreciated),Operations,0.8999999999999999
TXN-01039,2024-02-24,Grubhub,25.0,Meals & Entertainment,6500,Operating Expense - Meals,Partial (50%),Finance,0.8999999999999999
TXN-01040,2024-09-26,Mckinsey,30000.0,Professional Services,6700,Operating Expense - Services,Yes,Marketing,0.8999999999999999
TXN-01041,2025-03-03,United Airlines,850.0,Travel - Airfare,6400,Operating Expense - Travel,Yes,Engineering,0.95
TXN-01042,2024-12-25,Uber Inc,25.0,Travel - Ground,6410,Operating Expense - Travel,Yes,Sales,0.8999999999999999
TXN-01043,2024-08-15,Accenture,7000.0,Professional Services,6700,Operating Expense - Services,Yes,Engineering,0.8999999999999999
TXN-01044,2024-11-17,Amazon,2499.0,Hardware - Equipment,1520,Fixed Asset - Equipment,Yes (Depreciated),Operations,0.95
TXN-01045,2024-03-30,Quickbooks,600.0,Accounting Software,6720,Operating Expense - Services,Yes,HR,0.8999999999999999
TXN-01046,2024-12-27,Quickbooks,300.0,Accounting Software,6720,Operating Expense - Services,Yes,Operations,0.95
TXN-01047,2024-05-07,Xero,200.0,Accounting Software,6720,Operating Expense - Services,Yes,Marketing,0.95
TXN-01048,2024-01-16,Pwc,8000.0,Professional Services,6700,Operating Expense - Services,Yes,Sales,0.8799999999999999
TXN-01049,2024-09-20,Lyft,12.0,Travel - Ground,6410,Operating Expense - Travel,Yes,Operations,0.95
TXN-01050,2025-01-22,Delta Airlines Inc,500.0,Travel - Airfare,6400,Operating Expense - Travel,Yes,Sales,0.8999999999999999
TXN-01051,2024-11-04,Office Depot,350.0,Office Supplies,6100,Operating Expense - Office,Yes,Operations,0.8999999999999999
TXN-01052,2024-04-15,Microsoft Azure Inc,800.0,Software - Cloud,6310,Operating Expense - Technology,Yes,Engineering,0.8799999999999999
TXN-01053,2024-06-01,Aws,500.0,Software - Cloud,6310,Operating Expense - Technology,Yes,Engineering,0.8999999999999999
TXN-01054,2024-03-29,Airbnb,300.0,Travel - Lodging,6420,Operating Expense - Travel,Yes,Engineering,0.8999999999999999
TXN-01055,2025-01-01,Accenture,35000.0,Professional Services,6700,Operating Expense - Services,Yes,Sales,0.8999999999999999
TXN-01056,2024-06-18,Southwest Airlines,350.0,Travel - Airfare,6400,Operating Expense - Travel,Yes,Marketing,0.95
TXN-01057,2025-01-12,Doordash,25.0,Meals & Entertainment,6500,Operating Expense - Meals,Partial (50%),Marketing,0.8999999999999999
TXN-01058,2025-03-14,Comcast,120.0,Utilities - Internet,6610,Operating Expense - Utilities,Yes,HR,0.8999999999999999
TXN-01059,2024-10-03,Zoom,100.0,Software - SaaS,6320,Operating Expense - SaaS,Yes,Finance,0.8999999999999999
TXN-01060,2024-11-16,Ubereats,20.0,Meals & Entertainment,6500,Operating Expense - Meals,Partial (50%),Marketing,0.95
TXN-01061,2024-11-07,Chipotle,25.0,Meals & Entertainment,6500,Operating Expense - Meals,Partial (50%),Operations,0.93
TXN-01062,2024-04-17,Amazon,2499.0,Hardware - Equipment,1520,Fixed Asset - Equipment,Yes (Depreciated),Sales,0.8999999999999999
TXN-01063,2024-12-04,Apple,799.0,Hardware - Equipment,1520,Fixed Asset - Equipment,Yes (Depreciated),Operations,0.8799999999999999
TXN-01064,2025-01-30,Delta Airlines,1400.0,Travel - Airfare,6400,Operating Expense - Travel,Yes,Finance,0.8999999999999999
TXN-01065,2024-09-28,Ikea,100.0,Furniture - Fixed Asset,1540,Fixed Asset - Furniture,Yes (Depreciated),Sales,0.95
TXN-01066,2024-05-13,Doordash,200.0,Meals & Entertainment,6500,Operating Expense - Meals,Partial (50%),HR,0.8999999999999999
TXN-01067,2024-11-19,Twilio,200.0,Software - Communications,6340,Operating Expense - Technology,Yes,Marketing,0.8999999999999999
TXN-01068,2024-03-31,Uber,25.0,Travel - Ground,6410,Operating Expense - Travel,Yes,Finance,0.8999999999999999
TXN-01069,2024-11-29,Ikea,100.0,Furniture - Fixed Asset,1540,Fixed Asset - Furniture,Yes (Depreciated),Finance,0.8999999999999999
TXN-01070,2025-03-17,Marriott Hotels,150.0,Travel - Lodging,6420,Operating Expense - Travel,Yes,HR,0.8999999999999999
TXN-01071,2025-01-27,Xero,400.0,Accounting Software,6720,Operating Expense - Services,Yes,Operations,0.95
TXN-01072,2024-12-04,Best Buy,1200.0,Hardware - Equipment,1520,Fixed Asset - Equipment,Yes (Depreciated),Operations,0.8799999999999999
TXN-01073,2024-10-11,Twilio,500.0,Software - Communications,6340,Operating Expense - Technology,Yes,Engineering,0.8999999999999999
TXN-01074,2024-12-08,Stripe,100.0,Software - Payments,6350,Operating Expense - Technology,Yes,Engineering,0.8799999999999999
TXN-01075,2024-11-21,Pwc,4000.0,Professional Services,6700,Operating Expense - Services,Yes,Operations,0.8999999999999999
TXN-01076,2024-02-21,Restaurants.Com,300.0,Meals & Entertainment,6500,Operating Expense - Meals,Partial (50%),Operations,0.8999999999999999
TXN-01077,2024-05-09,Mckinsey,30000.0,Professional Services,6700,Operating Expense - Services,Yes,Finance,0.8999999999999999
TXN-01078,2025-03-31,Steelcase,2500.0,Furniture - Fixed Asset,1540,Fixed Asset - Furniture,Yes (Depreciated),Marketing,0.8999999999999999
TXN-01079,2024-01-17,Lenovo,400.0,Hardware - Equipment,1520,Fixed Asset - Equipment,Yes (Depreciated),Marketing,0.95
TXN-01080,2024-03-11,Office Depot,75.0,Office Supplies,6100,Operating Expense - Office,Yes,Operations,0.8999999999999999
TXN-01081,2024-08-28,Ubereats,20.0,Meals & Entertainment,6500,Operating Expense - Meals,Partial (50%),Operations,0.95
TXN-01082,2024-04-21,Time Warner,100.0,Utilities - Internet,6610,Operating Expense - Utilities,Yes,Engineering,0.95
TXN-01083,2025-03-14,Aws,500.0,Software - Cloud,6310,Operating Expense - Technology,Yes,Finance,0.8999999999999999
TXN-01084,2025-03-18,Slack,299.0,Software - SaaS,6320,Operating Expense - SaaS,Yes,Sales,0.8999999999999999
TXN-01085,2025-02-10,Ups,120.0,Shipping & Logistics,6900,Operating Expense - Shipping,Yes,Sales,0.8999999999999999
TXN-01086,2024-12-27,Best Buy,100.0,Hardware - Equipment,1520,Fixed Asset - Equipment,Yes (Depreciated),HR,0.8999999999999999
TXN-01087,2025-03-02,Google Ads,5000.0,Marketing - Digital,6800,Operating Expense - Marketing,Yes,Engineering,0.8999999999999999
TXN-01088,2024-10-07,Zoom,299.0,Software - SaaS,6320,Operating Expense - SaaS,Yes,Operations,0.8999999999999999
TXN-01089,2024-11-23,Xero,200.0,Accounting Software,6720,Operating Expense - Services,Yes,Marketing,0.8999999999999999
TXN-01090,2024-10-17,Lyft,60.0,Travel - Ground,6410,Operating Expense - Travel,Yes,Finance,0.95
TXN-01091,2024-12-16,Steelcase,2500.0,Furniture - Fixed Asset,1540,Fixed Asset - Furniture,Yes (Depreciated),Engineering,0.95
TXN-01092,2025-01-26,United Airlines,450.0,Travel - Airfare,6400,Operating Expense - Travel,Yes,Sales,0.8999999999999999
TXN-01093,2024-12-17,Apple,1999.0,Hardware - Equipment,1520,Fixed Asset - Equipment,Yes (Depreciated),Marketing,0.8999999999999999
TXN-01094,2024-11-23,Slack,125.0,Software - SaaS,6320,Operating Expense - SaaS,Yes,Sales,0.95
TXN-01095,2024-10-13,Dhl,60.0,Shipping & Logistics,6900,Operating Expense - Shipping,Yes,Sales,0.8999999999999999
TXN-01096,2024-11-26,Amazon,599.0,Hardware - Equipment,1520,Fixed Asset - Equipment,Yes (Depreciated),Operations,0.8999999999999999
TXN-01097,2024-08-12,Steelcase,1800.0,Furniture - Fixed Asset,1540,Fixed Asset - Furniture,Yes (Depreciated),Engineering,0.95
TXN-01098,2025-03-01,Deloitte,50000.0,Professional Services,6700,Operating Expense - Services,Yes,Sales,0.95
TXN-01099,2024-04-01,Deloitte,50000.0,Professional Services,6700,Operating Expense - Services,Yes,HR,0.93
TXN-01100,2024-08-10,Amazon Business,250.0,Office Supplies,6100,Operating Expense - Office,Yes,Engineering,0.8999999999999999
TXN-01101,2024-08-24,Best Buy,100.0,Hardware - Equipment,1520,Fixed Asset - Equipment,Yes (Depreciated),HR,0.95
TXN-01102,2024-09-13,Office Depot,350.0,Office Supplies,6100,Operating Expense - Office,Yes,Marketing,0.8999999999999999
TXN-01103,2024-12-14,Office Depot,75.0,Office Supplies,6100,Operating Expense - Office,Yes,HR,0.8999999999999999
TXN-01104,2024-03-12,Facebook Ads,4000.0,Marketing - Digital,6800,Operating Expense - Marketing,Yes,Sales,0.8999999999999999
TXN-01105,2025-02-12,Linkedin Ads,2500.0,Marketing - Digital,6800,Operating Expense - Marketing,Yes,HR,0.8999999999999999
TXN-01106,2024-05-15,Hilton Hotels,220.0,Travel - Lodging,6420,Operating Expense - Travel,Yes,Sales,0.95
TXN-01107,2024-07-08,Uber,65.0,Travel - Ground,6410,Operating Expense - Travel,Yes,Marketing,0.95
TXN-01108,2024-09-25,Pwc,40000.0,Professional Services,6700,Operating Expense - Services,Yes,Engineering,0.95
TXN-01109,2024-09-18,Aws,5000.0,Software - Cloud,6310,Operating Expense - Technology,Yes,Operations,0.95
TXN-01110,2024-10-12,Zoom,599.0,Software - SaaS,6320,Operating Expense - SaaS,Yes,Engineering,0.8999999999999999
TXN-01111,2024-11-11,Quickbooks,300.0,Accounting Software,6720,Operating Expense - Services,Yes,Marketing,0.93
TXN-01112,2024-03-24,Mckinsey,60000.0,Professional Services,6700,Operating Expense - Services,Yes,Sales,0.8799999999999999
TXN-01113,2024-03-10,American Airlines,1500.0,Travel - Airfare,6400,Operating Expense - Travel,Yes,Finance,0.8999999999999999
TXN-01114,2024-03-20,Chipotle,10.0,Meals & Entertainment,6500,Operating Expense - Meals,Partial (50%),HR,0.8999999999999999
TXN-01115,2025-01-17,Airbnb,80.0,Travel - Lodging,6420,Operating Expense - Travel,Yes,Marketing,0.8999999999999999
TXN-01116,2024-05-25,Hilton Hotels,400.0,Travel - Lodging,6420,Operating Expense - Travel,Yes,Engineering,0.8999999999999999
TXN-01117,2024-07-19,Fedex,100.0,Shipping & Logistics,6900,Operating Expense - Shipping,Yes,Engineering,0.95
TXN-01118,2024-10-14,Steelcase,1000.0,Furniture - Fixed Asset,1540,Fixed Asset - Furniture,Yes (Depreciated),Finance,0.8799999999999999
TXN-01119,2025-03-17,Restaurants.Com,300.0,Meals & Entertainment,6500,Operating Expense - Meals,Partial (50%),Engineering,0.93
TXN-01120,2024-12-21,Airbnb,80.0,Travel - Lodging,6420,Operating Expense - Travel,Yes,Engineering,0.95
TXN-01121,2024-01-05,Stripe,1250.0,Software - Payments,6350,Operating Expense - Technology,Yes,Operations,0.95
TXN-01122,2024-08-25,Lawdepot,500.0,Legal Services,6710,Operating Expense - Services,Yes,Engineering,0.8999999999999999
TXN-01123,2024-09-15,United Airlines,2500.0,Travel - Airfare,6400,Operating Expense - Travel,Yes,Finance,0.8799999999999999
TXN-01124,2024-11-09,Comcast,200.0,Utilities - Internet,6610,Operating Expense - Utilities,Yes,Marketing,0.8999999999999999
TXN-01125,2024-08-03,Google Ads,500.0,Marketing - Digital,6800,Operating Expense - Marketing,Yes,HR,0.8999999999999999
TXN-01126,2025-02-11,Apple,199.0,Hardware - Equipment,1520,Fixed Asset - Equipment,Yes (Depreciated),Engineering,0.95
TXN-01127,2024-05-30,Time Warner,180.0,Utilities - Internet,6610,Operating Expense - Utilities,Yes,Operations,0.8999999999999999
TXN-01128,2024-03-19,Verizon,100.0,Utilities - Telecom,6600,Operating Expense - Utilities,Yes,Operations,0.8999999999999999
TXN-01129,2024-12-29,Dell,1200.0,Hardware - Equipment,1520,Fixed Asset - Equipment,Yes (Depreciated),HR,0.95
TXN-01130,2025-03-06,Delta Airlines,280.0,Travel - Airfare,6400,Operating Expense - Travel,Yes,Marketing,0.8999999999999999
TXN-01131,2025-03-11,United Airlines,850.0,Travel - Airfare,6400,Operating Expense - Travel,Yes,Finance,0.95
TXN-01132,2024-09-21,Herman Miller,1200.0,Furniture - Fixed Asset,1540,Fixed Asset - Furniture,Yes (Depreciated),Engineering,0.95
TXN-01133,2024-04-25,Office Depot,350.0,Office Supplies,6100,Operating Expense - Office,Yes,Sales,0.8999999999999999
TXN-01134,2024-05-03,Microsoft Azure,300.0,Software - Cloud,6310,Operating Expense - Technology,Yes,Finance,0.8999999999999999
TXN-01135,2025-02-01,Salesforce,600.0,Software - SaaS,6320,Operating Expense - SaaS,Yes,Finance,0.8999999999999999
TXN-01136,2024-04-18,Facebook Ads,800.0,Marketing - Digital,6800,Operating Expense - Marketing,Yes,Marketing,0.8999999999999999
TXN-01137,2024-03-02,Google Ads,5000.0,Marketing - Digital,6800,Operating Expense - Marketing,Yes,HR,0.8999999999999999
TXN-01138,2025-02-10,Dell,500.0,Hardware - Equipment,1520,Fixed Asset - Equipment,Yes (Depreciated),Sales,0.8799999999999999
TXN-01139,2024-06-12,Pwc,8000.0,Professional Services,6700,Operating Expense - Services,Yes,Finance,0.8999999999999999
TXN-01140,2024-07-15,Aws,1000.0,Software - Cloud,6310,Operating Expense - Technology,Yes,HR,0.8999999999999999
TXN-01141,2024-03-08,Github,500.0,Software - Development,6360,Operating Expense - Technology,Yes,HR,0.8999999999999999
TXN-01142,2024-12-17,Github,500.0,Software - Development,6360,Operating Expense - Technology,Yes,Operations,0.95
TXN-01143,2025-03-05,Amazon,99.0,Hardware - Equipment,1520,Fixed Asset - Equipment,Yes (Depreciated),Marketing,0.95
TXN-01144,2024-04-30,Office Depot,75.0,Office Supplies,6100,Operating Expense - Office,Yes,Operations,0.8999999999999999
TXN-01145,2024-10-20,Lawdepot,2500.0,Legal Services,6710,Operating Expense - Services,Yes,Operations,0.95
TXN-01146,2024-11-11,Airbnb,300.0,Travel - Lodging,6420,Operating Expense - Travel,Yes,Marketing,0.8999999999999999
TXN-01147,2024-04-26,Verizon,350.0,Utilities - Telecom,6600,Operating Expense - Utilities,Yes,Sales,0.8999999999999999
TXN-01148,2024-02-09,Time Warner,60.0,Utilities - Internet,6610,Operating Expense - Utilities,Yes,Sales,0.8999999999999999
TXN-01149,2025-02-13,Pwc,4000.0,Professional Services,6700,Operating Expense - Services,Yes,Marketing,0.8999999999999999
TXN-01150,2024-05-30,Zoom,100.0,Software - SaaS,6320,Operating Expense - SaaS,Yes,Sales,0.8999999999999999
TXN-01151,2024-12-25,Google Cloud,950.0,Software - Cloud,6310,Operating Expense - Technology,Yes,Sales,0.8999999999999999
TXN-01152,2025-03-01,Airbnb,300.0,Travel - Lodging,6420,Operating Expense - Travel,Yes,Marketing,0.8999999999999999
TXN-01153,2024-04-20,Lyft,12.0,Travel - Ground,6410,Operating Expense - Travel,Yes,Finance,0.8999999999999999
TXN-01154,2024-06-13,Marriott Hotels,150.0,Travel - Lodging,6420,Operating Expense - Travel,Yes,Finance,0.95
TXN-01155,2024-03-28,Xero,200.0,Accounting Software,6720,Operating Expense - Services,Yes,Engineering,0.95
TXN-01156,2025-02-10,Best Buy,100.0,Hardware - Equipment,1520,Fixed Asset - Equipment,Yes (Depreciated),Operations,0.8999999999999999
TXN-01157,2024-11-23,American Airlines,1500.0,Travel - Airfare,6400,Operating Expense - Travel,Yes,Marketing,0.95
TXN-01158,2024-10-02,Grubhub,100.0,Meals & Entertainment,6500,Operating Expense - Meals,Partial (50%),Sales,0.8999999999999999
TXN-01159,2024-11-12,Delta Airlines,1400.0,Travel - Airfare,6400,Operating Expense - Travel,Yes,HR,0.95
TXN-01160,2024-06-07,Lenovo,2000.0,Hardware - Equipment,1520,Fixed Asset - Equipment,Yes (Depreciated),Engineering,0.8999999999999999
TXN-01161,2024-08-09,Pwc,4000.0,Professional Services,6700,Operating Expense - Services,Yes,Marketing,0.95
TXN-01162,2024-02-25,Steelcase,1800.0,Furniture - Fixed Asset,1540,Fixed Asset - Furniture,Yes (Depreciated),Finance,0.95
TXN-01163,2024-06-18,Uber,25.0,Travel - Ground,6410,Operating Expense - Travel,Yes,Sales,0.8999999999999999
TXN-01164,2024-11-01,Pwc,4000.0,Professional Services,6700,Operating Expense - Services,Yes,Operations,0.95
TXN-01165,2024-06-04,Herman Miller,1200.0,Furniture - Fixed Asset,1540,Fixed Asset - Furniture,Yes (Depreciated),Engineering,0.95
TXN-01166,2024-10-02,Chipotle,25.0,Meals & Entertainment,6500,Operating Expense - Meals,Partial (50%),Operations,0.8999999999999999
TXN-01167,2024-10-11,Salesforce,2500.0,Software - SaaS,6320,Operating Expense - SaaS,Yes,Sales,0.95
TXN-01168,2024-05-08,Delta Airlines,1400.0,Travel - Airfare,6400,Operating Expense - Travel,Yes,Sales,0.95
TXN-01169,2024-06-13,Slack,299.0,Software - SaaS,6320,Operating Expense - SaaS,Yes,Operations,0.8999999999999999
TXN-01170,2024-03-29,Amazon,299.0,Hardware - Equipment,1520,Fixed Asset - Equipment,Yes (Depreciated),Marketing,0.95
TXN-01171,2024-09-19,Zoom,200.0,Software - SaaS,6320,Operating Expense - SaaS,Yes,Operations,0.8999999999999999
TXN-01172,2024-08-01,Fedex,20.0,Shipping & Logistics,6900,Operating Expense - Shipping,Yes,Engineering,0.8999999999999999
TXN-01173,2024-06-26,Linkedin Ads,1000.0,Marketing - Digital,6800,Operating Expense - Marketing,Yes,Sales,0.95
TXN-01174,2024-07-05,Lawdepot,1000.0,Legal Services,6710,Operating Expense - Services,Yes,Sales,0.8999999999999999
TXN-01175,2025-02-12,Dell,2500.0,Hardware - Equipment,1520,Fixed Asset - Equipment,Yes (Depreciated),Engineering,0.8999999999999999
TXN-01176,2024-01-19,Office Depot,200.0,Office Supplies,6100,Operating Expense - Office,Yes,HR,0.95
TXN-01177,2024-12-19,Ikea,1200.0,Furniture - Fixed Asset,1540,Fixed Asset - Furniture,Yes (Depreciated),Engineering,0.8999999999999999
TXN-01178,2024-10-05,Doordash,50.0,Meals & Entertainment,6500,Operating Expense - Meals,Partial (50%),HR,0.8999999999999999
TXN-01179,2024-03-20,Google Ads,500.0,Marketing - Digital,6800,Operating Expense - Marketing,Yes,Sales,0.8999999999999999
TXN-01180,2025-03-14,Twilio,500.0,Software - Communications,6340,Operating Expense - Technology,Yes,Engineering,0.8999999999999999
TXN-01181,2024-04-02,Marriott Hotels,250.0,Travel - Lodging,6420,Operating Expense - Travel,Yes,Marketing,0.95
TXN-01182,2024-04-05,Dell,2500.0,Hardware - Equipment,1520,Fixed Asset - Equipment,Yes (Depreciated),Engineering,0.8999999999999999
TXN-01183,2024-05-26,American Airlines,550.0,Travel - Airfare,6400,Operating Expense - Travel,Yes,Marketing,0.8799999999999999
TXN-01184,2025-02-23,Best Buy,1200.0,Hardware - Equipment,1520,Fixed Asset - Equipment,Yes (Depreciated),HR,0.8999999999999999
TXN-01185,2024-08-09,Github,500.0,Software - Development,6360,Operating Expense - Technology,Yes,Finance,0.8999999999999999
TXN-01186,2025-01-21,Google Ads,5000.0,Marketing - Digital,6800,Operating Expense - Marketing,Yes,Sales,0.8999999999999999
TXN-01187,2024-06-15,Steelcase,2500.0,Furniture - Fixed Asset,1540,Fixed Asset - Furniture,Yes (Depreciated),Operations,0.95
TXN-01188,2024-08-16,Hubspot,500.0,Marketing - Software,6810,Operating Expense - Marketing,Yes,Engineering,0.95
TXN-01189,2025-03-24,Southwest Airlines,650.0,Travel - Airfare,6400,Operating Expense - Travel,Yes,HR,0.8999999999999999
TXN-01190,2024-08-06,Deloitte,5000.0,Professional Services,6700,Operating Expense - Services,Yes,Marketing,0.8999999999999999
TXN-01191,2024-06-25,Lenovo,1000.0,Hardware - Equipment,1520,Fixed Asset - Equipment,Yes (Depreciated),Finance,0.8999999999999999
TXN-01192,2025-02-09,Lawdepot,500.0,Legal Services,6710,Operating Expense - Services,Yes,Marketing,0.8999999999999999
TXN-01193,2024-06-30,Southwest Airlines,150.0,Travel - Airfare,6400,Operating Expense - Travel,Yes,Engineering,0.8999999999999999
TXN-01194,2024-09-28,Microsoft Azure,1500.0,Software - Cloud,6310,Operating Expense - Technology,Yes,Marketing,0.8999999999999999
TXN-01195,2024-12-10,Xero,400.0,Accounting Software,6720,Operating Expense - Services,Yes,Finance,0.8999999999999999
TXN-01196,2024-06-06,Salesforce,1200.0,Software - SaaS,6320,Operating Expense - SaaS,Yes,Operations,0.8999999999999999
TXN-01197,2024-01-11,Google Ads Inc,500.0,Marketing - Digital,6800,Operating Expense - Marketing,Yes,Operations,0.8999999999999999
TXN-01198,2024-01-25,Apple,1999.0,Hardware - Equipment,1520,Fixed Asset - Equipment,Yes (Depreciated),Marketing,0.8999999999999999
TXN-01199,2025-03-03,Verizon,350.0,Utilities - Telecom,6600,Operating Expense - Utilities,Yes,Operations,0.8999999999999999
TXN-01200,2024-06-13,Lenovo,2000.0,Hardware - Equipment,1520,Fixed Asset - Equipment,Yes (Depreciated),Engineering,0.95
TXN-01201,2024-07-24,Hubspot,500.0,Marketing - Software,6810,Operating Expense - Marketing,Yes,Marketing,0.8999999999999999
TXN-01202,2024-12-08,Staples,50.0,Office Supplies,6100,Operating Expense - Office,Yes,Finance,0.93
TXN-01203,2024-08-30,Pwc,40000.0,Professional Services,6700,Operating Expense - Services,Yes,Marketing,0.95
TXN-01204,2024-05-13,American Airlines,550.0,Travel - Airfare,6400,Operating Expense - Travel,Yes,Marketing,0.8999999999999999
TXN-01205,2025-02-10,Microsoft Azure,300.0,Software - Cloud,6310,Operating Expense - Technology,Yes,Engineering,0.95
TXN-01206,2024-09-16,Aws,5000.0,Software - Cloud,6310,Operating Expense - Technology,Yes,HR,0.8999999999999999
TXN-01207,2025-01-08,Google Cloud,4000.0,Software - Cloud,6310,Operating Expense - Technology,Yes,Marketing,0.8999999999999999
TXN-01208,2024-05-05,Best Buy,500.0,Hardware - Equipment,1520,Fixed Asset - Equipment,Yes (Depreciated),Finance,0.95
TXN-01209,2024-04-12,Linkedin Ads,400.0,Marketing - Digital,6800,Operating Expense - Marketing,Yes,Engineering,0.8999999999999999
TXN-01210,2024-04-21,Ubereats,185.0,Meals & Entertainment,6500,Operating Expense - Meals,Partial (50%),HR,0.95
TXN-01211,2024-11-08,Ups,350.0,Shipping & Logistics,6900,Operating Expense - Shipping,Yes,Marketing,0.8999999999999999
TXN-01212,2024-07-29,Doordash,25.0,Meals & Entertainment,6500,Operating Expense - Meals,Partial (50%),Engineering,0.8999999999999999
TXN-01213,2024-09-07,Hilton Hotels,120.0,Travel - Lodging,6420,Operating Expense - Travel,Yes,Sales,0.95
TXN-01214,2024-01-13,Aws,10000.0,Software - Cloud,6310,Operating Expense - Technology,Yes,Operations,0.95
TXN-01215,2025-01-19,Hubspot,50.0,Marketing - Software,6810,Operating Expense - Marketing,Yes,Sales,0.95
TXN-01216,2025-01-23,Herman Miller,800.0,Furniture - Fixed Asset,1540,Fixed Asset - Furniture,Yes (Depreciated),Operations,0.8999999999999999
TXN-01217,2024-07-06,Google Ads,5000.0,Marketing - Digital,6800,Operating Expense - Marketing,Yes,HR,0.8999999999999999
TXN-01218,2024-06-25,Herman Miller,1500.0,Furniture - Fixed Asset,1540,Fixed Asset - Furniture,Yes (Depreciated),Operations,0.8999999999999999
TXN-01219,2025-03-15,Staples,50.0,Office Supplies,6100,Operating Expense - Office,Yes,Operations,0.8999999999999999
TXN-01220,2024-03-14,Google Ads,500.0,Marketing - Digital,6800,Operating Expense - Marketing,Yes,Sales,0.95
TXN-01221,2024-07-16,Office Depot,350.0,Office Supplies,6100,Operating Expense - Office,Yes,Marketing,0.8999999999999999
TXN-01222,2024-12-20,Hubspot,200.0,Marketing - Software,6810,Operating Expense - Marketing,Yes,Marketing,0.8999999999999999
TXN-01223,2025-03-14,Ups,120.0,Shipping & Logistics,6900,Operating Expense - Shipping,Yes,Sales,0.8999999999999999
TXN-01224,2024-03-20,Aws Inc,5000.0,Software - Cloud,6310,Operating Expense - Technology,Yes,HR,0.95
TXN-01225,2024-12-25,Hilton Hotels,220.0,Travel - Lodging,6420,Operating Expense - Travel,Yes,Engineering,0.8999999999999999
TXN-01226,2024-10-12,Deloitte,5000.0,Professional Services,6700,Operating Expense - Services,Yes,Sales,0.8999999999999999
TXN-01227,2024-06-19,Fedex,300.0,Shipping & Logistics,6900,Operating Expense - Shipping,Yes,Marketing,0.95
TXN-01228,2025-01-05,Hubspot,200.0,Marketing - Software,6810,Operating Expense - Marketing,Yes,Marketing,0.8999999999999999
TXN-01229,2024-01-24,Airbnb,150.0,Travel - Lodging,6420,Operating Expense - Travel,Yes,Marketing,0.8999999999999999
TXN-01230,2024-06-10,Starbucks,7.0,Meals & Entertainment,6500,Operating Expense - Meals,Partial (50%),Operations,0.8999999999999999
TXN-01231,2025-03-26,Quickbooks,120.0,Accounting Software,6720,Operating Expense - Services,Yes,Sales,0.95
TXN-01232,2025-02-21,Deloitte,25000.0,Professional Services,6700,Operating Expense - Services,Yes,Marketing,0.95
TXN-01233,2024-11-10,Facebook Ads,800.0,Marketing - Digital,6800,Operating Expense - Marketing,Yes,Finance,0.8999999999999999
TXN-01234,2024-11-24,Twilio,50.0,Software - Communications,6340,Operating Expense - Technology,Yes,Sales,0.8999999999999999
TXN-01235,2024-02-01,Pwc,4000.0,Professional Services,6700,Operating Expense - Services,Yes,Sales,0.8999999999999999
TXN-01236,2024-01-14,Aws,500.0,Software - Cloud,6310,Operating Expense - Technology,Yes,Operations,0.95
TXN-01237,2025-01-18,Ups,350.0,Shipping & Logistics,6900,Operating Expense - Shipping,Yes,Engineering,0.8999999999999999
TXN-01238,2024-06-06,Southwest Airlines,650.0,Travel - Airfare,6400,Operating Expense - Travel,Yes,Engineering,0.8999999999999999
TXN-01239,2024-02-03,Restaurants.Com,150.0,Meals & Entertainment,6500,Operating Expense - Meals,Partial (50%),Finance,0.8999999999999999
TXN-01240,2024-06-07,American Airlines,1500.0,Travel - Airfare,6400,Operating Expense - Travel,Yes,Engineering,0.95
TXN-01241,2024-06-03,Salesforce,600.0,Software - SaaS,6320,Operating Expense - SaaS,Yes,Engineering,0.8999999999999999
TXN-01242,2024-12-28,Pwc,20000.0,Professional Services,6700,Operating Expense - Services,Yes,Sales,0.95
TXN-01243,2024-02-26,Slack,99.0,Software - SaaS,6320,Operating Expense - SaaS,Yes,Finance,0.8999999999999999
TXN-01244,2024-12-04,Lawdepot,1000.0,Legal Services,6710,Operating Expense - Services,Yes,Engineering,0.95
TXN-01245,2024-10-03,Amazon Business,500.0,Office Supplies,6100,Operating Expense - Office,Yes,Marketing,0.8999999999999999
TXN-01246,2024-06-15,Delta Airlines,280.0,Travel - Airfare,6400,Operating Expense - Travel,Yes,HR,0.8999999999999999
TXN-01247,2024-03-12,Slack,299.0,Software - SaaS,6320,Operating Expense - SaaS,Yes,HR,0.8999999999999999
TXN-01248,2025-03-14,Twilio,50.0,Software - Communications,6340,Operating Expense - Technology,Yes,Operations,0.95
TXN-01249,2025-01-01,Hilton Hotels,220.0,Travel - Lodging,6420,Operating Expense - Travel,Yes,Operations,0.8999999999999999
TXN-01250,2024-08-22,Linkedin Ads,5000.0,Marketing - Digital,6800,Operating Expense - Marketing,Yes,Finance,0.8999999999999999
TXN-01251,2024-03-16,Airbnb,80.0,Travel - Lodging,6420,Operating Expense - Travel,Yes,Sales,0.8999999999999999
TXN-01252,2024-09-23,Stripe Inc,100.0,Software - Payments,6350,Operating Expense - Technology,Yes,Engineering,0.8999999999999999
TXN-01253,2024-08-06,Slack,199.0,Software - SaaS,6320,Operating Expense - SaaS,Yes,Sales,0.8999999999999999
TXN-01254,2024-03-25,Comcast,200.0,Utilities - Internet,6610,Operating Expense - Utilities,Yes,Operations,0.8999999999999999
TXN-01255,2024-10-20,Steelcase,2500.0,Furniture - Fixed Asset,1540,Fixed Asset - Furniture,Yes (Depreciated),Sales,0.8999999999999999
TXN-01256,2024-03-24,Salesforce,300.0,Software - SaaS,6320,Operating Expense - SaaS,Yes,HR,0.93
TXN-01257,2024-09-15,Steelcase,1000.0,Furniture - Fixed Asset,1540,Fixed Asset - Furniture,Yes (Depreciated),Marketing,0.95
TXN-01258,2025-03-11,American Airlines,1500.0,Travel - Airfare,6400,Operating Expense - Travel,Yes,HR,0.8999999999999999
TXN-01259,2024-12-29,Google Ads,5000.0,Marketing - Digital,6800,Operating Expense - Marketing,Yes,Engineering,0.8999999999999999
TXN-01260,2024-08-24,Southwest Airlines,650.0,Travel - Airfare,6400,Operating Expense - Travel,Yes,Operations,0.8999999999999999
TXN-01261,2024-05-24,Ubereats,100.0,Meals & Entertainment,6500,Operating Expense - Meals,Partial (50%),HR,0.8999999999999999
TXN-01262,2025-01-15,Quickbooks,600.0,Accounting Software,6720,Operating Expense - Services,Yes,Finance,0.95
TXN-01263,2024-07-17,Slack,125.0,Software - SaaS,6320,Operating Expense - SaaS,Yes,Finance,0.8999999999999999
TXN-01264,2024-07-05,Ubereats,45.0,Meals & Entertainment,6500,Operating Expense - Meals,Partial (50%),Operations,0.8999999999999999
TXN-01265,2024-07-28,Best Buy,1200.0,Hardware - Equipment,1520,Fixed Asset - Equipment,Yes (Depreciated),HR,0.8999999999999999
TXN-01266,2024-06-06,Twilio,1000.0,Software - Communications,6340,Operating Expense - Technology,Yes,Marketing,0.8999999999999999
TXN-01267,2024-02-09,Pwc,20000.0,Professional Services,6700,Operating Expense - Services,Yes,Sales,0.8799999999999999
TXN-01268,2024-08-09,Deloitte,5000.0,Professional Services,6700,Operating Expense - Services,Yes,HR,0.8999999999999999
TXN-01269,2024-08-04,Hubspot,500.0,Marketing - Software,6810,Operating Expense - Marketing,Yes,Finance,0.8999999999999999
TXN-01270,2024-07-07,Starbucks,10.0,Meals & Entertainment,6500,Operating Expense - Meals,Partial (50%),Engineering,0.8799999999999999
TXN-01271,2024-09-26,Staples,300.0,Office Supplies,6100,Operating Expense - Office,Yes,Engineering,0.8999999999999999
TXN-01272,2024-02-11,Fedex,300.0,Shipping & Logistics,6900,Operating Expense - Shipping,Yes,Operations,0.8799999999999999
TXN-01273,2024-03-26,Comcast,200.0,Utilities - Internet,6610,Operating Expense - Utilities,Yes,Operations,0.8999999999999999
TXN-01274,2025-03-23,Fedex Inc,100.0,Shipping & Logistics,6900,Operating Expense - Shipping,Yes,HR,0.8999999999999999
TXN-01275,2024-12-08,Quickbooks,120.0,Accounting Software,6720,Operating Expense - Services,Yes,HR,0.8799999999999999
TXN-01276,2024-02-04,Herman Miller,800.0,Furniture - Fixed Asset,1540,Fixed Asset - Furniture,Yes (Depreciated),HR,0.8999999999999999
TXN-01277,2024-08-13,Stripe,500.0,Software - Payments,6350,Operating Expense - Technology,Yes,Finance,0.8999999999999999
TXN-01278,2024-11-27,Chipotle,25.0,Meals & Entertainment,6500,Operating Expense - Meals,Partial (50%),Marketing,0.8999999999999999
TXN-01279,2024-04-25,Uber,65.0,Travel - Ground,6410,Operating Expense - Travel,Yes,Finance,0.95
TXN-01280,2024-02-09,Marriott Hotels,250.0,Travel - Lodging,6420,Operating Expense - Travel,Yes,Engineering,0.8799999999999999
TXN-01281,2024-10-25,Aws,2341.0,Software - Cloud,6310,Operating Expense - Technology,Yes,Finance,0.8999999999999999
TXN-01282,2024-05-05,American Airlines,300.0,Travel - Airfare,6400,Operating Expense - Travel,Yes,Engineering,0.8999999999999999
TXN-01283,2024-08-02,Southwest Airlines Inc,650.0,Travel - Airfare,6400,Operating Expense - Travel,Yes,Sales,0.95
TXN-01284,2024-10-28,Stripe,1250.0,Software - Payments,6350,Operating Expense - Technology,Yes,Operations,0.8999999999999999
TXN-01285,2024-04-12,Quickbooks,300.0,Accounting Software,6720,Operating Expense - Services,Yes,Finance,0.8999999999999999
TXN-01286,2024-09-23,Salesforce,1200.0,Software - SaaS,6320,Operating Expense - SaaS,Yes,Finance,0.8999999999999999
TXN-01287,2024-04-21,Apple,799.0,Hardware - Equipment,1520,Fixed Asset - Equipment,Yes (Depreciated),HR,0.8999999999999999
TXN-01288,2024-08-05,Dhl,60.0,Shipping & Logistics,6900,Operating Expense - Shipping,Yes,Sales,0.8999999999999999
TXN-01289,2024-05-21,At&T,150.0,Utilities - Telecom,6600,Operating Expense - Utilities,Yes,Finance,0.8799999999999999
TXN-01290,2024-09-15,Lenovo,400.0,Hardware - Equipment,1520,Fixed Asset - Equipment,Yes (Depreciated),Finance,0.8999999999999999
TXN-01291,2024-02-09,Comcast,120.0,Utilities - Internet,6610,Operating Expense - Utilities,Yes,Sales,0.8999999999999999
TXN-01292,2025-03-31,Delta Airlines,900.0,Travel - Airfare,6400,Operating Expense - Travel,Yes,Operations,0.8999999999999999
TXN-01293,2024-08-16,Datadog,400.0,Software - Monitoring,6330,Operating Expense - Technology,Yes,Finance,0.8999999999999999
TXN-01294,2024-11-10,Amazon Business,500.0,Office Supplies,6100,Operating Expense - Office,Yes,Marketing,0.8999999999999999
TXN-01295,2024-05-09,Airbnb Inc,600.0,Travel - Lodging,6420,Operating Expense - Travel,Yes,Sales,0.8999999999999999
TXN-01296,2025-01-21,Dhl,150.0,Shipping & Logistics,6900,Operating Expense - Shipping,Yes,Operations,0.93
TXN-01297,2024-01-27,Datadog,3000.0,Software - Monitoring,6330,Operating Expense - Technology,Yes,HR,0.8999999999999999
TXN-01298,2025-01-24,Quickbooks,600.0,Accounting Software,6720,Operating Expense - Services,Yes,Operations,0.8999999999999999
TXN-01299,2024-02-25,Uber,65.0,Travel - Ground,6410,Operating Expense - Travel,Yes,HR,0.8999999999999999
TXN-01300,2024-03-09,Staples,150.0,Office Supplies,6100,Operating Expense - Office,Yes,Engineering,0.8999999999999999
TXN-01301,2024-09-28,Fedex,45.0,Shipping & Logistics,6900,Operating Expense - Shipping,Yes,Operations,0.8999999999999999
TXN-01302,2024-12-27,Hilton Hotels,120.0,Travel - Lodging,6420,Operating Expense - Travel,Yes,Finance,0.8999999999999999
TXN-01303,2024-04-13,Hubspot,1200.0,Marketing - Software,6810,Operating Expense - Marketing,Yes,Engineering,0.8799999999999999
TXN-01304,2024-04-15,Time Warner,100.0,Utilities - Internet,6610,Operating Expense - Utilities,Yes,Sales,0.95
TXN-01305,2024-04-29,Ikea,1200.0,Furniture - Fixed Asset,1540,Fixed Asset - Furniture,Yes (Depreciated),Operations,0.8999999999999999
TXN-01306,2024-11-22,Apple,199.0,Hardware - Equipment,1520,Fixed Asset - Equipment,Yes (Depreciated),Marketing,0.8999999999999999
TXN-01307,2024-02-01,Github,21.0,Software - Development,6360,Operating Expense - Technology,Yes,Marketing,0.95
TXN-01308,2024-01-04,Datadog,800.0,Software - Monitoring,6330,Operating Expense - Technology,Yes,Sales,0.8999999999999999
TXN-01309,2024-02-26,Dell,1200.0,Hardware - Equipment,1520,Fixed Asset - Equipment,Yes (Depreciated),Operations,0.8999999999999999
TXN-01310,2024-11-18,Staples,500.0,Office Supplies,6100,Operating Expense - Office,Yes,HR,0.8999999999999999
TXN-01311,2024-12-22,Office Depot,75.0,Office Supplies,6100,Operating Expense - Office,Yes,Operations,0.8999999999999999
TXN-01312,2024-02-21,Aws,500.0,Software - Cloud,6310,Operating Expense - Technology,Yes,Finance,0.8999999999999999
TXN-01313,2024-09-12,United Airlines,450.0,Travel - Airfare,6400,Operating Expense - Travel,Yes,Engineering,0.95
TXN-01314,2024-08-29,Pwc,4000.0,Professional Services,6700,Operating Expense - Services,Yes,Engineering,0.8999999999999999
TXN-01315,2024-09-03,Dell,500.0,Hardware - Equipment,1520,Fixed Asset - Equipment,Yes (Depreciated),Sales,0.8999999999999999
TXN-01316,2025-03-14,Mckinsey,60000.0,Professional Services,6700,Operating Expense - Services,Yes,Sales,0.8999999999999999
TXN-01317,2024-09-06,Dell,500.0,Hardware - Equipment,1520,Fixed Asset - Equipment,Yes (Depreciated),Engineering,0.95
TXN-01318,2024-04-07,Ikea,100.0,Furniture - Fixed Asset,1540,Fixed Asset - Furniture,Yes (Depreciated),Sales,0.8999999999999999
TXN-01319,2024-07-01,Time Warner,60.0,Utilities - Internet,6610,Operating Expense - Utilities,Yes,Finance,0.95
TXN-01320,2024-02-17,Google Ads,2500.0,Marketing - Digital,6800,Operating Expense - Marketing,Yes,Engineering,0.8999999999999999
TXN-01321,2024-12-11,Ubereats,45.0,Meals & Entertainment,6500,Operating Expense - Meals,Partial (50%),Marketing,0.8999999999999999
TXN-01322,2024-11-05,American Airlines,550.0,Travel - Airfare,6400,Operating Expense - Travel,Yes,Operations,0.8999999999999999
TXN-01323,2024-02-16,Grubhub,25.0,Meals & Entertainment,6500,Operating Expense - Meals,Partial (50%),HR,0.8999999999999999
TXN-01324,2025-03-03,Southwest Airlines,1000.0,Travel - Airfare,6400,Operating Expense - Travel,Yes,Operations,0.8999999999999999
TXN-01325,2024-03-04,Comcast,120.0,Utilities - Internet,6610,Operating Expense - Utilities,Yes,Operations,0.95
TXN-01326,2024-10-03,Chipotle,20.0,Meals & Entertainment,6500,Operating Expense - Meals,Partial (50%),Operations,0.8999999999999999
TXN-01327,2024-05-05,Chipotle,25.0,Meals & Entertainment,6500,Operating Expense - Meals,Partial (50%),Operations,0.93
TXN-01328,2024-10-24,Hubspot,500.0,Marketing - Software,6810,Operating Expense - Marketing,Yes,HR,0.8999999999999999
TXN-01329,2024-08-15,Fedex,100.0,Shipping & Logistics,6900,Operating Expense - Shipping,Yes,HR,0.95
TXN-01330,2024-02-10,Southwest Airlines,650.0,Travel - Airfare,6400,Operating Expense - Travel,Yes,Operations,0.93
TXN-01331,2025-02-23,Zoom,100.0,Software - SaaS,6320,Operating Expense - SaaS,Yes,Finance,0.8999999999999999
TXN-01332,2025-03-04,Airbnb,600.0,Travel - Lodging,6420,Operating Expense - Travel,Yes,Finance,0.8999999999999999
TXN-01333,2025-03-27,Dell,500.0,Hardware - Equipment,1520,Fixed Asset - Equipment,Yes (Depreciated),HR,0.8999999999999999
TXN-01334,2024-11-11,Office Depot,200.0,Office Supplies,6100,Operating Expense - Office,Yes,Finance,0.95
TXN-01335,2024-05-16,Staples,50.0,Office Supplies,6100,Operating Expense - Office,Yes,Finance,0.8999999999999999
TXN-01336,2024-12-27,Github,231.0,Software - Development,6360,Operating Expense - Technology,Yes,Marketing,0.8999999999999999
TXN-01337,2025-03-27,Chipotle,20.0,Meals & Entertainment,6500,Operating Expense - Meals,Partial (50%),HR,0.8999999999999999
TXN-01338,2024-06-17,Southwest Airlines,150.0,Travel - Airfare,6400,Operating Expense - Travel,Yes,Finance,0.95
TXN-01339,2025-02-06,Xero,200.0,Accounting Software,6720,Operating Expense - Services,Yes,Engineering,0.8999999999999999
TXN-01340,2024-11-28,Ups,120.0,Shipping & Logistics,6900,Operating Expense - Shipping,Yes,HR,0.8999999999999999
TXN-01341,2024-12-14,Deloitte,10000.0,Professional Services,6700,Operating Expense - Services,Yes,HR,0.8999999999999999
TXN-01342,2025-03-12,Herman Miller,800.0,Furniture - Fixed Asset,1540,Fixed Asset - Furniture,Yes (Depreciated),Engineering,0.95
TXN-01343,2024-01-26,Steelcase,600.0,Furniture - Fixed Asset,1540,Fixed Asset - Furniture,Yes (Depreciated),HR,0.95
TXN-01344,2024-12-22,Apple,1999.0,Hardware - Equipment,1520,Fixed Asset - Equipment,Yes (Depreciated),Operations,0.8999999999999999
TXN-01345,2024-11-14,Restaurants.Com,40.0,Meals & Entertainment,6500,Operating Expense - Meals,Partial (50%),Engineering,0.8999999999999999
TXN-01346,2024-10-29,Steelcase,1000.0,Furniture - Fixed Asset,1540,Fixed Asset - Furniture,Yes (Depreciated),Sales,0.95
TXN-01347,2024-02-07,Office Depot,200.0,Office Supplies,6100,Operating Expense - Office,Yes,Engineering,0.8999999999999999
TXN-01348,2024-10-28,Quickbooks,300.0,Accounting Software,6720,Operating Expense - Services,Yes,Sales,0.8999999999999999
TXN-01349,2024-07-03,Salesforce,300.0,Software - SaaS,6320,Operating Expense - SaaS,Yes,Operations,0.95
TXN-01350,2024-04-09,Amazon,2499.0,Hardware - Equipment,1520,Fixed Asset - Equipment,Yes (Depreciated),Sales,0.8999999999999999
TXN-01351,2024-01-01,Aws,500.0,Software - Cloud,6310,Operating Expense - Technology,Yes,Finance,0.95
TXN-01352,2024-04-21,Linkedin Ads,5000.0,Marketing - Digital,6800,Operating Expense - Marketing,Yes,Sales,0.95
TXN-01353,2025-01-31,Southwest Airlines,150.0,Travel - Airfare,6400,Operating Expense - Travel,Yes,HR,0.8999999999999999
TXN-01354,2024-03-15,Dhl,400.0,Shipping & Logistics,6900,Operating Expense - Shipping,Yes,HR,0.8999999999999999
TXN-01355,2025-03-31,Amazon Business,250.0,Office Supplies,6100,Operating Expense - Office,Yes,Operations,0.8999999999999999
TXN-01356,2024-07-29,Google Cloud,950.0,Software - Cloud,6310,Operating Expense - Technology,Yes,Marketing,0.8999999999999999
TXN-01357,2024-07-05,Grubhub,25.0,Meals & Entertainment,6500,Operating Expense - Meals,Partial (50%),Sales,0.95
TXN-01358,2024-04-11,Apple,199.0,Hardware - Equipment,1520,Fixed Asset - Equipment,Yes (Depreciated),Engineering,0.8999999999999999
TXN-01359,2024-02-25,Mckinsey,60000.0,Professional Services,6700,Operating Expense - Services,Yes,Engineering,0.8799999999999999
TXN-01360,2024-10-28,Ubereats,185.0,Meals & Entertainment,6500,Operating Expense - Meals,Partial (50%),Operations,0.95
TXN-01361,2025-02-10,Uber,15.0,Travel - Ground,6410,Operating Expense - Travel,Yes,Finance,0.8999999999999999
TXN-01362,2024-07-10,Steelcase,1000.0,Furniture - Fixed Asset,1540,Fixed Asset - Furniture,Yes (Depreciated),Sales,0.95
TXN-01363,2024-06-16,Zoom,100.0,Software - SaaS,6320,Operating Expense - SaaS,Yes,Finance,0.8999999999999999
TXN-01364,2024-05-20,Time Warner,60.0,Utilities - Internet,6610,Operating Expense - Utilities,Yes,Sales,0.93
TXN-01365,2024-08-15,Comcast,70.0,Utilities - Internet,6610,Operating Expense - Utilities,Yes,Finance,0.8999999999999999
TXN-01366,2024-06-15,Fedex,20.0,Shipping & Logistics,6900,Operating Expense - Shipping,Yes,HR,0.8999999999999999
TXN-01367,2024-07-03,Steelcase,1800.0,Furniture - Fixed Asset,1540,Fixed Asset - Furniture,Yes (Depreciated),Sales,0.8999999999999999
TXN-01368,2024-02-08,Ups,120.0,Shipping & Logistics,6900,Operating Expense - Shipping,Yes,Engineering,0.8999999999999999
TXN-01369,2024-01-20,Quickbooks,120.0,Accounting Software,6720,Operating Expense - Services,Yes,Operations,0.8999999999999999
TXN-01370,2024-03-12,Deloitte,5000.0,Professional Services,6700,Operating Expense - Services,Yes,Finance,0.8999999999999999
TXN-01371,2024-02-15,United Airlines,1200.0,Travel - Airfare,6400,Operating Expense - Travel,Yes,Operations,0.8999999999999999
TXN-01372,2024-08-11,Herman Miller,3000.0,Furniture - Fixed Asset,1540,Fixed Asset - Furniture,Yes (Depreciated),Finance,0.8999999999999999
TXN-01373,2024-07-19,Aws,500.0,Software - Cloud,6310,Operating Expense - Technology,Yes,Marketing,0.8999999999999999
TXN-01374,2024-11-12,Fedex,20.0,Shipping & Logistics,6900,Operating Expense - Shipping,Yes,Sales,0.8999999999999999
TXN-01375,2024-01-18,Grubhub,50.0,Meals & Entertainment,6500,Operating Expense - Meals,Partial (50%),Finance,0.95
TXN-01376,2024-02-23,Starbucks,10.0,Meals & Entertainment,6500,Operating Expense - Meals,Partial (50%),Finance,0.93
TXN-01377,2024-01-30,Zoom,100.0,Software - SaaS,6320,Operating Expense - SaaS,Yes,Operations,0.95
TXN-01378,2024-11-29,Github,231.0,Software - Development,6360,Operating Expense - Technology,Yes,Operations,0.8999999999999999
TXN-01379,2024-09-19,Ubereats,20.0,Meals & Entertainment,6500,Operating Expense - Meals,Partial (50%),Finance,0.95
TXN-01380,2024-11-25,Facebook Ads,2000.0,Marketing - Digital,6800,Operating Expense - Marketing,Yes,HR,0.95
TXN-01381,2025-02-07,Quickbooks,600.0,Accounting Software,6720,Operating Expense - Services,Yes,Sales,0.8999999999999999
TXN-01382,2025-01-22,Quickbooks,600.0,Accounting Software,6720,Operating Expense - Services,Yes,Marketing,0.8999999999999999
TXN-01383,2024-09-21,Github,21.0,Software - Development,6360,Operating Expense - Technology,Yes,Operations,0.8999999999999999
TXN-01384,2024-03-20,Restaurants.Com,40.0,Meals & Entertainment,6500,Operating Expense - Meals,Partial (50%),HR,0.8999999999999999
TXN-01385,2024-10-30,Fedex,20.0,Shipping & Logistics,6900,Operating Expense - Shipping,Yes,Engineering,0.95
TXN-01386,2024-02-04,Starbucks,15.0,Meals & Entertainment,6500,Operating Expense - Meals,Partial (50%),Finance,0.95
TXN-01387,2025-01-25,American Airlines,550.0,Travel - Airfare,6400,Operating Expense - Travel,Yes,Marketing,0.95
TXN-01388,2024-12-28,Google Cloud,950.0,Software - Cloud,6310,Operating Expense - Technology,Yes,Engineering,0.8999999999999999
TXN-01389,2024-11-12,Dhl,400.0,Shipping & Logistics,6900,Operating Expense - Shipping,Yes,Marketing,0.8999999999999999
TXN-01390,2024-08-26,Github,500.0,Software - Development,6360,Operating Expense - Technology,Yes,Marketing,0.95
TXN-01391,2024-12-03,Uber,15.0,Travel - Ground,6410,Operating Expense - Travel,Yes,Engineering,0.8799999999999999
TXN-01392,2025-03-14,Restaurants.Com,150.0,Meals & Entertainment,6500,Operating Expense - Meals,Partial (50%),HR,0.8999999999999999
TXN-01393,2024-07-21,Best Buy,100.0,Hardware - Equipment,1520,Fixed Asset - Equipment,Yes (Depreciated),Engineering,0.8999999999999999
TXN-01394,2024-06-25,Zoom,100.0,Software - SaaS,6320,Operating Expense - SaaS,Yes,Engineering,0.8999999999999999
TXN-01395,2024-05-21,Facebook Ads,800.0,Marketing - Digital,6800,Operating Expense - Marketing,Yes,Operations,0.8999999999999999
TXN-01396,2025-01-24,Doordash,100.0,Meals & Entertainment,6500,Operating Expense - Meals,Partial (50%),Sales,0.93
TXN-01397,2024-09-07,Ups,350.0,Shipping & Logistics,6900,Operating Expense - Shipping,Yes,Sales,0.95
TXN-01398,2024-05-09,Lyft,22.0,Travel - Ground,6410,Operating Expense - Travel,Yes,HR,0.8999999999999999
TXN-01399,2025-01-24,Lyft,12.0,Travel - Ground,6410,Operating Expense - Travel,Yes,Operations,0.95
TXN-01400,2025-03-03,Restaurants.Com,40.0,Meals & Entertainment,6500,Operating Expense - Meals,Partial (50%),HR,0.95
TXN-01401,2024-05-20,At&T,80.0,Utilities - Telecom,6600,Operating Expense - Utilities,Yes,Engineering,0.8999999999999999
TXN-01402,2025-03-21,Ups,120.0,Shipping & Logistics,6900,Operating Expense - Shipping,Yes,Finance,0.95
TXN-01403,2024-04-05,Fedex,45.0,Shipping & Logistics,6900,Operating Expense - Shipping,Yes,Engineering,0.8999999999999999
TXN-01404,2024-07-22,Zoom,599.0,Software - SaaS,6320,Operating Expense - SaaS,Yes,HR,0.8799999999999999
TXN-01405,2024-06-08,At&T,150.0,Utilities - Telecom,6600,Operating Expense - Utilities,Yes,Operations,0.8999999999999999
TXN-01406,2025-03-10,Aws,10000.0,Software - Cloud,6310,Operating Expense - Technology,Yes,Operations,0.95
TXN-01407,2024-07-26,Hilton Hotels,220.0,Travel - Lodging,6420,Operating Expense - Travel,Yes,Engineering,0.8999999999999999
TXN-01408,2025-02-10,Twilio,200.0,Software - Communications,6340,Operating Expense - Technology,Yes,Operations,0.8999999999999999
TXN-01409,2024-12-21,Verizon,100.0,Utilities - Telecom,6600,Operating Expense - Utilities,Yes,HR,0.95
TXN-01410,2024-05-22,Slack,199.0,Software - SaaS,6320,Operating Expense - SaaS,Yes,Finance,0.8999999999999999
TXN-01411,2024-11-10,Ikea,600.0,Furniture - Fixed Asset,1540,Fixed Asset - Furniture,Yes (Depreciated),HR,0.8999999999999999
TXN-01412,2025-01-27,Amazon,99.0,Hardware - Equipment,1520,Fixed Asset - Equipment,Yes (Depreciated),Engineering,0.95
TXN-01413,2024-04-25,Xero Inc,200.0,Accounting Software,6720,Operating Expense - Services,Yes,Operations,0.8999999999999999
TXN-01414,2024-10-26,Datadog,3000.0,Software - Monitoring,6330,Operating Expense - Technology,Yes,Sales,0.95
TXN-01415,2024-02-03,Time Warner,180.0,Utilities - Internet,6610,Operating Expense - Utilities,Yes,Marketing,0.8999999999999999
TXN-01416,2024-03-29,Google Cloud,400.0,Software - Cloud,6310,Operating Expense - Technology,Yes,Finance,0.8999999999999999
TXN-01417,2024-06-28,Hilton Hotels,120.0,Travel - Lodging,6420,Operating Expense - Travel,Yes,Engineering,0.8999999999999999
TXN-01418,2025-03-26,Salesforce,2500.0,Software - SaaS,6320,Operating Expense - SaaS,Yes,Finance,0.95
TXN-01419,2024-09-19,Apple,799.0,Hardware - Equipment,1520,Fixed Asset - Equipment,Yes (Depreciated),Operations,0.8999999999999999
TXN-01420,2024-08-07,Verizon Inc,100.0,Utilities - Telecom,6600,Operating Expense - Utilities,Yes,Finance,0.8999999999999999
TXN-01421,2024-12-13,Chipotle Inc,10.0,Meals & Entertainment,6500,Operating Expense - Meals,Partial (50%),Marketing,0.95
TXN-01422,2024-03-06,Google Cloud,1850.0,Software - Cloud,6310,Operating Expense - Technology,Yes,Marketing,0.8999999999999999
TXN-01423,2025-02-09,Linkedin Ads,1000.0,Marketing - Digital,6800,Operating Expense - Marketing,Yes,Finance,0.95
TXN-01424,2025-01-04,Quickbooks,120.0,Accounting Software,6720,Operating Expense - Services,Yes,Finance,0.8999999999999999
TXN-01425,2024-10-23,Steelcase,2500.0,Furniture - Fixed Asset,1540,Fixed Asset - Furniture,Yes (Depreciated),Operations,0.8999999999999999
TXN-01426,2025-02-04,Herman Miller,3000.0,Furniture - Fixed Asset,1540,Fixed Asset - Furniture,Yes (Depreciated),Sales,0.8999999999999999
TXN-01427,2024-12-24,Restaurants.Com,150.0,Meals & Entertainment,6500,Operating Expense - Meals,Partial (50%),Engineering,0.95
TXN-01428,2025-01-16,Dell,500.0,Hardware - Equipment,1520,Fixed Asset - Equipment,Yes (Depreciated),Sales,0.8999999999999999
TXN-01429,2024-09-07,Uber,45.0,Travel - Ground,6410,Operating Expense - Travel,Yes,Sales,0.95
TXN-01430,2024-01-31,Dhl,150.0,Shipping & Logistics,6900,Operating Expense - Shipping,Yes,Marketing,0.8999999999999999
TXN-01431,2025-01-21,Ikea,300.0,Furniture - Fixed Asset,1540,Fixed Asset - Furniture,Yes (Depreciated),Marketing,0.95
TXN-01432,2024-06-18,Verizon,350.0,Utilities - Telecom,6600,Operating Expense - Utilities,Yes,Engineering,0.95
TXN-01433,2024-06-28,Herman Miller,800.0,Furniture - Fixed Asset,1540,Fixed Asset - Furniture,Yes (Depreciated),Engineering,0.8999999999999999
TXN-01434,2024-08-12,Amazon,599.0,Hardware - Equipment,1520,Fixed Asset - Equipment,Yes (Depreciated),Engineering,0.8999999999999999
TXN-01435,2024-06-02,Apple,1200.0,Hardware - Equipment,1520,Fixed Asset - Equipment,Yes (Depreciated),Engineering,0.8999999999999999
TXN-01436,2024-06-19,At&T,300.0,Utilities - Telecom,6600,Operating Expense - Utilities,Yes,Engineering,0.8799999999999999
TXN-01437,2025-03-01,Lyft Inc,22.0,Travel - Ground,6410,Operating Expense - Travel,Yes,HR,0.95
TXN-01438,2024-08-24,Best Buy,1200.0,Hardware - Equipment,1520,Fixed Asset - Equipment,Yes (Depreciated),Engineering,0.95
TXN-01439,2024-12-20,Accenture,35000.0,Professional Services,6700,Operating Expense - Services,Yes,Sales,0.93
TXN-01440,2024-02-14,Lawdepot,200.0,Legal Services,6710,Operating Expense - Services,Yes,Engineering,0.8999999999999999
TXN-01441,2025-03-28,Delta Airlines,500.0,Travel - Airfare,6400,Operating Expense - Travel,Yes,Finance,0.93
TXN-01442,2024-05-16,Amazon,2499.0,Hardware - Equipment,1520,Fixed Asset - Equipment,Yes (Depreciated),HR,0.8999999999999999
TXN-01443,2024-06-04,Pwc,40000.0,Professional Services,6700,Operating Expense - Services,Yes,Sales,0.8999999999999999
TXN-01444,2024-08-29,Ubereats,20.0,Meals & Entertainment,6500,Operating Expense - Meals,Partial (50%),Operations,0.95
TXN-01445,2024-04-24,Stripe,500.0,Software - Payments,6350,Operating Expense - Technology,Yes,Engineering,0.8999999999999999
TXN-01446,2024-09-10,Datadog,400.0,Software - Monitoring,6330,Operating Expense - Technology,Yes,HR,0.8799999999999999
TXN-01447,2024-09-11,Amazon Business,100.0,Office Supplies,6100,Operating Expense - Office,Yes,Operations,0.8999999999999999
TXN-01448,2024-03-20,Office Depot,75.0,Office Supplies,6100,Operating Expense - Office,Yes,Marketing,0.8999999999999999
TXN-01449,2024-09-09,Amazon,99.0,Hardware - Equipment,1520,Fixed Asset - Equipment,Yes (Depreciated),Operations,0.95
TXN-01450,2024-04-25,American Airlines,950.0,Travel - Airfare,6400,Operating Expense - Travel,Yes,Finance,0.95
TXN-01451,2024-07-12,Microsoft Azure,800.0,Software - Cloud,6310,Operating Expense - Technology,Yes,Marketing,0.8999999999999999
TXN-01452,2024-07-07,Linkedin Ads,2500.0,Marketing - Digital,6800,Operating Expense - Marketing,Yes,Operations,0.95
TXN-01453,2024-04-02,Salesforce,600.0,Software - SaaS,6320,Operating Expense - SaaS,Yes,Marketing,0.95
TXN-01454,2024-08-04,Stripe,2500.0,Software - Payments,6350,Operating Expense - Technology,Yes,Operations,0.95
TXN-01455,2024-07-03,Lyft,12.0,Travel - Ground,6410,Operating Expense - Travel,Yes,Engineering,0.95
TXN-01456,2024-04-10,Mckinsey,60000.0,Professional Services,6700,Operating Expense - Services,Yes,Engineering,0.8999999999999999
TXN-01457,2024-07-13,American Airlines,1500.0,Travel - Airfare,6400,Operating Expense - Travel,Yes,Sales,0.8999999999999999
TXN-01458,2024-09-24,Google Cloud,950.0,Software - Cloud,6310,Operating Expense - Technology,Yes,Sales,0.8999999999999999
TXN-01459,2024-08-31,Salesforce,2500.0,Software - SaaS,6320,Operating Expense - SaaS,Yes,Marketing,0.8999999999999999
TXN-01460,2025-01-15,Southwest Airlines,1000.0,Travel - Airfare,6400,Operating Expense - Travel,Yes,Operations,0.8999999999999999
TXN-01461,2024-02-05,Steelcase,1000.0,Furniture - Fixed Asset,1540,Fixed Asset - Furniture,Yes (Depreciated),HR,0.8999999999999999
TXN-01462,2024-06-30,Lawdepot,1000.0,Legal Services,6710,Operating Expense - Services,Yes,Engineering,0.93
TXN-01463,2024-12-07,Salesforce,2500.0,Software - SaaS,6320,Operating Expense - SaaS,Yes,Engineering,0.8999999999999999
TXN-01464,2024-02-20,Zoom,100.0,Software - SaaS,6320,Operating Expense - SaaS,Yes,Sales,0.8999999999999999
TXN-01465,2024-07-18,Staples,50.0,Office Supplies,6100,Operating Expense - Office,Yes,Marketing,0.8999999999999999
TXN-01466,2024-09-04,Ubereats,20.0,Meals & Entertainment,6500,Operating Expense - Meals,Partial (50%),Finance,0.8999999999999999
TXN-01467,2024-07-20,Slack,299.0,Software - SaaS,6320,Operating Expense - SaaS,Yes,Sales,0.8799999999999999
TXN-01468,2024-08-23,Fedex,20.0,Shipping & Logistics,6900,Operating Expense - Shipping,Yes,Engineering,0.8999999999999999
TXN-01469,2024-08-25,Marriott Hotels,250.0,Travel - Lodging,6420,Operating Expense - Travel,Yes,Finance,0.95
TXN-01470,2024-04-24,Uber,15.0,Travel - Ground,6410,Operating Expense - Travel,Yes,Operations,0.8799999999999999
TXN-01471,2024-11-15,Amazon,99.0,Hardware - Equipment,1520,Fixed Asset - Equipment,Yes (Depreciated),Finance,0.8999999999999999
TXN-01472,2024-04-17,Stripe,2500.0,Software - Payments,6350,Operating Expense - Technology,Yes,HR,0.93
TXN-01473,2025-02-16,Github,21.0,Software - Development,6360,Operating Expense - Technology,Yes,HR,0.95
TXN-01474,2024-11-25,Accenture,7000.0,Professional Services,6700,Operating Expense - Services,Yes,Sales,0.95
TXN-01475,2024-10-15,Dhl,400.0,Shipping & Logistics,6900,Operating Expense - Shipping,Yes,Finance,0.8999999999999999
TXN-01476,2024-09-20,United Airlines,850.0,Travel - Airfare,6400,Operating Expense - Travel,Yes,Operations,0.95
TXN-01477,2025-01-23,Southwest Airlines,350.0,Travel - Airfare,6400,Operating Expense - Travel,Yes,Sales,0.8999999999999999
TXN-01478,2025-03-11,Aws,2341.0,Software - Cloud,6310,Operating Expense - Technology,Yes,Sales,0.8999999999999999
TXN-01479,2025-01-27,Office Depot,200.0,Office Supplies,6100,Operating Expense - Office,Yes,Operations,0.95
TXN-01480,2025-03-02,Uber,15.0,Travel - Ground,6410,Operating Expense - Travel,Yes,Finance,0.8999999999999999
TXN-01481,2024-11-09,Aws,500.0,Software - Cloud,6310,Operating Expense - Technology,Yes,Sales,0.8999999999999999
TXN-01482,2024-12-01,Amazon,599.0,Hardware - Equipment,1520,Fixed Asset - Equipment,Yes (Depreciated),Sales,0.95
TXN-01483,2024-05-29,Southwest Airlines,650.0,Travel - Airfare,6400,Operating Expense - Travel,Yes,Marketing,0.8999999999999999
TXN-01484,2024-06-01,Delta Airlines,500.0,Travel - Airfare,6400,Operating Expense - Travel,Yes,Marketing,0.8999999999999999
TXN-01485,2024-08-05,At&T,300.0,Utilities - Telecom,6600,Operating Expense - Utilities,Yes,Engineering,0.8999999999999999
TXN-01486,2024-09-24,Doordash,200.0,Meals & Entertainment,6500,Operating Expense - Meals,Partial (50%),Operations,0.95
TXN-01487,2024-09-03,Deloitte,50000.0,Professional Services,6700,Operating Expense - Services,Yes,HR,0.95
TXN-01488,2024-01-07,Staples Inc,300.0,Office Supplies,6100,Operating Expense - Office,Yes,Engineering,0.8999999999999999
TXN-01489,2024-05-26,Chipotle,15.0,Meals & Entertainment,6500,Operating Expense - Meals,Partial (50%),Finance,0.95
TXN-01490,2025-02-25,Ikea,1200.0,Furniture - Fixed Asset,1540,Fixed Asset - Furniture,Yes (Depreciated),Sales,0.8999999999999999
TXN-01491,2024-04-25,Uber,120.0,Travel - Ground,6410,Operating Expense - Travel,Yes,HR,0.95
TXN-01492,2024-05-28,Microsoft Azure,3000.0,Software - Cloud,6310,Operating Expense - Technology,Yes,HR,0.8999999999999999
TXN-01493,2024-12-29,Slack,125.0,Software - SaaS,6320,Operating Expense - SaaS,Yes,HR,0.8999999999999999
TXN-01494,2024-05-31,Doordash,50.0,Meals & Entertainment,6500,Operating Expense - Meals,Partial (50%),HR,0.95
TXN-01495,2024-06-13,United Airlines,2500.0,Travel - Airfare,6400,Operating Expense - Travel,Yes,Engineering,0.8999999999999999
TXN-01496,2024-01-08,Time Warner,180.0,Utilities - Internet,6610,Operating Expense - Utilities,Yes,Operations,0.8999999999999999
TXN-01497,2025-03-28,Grubhub,100.0,Meals & Entertainment,6500,Operating Expense - Meals,Partial (50%),Operations,0.8999999999999999
TXN-01498,2024-01-26,Microsoft Azure,800.0,Software - Cloud,6310,Operating Expense - Technology,Yes,Operations,0.8999999999999999
TXN-01499,2024-04-03,Grubhub,100.0,Meals & Entertainment,6500,Operating Expense - Meals,Partial (50%),Operations,0.95
TXN-01500,2025-01-22,Linkedin Ads,5000.0,Marketing - Digital,6800,Operating Expense - Marketing,Yes,Engineering,0.8999999999999999
TXN-01501,2024-08-24,Time Warner,60.0,Utilities - Internet,6610,Operating Expense - Utilities,Yes,Sales,0.95
TXN-01502,2024-03-31,Airbnb,600.0,Travel - Lodging,6420,Operating Expense - Travel,Yes,Operations,0.8799999999999999
TXN-01503,2024-03-16,Doordash,25.0,Meals & Entertainment,6500,Operating Expense - Meals,Partial (50%),Operations,0.95
TXN-01504,2025-03-31,Airbnb,600.0,Travel - Lodging,6420,Operating Expense - Travel,Yes,Operations,0.8999999999999999
TXN-01505,2024-07-29,Dell,500.0,Hardware - Equipment,1520,Fixed Asset - Equipment,Yes (Depreciated),HR,0.8999999999999999
TXN-01506,2024-02-23,At&T,80.0,Utilities - Telecom,6600,Operating Expense - Utilities,Yes,Operations,0.8999999999999999
TXN-01507,2024-07-28,Ikea,600.0,Furniture - Fixed Asset,1540,Fixed Asset - Furniture,Yes (Depreciated),Sales,0.8999999999999999
TXN-01508,2024-02-22,Facebook Ads,4000.0,Marketing - Digital,6800,Operating Expense - Marketing,Yes,Operations,0.8999999999999999
TXN-01509,2024-03-23,Datadog,800.0,Software - Monitoring,6330,Operating Expense - Technology,Yes,Sales,0.8999999999999999
TXN-01510,2024-09-25,Dhl,30.0,Shipping & Logistics,6900,Operating Expense - Shipping,Yes,Marketing,0.8999999999999999
TXN-01511,2024-01-03,Slack,299.0,Software - SaaS,6320,Operating Expense - SaaS,Yes,Engineering,0.8999999999999999
TXN-01512,2024-04-25,Uber,65.0,Travel - Ground,6410,Operating Expense - Travel,Yes,Finance,0.8999999999999999
TXN-01513,2025-03-14,Hilton Hotels,220.0,Travel - Lodging,6420,Operating Expense - Travel,Yes,Finance,0.8999999999999999
TXN-01514,2025-01-04,Grubhub,50.0,Meals & Entertainment,6500,Operating Expense - Meals,Partial (50%),HR,0.8999999999999999
TXN-01515,2024-01-16,Office Depot,75.0,Office Supplies,6100,Operating Expense - Office,Yes,Marketing,0.8799999999999999
TXN-01516,2024-11-02,Delta Airlines,1400.0,Travel - Airfare,6400,Operating Expense - Travel,Yes,HR,0.8999999999999999
TXN-01517,2024-12-28,Linkedin Ads,2500.0,Marketing - Digital,6800,Operating Expense - Marketing,Yes,Marketing,0.8999999999999999
TXN-01518,2024-06-08,Quickbooks,120.0,Accounting Software,6720,Operating Expense - Services,Yes,Finance,0.95
TXN-01519,2025-01-14,Herman Miller,1500.0,Furniture - Fixed Asset,1540,Fixed Asset - Furniture,Yes (Depreciated),Sales,0.8999999999999999
TXN-01520,2024-12-19,Pwc,20000.0,Professional Services,6700,Operating Expense - Services,Yes,Operations,0.8999999999999999
TXN-01521,2024-11-03,Hubspot,50.0,Marketing - Software,6810,Operating Expense - Marketing,Yes,Sales,0.8999999999999999
TXN-01522,2024-03-09,Quickbooks,120.0,Accounting Software,6720,Operating Expense - Services,Yes,Marketing,0.95
TXN-01523,2025-01-20,At&T,150.0,Utilities - Telecom,6600,Operating Expense - Utilities,Yes,Sales,0.8999999999999999
TXN-01524,2024-04-16,Steelcase,600.0,Furniture - Fixed Asset,1540,Fixed Asset - Furniture,Yes (Depreciated),HR,0.8799999999999999
TXN-01525,2025-02-12,Lenovo,400.0,Hardware - Equipment,1520,Fixed Asset - Equipment,Yes (Depreciated),Sales,0.95
TXN-01526,2024-08-18,Delta Airlines,900.0,Travel - Airfare,6400,Operating Expense - Travel,Yes,HR,0.8799999999999999
TXN-01527,2024-01-10,Slack,125.0,Software - SaaS,6320,Operating Expense - SaaS,Yes,Finance,0.8999999999999999
TXN-01528,2024-02-27,Ups,50.0,Shipping & Logistics,6900,Operating Expense - Shipping,Yes,Engineering,0.8999999999999999
TXN-01529,2024-05-13,Lawdepot,2500.0,Legal Services,6710,Operating Expense - Services,Yes,Finance,0.8999999999999999
TXN-01530,2025-02-01,Accenture,7000.0,Professional Services,6700,Operating Expense - Services,Yes,Sales,0.8999999999999999
TXN-01531,2024-05-01,Uber,120.0,Travel - Ground,6410,Operating Expense - Travel,Yes,HR,0.8999999999999999
TXN-01532,2024-11-23,American Airlines Inc,550.0,Travel - Airfare,6400,Operating Expense - Travel,Yes,Engineering,0.8999999999999999
TXN-01533,2024-12-04,Lyft,60.0,Travel - Ground,6410,Operating Expense - Travel,Yes,Engineering,0.8799999999999999
TXN-01534,2024-04-09,Datadog,400.0,Software - Monitoring,6330,Operating Expense - Technology,Yes,Marketing,0.95
TXN-01535,2024-04-27,Apple,199.0,Hardware - Equipment,1520,Fixed Asset - Equipment,Yes (Depreciated),Engineering,0.8999999999999999
TXN-01536,2025-03-25,Delta Airlines,500.0,Travel - Airfare,6400,Operating Expense - Travel,Yes,Engineering,0.8999999999999999
TXN-01537,2024-11-15,Slack,125.0,Software - SaaS,6320,Operating Expense - SaaS,Yes,Marketing,0.95
TXN-01538,2024-03-26,Stripe,500.0,Software - Payments,6350,Operating Expense - Technology,Yes,Sales,0.8999999999999999
TXN-01539,2025-02-16,Steelcase,600.0,Furniture - Fixed Asset,1540,Fixed Asset - Furniture,Yes (Depreciated),Marketing,0.8999999999999999
TXN-01540,2025-01-18,Slack,199.0,Software - SaaS,6320,Operating Expense - SaaS,Yes,Marketing,0.8799999999999999
TXN-01541,2024-02-08,Twilio,1000.0,Software - Communications,6340,Operating Expense - Technology,Yes,HR,0.95
TXN-01542,2024-01-15,Datadog,400.0,Software - Monitoring,6330,Operating Expense - Technology,Yes,HR,0.95
TXN-01543,2024-04-14,Uber,120.0,Travel - Ground,6410,Operating Expense - Travel,Yes,HR,0.8999999999999999
TXN-01544,2025-03-29,Amazon,99.0,Hardware - Equipment,1520,Fixed Asset - Equipment,Yes (Depreciated),HR,0.8999999999999999
TXN-01545,2024-12-11,Best Buy,1200.0,Hardware - Equipment,1520,Fixed Asset - Equipment,Yes (Depreciated),HR,0.95
TXN-01546,2024-10-06,Ikea,600.0,Furniture - Fixed Asset,1540,Fixed Asset - Furniture,Yes (Depreciated),Sales,0.8799999999999999
TXN-01547,2025-01-13,Amazon,2499.0,Hardware - Equipment,1520,Fixed Asset - Equipment,Yes (Depreciated),HR,0.93
TXN-01548,2024-03-08,Quickbooks,600.0,Accounting Software,6720,Operating Expense - Services,Yes,Finance,0.95
TXN-01549,2025-03-14,Ikea,100.0,Furniture - Fixed Asset,1540,Fixed Asset - Furniture,Yes (Depreciated),Marketing,0.8999999999999999
TXN-01550,2024-05-24,Lenovo,1000.0,Hardware - Equipment,1520,Fixed Asset - Equipment,Yes (Depreciated),Engineering,0.95
TXN-01551,2025-03-31,Lenovo,1000.0,Hardware - Equipment,1520,Fixed Asset - Equipment,Yes (Depreciated),Operations,0.8799999999999999
TXN-01552,2024-05-02,Starbucks,10.0,Meals & Entertainment,6500,Operating Expense - Meals,Partial (50%),HR,0.95
TXN-01553,2024-05-03,Lyft,40.0,Travel - Ground,6410,Operating Expense - Travel,Yes,Marketing,0.95
TXN-01554,2024-12-09,Salesforce,600.0,Software - SaaS,6320,Operating Expense - SaaS,Yes,Finance,0.95
TXN-01555,2025-02-25,Twilio,500.0,Software - Communications,6340,Operating Expense - Technology,Yes,HR,0.8999999999999999
TXN-01556,2024-06-30,Dhl,150.0,Shipping & Logistics,6900,Operating Expense - Shipping,Yes,HR,0.8999999999999999
TXN-01557,2024-10-10,Southwest Airlines,350.0,Travel - Airfare,6400,Operating Expense - Travel,Yes,Engineering,0.95
TXN-01558,2024-09-14,Linkedin Ads,2500.0,Marketing - Digital,6800,Operating Expense - Marketing,Yes,HR,0.8799999999999999
TXN-01559,2024-08-29,Mckinsey,60000.0,Professional Services,6700,Operating Expense - Services,Yes,HR,0.8999999999999999
TXN-01560,2025-03-17,Deloitte,50000.0,Professional Services,6700,Operating Expense - Services,Yes,Sales,0.8799999999999999
TXN-01561,2024-05-29,Pwc,4000.0,Professional Services,6700,Operating Expense - Services,Yes,Sales,0.8999999999999999
TXN-01562,2024-12-15,Lawdepot,200.0,Legal Services,6710,Operating Expense - Services,Yes,Marketing,0.8999999999999999
TXN-01563,2024-10-25,Apple,1200.0,Hardware - Equipment,1520,Fixed Asset - Equipment,Yes (Depreciated),Operations,0.95
TXN-01564,2025-02-11,Amazon,599.0,Hardware - Equipment,1520,Fixed Asset - Equipment,Yes (Depreciated),Marketing,0.8999999999999999
TXN-01565,2024-11-09,Amazon Business,100.0,Office Supplies,6100,Operating Expense - Office,Yes,Engineering,0.8999999999999999
TXN-01566,2024-09-20,Twilio,50.0,Software - Communications,6340,Operating Expense - Technology,Yes,Operations,0.95
TXN-01567,2024-05-23,Staples,300.0,Office Supplies,6100,Operating Expense - Office,Yes,Operations,0.8999999999999999
TXN-01568,2024-03-02,Mckinsey,15000.0,Professional Services,6700,Operating Expense - Services,Yes,Finance,0.95
TXN-01569,2024-10-26,Best Buy,100.0,Hardware - Equipment,1520,Fixed Asset - Equipment,Yes (Depreciated),Finance,0.8799999999999999
TXN-01570,2024-05-20,Starbucks,5.0,Meals & Entertainment,6500,Operating Expense - Meals,Partial (50%),HR,0.8999999999999999
TXN-01571,2024-05-11,Google Cloud,400.0,Software - Cloud,6310,Operating Expense - Technology,Yes,HR,0.8999999999999999
TXN-01572,2024-01-15,Google Ads,1000.0,Marketing - Digital,6800,Operating Expense - Marketing,Yes,Operations,0.8999999999999999
TXN-01573,2024-08-23,Office Depot,350.0,Office Supplies,6100,Operating Expense - Office,Yes,Finance,0.8999999999999999
TXN-01574,2025-02-05,Xero,200.0,Accounting Software,6720,Operating Expense - Services,Yes,Sales,0.95
TXN-01575,2024-06-28,Lenovo,1000.0,Hardware - Equipment,1520,Fixed Asset - Equipment,Yes (Depreciated),Operations,0.8999999999999999
TXN-01576,2024-08-12,Restaurants.Com,40.0,Meals & Entertainment,6500,Operating Expense - Meals,Partial (50%),Marketing,0.8999999999999999
TXN-01577,2025-01-18,Time Warner,60.0,Utilities - Internet,6610,Operating Expense - Utilities,Yes,Finance,0.8999999999999999
TXN-01578,2024-04-16,Best Buy,1200.0,Hardware - Equipment,1520,Fixed Asset - Equipment,Yes (Depreciated),Marketing,0.95
TXN-01579,2024-11-17,Apple,1999.0,Hardware - Equipment,1520,Fixed Asset - Equipment,Yes (Depreciated),Operations,0.95
TXN-01580,2025-03-24,Datadog,3000.0,Software - Monitoring,6330,Operating Expense - Technology,Yes,Finance,0.8999999999999999
TXN-01581,2024-08-21,Salesforce,1200.0,Software - SaaS,6320,Operating Expense - SaaS,Yes,Engineering,0.8999999999999999
TXN-01582,2024-11-02,Pwc,20000.0,Professional Services,6700,Operating Expense - Services,Yes,Operations,0.8799999999999999
TXN-01583,2024-05-03,Airbnb,300.0,Travel - Lodging,6420,Operating Expense - Travel,Yes,Finance,0.8999999999999999
TXN-01584,2024-02-29,Hilton Hotels,700.0,Travel - Lodging,6420,Operating Expense - Travel,Yes,Engineering,0.8999999999999999
TXN-01585,2024-03-30,Best Buy Inc,100.0,Hardware - Equipment,1520,Fixed Asset - Equipment,Yes (Depreciated),Finance,0.8999999999999999
TXN-01586,2024-06-26,United Airlines,250.0,Travel - Airfare,6400,Operating Expense - Travel,Yes,Operations,0.8999999999999999
TXN-01587,2024-01-22,American Airlines,550.0,Travel - Airfare,6400,Operating Expense - Travel,Yes,Finance,0.8999999999999999
TXN-01588,2024-06-16,Microsoft Azure,3000.0,Software - Cloud,6310,Operating Expense - Technology,Yes,Marketing,0.95
TXN-01589,2024-10-18,Github,231.0,Software - Development,6360,Operating Expense - Technology,Yes,Operations,0.95
TXN-01590,2025-03-01,Marriott Hotels,150.0,Travel - Lodging,6420,Operating Expense - Travel,Yes,Finance,0.95
TXN-01591,2025-01-07,Ups,25.0,Shipping & Logistics,6900,Operating Expense - Shipping,Yes,Marketing,0.95
TXN-01592,2024-12-31,Starbucks,15.0,Meals & Entertainment,6500,Operating Expense - Meals,Partial (50%),HR,0.8999999999999999
TXN-01593,2024-01-12,Chipotle,10.0,Meals & Entertainment,6500,Operating Expense - Meals,Partial (50%),Marketing,0.95
TXN-01594,2024-08-11,Hubspot,1200.0,Marketing - Software,6810,Operating Expense - Marketing,Yes,HR,0.8999999999999999
TXN-01595,2024-02-20,American Airlines,1500.0,Travel - Airfare,6400,Operating Expense - Travel,Yes,Engineering,0.95
TXN-01596,2024-02-27,Linkedin Ads,1000.0,Marketing - Digital,6800,Operating Expense - Marketing,Yes,Marketing,0.95
TXN-01597,2024-07-12,Time Warner,100.0,Utilities - Internet,6610,Operating Expense - Utilities,Yes,Marketing,0.95
TXN-01598,2024-11-07,Ikea,600.0,Furniture - Fixed Asset,1540,Fixed Asset - Furniture,Yes (Depreciated),Sales,0.95
TXN-01599,2024-06-24,Accenture,7000.0,Professional Services,6700,Operating Expense - Services,Yes,Finance,0.8999999999999999
TXN-01600,2024-09-24,Amazon,2499.0,Hardware - Equipment,1520,Fixed Asset - Equipment,Yes (Depreciated),Sales,0.8999999999999999
TXN-01601,2024-07-10,Doordash,25.0,Meals & Entertainment,6500,Operating Expense - Meals,Partial (50%),Finance,0.8999999999999999
TXN-01602,2024-07-14,Doordash,200.0,Meals & Entertainment,6500,Operating Expense - Meals,Partial (50%),HR,0.95
TXN-01603,2025-03-18,Mckinsey,60000.0,Professional Services,6700,Operating Expense - Services,Yes,HR,0.8999999999999999
TXN-01604,2024-06-21,Accenture,35000.0,Professional Services,6700,Operating Expense - Services,Yes,Finance,0.95
TXN-01605,2024-09-22,Zoom,200.0,Software - SaaS,6320,Operating Expense - SaaS,Yes,Finance,0.95
TXN-01606,2024-02-24,Ubereats,20.0,Meals & Entertainment,6500,Operating Expense - Meals,Partial (50%),HR,0.95
TXN-01607,2024-04-08,Xero,400.0,Accounting Software,6720,Operating Expense - Services,Yes,Engineering,0.95
TXN-01608,2025-01-31,Ubereats,20.0,Meals & Entertainment,6500,Operating Expense - Meals,Partial (50%),Finance,0.95
TXN-01609,2024-03-31,Delta Airlines,500.0,Travel - Airfare,6400,Operating Expense - Travel,Yes,Marketing,0.8999999999999999
TXN-01610,2024-01-09,Xero,400.0,Accounting Software,6720,Operating Expense - Services,Yes,HR,0.8999999999999999
TXN-01611,2025-01-12,Starbucks,7.0,Meals & Entertainment,6500,Operating Expense - Meals,Partial (50%),Engineering,0.8999999999999999
TXN-01612,2024-02-07,Hilton Hotels,700.0,Travel - Lodging,6420,Operating Expense - Travel,Yes,Operations,0.8999999999999999
TXN-01613,2024-01-25,Grubhub,100.0,Meals & Entertainment,6500,Operating Expense - Meals,Partial (50%),Marketing,0.8999999999999999
TXN-01614,2024-02-17,Starbucks,5.0,Meals & Entertainment,6500,Operating Expense - Meals,Partial (50%),HR,0.95
TXN-01615,2024-06-13,Grubhub,50.0,Meals & Entertainment,6500,Operating Expense - Meals,Partial (50%),Sales,0.95
TXN-01616,2024-03-04,Best Buy,500.0,Hardware - Equipment,1520,Fixed Asset - Equipment,Yes (Depreciated),Engineering,0.95
TXN-01617,2025-02-14,Hilton Hotels,220.0,Travel - Lodging,6420,Operating Expense - Travel,Yes,HR,0.8999999999999999
TXN-01618,2024-03-16,Google Cloud,950.0,Software - Cloud,6310,Operating Expense - Technology,Yes,HR,0.95
TXN-01619,2024-06-27,Lenovo,2000.0,Hardware - Equipment,1520,Fixed Asset - Equipment,Yes (Depreciated),Engineering,0.8799999999999999
TXN-01620,2024-06-07,Best Buy,500.0,Hardware - Equipment,1520,Fixed Asset - Equipment,Yes (Depreciated),Marketing,0.8999999999999999
TXN-01621,2025-01-08,Marriott Hotels,150.0,Travel - Lodging,6420,Operating Expense - Travel,Yes,Marketing,0.8999999999999999
TXN-01622,2024-04-01,Dell,2500.0,Hardware - Equipment,1520,Fixed Asset - Equipment,Yes (Depreciated),HR,0.8999999999999999
TXN-01623,2025-03-23,Best Buy,100.0,Hardware - Equipment,1520,Fixed Asset - Equipment,Yes (Depreciated),Sales,0.8999999999999999
TXN-01624,2024-12-25,Doordash,25.0,Meals & Entertainment,6500,Operating Expense - Meals,Partial (50%),Marketing,0.95
TXN-01625,2025-01-05,Aws,500.0,Software - Cloud,6310,Operating Expense - Technology,Yes,Engineering,0.8999999999999999
TXN-01626,2024-04-09,United Airlines,2500.0,Travel - Airfare,6400,Operating Expense - Travel,Yes,HR,0.8999999999999999
TXN-01627,2025-01-10,Herman Miller,800.0,Furniture - Fixed Asset,1540,Fixed Asset - Furniture,Yes (Depreciated),Sales,0.8999999999999999
TXN-01628,2025-03-11,Ups,120.0,Shipping & Logistics,6900,Operating Expense - Shipping,Yes,Marketing,0.8999999999999999
TXN-01629,2024-11-11,Microsoft Azure,800.0,Software - Cloud,6310,Operating Expense - Technology,Yes,Marketing,0.8999999999999999
TXN-01630,2024-05-27,Office Depot,200.0,Office Supplies,6100,Operating Expense - Office,Yes,Sales,0.8999999999999999
TXN-01631,2024-09-06,Amazon Business,100.0,Office Supplies,6100,Operating Expense - Office,Yes,Engineering,0.8999999999999999
TXN-01632,2024-06-04,American Airlines,550.0,Travel - Airfare,6400,Operating Expense - Travel,Yes,HR,0.8999999999999999
TXN-01633,2024-06-23,Lyft,12.0,Travel - Ground,6410,Operating Expense - Travel,Yes,Sales,0.8999999999999999
TXN-01634,2024-02-11,Starbucks,5.0,Meals & Entertainment,6500,Operating Expense - Meals,Partial (50%),Marketing,0.8999999999999999
TXN-01635,2024-11-04,Office Depot,75.0,Office Supplies,6100,Operating Expense - Office,Yes,Engineering,0.8999999999999999
TXN-01636,2024-10-15,Lenovo,400.0,Hardware - Equipment,1520,Fixed Asset - Equipment,Yes (Depreciated),Operations,0.8999999999999999
TXN-01637,2025-02-06,Microsoft Azure,3000.0,Software - Cloud,6310,Operating Expense - Technology,Yes,Marketing,0.95
TXN-01638,2025-03-26,Fedex,20.0,Shipping & Logistics,6900,Operating Expense - Shipping,Yes,HR,0.8999999999999999
TXN-01639,2024-01-30,Herman Miller,3000.0,Furniture - Fixed Asset,1540,Fixed Asset - Furniture,Yes (Depreciated),Engineering,0.8799999999999999
TXN-01640,2024-09-30,Amazon,2499.0,Hardware - Equipment,1520,Fixed Asset - Equipment,Yes (Depreciated),Marketing,0.8999999999999999
TXN-01641,2024-05-27,Lyft,60.0,Travel - Ground,6410,Operating Expense - Travel,Yes,Sales,0.8999999999999999
TXN-01642,2024-03-18,Mckinsey,6000.0,Professional Services,6700,Operating Expense - Services,Yes,Finance,0.95
TXN-01643,2024-04-25,American Airlines,300.0,Travel - Airfare,6400,Operating Expense - Travel,Yes,Operations,0.95
TXN-01644,2024-12-26,Steelcase,1000.0,Furniture - Fixed Asset,1540,Fixed Asset - Furniture,Yes (Depreciated),HR,0.8799999999999999
TXN-01645,2024-12-23,Airbnb,600.0,Travel - Lodging,6420,Operating Expense - Travel,Yes,Sales,0.8999999999999999
TXN-01646,2024-08-18,American Airlines,1500.0,Travel - Airfare,6400,Operating Expense - Travel,Yes,HR,0.95
TXN-01647,2024-03-16,Steelcase,600.0,Furniture - Fixed Asset,1540,Fixed Asset - Furniture,Yes (Depreciated),Marketing,0.95
TXN-01648,2024-05-15,Ups,120.0,Shipping & Logistics,6900,Operating Expense - Shipping,Yes,Engineering,0.8799999999999999
TXN-01649,2024-08-20,Ups,120.0,Shipping & Logistics,6900,Operating Expense - Shipping,Yes,Finance,0.95
TXN-01650,2025-01-30,Grubhub,180.0,Meals & Entertainment,6500,Operating Expense - Meals,Partial (50%),Sales,0.95
TXN-01651,2025-03-21,Github Inc,231.0,Software - Development,6360,Operating Expense - Technology,Yes,Finance,0.8799999999999999
TXN-01652,2024-12-07,Xero,99.0,Accounting Software,6720,Operating Expense - Services,Yes,HR,0.8999999999999999
TXN-01653,2024-03-11,Fedex,20.0,Shipping & Logistics,6900,Operating Expense - Shipping,Yes,Sales,0.8999999999999999
TXN-01654,2024-07-25,Doordash,200.0,Meals & Entertainment,6500,Operating Expense - Meals,Partial (50%),HR,0.95
TXN-01655,2024-05-09,Time Warner,180.0,Utilities - Internet,6610,Operating Expense - Utilities,Yes,Engineering,0.93
TXN-01656,2024-10-30,Ups,50.0,Shipping & Logistics,6900,Operating Expense - Shipping,Yes,Operations,0.93
TXN-01657,2024-11-24,Lawdepot,1000.0,Legal Services,6710,Operating Expense - Services,Yes,Marketing,0.95
TXN-01658,2024-01-25,Verizon,100.0,Utilities - Telecom,6600,Operating Expense - Utilities,Yes,Sales,0.95
TXN-01659,2024-01-01,Accenture,35000.0,Professional Services,6700,Operating Expense - Services,Yes,Marketing,0.95
TXN-01660,2024-04-06,Grubhub,25.0,Meals & Entertainment,6500,Operating Expense - Meals,Partial (50%),Sales,0.95
TXN-01661,2024-12-14,Herman Miller,3000.0,Furniture - Fixed Asset,1540,Fixed Asset - Furniture,Yes (Depreciated),Finance,0.8999999999999999
TXN-01662,2024-02-14,Mckinsey,15000.0,Professional Services,6700,Operating Expense - Services,Yes,Finance,0.8999999999999999
TXN-01663,2024-12-15,United Airlines,2500.0,Travel - Airfare,6400,Operating Expense - Travel,Yes,Engineering,0.8999999999999999
TXN-01664,2024-03-11,Amazon Business,100.0,Office Supplies,6100,Operating Expense - Office,Yes,Finance,0.8999999999999999
TXN-01665,2024-01-19,Staples,150.0,Office Supplies,6100,Operating Expense - Office,Yes,HR,0.8999999999999999
TXN-01666,2024-10-12,Zoom,599.0,Software - SaaS,6320,Operating Expense - SaaS,Yes,Marketing,0.8999999999999999
TXN-01667,2024-06-21,Slack,125.0,Software - SaaS,6320,Operating Expense - SaaS,Yes,Sales,0.95
TXN-01668,2024-09-18,Staples,150.0,Office Supplies,6100,Operating Expense - Office,Yes,HR,0.8999999999999999
TXN-01669,2025-01-20,Lyft,60.0,Travel - Ground,6410,Operating Expense - Travel,Yes,Engineering,0.8999999999999999
TXN-01670,2024-08-20,Delta Airlines,280.0,Travel - Airfare,6400,Operating Expense - Travel,Yes,Finance,0.8999999999999999
TXN-01671,2024-05-13,Lyft,60.0,Travel - Ground,6410,Operating Expense - Travel,Yes,Sales,0.95
TXN-01672,2024-09-09,Uber,120.0,Travel - Ground,6410,Operating Expense - Travel,Yes,Marketing,0.8999999999999999
TXN-01673,2024-12-02,American Airlines,1500.0,Travel - Airfare,6400,Operating Expense - Travel,Yes,Marketing,0.8999999999999999
TXN-01674,2025-03-09,Stripe,2500.0,Software - Payments,6350,Operating Expense - Technology,Yes,Sales,0.8799999999999999
TXN-01675,2024-02-18,Staples,500.0,Office Supplies,6100,Operating Expense - Office,Yes,Engineering,0.8999999999999999
TXN-01676,2024-02-05,Hubspot,1200.0,Marketing - Software,6810,Operating Expense - Marketing,Yes,Finance,0.8999999999999999
TXN-01677,2024-06-04,Office Depot,75.0,Office Supplies,6100,Operating Expense - Office,Yes,Finance,0.8999999999999999
TXN-01678,2024-12-25,Stripe,1250.0,Software - Payments,6350,Operating Expense - Technology,Yes,Engineering,0.8999999999999999
TXN-01679,2024-05-11,Starbucks,10.0,Meals & Entertainment,6500,Operating Expense - Meals,Partial (50%),Operations,0.8999999999999999
TXN-01680,2025-02-07,Ikea,1200.0,Furniture - Fixed Asset,1540,Fixed Asset - Furniture,Yes (Depreciated),Finance,0.8799999999999999
TXN-01681,2024-05-26,Salesforce,300.0,Software - SaaS,6320,Operating Expense - SaaS,Yes,HR,0.8999999999999999
TXN-01682,2024-06-27,Github,500.0,Software - Development,6360,Operating Expense - Technology,Yes,Sales,0.8999999999999999
TXN-01683,2025-03-22,Mckinsey,30000.0,Professional Services,6700,Operating Expense - Services,Yes,Marketing,0.95
TXN-01684,2024-11-19,Delta Airlines,280.0,Travel - Airfare,6400,Operating Expense - Travel,Yes,Sales,0.8999999999999999
TXN-01685,2025-03-15,Chipotle,10.0,Meals & Entertainment,6500,Operating Expense - Meals,Partial (50%),Engineering,0.8999999999999999
TXN-01686,2024-11-03,Aws,10000.0,Software - Cloud,6310,Operating Expense - Technology,Yes,Operations,0.95
TXN-01687,2024-08-16,Office Depot,75.0,Office Supplies,6100,Operating Expense - Office,Yes,Engineering,0.95
TXN-01688,2025-01-10,Amazon Business,500.0,Office Supplies,6100,Operating Expense - Office,Yes,HR,0.95
TXN-01689,2024-04-19,Ikea,600.0,Furniture - Fixed Asset,1540,Fixed Asset - Furniture,Yes (Depreciated),HR,0.95
TXN-01690,2024-09-05,Deloitte,25000.0,Professional Services,6700,Operating Expense - Services,Yes,Operations,0.8999999999999999
TXN-01691,2025-03-03,Ups,350.0,Shipping & Logistics,6900,Operating Expense - Shipping,Yes,Engineering,0.8999999999999999
TXN-01692,2024-10-06,Pwc,4000.0,Professional Services,6700,Operating Expense - Services,Yes,Sales,0.8999999999999999
TXN-01693,2025-01-15,At&T,80.0,Utilities - Telecom,6600,Operating Expense - Utilities,Yes,Finance,0.8999999999999999
TXN-01694,2024-10-30,Deloitte,25000.0,Professional Services,6700,Operating Expense - Services,Yes,Sales,0.8999999999999999
TXN-01695,2024-06-02,Time Warner,180.0,Utilities - Internet,6610,Operating Expense - Utilities,Yes,HR,0.8999999999999999
TXN-01696,2024-04-16,Doordash,25.0,Meals & Entertainment,6500,Operating Expense - Meals,Partial (50%),HR,0.8999999999999999
TXN-01697,2024-06-13,Best Buy,100.0,Hardware - Equipment,1520,Fixed Asset - Equipment,Yes (Depreciated),Marketing,0.8999999999999999
TXN-01698,2024-09-04,Doordash,50.0,Meals & Entertainment,6500,Operating Expense - Meals,Partial (50%),Sales,0.8999999999999999
TXN-01699,2024-01-17,Verizon,200.0,Utilities - Telecom,6600,Operating Expense - Utilities,Yes,Operations,0.95
TXN-01700,2024-10-20,Fedex,500.0,Shipping & Logistics,6900,Operating Expense - Shipping,Yes,Finance,0.8999999999999999
TXN-01701,2024-05-12,Microsoft Azure,1500.0,Software - Cloud,6310,Operating Expense - Technology,Yes,Sales,0.8999999999999999
TXN-01702,2024-02-27,Time Warner,180.0,Utilities - Internet,6610,Operating Expense - Utilities,Yes,Sales,0.8999999999999999
TXN-01703,2024-03-02,Accenture,3000.0,Professional Services,6700,Operating Expense - Services,Yes,Operations,0.8999999999999999
TXN-01704,2024-09-13,Chipotle,10.0,Meals & Entertainment,6500,Operating Expense - Meals,Partial (50%),HR,0.95
TXN-01705,2025-03-08,Amazon,99.0,Hardware - Equipment,1520,Fixed Asset - Equipment,Yes (Depreciated),Marketing,0.95
TXN-01706,2024-04-29,Verizon,350.0,Utilities - Telecom,6600,Operating Expense - Utilities,Yes,Sales,0.8999999999999999
TXN-01707,2024-10-13,United Airlines,2500.0,Travel - Airfare,6400,Operating Expense - Travel,Yes,HR,0.8999999999999999
TXN-01708,2024-09-20,Stripe,1250.0,Software - Payments,6350,Operating Expense - Technology,Yes,Marketing,0.93
TXN-01709,2024-04-06,Amazon,299.0,Hardware - Equipment,1520,Fixed Asset - Equipment,Yes (Depreciated),Engineering,0.8999999999999999
TXN-01710,2024-08-13,Linkedin Ads,2500.0,Marketing - Digital,6800,Operating Expense - Marketing,Yes,Marketing,0.8999999999999999
TXN-01711,2024-05-02,Comcast,70.0,Utilities - Internet,6610,Operating Expense - Utilities,Yes,Finance,0.8999999999999999
TXN-01712,2024-03-30,Herman Miller,1200.0,Furniture - Fixed Asset,1540,Fixed Asset - Furniture,Yes (Depreciated),Finance,0.8999999999999999
TXN-01713,2024-09-17,Deloitte,25000.0,Professional Services,6700,Operating Expense - Services,Yes,HR,0.8999999999999999
TXN-01714,2025-03-24,Verizon,200.0,Utilities - Telecom,6600,Operating Expense - Utilities,Yes,Sales,0.8999999999999999
TXN-01715,2024-10-11,Lenovo,1000.0,Hardware - Equipment,1520,Fixed Asset - Equipment,Yes (Depreciated),Marketing,0.8999999999999999
TXN-01716,2024-08-28,Pwc,20000.0,Professional Services,6700,Operating Expense - Services,Yes,Sales,0.8999999999999999
TXN-01717,2024-08-30,Fedex,300.0,Shipping & Logistics,6900,Operating Expense - Shipping,Yes,Sales,0.8999999999999999
TXN-01718,2024-10-19,Hilton Hotels,120.0,Travel - Lodging,6420,Operating Expense - Travel,Yes,Operations,0.8999999999999999
TXN-01719,2024-03-23,Quickbooks,120.0,Accounting Software,6720,Operating Expense - Services,Yes,Engineering,0.8999999999999999
TXN-01720,2024-04-30,Stripe,1250.0,Software - Payments,6350,Operating Expense - Technology,Yes,Operations,0.8999999999999999
TXN-01721,2024-02-23,Southwest Airlines,1000.0,Travel - Airfare,6400,Operating Expense - Travel,Yes,Finance,0.8999999999999999
TXN-01722,2024-02-25,Mckinsey Inc,15000.0,Professional Services,6700,Operating Expense - Services,Yes,Operations,0.8999999999999999
TXN-01723,2024-03-14,Microsoft Azure,3000.0,Software - Cloud,6310,Operating Expense - Technology,Yes,Sales,0.93
TXN-01724,2024-03-04,Hubspot,1200.0,Marketing - Software,6810,Operating Expense - Marketing,Yes,HR,0.8999999999999999
TXN-01725,2024-01-05,Hubspot,50.0,Marketing - Software,6810,Operating Expense - Marketing,Yes,Operations,0.95
TXN-01726,2024-05-19,Dell,1200.0,Hardware - Equipment,1520,Fixed Asset - Equipment,Yes (Depreciated),Sales,0.8999999999999999
TXN-01727,2024-09-15,Uber,65.0,Travel - Ground,6410,Operating Expense - Travel,Yes,Engineering,0.8999999999999999
TXN-01728,2024-06-16,United Airlines,2500.0,Travel - Airfare,6400,Operating Expense - Travel,Yes,Finance,0.8999999999999999
TXN-01729,2024-06-16,Lenovo,400.0,Hardware - Equipment,1520,Fixed Asset - Equipment,Yes (Depreciated),HR,0.8999999999999999
TXN-01730,2024-03-05,Microsoft Azure,800.0,Software - Cloud,6310,Operating Expense - Technology,Yes,Marketing,0.8999999999999999
TXN-01731,2024-03-09,Grubhub,180.0,Meals & Entertainment,6500,Operating Expense - Meals,Partial (50%),Engineering,0.8999999999999999
TXN-01732,2024-04-19,Pwc,8000.0,Professional Services,6700,Operating Expense - Services,Yes,Marketing,0.8999999999999999
TXN-01733,2024-06-04,Twilio,1000.0,Software - Communications,6340,Operating Expense - Technology,Yes,HR,0.8999999999999999
TXN-01734,2024-05-29,Dell,500.0,Hardware - Equipment,1520,Fixed Asset - Equipment,Yes (Depreciated),Finance,0.95
TXN-01735,2024-10-31,Airbnb,80.0,Travel - Lodging,6420,Operating Expense - Travel,Yes,Sales,0.95
TXN-01736,2024-04-21,Lawdepot,200.0,Legal Services,6710,Operating Expense - Services,Yes,Engineering,0.8999999999999999
TXN-01737,2025-01-22,Github,231.0,Software - Development,6360,Operating Expense - Technology,Yes,Operations,0.8999999999999999
TXN-01738,2024-12-11,Steelcase,1000.0,Furniture - Fixed Asset,1540,Fixed Asset - Furniture,Yes (Depreciated),Marketing,0.8999999999999999
TXN-01739,2024-10-14,Stripe,1250.0,Software - Payments,6350,Operating Expense - Technology,Yes,HR,0.95
TXN-01740,2024-07-01,Office Depot,350.0,Office Supplies,6100,Operating Expense - Office,Yes,Operations,0.8999999999999999
TXN-01741,2024-05-22,Time Warner,100.0,Utilities - Internet,6610,Operating Expense - Utilities,Yes,Marketing,0.95
TXN-01742,2024-07-26,Facebook Ads,300.0,Marketing - Digital,6800,Operating Expense - Marketing,Yes,HR,0.8999999999999999
TXN-01743,2025-02-20,Apple,1999.0,Hardware - Equipment,1520,Fixed Asset - Equipment,Yes (Depreciated),Operations,0.8999999999999999
TXN-01744,2024-09-09,Lenovo,1000.0,Hardware - Equipment,1520,Fixed Asset - Equipment,Yes (Depreciated),Finance,0.8999999999999999
TXN-01745,2024-09-10,Facebook Ads,2000.0,Marketing - Digital,6800,Operating Expense - Marketing,Yes,Engineering,0.95
TXN-01746,2025-03-07,Pwc,8000.0,Professional Services,6700,Operating Expense - Services,Yes,Sales,0.8799999999999999
TXN-01747,2025-03-21,Mckinsey,30000.0,Professional Services,6700,Operating Expense - Services,Yes,Engineering,0.8999999999999999
TXN-01748,2024-04-05,Pwc,8000.0,Professional Services,6700,Operating Expense - Services,Yes,Finance,0.8999999999999999
TXN-01749,2024-12-07,Amazon Business,250.0,Office Supplies,6100,Operating Expense - Office,Yes,Finance,0.8999999999999999
TXN-01750,2024-10-12,Starbucks,15.0,Meals & Entertainment,6500,Operating Expense - Meals,Partial (50%),Engineering,0.8999999999999999
TXN-01751,2024-04-24,Delta Airlines,1400.0,Travel - Airfare,6400,Operating Expense - Travel,Yes,Finance,0.95
TXN-01752,2024-02-01,Github,500.0,Software - Development,6360,Operating Expense - Technology,Yes,Finance,0.8999999999999999
TXN-01753,2024-07-13,Doordash,100.0,Meals & Entertainment,6500,Operating Expense - Meals,Partial (50%),Sales,0.8999999999999999
TXN-01754,2024-12-25,Ikea,600.0,Furniture - Fixed Asset,1540,Fixed Asset - Furniture,Yes (Depreciated),Operations,0.95
TXN-01755,2024-12-21,Amazon,299.0,Hardware - Equipment,1520,Fixed Asset - Equipment,Yes (Depreciated),Finance,0.8999999999999999
TXN-01756,2024-09-10,Google Ads,1000.0,Marketing - Digital,6800,Operating Expense - Marketing,Yes,HR,0.8999999999999999
TXN-01757,2024-04-16,Staples,500.0,Office Supplies,6100,Operating Expense - Office,Yes,Sales,0.93
TXN-01758,2024-04-30,Marriott Hotels,450.0,Travel - Lodging,6420,Operating Expense - Travel,Yes,Operations,0.8999999999999999
TXN-01759,2024-02-28,Slack,125.0,Software - SaaS,6320,Operating Expense - SaaS,Yes,Operations,0.95
TXN-01760,2024-01-10,Office Depot,75.0,Office Supplies,6100,Operating Expense - Office,Yes,Finance,0.8999999999999999
TXN-01761,2024-09-24,Hilton Hotels,400.0,Travel - Lodging,6420,Operating Expense - Travel,Yes,Finance,0.8799999999999999
TXN-01762,2024-12-29,Dell,500.0,Hardware - Equipment,1520,Fixed Asset - Equipment,Yes (Depreciated),Sales,0.8999999999999999
TXN-01763,2025-01-13,Fedex,45.0,Shipping & Logistics,6900,Operating Expense - Shipping,Yes,HR,0.8999999999999999
TXN-01764,2024-01-05,Salesforce,2500.0,Software - SaaS,6320,Operating Expense - SaaS,Yes,Sales,0.8999999999999999
TXN-01765,2024-01-07,Amazon Business,100.0,Office Supplies,6100,Operating Expense - Office,Yes,Sales,0.8999999999999999
TXN-01766,2024-10-15,Twilio,200.0,Software - Communications,6340,Operating Expense - Technology,Yes,Sales,0.95
TXN-01767,2024-07-28,Grubhub,100.0,Meals & Entertainment,6500,Operating Expense - Meals,Partial (50%),HR,0.95
TXN-01768,2025-03-26,Apple,1999.0,Hardware - Equipment,1520,Fixed Asset - Equipment,Yes (Depreciated),Sales,0.8999999999999999
TXN-01769,2025-01-06,Starbucks,7.0,Meals & Entertainment,6500,Operating Expense - Meals,Partial (50%),Finance,0.8999999999999999
TXN-01770,2024-03-03,Staples,150.0,Office Supplies,6100,Operating Expense - Office,Yes,Operations,0.8999999999999999
TXN-01771,2024-05-13,Chipotle,20.0,Meals & Entertainment,6500,Operating Expense - Meals,Partial (50%),Operations,0.8999999999999999
TXN-01772,2024-01-09,Google Ads,500.0,Marketing - Digital,6800,Operating Expense - Marketing,Yes,Engineering,0.95
TXN-01773,2025-01-31,Salesforce,600.0,Software - SaaS,6320,Operating Expense - SaaS,Yes,HR,0.8999999999999999
TXN-01774,2024-10-17,Lawdepot,500.0,Legal Services,6710,Operating Expense - Services,Yes,Finance,0.8999999999999999
TXN-01775,2024-12-05,Mckinsey,30000.0,Professional Services,6700,Operating Expense - Services,Yes,Sales,0.8799999999999999
TXN-01776,2024-01-20,Ups,25.0,Shipping & Logistics,6900,Operating Expense - Shipping,Yes,Finance,0.95
TXN-01777,2024-06-07,Google Cloud,1850.0,Software - Cloud,6310,Operating Expense - Technology,Yes,Finance,0.95
TXN-01778,2024-07-22,Mckinsey,30000.0,Professional Services,6700,Operating Expense - Services,Yes,Sales,0.8999999999999999
TXN-01779,2024-11-05,Chipotle,10.0,Meals & Entertainment,6500,Operating Expense - Meals,Partial (50%),Finance,0.8799999999999999
TXN-01780,2024-10-22,Microsoft Azure,300.0,Software - Cloud,6310,Operating Expense - Technology,Yes,HR,0.8999999999999999
TXN-01781,2024-11-09,Herman Miller,3000.0,Furniture - Fixed Asset,1540,Fixed Asset - Furniture,Yes (Depreciated),Engineering,0.95
TXN-01782,2024-11-29,Twilio,50.0,Software - Communications,6340,Operating Expense - Technology,Yes,Sales,0.8999999999999999
TXN-01783,2025-03-20,Lenovo,400.0,Hardware - Equipment,1520,Fixed Asset - Equipment,Yes (Depreciated),Finance,0.8999999999999999
TXN-01784,2024-09-24,Amazon Business,100.0,Office Supplies,6100,Operating Expense - Office,Yes,Finance,0.8999999999999999
TXN-01785,2024-09-30,Lyft,60.0,Travel - Ground,6410,Operating Expense - Travel,Yes,Finance,0.8999999999999999
TXN-01786,2025-02-21,Quickbooks,120.0,Accounting Software,6720,Operating Expense - Services,Yes,Marketing,0.95
TXN-01787,2024-09-30,Microsoft Azure,1500.0,Software - Cloud,6310,Operating Expense - Technology,Yes,Finance,0.95
TXN-01788,2024-01-09,Amazon Business,100.0,Office Supplies,6100,Operating Expense - Office,Yes,Engineering,0.8999999999999999
TXN-01789,2024-11-02,Github,500.0,Software - Development,6360,Operating Expense - Technology,Yes,Operations,0.8799999999999999
TXN-01790,2024-01-29,Southwest Airlines,650.0,Travel - Airfare,6400,Operating Expense - Travel,Yes,Engineering,0.8999999999999999
TXN-01791,2025-02-13,Slack,125.0,Software - SaaS,6320,Operating Expense - SaaS,Yes,Engineering,0.8999999999999999
TXN-01792,2024-12-09,Marriott Hotels,250.0,Travel - Lodging,6420,Operating Expense - Travel,Yes,Sales,0.8999999999999999
TXN-01793,2024-06-29,Ubereats,185.0,Meals & Entertainment,6500,Operating Expense - Meals,Partial (50%),Marketing,0.95
TXN-01794,2025-01-04,Twilio,200.0,Software - Communications,6340,Operating Expense - Technology,Yes,Engineering,0.95
TXN-01795,2024-11-29,Grubhub,50.0,Meals & Entertainment,6500,Operating Expense - Meals,Partial (50%),Marketing,0.8999999999999999
TXN-01796,2024-04-21,Doordash,25.0,Meals & Entertainment,6500,Operating Expense - Meals,Partial (50%),Marketing,0.8999999999999999
TXN-01797,2024-01-26,Google Cloud,1850.0,Software - Cloud,6310,Operating Expense - Technology,Yes,Engineering,0.8999999999999999
TXN-01798,2024-07-28,Datadog,3000.0,Software - Monitoring,6330,Operating Expense - Technology,Yes,Operations,0.95
TXN-01799,2024-03-08,Quickbooks,600.0,Accounting Software,6720,Operating Expense - Services,Yes,HR,0.95
TXN-01800,2024-08-11,Aws,500.0,Software - Cloud,6310,Operating Expense - Technology,Yes,Operations,0.8999999999999999
TXN-01801,2025-03-31,Doordash,200.0,Meals & Entertainment,6500,Operating Expense - Meals,Partial (50%),Sales,0.95
TXN-01802,2024-08-10,Uber Inc,65.0,Travel - Ground,6410,Operating Expense - Travel,Yes,Sales,0.8999999999999999
TXN-01803,2024-05-09,Hilton Hotels,700.0,Travel - Lodging,6420,Operating Expense - Travel,Yes,Marketing,0.8999999999999999
TXN-01804,2025-01-20,Chipotle,15.0,Meals & Entertainment,6500,Operating Expense - Meals,Partial (50%),HR,0.8999999999999999
TXN-01805,2025-01-20,American Airlines,950.0,Travel - Airfare,6400,Operating Expense - Travel,Yes,Sales,0.95
TXN-01806,2024-12-07,Lenovo,400.0,Hardware - Equipment,1520,Fixed Asset - Equipment,Yes (Depreciated),Sales,0.8999999999999999
TXN-01807,2024-10-07,Ups,120.0,Shipping & Logistics,6900,Operating Expense - Shipping,Yes,Sales,0.8999999999999999
TXN-01808,2025-01-02,Steelcase,1800.0,Furniture - Fixed Asset,1540,Fixed Asset - Furniture,Yes (Depreciated),HR,0.95
TXN-01809,2024-11-04,Southwest Airlines,650.0,Travel - Airfare,6400,Operating Expense - Travel,Yes,Finance,0.8999999999999999
TXN-01810,2024-08-31,Dell,2500.0,Hardware - Equipment,1520,Fixed Asset - Equipment,Yes (Depreciated),Operations,0.95
TXN-01811,2025-03-01,Fedex,500.0,Shipping & Logistics,6900,Operating Expense - Shipping,Yes,HR,0.95
TXN-01812,2024-08-17,Amazon,299.0,Hardware - Equipment,1520,Fixed Asset - Equipment,Yes (Depreciated),Finance,0.8799999999999999
TXN-01813,2025-03-28,Dhl,30.0,Shipping & Logistics,6900,Operating Expense - Shipping,Yes,Operations,0.8999999999999999
TXN-01814,2024-01-23,Dhl,60.0,Shipping & Logistics,6900,Operating Expense - Shipping,Yes,Operations,0.8799999999999999
TXN-01815,2024-05-27,Microsoft Azure,1500.0,Software - Cloud,6310,Operating Expense - Technology,Yes,Engineering,0.8999999999999999
TXN-01816,2024-03-26,At&T,150.0,Utilities - Telecom,6600,Operating Expense - Utilities,Yes,HR,0.8999999999999999
TXN-01817,2024-04-23,At&T,150.0,Utilities - Telecom,6600,Operating Expense - Utilities,Yes,Marketing,0.95
TXN-01818,2024-05-19,Fedex,45.0,Shipping & Logistics,6900,Operating Expense - Shipping,Yes,Sales,0.93
TXN-01819,2024-05-29,Airbnb,300.0,Travel - Lodging,6420,Operating Expense - Travel,Yes,Operations,0.95
TXN-01820,2025-03-18,Pwc,4000.0,Professional Services,6700,Operating Expense - Services,Yes,Finance,0.8999999999999999
TXN-01821,2024-02-19,Ikea,600.0,Furniture - Fixed Asset,1540,Fixed Asset - Furniture,Yes (Depreciated),Sales,0.8999999999999999
TXN-01822,2024-01-30,Verizon,200.0,Utilities - Telecom,6600,Operating Expense - Utilities,Yes,Sales,0.8999999999999999
TXN-01823,2024-06-11,Datadog,800.0,Software - Monitoring,6330,Operating Expense - Technology,Yes,HR,0.8999999999999999
TXN-01824,2024-09-29,Quickbooks,300.0,Accounting Software,6720,Operating Expense - Services,Yes,Finance,0.8999999999999999
TXN-01825,2025-01-12,Amazon Business,100.0,Office Supplies,6100,Operating Expense - Office,Yes,Marketing,0.8999999999999999
TXN-01826,2024-08-20,Linkedin Ads,5000.0,Marketing - Digital,6800,Operating Expense - Marketing,Yes,HR,0.8999999999999999
TXN-01827,2024-07-20,Grubhub,25.0,Meals & Entertainment,6500,Operating Expense - Meals,Partial (50%),Marketing,0.95
TXN-01828,2024-10-25,Apple,1200.0,Hardware - Equipment,1520,Fixed Asset - Equipment,Yes (Depreciated),Engineering,0.8999999999999999
TXN-01829,2024-07-01,Marriott Hotels,150.0,Travel - Lodging,6420,Operating Expense - Travel,Yes,Operations,0.8999999999999999
TXN-01830,2024-07-02,Ikea,300.0,Furniture - Fixed Asset,1540,Fixed Asset - Furniture,Yes (Depreciated),Operations,0.8999999999999999
TXN-01831,2024-12-28,Google Ads,1000.0,Marketing - Digital,6800,Operating Expense - Marketing,Yes,Sales,0.8999999999999999
TXN-01832,2024-10-24,Delta Airlines,280.0,Travel - Airfare,6400,Operating Expense - Travel,Yes,Engineering,0.8999999999999999
TXN-01833,2024-06-30,United Airlines,1200.0,Travel - Airfare,6400,Operating Expense - Travel,Yes,Operations,0.95
TXN-01834,2024-02-19,Verizon,350.0,Utilities - Telecom,6600,Operating Expense - Utilities,Yes,Marketing,0.95
TXN-01835,2024-04-06,Ups,350.0,Shipping & Logistics,6900,Operating Expense - Shipping,Yes,Engineering,0.8799999999999999
TXN-01836,2024-02-26,American Airlines,550.0,Travel - Airfare,6400,Operating Expense - Travel,Yes,Sales,0.8999999999999999
TXN-01837,2024-10-31,Accenture,15000.0,Professional Services,6700,Operating Expense - Services,Yes,HR,0.95
TXN-01838,2024-04-28,Chipotle,20.0,Meals & Entertainment,6500,Operating Expense - Meals,Partial (50%),Marketing,0.8999999999999999
TXN-01839,2024-03-12,Time Warner,180.0,Utilities - Internet,6610,Operating Expense - Utilities,Yes,Finance,0.8999999999999999
TXN-01840,2024-10-23,Ubereats,20.0,Meals & Entertainment,6500,Operating Expense - Meals,Partial (50%),Operations,0.8999999999999999
TXN-01841,2024-02-14,Lenovo,400.0,Hardware - Equipment,1520,Fixed Asset - Equipment,Yes (Depreciated),HR,0.95
TXN-01842,2024-01-02,Google Ads Inc,5000.0,Marketing - Digital,6800,Operating Expense - Marketing,Yes,Operations,0.95
TXN-01843,2024-07-27,Starbucks,15.0,Meals & Entertainment,6500,Operating Expense - Meals,Partial (50%),Engineering,0.8999999999999999
TXN-01844,2024-12-08,Uber,45.0,Travel - Ground,6410,Operating Expense - Travel,Yes,HR,0.8999999999999999
TXN-01845,2024-03-15,Time Warner,180.0,Utilities - Internet,6610,Operating Expense - Utilities,Yes,HR,0.8999999999999999
TXN-01846,2025-02-18,Google Ads,500.0,Marketing - Digital,6800,Operating Expense - Marketing,Yes,Marketing,0.8999999999999999
TXN-01847,2024-11-21,Amazon Business,100.0,Office Supplies,6100,Operating Expense - Office,Yes,Finance,0.95
TXN-01848,2024-03-12,American Airlines,300.0,Travel - Airfare,6400,Operating Expense - Travel,Yes,Sales,0.8999999999999999
TXN-01849,2024-09-26,Ups,350.0,Shipping & Logistics,6900,Operating Expense - Shipping,Yes,HR,0.8999999999999999
TXN-01850,2024-07-02,Aws,1000.0,Software - Cloud,6310,Operating Expense - Technology,Yes,Marketing,0.8799999999999999
TXN-01851,2024-07-05,Chipotle,25.0,Meals & Entertainment,6500,Operating Expense - Meals,Partial (50%),Engineering,0.95
TXN-01852,2025-02-22,Zoom,200.0,Software - SaaS,6320,Operating Expense - SaaS,Yes,HR,0.8999999999999999
TXN-01853,2024-01-05,Dhl,150.0,Shipping & Logistics,6900,Operating Expense - Shipping,Yes,Finance,0.95
TXN-01854,2024-11-20,Lawdepot,200.0,Legal Services,6710,Operating Expense - Services,Yes,Sales,0.8999999999999999
TXN-01855,2024-03-26,Google Cloud,1850.0,Software - Cloud,6310,Operating Expense - Technology,Yes,Operations,0.8999999999999999
TXN-01856,2024-10-03,Accenture Inc,3000.0,Professional Services,6700,Operating Expense - Services,Yes,Engineering,0.8999999999999999
TXN-01857,2024-05-03,United Airlines,250.0,Travel - Airfare,6400,Operating Expense - Travel,Yes,Operations,0.93
TXN-01858,2024-12-31,Quickbooks,600.0,Accounting Software,6720,Operating Expense - Services,Yes,HR,0.8999999999999999
TXN-01859,2025-01-05,Delta Airlines,1400.0,Travel - Airfare,6400,Operating Expense - Travel,Yes,HR,0.8999999999999999
TXN-01860,2025-03-28,Uber,15.0,Travel - Ground,6410,Operating Expense - Travel,Yes,Operations,0.8999999999999999
TXN-01861,2024-04-02,Ubereats,100.0,Meals & Entertainment,6500,Operating Expense - Meals,Partial (50%),Sales,0.8999999999999999
TXN-01862,2024-02-11,Pwc,4000.0,Professional Services,6700,Operating Expense - Services,Yes,Engineering,0.8999999999999999
TXN-01863,2024-07-05,Github,231.0,Software - Development,6360,Operating Expense - Technology,Yes,Finance,0.8999999999999999
TXN-01864,2024-07-03,Lyft,40.0,Travel - Ground,6410,Operating Expense - Travel,Yes,Finance,0.8999999999999999
TXN-01865,2024-12-04,Southwest Airlines,350.0,Travel - Airfare,6400,Operating Expense - Travel,Yes,Marketing,0.8999999999999999
TXN-01866,2024-10-03,Apple,1200.0,Hardware - Equipment,1520,Fixed Asset - Equipment,Yes (Depreciated),HR,0.8999999999999999
TXN-01867,2025-03-25,Microsoft Azure,300.0,Software - Cloud,6310,Operating Expense - Technology,Yes,Finance,0.8999999999999999
TXN-01868,2024-02-16,United Airlines,2500.0,Travel - Airfare,6400,Operating Expense - Travel,Yes,HR,0.8799999999999999
TXN-01869,2024-10-25,Hilton Hotels,700.0,Travel - Lodging,6420,Operating Expense - Travel,Yes,HR,0.8999999999999999
TXN-01870,2024-09-06,Lawdepot,200.0,Legal Services,6710,Operating Expense - Services,Yes,Operations,0.8999999999999999
TXN-01871,2024-05-25,Quickbooks,120.0,Accounting Software,6720,Operating Expense - Services,Yes,Operations,0.8999999999999999
TXN-01872,2024-03-08,Hubspot,50.0,Marketing - Software,6810,Operating Expense - Marketing,Yes,Sales,0.8999999999999999
TXN-01873,2024-07-03,Facebook Ads,2000.0,Marketing - Digital,6800,Operating Expense - Marketing,Yes,Engineering,0.8999999999999999
TXN-01874,2024-09-19,Staples,300.0,Office Supplies,6100,Operating Expense - Office,Yes,Finance,0.95
TXN-01875,2024-04-15,Office Depot,200.0,Office Supplies,6100,Operating Expense - Office,Yes,HR,0.95
TXN-01876,2024-04-25,United Airlines,850.0,Travel - Airfare,6400,Operating Expense - Travel,Yes,Operations,0.8799999999999999
TXN-01877,2024-06-29,Lyft,12.0,Travel - Ground,6410,Operating Expense - Travel,Yes,Marketing,0.8999999999999999
TXN-01878,2024-07-21,Datadog,800.0,Software - Monitoring,6330,Operating Expense - Technology,Yes,Finance,0.8999999999999999
TXN-01879,2024-11-23,Best Buy,100.0,Hardware - Equipment,1520,Fixed Asset - Equipment,Yes (Depreciated),Finance,0.8999999999999999
TXN-01880,2024-09-16,Ubereats,45.0,Meals & Entertainment,6500,Operating Expense - Meals,Partial (50%),Marketing,0.8999999999999999
TXN-01881,2024-02-17,Quickbooks,120.0,Accounting Software,6720,Operating Expense - Services,Yes,Engineering,0.95
TXN-01882,2024-10-10,Zoom,100.0,Software - SaaS,6320,Operating Expense - SaaS,Yes,Marketing,0.95
TXN-01883,2024-12-30,Fedex,100.0,Shipping & Logistics,6900,Operating Expense - Shipping,Yes,Operations,0.95
TXN-01884,2024-01-25,Amazon,299.0,Hardware - Equipment,1520,Fixed Asset - Equipment,Yes (Depreciated),Operations,0.8999999999999999
TXN-01885,2024-08-27,Southwest Airlines,650.0,Travel - Airfare,6400,Operating Expense - Travel,Yes,Finance,0.8999999999999999
TXN-01886,2024-04-26,Microsoft Azure,3000.0,Software - Cloud,6310,Operating Expense - Technology,Yes,Finance,0.95
TXN-01887,2024-02-20,Delta Airlines,1400.0,Travel - Airfare,6400,Operating Expense - Travel,Yes,HR,0.8999999999999999
TXN-01888,2024-07-27,At&T,300.0,Utilities - Telecom,6600,Operating Expense - Utilities,Yes,Operations,0.8999999999999999
TXN-01889,2024-11-12,Github,21.0,Software - Development,6360,Operating Expense - Technology,Yes,Marketing,0.95
TXN-01890,2025-01-03,Herman Miller,3000.0,Furniture - Fixed Asset,1540,Fixed Asset - Furniture,Yes (Depreciated),HR,0.95
TXN-01891,2024-05-17,Accenture,35000.0,Professional Services,6700,Operating Expense - Services,Yes,Engineering,0.8999999999999999
TXN-01892,2024-04-14,Slack,299.0,Software - SaaS,6320,Operating Expense - SaaS,Yes,Finance,0.95
TXN-01893,2024-04-13,Stripe,1250.0,Software - Payments,6350,Operating Expense - Technology,Yes,HR,0.8999999999999999
TXN-01894,2024-03-31,Restaurants.Com,300.0,Meals & Entertainment,6500,Operating Expense - Meals,Partial (50%),Engineering,0.95
TXN-01895,2024-08-20,Southwest Airlines,350.0,Travel - Airfare,6400,Operating Expense - Travel,Yes,Operations,0.8799999999999999
TXN-01896,2024-01-11,Verizon,200.0,Utilities - Telecom,6600,Operating Expense - Utilities,Yes,Engineering,0.8999999999999999
TXN-01897,2024-08-13,Uber,65.0,Travel - Ground,6410,Operating Expense - Travel,Yes,Sales,0.8999999999999999
TXN-01898,2024-08-07,Comcast,70.0,Utilities - Internet,6610,Operating Expense - Utilities,Yes,HR,0.8999999999999999
TXN-01899,2025-03-01,Google Cloud,400.0,Software - Cloud,6310,Operating Expense - Technology,Yes,Operations,0.8999999999999999
TXN-01900,2024-04-25,Doordash,50.0,Meals & Entertainment,6500,Operating Expense - Meals,Partial (50%),Marketing,0.95
TXN-01901,2024-07-16,Github,500.0,Software - Development,6360,Operating Expense - Technology,Yes,Operations,0.95
TXN-01902,2024-04-28,American Airlines,300.0,Travel - Airfare,6400,Operating Expense - Travel,Yes,HR,0.95
TXN-01903,2024-11-09,Chipotle,10.0,Meals & Entertainment,6500,Operating Expense - Meals,Partial (50%),Finance,0.8999999999999999
TXN-01904,2024-05-06,Grubhub Inc,100.0,Meals & Entertainment,6500,Operating Expense - Meals,Partial (50%),HR,0.8999999999999999
TXN-01905,2024-07-08,Lyft,22.0,Travel - Ground,6410,Operating Expense - Travel,Yes,Sales,0.93
TXN-01906,2024-02-11,Deloitte,10000.0,Professional Services,6700,Operating Expense - Services,Yes,Sales,0.95
TXN-01907,2025-02-07,Starbucks,15.0,Meals & Entertainment,6500,Operating Expense - Meals,Partial (50%),HR,0.95
TXN-01908,2024-12-16,Chipotle,15.0,Meals & Entertainment,6500,Operating Expense - Meals,Partial (50%),Marketing,0.95
TXN-01909,2024-11-25,Accenture,7000.0,Professional Services,6700,Operating Expense - Services,Yes,Engineering,0.8999999999999999
TXN-01910,2024-04-04,Hilton Hotels,220.0,Travel - Lodging,6420,Operating Expense - Travel,Yes,Operations,0.93
TXN-01911,2024-11-11,Deloitte,5000.0,Professional Services,6700,Operating Expense - Services,Yes,Finance,0.95
TXN-01912,2024-10-22,United Airlines,450.0,Travel - Airfare,6400,Operating Expense - Travel,Yes,Marketing,0.95
TXN-01913,2025-01-01,American Airlines,550.0,Travel - Airfare,6400,Operating Expense - Travel,Yes,Finance,0.8999999999999999
TXN-01914,2024-03-17,Steelcase,2500.0,Furniture - Fixed Asset,1540,Fixed Asset - Furniture,Yes (Depreciated),Sales,0.8999999999999999
TXN-01915,2024-11-22,Lawdepot,2500.0,Legal Services,6710,Operating Expense - Services,Yes,Operations,0.95
TXN-01916,2025-03-17,Twilio,1000.0,Software - Communications,6340,Operating Expense - Technology,Yes,HR,0.8999999999999999
TXN-01917,2025-01-20,Steelcase,600.0,Furniture - Fixed Asset,1540,Fixed Asset - Furniture,Yes (Depreciated),Operations,0.95
TXN-01918,2024-03-30,Ikea,600.0,Furniture - Fixed Asset,1540,Fixed Asset - Furniture,Yes (Depreciated),Marketing,0.8999999999999999
TXN-01919,2025-02-17,Google Cloud,4000.0,Software - Cloud,6310,Operating Expense - Technology,Yes,Engineering,0.93
TXN-01920,2024-03-30,Accenture,3000.0,Professional Services,6700,Operating Expense - Services,Yes,HR,0.8799999999999999
TXN-01921,2025-01-13,United Airlines,450.0,Travel - Airfare,6400,Operating Expense - Travel,Yes,HR,0.95
TXN-01922,2024-03-13,Lenovo,400.0,Hardware - Equipment,1520,Fixed Asset - Equipment,Yes (Depreciated),Operations,0.8999999999999999
TXN-01923,2024-10-16,Twilio,500.0,Software - Communications,6340,Operating Expense - Technology,Yes,Operations,0.8999999999999999
TXN-01924,2024-04-30,Grubhub,180.0,Meals & Entertainment,6500,Operating Expense - Meals,Partial (50%),Sales,0.8999999999999999
TXN-01925,2024-01-21,Amazon Business,100.0,Office Supplies,6100,Operating Expense - Office,Yes,HR,0.8999999999999999
TXN-01926,2024-04-20,Uber,65.0,Travel - Ground,6410,Operating Expense - Travel,Yes,Sales,0.8999999999999999
TXN-01927,2025-01-01,United Airlines,1200.0,Travel - Airfare,6400,Operating Expense - Travel,Yes,Marketing,0.8999999999999999
TXN-01928,2025-02-01,Ubereats,100.0,Meals & Entertainment,6500,Operating Expense - Meals,Partial (50%),Marketing,0.93
TXN-01929,2024-06-17,Accenture,15000.0,Professional Services,6700,Operating Expense - Services,Yes,HR,0.8799999999999999
TXN-01930,2025-01-27,Datadog,800.0,Software - Monitoring,6330,Operating Expense - Technology,Yes,Operations,0.8999999999999999
TXN-01931,2024-10-04,Pwc,20000.0,Professional Services,6700,Operating Expense - Services,Yes,Engineering,0.8999999999999999
TXN-01932,2024-06-05,Github,21.0,Software - Development,6360,Operating Expense - Technology,Yes,HR,0.8999999999999999
TXN-01933,2024-11-16,Amazon,99.0,Hardware - Equipment,1520,Fixed Asset - Equipment,Yes (Depreciated),Engineering,0.95
TXN-01934,2024-04-14,Hilton Hotels,120.0,Travel - Lodging,6420,Operating Expense - Travel,Yes,Marketing,0.8999999999999999
TXN-01935,2024-06-22,Hilton Hotels,120.0,Travel - Lodging,6420,Operating Expense - Travel,Yes,Marketing,0.8999999999999999
TXN-01936,2025-03-27,Chipotle,10.0,Meals & Entertainment,6500,Operating Expense - Meals,Partial (50%),Marketing,0.8999999999999999
TXN-01937,2024-06-20,Pwc,8000.0,Professional Services,6700,Operating Expense - Services,Yes,Engineering,0.8999999999999999
TXN-01938,2024-03-27,Airbnb,80.0,Travel - Lodging,6420,Operating Expense - Travel,Yes,HR,0.8999999999999999
TXN-01939,2025-03-06,Ikea,600.0,Furniture - Fixed Asset,1540,Fixed Asset - Furniture,Yes (Depreciated),Sales,0.95
TXN-01940,2024-04-04,Linkedin Ads,1000.0,Marketing - Digital,6800,Operating Expense - Marketing,Yes,Sales,0.8999999999999999
TXN-01941,2024-09-13,Starbucks,5.0,Meals & Entertainment,6500,Operating Expense - Meals,Partial (50%),Marketing,0.8999999999999999
TXN-01942,2025-01-19,Hubspot,50.0,Marketing - Software,6810,Operating Expense - Marketing,Yes,Operations,0.8999999999999999
TXN-01943,2024-09-04,Ikea,600.0,Furniture - Fixed Asset,1540,Fixed Asset - Furniture,Yes (Depreciated),Marketing,0.8799999999999999
TXN-01944,2024-06-07,Chipotle,20.0,Meals & Entertainment,6500,Operating Expense - Meals,Partial (50%),Marketing,0.8999999999999999
TXN-01945,2024-02-29,Accenture,35000.0,Professional Services,6700,Operating Expense - Services,Yes,HR,0.8999999999999999
TXN-01946,2024-11-03,Marriott Hotels,450.0,Travel - Lodging,6420,Operating Expense - Travel,Yes,Marketing,0.8999999999999999
TXN-01947,2025-03-30,Github,231.0,Software - Development,6360,Operating Expense - Technology,Yes,Engineering,0.8999999999999999
TXN-01948,2024-10-22,Best Buy,100.0,Hardware - Equipment,1520,Fixed Asset - Equipment,Yes (Depreciated),Marketing,0.8999999999999999
TXN-01949,2024-10-31,Facebook Ads,2000.0,Marketing - Digital,6800,Operating Expense - Marketing,Yes,Operations,0.95
TXN-01950,2024-09-06,Mckinsey,15000.0,Professional Services,6700,Operating Expense - Services,Yes,Sales,0.95
TXN-01951,2024-10-11,Steelcase,600.0,Furniture - Fixed Asset,1540,Fixed Asset - Furniture,Yes (Depreciated),Operations,0.8999999999999999
TXN-01952,2024-01-07,Uber,15.0,Travel - Ground,6410,Operating Expense - Travel,Yes,HR,0.95
TXN-01953,2024-05-29,Lenovo,400.0,Hardware - Equipment,1520,Fixed Asset - Equipment,Yes (Depreciated),Sales,0.93
TXN-01954,2024-05-11,American Airlines,1500.0,Travel - Airfare,6400,Operating Expense - Travel,Yes,Sales,0.95
TXN-01955,2024-11-29,Southwest Airlines,1000.0,Travel - Airfare,6400,Operating Expense - Travel,Yes,Finance,0.8999999999999999
TXN-01956,2025-03-28,Restaurants.Com,80.0,Meals & Entertainment,6500,Operating Expense - Meals,Partial (50%),Finance,0.8999999999999999
TXN-01957,2024-10-31,Pwc,4000.0,Professional Services,6700,Operating Expense - Services,Yes,Finance,0.95
TXN-01958,2024-01-19,Uber,15.0,Travel - Ground,6410,Operating Expense - Travel,Yes,Engineering,0.93
TXN-01959,2025-02-14,Quickbooks,120.0,Accounting Software,6720,Operating Expense - Services,Yes,Marketing,0.95
TXN-01960,2024-10-21,Uber,25.0,Travel - Ground,6410,Operating Expense - Travel,Yes,HR,0.8999999999999999
TXN-01961,2024-10-27,Github,21.0,Software - Development,6360,Operating Expense - Technology,Yes,HR,0.95
TXN-01962,2024-08-16,Dell,500.0,Hardware - Equipment,1520,Fixed Asset - Equipment,Yes (Depreciated),Sales,0.95
TXN-01963,2025-01-19,Herman Miller,1500.0,Furniture - Fixed Asset,1540,Fixed Asset - Furniture,Yes (Depreciated),Finance,0.95
TXN-01964,2024-02-20,Pwc,4000.0,Professional Services,6700,Operating Expense - Services,Yes,Finance,0.8999999999999999
TXN-01965,2024-05-14,Xero,200.0,Accounting Software,6720,Operating Expense - Services,Yes,Operations,0.95
TXN-01966,2025-02-07,Xero,200.0,Accounting Software,6720,Operating Expense - Services,Yes,HR,0.8999999999999999
TXN-01967,2024-08-15,Best Buy,1200.0,Hardware - Equipment,1520,Fixed Asset - Equipment,Yes (Depreciated),Finance,0.8999999999999999
TXN-01968,2025-02-03,Aws,2341.0,Software - Cloud,6310,Operating Expense - Technology,Yes,Engineering,0.8999999999999999
TXN-01969,2024-01-14,Accenture,7000.0,Professional Services,6700,Operating Expense - Services,Yes,Finance,0.8999999999999999
TXN-01970,2024-06-29,Uber,15.0,Travel - Ground,6410,Operating Expense - Travel,Yes,Engineering,0.95
TXN-01971,2024-09-17,Google Cloud,4000.0,Software - Cloud,6310,Operating Expense - Technology,Yes,Engineering,0.8999999999999999
TXN-01972,2024-11-05,Apple,1999.0,Hardware - Equipment,1520,Fixed Asset - Equipment,Yes (Depreciated),Marketing,0.95
TXN-01973,2025-01-16,Airbnb,300.0,Travel - Lodging,6420,Operating Expense - Travel,Yes,Finance,0.8999999999999999
TXN-01974,2025-03-11,Xero,200.0,Accounting Software,6720,Operating Expense - Services,Yes,Sales,0.8999999999999999
TXN-01975,2025-03-03,At&T,80.0,Utilities - Telecom,6600,Operating Expense - Utilities,Yes,Marketing,0.8999999999999999
TXN-01976,2024-12-30,Best Buy,500.0,Hardware - Equipment,1520,Fixed Asset - Equipment,Yes (Depreciated),Sales,0.8999999999999999
TXN-01977,2024-07-16,Verizon,200.0,Utilities - Telecom,6600,Operating Expense - Utilities,Yes,Operations,0.95
TXN-01978,2024-10-24,Facebook Ads,4000.0,Marketing - Digital,6800,Operating Expense - Marketing,Yes,Engineering,0.95
TXN-01979,2024-12-09,Airbnb,150.0,Travel - Lodging,6420,Operating Expense - Travel,Yes,Finance,0.8999999999999999
TXN-01980,2025-01-31,Slack,99.0,Software - SaaS,6320,Operating Expense - SaaS,Yes,Finance,0.8999999999999999
TXN-01981,2024-02-26,Dell,2500.0,Hardware - Equipment,1520,Fixed Asset - Equipment,Yes (Depreciated),HR,0.8999999999999999
TXN-01982,2024-04-13,Accenture,15000.0,Professional Services,6700,Operating Expense - Services,Yes,HR,0.95
TXN-01983,2025-03-08,Amazon,99.0,Hardware - Equipment,1520,Fixed Asset - Equipment,Yes (Depreciated),Finance,0.8999999999999999
TXN-01984,2024-01-16,Best Buy,100.0,Hardware - Equipment,1520,Fixed Asset - Equipment,Yes (Depreciated),Operations,0.8999999999999999
TXN-01985,2024-10-17,Uber,65.0,Travel - Ground,6410,Operating Expense - Travel,Yes,Sales,0.8999999999999999
TXN-01986,2024-12-08,Twilio,500.0,Software - Communications,6340,Operating Expense - Technology,Yes,HR,0.95
TXN-01987,2024-11-15,Github Inc,21.0,Software - Development,6360,Operating Expense - Technology,Yes,HR,0.8999999999999999
TXN-01988,2024-01-02,Dell,2500.0,Hardware - Equipment,1520,Fixed Asset - Equipment,Yes (Depreciated),Engineering,0.95
TXN-01989,2024-06-16,Fedex,45.0,Shipping & Logistics,6900,Operating Expense - Shipping,Yes,Marketing,0.8999999999999999
TXN-01990,2024-03-18,Southwest Airlines,650.0,Travel - Airfare,6400,Operating Expense - Travel,Yes,Operations,0.95
TXN-01991,2024-12-25,Herman Miller,1500.0,Furniture - Fixed Asset,1540,Fixed Asset - Furniture,Yes (Depreciated),Finance,0.8999999999999999
TXN-01992,2024-12-15,Stripe,1250.0,Software - Payments,6350,Operating Expense - Technology,Yes,Marketing,0.93
TXN-01993,2025-01-27,Github,500.0,Software - Development,6360,Operating Expense - Technology,Yes,HR,0.95
TXN-01994,2024-10-20,Google Cloud,4000.0,Software - Cloud,6310,Operating Expense - Technology,Yes,Operations,0.95
TXN-01995,2024-11-25,At&T,150.0,Utilities - Telecom,6600,Operating Expense - Utilities,Yes,Sales,0.95
TXN-01996,2024-03-20,Comcast,200.0,Utilities - Internet,6610,Operating Expense - Utilities,Yes,Sales,0.95
TXN-01997,2024-07-20,Fedex,300.0,Shipping & Logistics,6900,Operating Expense - Shipping,Yes,HR,0.8999999999999999
TXN-01998,2024-05-05,Apple,1200.0,Hardware - Equipment,1520,Fixed Asset - Equipment,Yes (Depreciated),Finance,0.8999999999999999
TXN-01999,2024-02-08,Comcast,120.0,Utilities - Internet,6610,Operating Expense - Utilities,Yes,HR,0.95
TXN-02000,2025-01-12,Ikea,600.0,Furniture - Fixed Asset,1540,Fixed Asset - Furniture,Yes (Depreciated),Finance,0.95
TXN-02001,2024-07-23,American Airlines,300.0,Travel - Airfare,6400,Operating Expense - Travel,Yes,Finance,0.8999999999999999
TXN-02002,2024-12-24,Chipotle,10.0,Meals & Entertainment,6500,Operating Expense - Meals,Partial (50%),Finance,0.8999999999999999
TXN-02003,2024-06-15,United Airlines,450.0,Travel - Airfare,6400,Operating Expense - Travel,Yes,Marketing,0.95
TXN-02004,2025-01-14,Google Cloud,400.0,Software - Cloud,6310,Operating Expense - Technology,Yes,HR,0.95
TXN-02005,2024-11-03,Restaurants.Com,300.0,Meals & Entertainment,6500,Operating Expense - Meals,Partial (50%),Marketing,0.8999999999999999
TXN-02006,2024-01-15,Starbucks,7.0,Meals & Entertainment,6500,Operating Expense - Meals,Partial (50%),Marketing,0.8999999999999999
TXN-02007,2025-03-10,Mckinsey,30000.0,Professional Services,6700,Operating Expense - Services,Yes,Finance,0.8999999999999999
TXN-02008,2024-07-19,Lenovo,2000.0,Hardware - Equipment,1520,Fixed Asset - Equipment,Yes (Depreciated),Sales,0.8999999999999999
TXN-02009,2024-10-21,Uber,120.0,Travel - Ground,6410,Operating Expense - Travel,Yes,Operations,0.8999999999999999
TXN-02010,2024-12-25,Dell,2500.0,Hardware - Equipment,1520,Fixed Asset - Equipment,Yes (Depreciated),Sales,0.8999999999999999
TXN-02011,2024-03-06,Herman Miller,800.0,Furniture - Fixed Asset,1540,Fixed Asset - Furniture,Yes (Depreciated),Sales,0.8999999999999999
TXN-02012,2024-01-02,United Airlines,2500.0,Travel - Airfare,6400,Operating Expense - Travel,Yes,Operations,0.8999999999999999
TXN-02013,2024-05-14,Stripe,2500.0,Software - Payments,6350,Operating Expense - Technology,Yes,Sales,0.8999999999999999
TXN-02014,2024-09-22,Hubspot,500.0,Marketing - Software,6810,Operating Expense - Marketing,Yes,Sales,0.8999999999999999
TXN-02015,2025-02-23,American Airlines,1500.0,Travel - Airfare,6400,Operating Expense - Travel,Yes,Finance,0.95
TXN-02016,2024-08-01,Time Warner,100.0,Utilities - Internet,6610,Operating Expense - Utilities,Yes,Engineering,0.8999999999999999
TXN-02017,2024-07-11,Southwest Airlines,350.0,Travel - Airfare,6400,Operating Expense - Travel,Yes,Marketing,0.93
TXN-02018,2024-11-21,At&T,80.0,Utilities - Telecom,6600,Operating Expense - Utilities,Yes,Engineering,0.8999999999999999
TXN-02019,2024-10-02,Ups,50.0,Shipping & Logistics,6900,Operating Expense - Shipping,Yes,HR,0.8999999999999999
TXN-02020,2024-06-25,Verizon,100.0,Utilities - Telecom,6600,Operating Expense - Utilities,Yes,Engineering,0.8999999999999999
TXN-02021,2025-03-31,Grubhub,180.0,Meals & Entertainment,6500,Operating Expense - Meals,Partial (50%),Sales,0.8999999999999999
TXN-02022,2024-06-14,Grubhub,50.0,Meals & Entertainment,6500,Operating Expense - Meals,Partial (50%),Operations,0.95
TXN-02023,2024-07-13,Airbnb,600.0,Travel - Lodging,6420,Operating Expense - Travel,Yes,Engineering,0.8999999999999999
TXN-02024,2024-01-13,Slack,299.0,Software - SaaS,6320,Operating Expense - SaaS,Yes,Marketing,0.8999999999999999
TXN-02025,2024-02-08,Ikea,300.0,Furniture - Fixed Asset,1540,Fixed Asset - Furniture,Yes (Depreciated),Engineering,0.95
TXN-02026,2025-02-01,Facebook Ads,800.0,Marketing - Digital,6800,Operating Expense - Marketing,Yes,Engineering,0.8999999999999999
TXN-02027,2024-04-03,Stripe,2500.0,Software - Payments,6350,Operating Expense - Technology,Yes,Sales,0.95
TXN-02028,2024-02-01,Lenovo,2000.0,Hardware - Equipment,1520,Fixed Asset - Equipment,Yes (Depreciated),Sales,0.8999999999999999
TXN-02029,2024-12-13,Twilio,50.0,Software - Communications,6340,Operating Expense - Technology,Yes,Finance,0.8999999999999999
TXN-02030,2024-12-08,Apple,799.0,Hardware - Equipment,1520,Fixed Asset - Equipment,Yes (Depreciated),Engineering,0.8999999999999999
TXN-02031,2024-03-09,Mckinsey,6000.0,Professional Services,6700,Operating Expense - Services,Yes,Sales,0.8999999999999999
TXN-02032,2024-08-17,Facebook Ads,4000.0,Marketing - Digital,6800,Operating Expense - Marketing,Yes,Sales,0.95
TXN-02033,2024-05-31,Delta Airlines,500.0,Travel - Airfare,6400,Operating Expense - Travel,Yes,Operations,0.8999999999999999
TXN-02034,2024-03-12,Google Cloud,1850.0,Software - Cloud,6310,Operating Expense - Technology,Yes,Marketing,0.8799999999999999
TXN-02035,2024-06-29,Staples,50.0,Office Supplies,6100,Operating Expense - Office,Yes,Engineering,0.8999999999999999
TXN-02036,2025-02-10,American Airlines,950.0,Travel - Airfare,6400,Operating Expense - Travel,Yes,Operations,0.8999999999999999
TXN-02037,2024-09-17,Stripe,100.0,Software - Payments,6350,Operating Expense - Technology,Yes,Operations,0.95
TXN-02038,2025-03-13,Time Warner,60.0,Utilities - Internet,6610,Operating Expense - Utilities,Yes,Operations,0.95
TXN-02039,2024-10-14,Stripe,1250.0,Software - Payments,6350,Operating Expense - Technology,Yes,Finance,0.8999999999999999
TXN-02040,2024-07-06,Linkedin Ads,1000.0,Marketing - Digital,6800,Operating Expense - Marketing,Yes,Finance,0.95
TXN-02041,2025-03-09,Microsoft Azure,1500.0,Software - Cloud,6310,Operating Expense - Technology,Yes,Sales,0.95
TXN-02042,2024-02-08,Lawdepot,200.0,Legal Services,6710,Operating Expense - Services,Yes,Marketing,0.95
TXN-02043,2024-04-08,Doordash,200.0,Meals & Entertainment,6500,Operating Expense - Meals,Partial (50%),Operations,0.95
TXN-02044,2024-05-19,Microsoft Azure,800.0,Software - Cloud,6310,Operating Expense - Technology,Yes,Engineering,0.8999999999999999
TXN-02045,2024-03-31,Comcast,200.0,Utilities - Internet,6610,Operating Expense - Utilities,Yes,HR,0.8999999999999999
TXN-02046,2024-04-19,Marriott Hotels,150.0,Travel - Lodging,6420,Operating Expense - Travel,Yes,HR,0.95
TXN-02047,2024-03-06,Lenovo,1000.0,Hardware - Equipment,1520,Fixed Asset - Equipment,Yes (Depreciated),Sales,0.8999999999999999
TXN-02048,2024-02-09,Facebook Ads,4000.0,Marketing - Digital,6800,Operating Expense - Marketing,Yes,Operations,0.95
TXN-02049,2024-12-04,Quickbooks,600.0,Accounting Software,6720,Operating Expense - Services,Yes,Sales,0.8999999999999999
TXN-02050,2024-05-06,Deloitte,10000.0,Professional Services,6700,Operating Expense - Services,Yes,Sales,0.8799999999999999
TXN-02051,2024-01-09,Mckinsey,30000.0,Professional Services,6700,Operating Expense - Services,Yes,Marketing,0.8999999999999999
TXN-02052,2024-07-25,Xero,400.0,Accounting Software,6720,Operating Expense - Services,Yes,Marketing,0.8999999999999999
TXN-02053,2024-06-01,Airbnb,600.0,Travel - Lodging,6420,Operating Expense - Travel,Yes,Marketing,0.8999999999999999
TXN-02054,2024-10-11,Amazon Business Inc,100.0,Office Supplies,6100,Operating Expense - Office,Yes,Engineering,0.95
TXN-02055,2025-03-25,Aws,1000.0,Software - Cloud,6310,Operating Expense - Technology,Yes,Engineering,0.95
TXN-02056,2024-07-27,Dell,2500.0,Hardware - Equipment,1520,Fixed Asset - Equipment,Yes (Depreciated),Sales,0.8999999999999999
TXN-02057,2024-10-11,Herman Miller,1200.0,Furniture - Fixed Asset,1540,Fixed Asset - Furniture,Yes (Depreciated),Operations,0.8999999999999999
TXN-02058,2024-08-07,Southwest Airlines,1000.0,Travel - Airfare,6400,Operating Expense - Travel,Yes,Marketing,0.8999999999999999
TXN-02059,2024-10-17,Fedex,45.0,Shipping & Logistics,6900,Operating Expense - Shipping,Yes,Finance,0.8999999999999999
TXN-02060,2024-04-02,Datadog,800.0,Software - Monitoring,6330,Operating Expense - Technology,Yes,Engineering,0.95
TXN-02061,2024-03-14,Microsoft Azure,300.0,Software - Cloud,6310,Operating Expense - Technology,Yes,Sales,0.8999999999999999
TXN-02062,2024-08-24,Apple,799.0,Hardware - Equipment,1520,Fixed Asset - Equipment,Yes (Depreciated),Operations,0.8999999999999999
TXN-02063,2024-06-13,Slack,299.0,Software - SaaS,6320,Operating Expense - SaaS,Yes,Sales,0.8999999999999999
TXN-02064,2024-08-10,Office Depot,75.0,Office Supplies,6100,Operating Expense - Office,Yes,Marketing,0.93
TXN-02065,2024-02-24,Dhl,60.0,Shipping & Logistics,6900,Operating Expense - Shipping,Yes,Engineering,0.8999999999999999
TXN-02066,2024-02-02,Google Ads,1000.0,Marketing - Digital,6800,Operating Expense - Marketing,Yes,Sales,0.8999999999999999
TXN-02067,2024-06-23,Lyft,12.0,Travel - Ground,6410,Operating Expense - Travel,Yes,Finance,0.95
TXN-02068,2024-04-26,Doordash,25.0,Meals & Entertainment,6500,Operating Expense - Meals,Partial (50%),Finance,0.8999999999999999
TXN-02069,2025-02-03,Uber,65.0,Travel - Ground,6410,Operating Expense - Travel,Yes,Engineering,0.8999999999999999
TXN-02070,2024-04-07,Datadog,3000.0,Software - Monitoring,6330,Operating Expense - Technology,Yes,Finance,0.8999999999999999
TXN-02071,2024-01-21,Delta Airlines,280.0,Travel - Airfare,6400,Operating Expense - Travel,Yes,Engineering,0.95
TXN-02072,2024-11-25,Xero,99.0,Accounting Software,6720,Operating Expense - Services,Yes,Sales,0.95
TXN-02073,2024-08-14,Zoom,200.0,Software - SaaS,6320,Operating Expense - SaaS,Yes,Engineering,0.8799999999999999
TXN-02074,2024-04-23,Xero,99.0,Accounting Software,6720,Operating Expense - Services,Yes,Finance,0.8999999999999999
TXN-02075,2025-01-03,Comcast,120.0,Utilities - Internet,6610,Operating Expense - Utilities,Yes,Marketing,0.8999999999999999
TXN-02076,2024-02-08,Facebook Ads,2000.0,Marketing - Digital,6800,Operating Expense - Marketing,Yes,Engineering,0.8999999999999999
TXN-02077,2024-09-01,Facebook Ads,800.0,Marketing - Digital,6800,Operating Expense - Marketing,Yes,Sales,0.8999999999999999
TXN-02078,2024-10-07,Deloitte,5000.0,Professional Services,6700,Operating Expense - Services,Yes,HR,0.8999999999999999
TXN-02079,2024-08-01,Lyft,40.0,Travel - Ground,6410,Operating Expense - Travel,Yes,Operations,0.8999999999999999
TXN-02080,2024-09-30,Office Depot,75.0,Office Supplies,6100,Operating Expense - Office,Yes,Marketing,0.8999999999999999
TXN-02081,2024-01-20,At&T,150.0,Utilities - Telecom,6600,Operating Expense - Utilities,Yes,HR,0.95
TXN-02082,2024-07-25,Pwc,8000.0,Professional Services,6700,Operating Expense - Services,Yes,Engineering,0.8999999999999999
TXN-02083,2025-02-12,Salesforce,600.0,Software - SaaS,6320,Operating Expense - SaaS,Yes,Sales,0.8999999999999999
TXN-02084,2024-11-29,Ups,25.0,Shipping & Logistics,6900,Operating Expense - Shipping,Yes,Sales,0.93
TXN-02085,2024-04-07,Zoom,299.0,Software - SaaS,6320,Operating Expense - SaaS,Yes,Engineering,0.95
TXN-02086,2024-12-03,Fedex,45.0,Shipping & Logistics,6900,Operating Expense - Shipping,Yes,Operations,0.95
TXN-02087,2024-05-01,Zoom,599.0,Software - SaaS,6320,Operating Expense - SaaS,Yes,HR,0.8999999999999999
TXN-02088,2025-02-15,Southwest Airlines,1000.0,Travel - Airfare,6400,Operating Expense - Travel,Yes,HR,0.8999999999999999
TXN-02089,2024-06-05,Southwest Airlines,150.0,Travel - Airfare,6400,Operating Expense - Travel,Yes,Sales,0.8999999999999999
TXN-02090,2024-11-12,Airbnb,80.0,Travel - Lodging,6420,Operating Expense - Travel,Yes,Engineering,0.95
TXN-02091,2024-12-15,Amazon,99.0,Hardware - Equipment,1520,Fixed Asset - Equipment,Yes (Depreciated),Sales,0.95
TXN-02092,2024-07-25,Google Ads,2500.0,Marketing - Digital,6800,Operating Expense - Marketing,Yes,Operations,0.95
TXN-02093,2024-02-08,Amazon Business,500.0,Office Supplies,6100,Operating Expense - Office,Yes,Sales,0.8999999999999999
TXN-02094,2024-01-11,Linkedin Ads,1000.0,Marketing - Digital,6800,Operating Expense - Marketing,Yes,Engineering,0.8999999999999999
TXN-02095,2024-01-22,Apple,1999.0,Hardware - Equipment,1520,Fixed Asset - Equipment,Yes (Depreciated),Finance,0.8999999999999999
TXN-02096,2024-03-01,Facebook Ads,800.0,Marketing - Digital,6800,Operating Expense - Marketing,Yes,Sales,0.95
TXN-02097,2025-01-27,At&T,80.0,Utilities - Telecom,6600,Operating Expense - Utilities,Yes,Marketing,0.8999999999999999
TXN-02098,2025-01-03,Xero,99.0,Accounting Software,6720,Operating Expense - Services,Yes,Engineering,0.8999999999999999
TXN-02099,2024-01-10,Linkedin Ads,2500.0,Marketing - Digital,6800,Operating Expense - Marketing,Yes,Engineering,0.95
TXN-02100,2024-06-06,Office Depot,200.0,Office Supplies,6100,Operating Expense - Office,Yes,Engineering,0.95
TXN-02101,2024-12-10,Best Buy,500.0,Hardware - Equipment,1520,Fixed Asset - Equipment,Yes (Depreciated),Marketing,0.8999999999999999
TXN-02102,2024-10-17,Fedex,45.0,Shipping & Logistics,6900,Operating Expense - Shipping,Yes,Engineering,0.8999999999999999
TXN-02103,2024-11-14,Twilio,200.0,Software - Communications,6340,Operating Expense - Technology,Yes,Sales,0.8799999999999999
TXN-02104,2024-03-13,Herman Miller,1500.0,Furniture - Fixed Asset,1540,Fixed Asset - Furniture,Yes (Depreciated),Sales,0.8999999999999999
TXN-02105,2024-03-29,Amazon,599.0,Hardware - Equipment,1520,Fixed Asset - Equipment,Yes (Depreciated),Finance,0.8999999999999999
TXN-02106,2024-05-08,Restaurants.Com,40.0,Meals & Entertainment,6500,Operating Expense - Meals,Partial (50%),Finance,0.8999999999999999
TXN-02107,2025-03-29,Ikea,100.0,Furniture - Fixed Asset,1540,Fixed Asset - Furniture,Yes (Depreciated),Finance,0.8999999999999999
TXN-02108,2025-03-10,Marriott Hotels,800.0,Travel - Lodging,6420,Operating Expense - Travel,Yes,Operations,0.95
TXN-02109,2024-09-01,Dell,1200.0,Hardware - Equipment,1520,Fixed Asset - Equipment,Yes (Depreciated),Sales,0.8799999999999999
TXN-02110,2025-01-22,Airbnb,300.0,Travel - Lodging,6420,Operating Expense - Travel,Yes,Finance,0.95
TXN-02111,2024-10-31,Comcast,70.0,Utilities - Internet,6610,Operating Expense - Utilities,Yes,Operations,0.8999999999999999
TXN-02112,2024-03-10,Linkedin Ads,400.0,Marketing - Digital,6800,Operating Expense - Marketing,Yes,Marketing,0.8999999999999999
TXN-02113,2025-02-18,Hubspot,500.0,Marketing - Software,6810,Operating Expense - Marketing,Yes,Finance,0.8999999999999999
TXN-02114,2024-12-25,Marriott Hotels,800.0,Travel - Lodging,6420,Operating Expense - Travel,Yes,Marketing,0.8999999999999999
TXN-02115,2025-01-12,Pwc,4000.0,Professional Services,6700,Operating Expense - Services,Yes,Operations,0.8999999999999999
TXN-02116,2024-01-29,Fedex,20.0,Shipping & Logistics,6900,Operating Expense - Shipping,Yes,HR,0.93
TXN-02117,2024-11-30,Facebook Ads,800.0,Marketing - Digital,6800,Operating Expense - Marketing,Yes,Engineering,0.95
TXN-02118,2024-01-20,Hubspot,200.0,Marketing - Software,6810,Operating Expense - Marketing,Yes,Marketing,0.8999999999999999
TXN-02119,2025-02-05,Restaurants.Com,40.0,Meals & Entertainment,6500,Operating Expense - Meals,Partial (50%),HR,0.8999999999999999
TXN-02120,2024-10-06,Aws,5000.0,Software - Cloud,6310,Operating Expense - Technology,Yes,Finance,0.95
TXN-02121,2024-03-16,At&T,80.0,Utilities - Telecom,6600,Operating Expense - Utilities,Yes,HR,0.8999999999999999
TXN-02122,2024-09-19,Southwest Airlines,150.0,Travel - Airfare,6400,Operating Expense - Travel,Yes,Marketing,0.95
TXN-02123,2024-04-21,Marriott Hotels,450.0,Travel - Lodging,6420,Operating Expense - Travel,Yes,Engineering,0.8999999999999999
TXN-02124,2024-11-27,At&T,150.0,Utilities - Telecom,6600,Operating Expense - Utilities,Yes,Marketing,0.8999999999999999
TXN-02125,2024-12-18,Datadog,1500.0,Software - Monitoring,6330,Operating Expense - Technology,Yes,Finance,0.8999999999999999
TXN-02126,2024-09-19,Starbucks,10.0,Meals & Entertainment,6500,Operating Expense - Meals,Partial (50%),Sales,0.95
TXN-02127,2024-08-15,Grubhub,25.0,Meals & Entertainment,6500,Operating Expense - Meals,Partial (50%),Marketing,0.8999999999999999
TXN-02128,2024-04-17,Twilio,1000.0,Software - Communications,6340,Operating Expense - Technology,Yes,HR,0.8999999999999999
TXN-02129,2024-06-15,Restaurants.Com,300.0,Meals & Entertainment,6500,Operating Expense - Meals,Partial (50%),Engineering,0.8999999999999999
TXN-02130,2024-04-03,Uber,120.0,Travel - Ground,6410,Operating Expense - Travel,Yes,HR,0.95
TXN-02131,2024-10-12,Dell,1200.0,Hardware - Equipment,1520,Fixed Asset - Equipment,Yes (Depreciated),Finance,0.8999999999999999
TXN-02132,2024-09-16,Ups,50.0,Shipping & Logistics,6900,Operating Expense - Shipping,Yes,Sales,0.93
TXN-02133,2024-10-04,Chipotle,15.0,Meals & Entertainment,6500,Operating Expense - Meals,Partial (50%),Marketing,0.8999999999999999
TXN-02134,2024-12-08,Time Warner,100.0,Utilities - Internet,6610,Operating Expense - Utilities,Yes,HR,0.8999999999999999
TXN-02135,2024-11-26,Amazon Business Inc,500.0,Office Supplies,6100,Operating Expense - Office,Yes,Marketing,0.95
TXN-02136,2024-02-05,Stripe,500.0,Software - Payments,6350,Operating Expense - Technology,Yes,Sales,0.8999999999999999
TXN-02137,2025-01-31,Comcast,120.0,Utilities - Internet,6610,Operating Expense - Utilities,Yes,Finance,0.8999999999999999
TXN-02138,2024-06-19,Dell,500.0,Hardware - Equipment,1520,Fixed Asset - Equipment,Yes (Depreciated),Marketing,0.95
TXN-02139,2024-10-17,Staples,300.0,Office Supplies,6100,Operating Expense - Office,Yes,Finance,0.8799999999999999
TXN-02140,2024-04-17,Deloitte Inc,50000.0,Professional Services,6700,Operating Expense - Services,Yes,Sales,0.8999999999999999
TXN-02141,2024-04-18,Ikea,600.0,Furniture - Fixed Asset,1540,Fixed Asset - Furniture,Yes (Depreciated),Finance,0.95
TXN-02142,2025-03-10,Salesforce,300.0,Software - SaaS,6320,Operating Expense - SaaS,Yes,Sales,0.8999999999999999
TXN-02143,2024-07-13,Google Cloud,400.0,Software - Cloud,6310,Operating Expense - Technology,Yes,Marketing,0.8799999999999999
TXN-02144,2024-02-08,Facebook Ads,800.0,Marketing - Digital,6800,Operating Expense - Marketing,Yes,HR,0.8999999999999999
TXN-02145,2024-06-06,Fedex,100.0,Shipping & Logistics,6900,Operating Expense - Shipping,Yes,Engineering,0.95
TXN-02146,2024-11-21,United Airlines,2500.0,Travel - Airfare,6400,Operating Expense - Travel,Yes,Sales,0.8999999999999999
TXN-02147,2025-02-10,Marriott Hotels Inc,250.0,Travel - Lodging,6420,Operating Expense - Travel,Yes,Engineering,0.8999999999999999
TXN-02148,2025-01-23,Salesforce,2500.0,Software - SaaS,6320,Operating Expense - SaaS,Yes,Engineering,0.8999999999999999
TXN-02149,2025-03-31,Delta Airlines,1400.0,Travel - Airfare,6400,Operating Expense - Travel,Yes,Operations,0.8999999999999999
TXN-02150,2024-08-14,Lyft,22.0,Travel - Ground,6410,Operating Expense - Travel,Yes,Marketing,0.95
TXN-02151,2025-02-09,Delta Airlines,280.0,Travel - Airfare,6400,Operating Expense - Travel,Yes,Operations,0.8999999999999999
TXN-02152,2024-02-19,Ups,120.0,Shipping & Logistics,6900,Operating Expense - Shipping,Yes,Sales,0.8999999999999999
TXN-02153,2024-08-23,Dell,500.0,Hardware - Equipment,1520,Fixed Asset - Equipment,Yes (Depreciated),Marketing,0.8999999999999999
TXN-02154,2025-03-24,Starbucks,7.0,Meals & Entertainment,6500,Operating Expense - Meals,Partial (50%),Finance,0.8999999999999999
TXN-02155,2024-01-12,Twilio,1000.0,Software - Communications,6340,Operating Expense - Technology,Yes,Finance,0.95
TXN-02156,2025-02-23,Ups,25.0,Shipping & Logistics,6900,Operating Expense - Shipping,Yes,Marketing,0.8799999999999999
TXN-02157,2024-11-22,Deloitte,50000.0,Professional Services,6700,Operating Expense - Services,Yes,Marketing,0.95
TXN-02158,2024-02-27,Mckinsey,15000.0,Professional Services,6700,Operating Expense - Services,Yes,Finance,0.95
TXN-02159,2025-02-09,Delta Airlines,900.0,Travel - Airfare,6400,Operating Expense - Travel,Yes,Operations,0.8999999999999999
TXN-02160,2024-02-13,Herman Miller,1200.0,Furniture - Fixed Asset,1540,Fixed Asset - Furniture,Yes (Depreciated),Sales,0.8999999999999999
TXN-02161,2025-03-19,Comcast,120.0,Utilities - Internet,6610,Operating Expense - Utilities,Yes,Operations,0.8999999999999999
TXN-02162,2024-03-31,Mckinsey,6000.0,Professional Services,6700,Operating Expense - Services,Yes,Engineering,0.8999999999999999
TXN-02163,2024-12-12,Salesforce,300.0,Software - SaaS,6320,Operating Expense - SaaS,Yes,Operations,0.8799999999999999
TXN-02164,2024-08-27,Southwest Airlines,1000.0,Travel - Airfare,6400,Operating Expense - Travel,Yes,Operations,0.95
TXN-02165,2024-06-03,Ups,350.0,Shipping & Logistics,6900,Operating Expense - Shipping,Yes,Engineering,0.95
TXN-02166,2024-12-04,Doordash,100.0,Meals & Entertainment,6500,Operating Expense - Meals,Partial (50%),Sales,0.8999999999999999
TXN-02167,2024-03-06,Dhl,150.0,Shipping & Logistics,6900,Operating Expense - Shipping,Yes,Marketing,0.95
TXN-02168,2024-02-29,Fedex,300.0,Shipping & Logistics,6900,Operating Expense - Shipping,Yes,Marketing,0.8999999999999999
TXN-02169,2024-08-03,Hubspot,50.0,Marketing - Software,6810,Operating Expense - Marketing,Yes,Marketing,0.95
TXN-02170,2024-06-29,United Airlines,250.0,Travel - Airfare,6400,Operating Expense - Travel,Yes,HR,0.93
TXN-02171,2024-07-23,Southwest Airlines,650.0,Travel - Airfare,6400,Operating Expense - Travel,Yes,HR,0.95
TXN-02172,2024-08-19,Microsoft Azure,800.0,Software - Cloud,6310,Operating Expense - Technology,Yes,HR,0.95
TXN-02173,2024-12-25,Comcast,120.0,Utilities - Internet,6610,Operating Expense - Utilities,Yes,Sales,0.95
TXN-02174,2024-01-24,Starbucks,15.0,Meals & Entertainment,6500,Operating Expense - Meals,Partial (50%),HR,0.8999999999999999
TXN-02175,2025-01-21,Pwc,4000.0,Professional Services,6700,Operating Expense - Services,Yes,Sales,0.8999999999999999
TXN-02176,2024-02-07,Amazon Business,100.0,Office Supplies,6100,Operating Expense - Office,Yes,Finance,0.8999999999999999
TXN-02177,2025-01-02,Dell,500.0,Hardware - Equipment,1520,Fixed Asset - Equipment,Yes (Depreciated),HR,0.8999999999999999
TXN-02178,2024-08-14,American Airlines,950.0,Travel - Airfare,6400,Operating Expense - Travel,Yes,Sales,0.8999999999999999
TXN-02179,2024-02-01,Accenture,35000.0,Professional Services,6700,Operating Expense - Services,Yes,Finance,0.8999999999999999
TXN-02180,2024-11-15,Delta Airlines,1400.0,Travel - Airfare,6400,Operating Expense - Travel,Yes,Operations,0.95
TXN-02181,2024-02-07,Restaurants.Com,150.0,Meals & Entertainment,6500,Operating Expense - Meals,Partial (50%),Engineering,0.8999999999999999
TXN-02182,2024-07-08,Restaurants.Com,300.0,Meals & Entertainment,6500,Operating Expense - Meals,Partial (50%),HR,0.95
TXN-02183,2024-04-13,Hilton Hotels,700.0,Travel - Lodging,6420,Operating Expense - Travel,Yes,Finance,0.8999999999999999
TXN-02184,2024-03-05,Slack,125.0,Software - SaaS,6320,Operating Expense - SaaS,Yes,HR,0.8999999999999999
TXN-02185,2024-02-26,Marriott Hotels,250.0,Travel - Lodging,6420,Operating Expense - Travel,Yes,Marketing,0.95
TXN-02186,2024-03-14,Dell,2500.0,Hardware - Equipment,1520,Fixed Asset - Equipment,Yes (Depreciated),Sales,0.8999999999999999
TXN-02187,2024-12-20,Airbnb,600.0,Travel - Lodging,6420,Operating Expense - Travel,Yes,Operations,0.8999999999999999
TXN-02188,2024-07-10,Github,21.0,Software - Development,6360,Operating Expense - Technology,Yes,HR,0.95
TXN-02189,2024-08-01,Restaurants.Com,150.0,Meals & Entertainment,6500,Operating Expense - Meals,Partial (50%),Marketing,0.8999999999999999
TXN-02190,2024-11-06,Deloitte,25000.0,Professional Services,6700,Operating Expense - Services,Yes,Finance,0.8999999999999999
TXN-02191,2024-07-12,Linkedin Ads,5000.0,Marketing - Digital,6800,Operating Expense - Marketing,Yes,Sales,0.8999999999999999
TXN-02192,2025-02-12,Amazon Business,500.0,Office Supplies,6100,Operating Expense - Office,Yes,HR,0.8999999999999999
TXN-02193,2024-07-15,Amazon,1200.0,Hardware - Equipment,1520,Fixed Asset - Equipment,Yes (Depreciated),Engineering,0.8999999999999999
TXN-02194,2024-07-14,Best Buy,100.0,Hardware - Equipment,1520,Fixed Asset - Equipment,Yes (Depreciated),Operations,0.8999999999999999
TXN-02195,2024-11-22,American Airlines,1500.0,Travel - Airfare,6400,Operating Expense - Travel,Yes,HR,0.95
TXN-02196,2024-10-24,Lenovo,2000.0,Hardware - Equipment,1520,Fixed Asset - Equipment,Yes (Depreciated),Operations,0.8799999999999999
TXN-02197,2025-03-29,Hilton Hotels,400.0,Travel - Lodging,6420,Operating Expense - Travel,Yes,HR,0.8999999999999999
TXN-02198,2025-02-20,Restaurants.Com,40.0,Meals & Entertainment,6500,Operating Expense - Meals,Partial (50%),Marketing,0.8799999999999999
TXN-02199,2024-08-20,Best Buy,1200.0,Hardware - Equipment,1520,Fixed Asset - Equipment,Yes (Depreciated),HR,0.8999999999999999
TXN-02200,2025-02-16,Stripe,1250.0,Software - Payments,6350,Operating Expense - Technology,Yes,Finance,0.95
TXN-02201,2024-12-16,Hilton Hotels,220.0,Travel - Lodging,6420,Operating Expense - Travel,Yes,Engineering,0.95
TXN-02202,2024-02-26,Grubhub,25.0,Meals & Entertainment,6500,Operating Expense - Meals,Partial (50%),Marketing,0.8999999999999999
TXN-02203,2024-06-14,Uber,45.0,Travel - Ground,6410,Operating Expense - Travel,Yes,Sales,0.8999999999999999
TXN-02204,2024-11-03,Amazon Business,250.0,Office Supplies,6100,Operating Expense - Office,Yes,Engineering,0.8999999999999999
TXN-02205,2024-02-25,Deloitte,5000.0,Professional Services,6700,Operating Expense - Services,Yes,Finance,0.8999999999999999
TXN-02206,2024-12-15,Accenture,15000.0,Professional Services,6700,Operating Expense - Services,Yes,Marketing,0.93
TXN-02207,2024-01-02,Office Depot,350.0,Office Supplies,6100,Operating Expense - Office,Yes,Operations,0.8999999999999999
TXN-02208,2024-01-05,Marriott Hotels,450.0,Travel - Lodging,6420,Operating Expense - Travel,Yes,Finance,0.8999999999999999
TXN-02209,2025-02-26,Ikea,300.0,Furniture - Fixed Asset,1540,Fixed Asset - Furniture,Yes (Depreciated),Operations,0.8999999999999999
TXN-02210,2024-10-07,Airbnb,80.0,Travel - Lodging,6420,Operating Expense - Travel,Yes,Operations,0.93
TXN-02211,2024-07-13,Herman Miller,1500.0,Furniture - Fixed Asset,1540,Fixed Asset - Furniture,Yes (Depreciated),HR,0.8999999999999999
TXN-02212,2024-01-04,Lawdepot,200.0,Legal Services,6710,Operating Expense - Services,Yes,HR,0.8999999999999999
TXN-02213,2024-06-10,Staples,300.0,Office Supplies,6100,Operating Expense - Office,Yes,Finance,0.95
TXN-02214,2024-04-29,Zoom,299.0,Software - SaaS,6320,Operating Expense - SaaS,Yes,Engineering,0.8999999999999999
TXN-02215,2025-03-20,Accenture,7000.0,Professional Services,6700,Operating Expense - Services,Yes,Engineering,0.8999999999999999
TXN-02216,2024-06-03,Lawdepot,500.0,Legal Services,6710,Operating Expense - Services,Yes,Operations,0.93
TXN-02217,2024-12-19,Slack,299.0,Software - SaaS,6320,Operating Expense - SaaS,Yes,Sales,0.95
TXN-02218,2024-06-22,Dell,2500.0,Hardware - Equipment,1520,Fixed Asset - Equipment,Yes (Depreciated),HR,0.8999999999999999
TXN-02219,2024-03-08,Lyft,60.0,Travel - Ground,6410,Operating Expense - Travel,Yes,Operations,0.95
TXN-02220,2025-01-25,Starbucks,10.0,Meals & Entertainment,6500,Operating Expense - Meals,Partial (50%),Engineering,0.8999999999999999
TXN-02221,2024-01-29,Accenture,35000.0,Professional Services,6700,Operating Expense - Services,Yes,HR,0.8999999999999999
TXN-02222,2025-03-12,Ubereats,45.0,Meals & Entertainment,6500,Operating Expense - Meals,Partial (50%),Operations,0.95
TXN-02223,2024-09-10,At&T,150.0,Utilities - Telecom,6600,Operating Expense - Utilities,Yes,Marketing,0.8799999999999999
TXN-02224,2024-09-19,Amazon Business,500.0,Office Supplies,6100,Operating Expense - Office,Yes,Finance,0.8999999999999999
TXN-02225,2024-03-23,Office Depot,350.0,Office Supplies,6100,Operating Expense - Office,Yes,Sales,0.95
TXN-02226,2024-05-26,Marriott Hotels,800.0,Travel - Lodging,6420,Operating Expense - Travel,Yes,Finance,0.8999999999999999
TXN-02227,2025-03-15,Salesforce,1200.0,Software - SaaS,6320,Operating Expense - SaaS,Yes,Finance,0.95
TXN-02228,2024-09-27,Amazon Business,100.0,Office Supplies,6100,Operating Expense - Office,Yes,HR,0.95
TXN-02229,2024-12-19,Google Ads,2500.0,Marketing - Digital,6800,Operating Expense - Marketing,Yes,HR,0.8999999999999999
TXN-02230,2025-01-30,Linkedin Ads,2500.0,Marketing - Digital,6800,Operating Expense - Marketing,Yes,Engineering,0.95
TXN-02231,2024-01-03,Apple,1999.0,Hardware - Equipment,1520,Fixed Asset - Equipment,Yes (Depreciated),Marketing,0.95
TXN-02232,2024-07-25,American Airlines,550.0,Travel - Airfare,6400,Operating Expense - Travel,Yes,Marketing,0.8999999999999999
TXN-02233,2025-01-03,Github,500.0,Software - Development,6360,Operating Expense - Technology,Yes,Finance,0.95
TXN-02234,2024-07-26,Doordash,100.0,Meals & Entertainment,6500,Operating Expense - Meals,Partial (50%),Finance,0.8999999999999999
TXN-02235,2025-02-23,At&T,80.0,Utilities - Telecom,6600,Operating Expense - Utilities,Yes,Sales,0.8999999999999999
TXN-02236,2024-11-11,Verizon,350.0,Utilities - Telecom,6600,Operating Expense - Utilities,Yes,Sales,0.8999999999999999
TXN-02237,2024-07-17,Mckinsey,60000.0,Professional Services,6700,Operating Expense - Services,Yes,HR,0.95
TXN-02238,2024-06-25,Apple,199.0,Hardware - Equipment,1520,Fixed Asset - Equipment,Yes (Depreciated),Engineering,0.8999999999999999
TXN-02239,2024-02-25,United Airlines,1200.0,Travel - Airfare,6400,Operating Expense - Travel,Yes,HR,0.8999999999999999
TXN-02240,2024-08-14,Ubereats,185.0,Meals & Entertainment,6500,Operating Expense - Meals,Partial (50%),Operations,0.8799999999999999
TXN-02241,2024-10-29,Southwest Airlines,1000.0,Travel - Airfare,6400,Operating Expense - Travel,Yes,Marketing,0.8999999999999999
TXN-02242,2025-03-20,Staples,150.0,Office Supplies,6100,Operating Expense - Office,Yes,Engineering,0.8999999999999999
TXN-02243,2025-02-02,Ups,120.0,Shipping & Logistics,6900,Operating Expense - Shipping,Yes,Finance,0.95
TXN-02244,2025-03-31,Google Cloud,950.0,Software - Cloud,6310,Operating Expense - Technology,Yes,Marketing,0.95
TXN-02245,2024-03-10,Facebook Ads,4000.0,Marketing - Digital,6800,Operating Expense - Marketing,Yes,Sales,0.8999999999999999
TXN-02246,2024-04-01,United Airlines,2500.0,Travel - Airfare,6400,Operating Expense - Travel,Yes,Operations,0.8999999999999999
TXN-02247,2024-10-23,Dell,500.0,Hardware - Equipment,1520,Fixed Asset - Equipment,Yes (Depreciated),Sales,0.8999999999999999
TXN-02248,2024-01-30,Amazon,599.0,Hardware - Equipment,1520,Fixed Asset - Equipment,Yes (Depreciated),Operations,0.95
TXN-02249,2024-10-22,Hilton Hotels,700.0,Travel - Lodging,6420,Operating Expense - Travel,Yes,Engineering,0.8999999999999999
TXN-02250,2024-06-17,Lenovo,1000.0,Hardware - Equipment,1520,Fixed Asset - Equipment,Yes (Depreciated),Marketing,0.8799999999999999
TXN-02251,2024-08-13,Ubereats,20.0,Meals & Entertainment,6500,Operating Expense - Meals,Partial (50%),Engineering,0.95
TXN-02252,2024-12-16,Dhl,400.0,Shipping & Logistics,6900,Operating Expense - Shipping,Yes,HR,0.95
TXN-02253,2024-08-02,Ikea,1200.0,Furniture - Fixed Asset,1540,Fixed Asset - Furniture,Yes (Depreciated),Engineering,0.8999999999999999
TXN-02254,2024-04-18,Airbnb,600.0,Travel - Lodging,6420,Operating Expense - Travel,Yes,Marketing,0.95
TXN-02255,2024-06-08,Hilton Hotels,120.0,Travel - Lodging,6420,Operating Expense - Travel,Yes,HR,0.8799999999999999
TXN-02256,2024-06-02,Dell,500.0,Hardware - Equipment,1520,Fixed Asset - Equipment,Yes (Depreciated),Engineering,0.8799999999999999
TXN-02257,2024-02-25,Airbnb,300.0,Travel - Lodging,6420,Operating Expense - Travel,Yes,Sales,0.95
TXN-02258,2025-03-21,Ubereats,185.0,Meals & Entertainment,6500,Operating Expense - Meals,Partial (50%),Operations,0.95
TXN-02259,2025-02-03,Marriott Hotels,800.0,Travel - Lodging,6420,Operating Expense - Travel,Yes,HR,0.8999999999999999
TXN-02260,2024-08-08,Amazon Business,100.0,Office Supplies,6100,Operating Expense - Office,Yes,HR,0.8999999999999999
TXN-02261,2024-06-26,Amazon Business,500.0,Office Supplies,6100,Operating Expense - Office,Yes,HR,0.8999999999999999
TXN-02262,2024-03-23,Office Depot,200.0,Office Supplies,6100,Operating Expense - Office,Yes,Marketing,0.8799999999999999
TXN-02263,2025-02-22,Marriott Hotels,450.0,Travel - Lodging,6420,Operating Expense - Travel,Yes,HR,0.8999999999999999
TXN-02264,2024-11-24,Datadog,800.0,Software - Monitoring,6330,Operating Expense - Technology,Yes,Operations,0.8999999999999999
TXN-02265,2024-05-25,Lyft,40.0,Travel - Ground,6410,Operating Expense - Travel,Yes,Marketing,0.95
TXN-02266,2025-02-27,Amazon Business,100.0,Office Supplies,6100,Operating Expense - Office,Yes,Finance,0.8799999999999999
TXN-02267,2024-05-11,Southwest Airlines,350.0,Travel - Airfare,6400,Operating Expense - Travel,Yes,HR,0.93
TXN-02268,2024-06-15,Deloitte,5000.0,Professional Services,6700,Operating Expense - Services,Yes,Finance,0.8999999999999999
TXN-02269,2025-01-11,Salesforce,300.0,Software - SaaS,6320,Operating Expense - SaaS,Yes,Sales,0.95
TXN-02270,2024-11-02,Airbnb,600.0,Travel - Lodging,6420,Operating Expense - Travel,Yes,Operations,0.8999999999999999
TXN-02271,2024-03-27,Github,21.0,Software - Development,6360,Operating Expense - Technology,Yes,Sales,0.93
TXN-02272,2024-11-18,Lenovo,400.0,Hardware - Equipment,1520,Fixed Asset - Equipment,Yes (Depreciated),Sales,0.95
TXN-02273,2024-05-02,Deloitte,25000.0,Professional Services,6700,Operating Expense - Services,Yes,Operations,0.95
TXN-02274,2024-09-09,Starbucks,7.0,Meals & Entertainment,6500,Operating Expense - Meals,Partial (50%),Engineering,0.8999999999999999
TXN-02275,2025-01-24,Xero,99.0,Accounting Software,6720,Operating Expense - Services,Yes,Finance,0.8999999999999999
TXN-02276,2024-06-05,Starbucks,15.0,Meals & Entertainment,6500,Operating Expense - Meals,Partial (50%),Engineering,0.8999999999999999
TXN-02277,2024-03-23,Time Warner,180.0,Utilities - Internet,6610,Operating Expense - Utilities,Yes,Marketing,0.95
TXN-02278,2024-11-07,Amazon Business,500.0,Office Supplies,6100,Operating Expense - Office,Yes,Operations,0.95
TXN-02279,2024-02-18,Apple,1200.0,Hardware - Equipment,1520,Fixed Asset - Equipment,Yes (Depreciated),HR,0.95
TXN-02280,2024-10-23,Delta Airlines,900.0,Travel - Airfare,6400,Operating Expense - Travel,Yes,Sales,0.8999999999999999
TXN-02281,2024-08-08,Quickbooks,120.0,Accounting Software,6720,Operating Expense - Services,Yes,HR,0.8999999999999999
TXN-02282,2024-12-10,Herman Miller,1200.0,Furniture - Fixed Asset,1540,Fixed Asset - Furniture,Yes (Depreciated),Engineering,0.95
TXN-02283,2024-02-10,Dell,500.0,Hardware - Equipment,1520,Fixed Asset - Equipment,Yes (Depreciated),Marketing,0.95
TXN-02284,2024-03-31,Zoom,599.0,Software - SaaS,6320,Operating Expense - SaaS,Yes,HR,0.95
TXN-02285,2024-05-19,Doordash,100.0,Meals & Entertainment,6500,Operating Expense - Meals,Partial (50%),Marketing,0.8799999999999999
TXN-02286,2024-09-05,Best Buy,1200.0,Hardware - Equipment,1520,Fixed Asset - Equipment,Yes (Depreciated),HR,0.8999999999999999
TXN-02287,2024-10-13,Github,500.0,Software - Development,6360,Operating Expense - Technology,Yes,Operations,0.8999999999999999
TXN-02288,2024-04-18,Mckinsey,30000.0,Professional Services,6700,Operating Expense - Services,Yes,HR,0.8999999999999999
TXN-02289,2024-08-09,Stripe,2500.0,Software - Payments,6350,Operating Expense - Technology,Yes,Sales,0.8999999999999999
TXN-02290,2025-01-18,Starbucks,15.0,Meals & Entertainment,6500,Operating Expense - Meals,Partial (50%),Operations,0.8999999999999999
TXN-02291,2025-02-18,Xero,99.0,Accounting Software,6720,Operating Expense - Services,Yes,HR,0.95
TXN-02292,2025-03-27,Time Warner,100.0,Utilities - Internet,6610,Operating Expense - Utilities,Yes,Finance,0.8999999999999999
TXN-02293,2024-08-08,Ikea,100.0,Furniture - Fixed Asset,1540,Fixed Asset - Furniture,Yes (Depreciated),Finance,0.95
TXN-02294,2024-06-01,Doordash,50.0,Meals & Entertainment,6500,Operating Expense - Meals,Partial (50%),Sales,0.95
TXN-02295,2025-01-14,Chipotle Inc,20.0,Meals & Entertainment,6500,Operating Expense - Meals,Partial (50%),Engineering,0.8999999999999999
TXN-02296,2024-04-02,Slack,125.0,Software - SaaS,6320,Operating Expense - SaaS,Yes,HR,0.8999999999999999
TXN-02297,2024-09-25,Twilio,200.0,Software - Communications,6340,Operating Expense - Technology,Yes,Engineering,0.8999999999999999
TXN-02298,2025-03-10,Delta Airlines,900.0,Travel - Airfare,6400,Operating Expense - Travel,Yes,Finance,0.8999999999999999
TXN-02299,2024-09-01,Uber,120.0,Travel - Ground,6410,Operating Expense - Travel,Yes,Sales,0.8999999999999999
TXN-02300,2024-10-29,Restaurants.Com,40.0,Meals & Entertainment,6500,Operating Expense - Meals,Partial (50%),Marketing,0.95
TXN-02301,2025-02-17,Microsoft Azure,300.0,Software - Cloud,6310,Operating Expense - Technology,Yes,Operations,0.8799999999999999
TXN-02302,2025-01-31,Salesforce,300.0,Software - SaaS,6320,Operating Expense - SaaS,Yes,Engineering,0.95
TXN-02303,2024-08-23,Accenture,7000.0,Professional Services,6700,Operating Expense - Services,Yes,Finance,0.8999999999999999
TXN-02304,2024-04-07,Chipotle,15.0,Meals & Entertainment,6500,Operating Expense - Meals,Partial (50%),Operations,0.95
TXN-02305,2025-02-19,Time Warner,100.0,Utilities - Internet,6610,Operating Expense - Utilities,Yes,Operations,0.95
TXN-02306,2024-04-05,Uber,45.0,Travel - Ground,6410,Operating Expense - Travel,Yes,Marketing,0.95
TXN-02307,2024-06-18,Ups,25.0,Shipping & Logistics,6900,Operating Expense - Shipping,Yes,Finance,0.8999999999999999
TXN-02308,2024-05-14,Marriott Hotels,150.0,Travel - Lodging,6420,Operating Expense - Travel,Yes,Marketing,0.8999999999999999
TXN-02309,2024-03-22,Lawdepot,200.0,Legal Services,6710,Operating Expense - Services,Yes,Finance,0.8999999999999999
TXN-02310,2024-06-12,Accenture,15000.0,Professional Services,6700,Operating Expense - Services,Yes,Marketing,0.8999999999999999
TXN-02311,2024-10-08,Dhl,60.0,Shipping & Logistics,6900,Operating Expense - Shipping,Yes,Sales,0.95
TXN-02312,2024-12-29,Apple,1999.0,Hardware - Equipment,1520,Fixed Asset - Equipment,Yes (Depreciated),Engineering,0.8999999999999999
TXN-02313,2024-01-17,Accenture,3000.0,Professional Services,6700,Operating Expense - Services,Yes,Finance,0.8999999999999999
TXN-02314,2024-07-02,Fedex,500.0,Shipping & Logistics,6900,Operating Expense - Shipping,Yes,Operations,0.95
TXN-02315,2024-06-12,Steelcase,1000.0,Furniture - Fixed Asset,1540,Fixed Asset - Furniture,Yes (Depreciated),HR,0.95
TXN-02316,2025-01-27,Hubspot,1200.0,Marketing - Software,6810,Operating Expense - Marketing,Yes,Finance,0.8999999999999999
TXN-02317,2024-02-10,Facebook Ads,300.0,Marketing - Digital,6800,Operating Expense - Marketing,Yes,Finance,0.95
TXN-02318,2025-03-03,Amazon Inc,1200.0,Hardware - Equipment,1520,Fixed Asset - Equipment,Yes (Depreciated),HR,0.95
TXN-02319,2025-01-16,Dhl,60.0,Shipping & Logistics,6900,Operating Expense - Shipping,Yes,Engineering,0.8999999999999999
TXN-02320,2025-01-14,Fedex,20.0,Shipping & Logistics,6900,Operating Expense - Shipping,Yes,Sales,0.8999999999999999
TXN-02321,2025-03-21,Ups,350.0,Shipping & Logistics,6900,Operating Expense - Shipping,Yes,Engineering,0.8999999999999999
TXN-02322,2024-09-16,Ubereats,45.0,Meals & Entertainment,6500,Operating Expense - Meals,Partial (50%),Marketing,0.8999999999999999
TXN-02323,2024-07-23,Herman Miller,3000.0,Furniture - Fixed Asset,1540,Fixed Asset - Furniture,Yes (Depreciated),HR,0.95
TXN-02324,2024-05-16,Staples,500.0,Office Supplies,6100,Operating Expense - Office,Yes,HR,0.8999999999999999
TXN-02325,2024-06-28,Quickbooks,300.0,Accounting Software,6720,Operating Expense - Services,Yes,Operations,0.95
TXN-02326,2025-03-17,Comcast,70.0,Utilities - Internet,6610,Operating Expense - Utilities,Yes,Finance,0.8999999999999999
TXN-02327,2024-11-19,Datadog,1500.0,Software - Monitoring,6330,Operating Expense - Technology,Yes,Engineering,0.8999999999999999
TXN-02328,2024-08-24,Lenovo,400.0,Hardware - Equipment,1520,Fixed Asset - Equipment,Yes (Depreciated),Sales,0.8999999999999999
TXN-02329,2024-10-10,Pwc,8000.0,Professional Services,6700,Operating Expense - Services,Yes,Sales,0.8999999999999999
TXN-02330,2024-06-08,Office Depot,75.0,Office Supplies,6100,Operating Expense - Office,Yes,HR,0.8999999999999999
TXN-02331,2025-01-13,Slack,299.0,Software - SaaS,6320,Operating Expense - SaaS,Yes,Engineering,0.8999999999999999
TXN-02332,2024-07-05,Lyft,22.0,Travel - Ground,6410,Operating Expense - Travel,Yes,Finance,0.95
TXN-02333,2024-12-07,American Airlines,300.0,Travel - Airfare,6400,Operating Expense - Travel,Yes,Marketing,0.8999999999999999
TXN-02334,2024-10-06,American Airlines,300.0,Travel - Airfare,6400,Operating Expense - Travel,Yes,Engineering,0.95
TXN-02335,2024-04-21,Southwest Airlines,1000.0,Travel - Airfare,6400,Operating Expense - Travel,Yes,Finance,0.95
TXN-02336,2024-07-25,Google Cloud,400.0,Software - Cloud,6310,Operating Expense - Technology,Yes,Operations,0.8799999999999999
TXN-02337,2025-01-13,Comcast,70.0,Utilities - Internet,6610,Operating Expense - Utilities,Yes,Operations,0.8999999999999999
TXN-02338,2024-07-04,Datadog,3000.0,Software - Monitoring,6330,Operating Expense - Technology,Yes,Sales,0.95
TXN-02339,2024-10-18,Facebook Ads,800.0,Marketing - Digital,6800,Operating Expense - Marketing,Yes,Engineering,0.8999999999999999
TXN-02340,2024-02-28,Stripe,100.0,Software - Payments,6350,Operating Expense - Technology,Yes,Engineering,0.8999999999999999
TXN-02341,2025-02-27,Google Ads,500.0,Marketing - Digital,6800,Operating Expense - Marketing,Yes,Finance,0.8999999999999999
TXN-02342,2024-06-08,Amazon,2499.0,Hardware - Equipment,1520,Fixed Asset - Equipment,Yes (Depreciated),Finance,0.8999999999999999
TXN-02343,2024-05-20,Slack,99.0,Software - SaaS,6320,Operating Expense - SaaS,Yes,Sales,0.8999999999999999
TXN-02344,2024-04-28,Stripe,1250.0,Software - Payments,6350,Operating Expense - Technology,Yes,Sales,0.95
TXN-02345,2024-02-27,Restaurants.Com,80.0,Meals & Entertainment,6500,Operating Expense - Meals,Partial (50%),Engineering,0.8999999999999999
TXN-02346,2024-02-14,Accenture,35000.0,Professional Services,6700,Operating Expense - Services,Yes,Engineering,0.95
TXN-02347,2024-09-17,Lyft,40.0,Travel - Ground,6410,Operating Expense - Travel,Yes,Engineering,0.8999999999999999
TXN-02348,2024-11-02,Deloitte,10000.0,Professional Services,6700,Operating Expense - Services,Yes,Finance,0.8799999999999999
TXN-02349,2025-02-14,Best Buy,100.0,Hardware - Equipment,1520,Fixed Asset - Equipment,Yes (Depreciated),Operations,0.8999999999999999
TXN-02350,2025-03-12,Staples,50.0,Office Supplies,6100,Operating Expense - Office,Yes,Operations,0.93
TXN-02351,2024-10-29,Grubhub,180.0,Meals & Entertainment,6500,Operating Expense - Meals,Partial (50%),Finance,0.8999999999999999
TXN-02352,2024-03-01,Zoom,100.0,Software - SaaS,6320,Operating Expense - SaaS,Yes,Sales,0.95
TXN-02353,2024-05-05,Herman Miller,800.0,Furniture - Fixed Asset,1540,Fixed Asset - Furniture,Yes (Depreciated),Finance,0.95
TXN-02354,2024-03-28,Dhl,60.0,Shipping & Logistics,6900,Operating Expense - Shipping,Yes,HR,0.95
TXN-02355,2024-01-22,Hubspot,500.0,Marketing - Software,6810,Operating Expense - Marketing,Yes,Sales,0.8999999999999999
TXN-02356,2024-08-14,Facebook Ads,2000.0,Marketing - Digital,6800,Operating Expense - Marketing,Yes,Marketing,0.8999999999999999
TXN-02357,2024-11-06,Starbucks,15.0,Meals & Entertainment,6500,Operating Expense - Meals,Partial (50%),HR,0.8999999999999999
TXN-02358,2024-12-20,United Airlines,450.0,Travel - Airfare,6400,Operating Expense - Travel,Yes,Operations,0.95
TXN-02359,2024-09-16,Apple,199.0,Hardware - Equipment,1520,Fixed Asset - Equipment,Yes (Depreciated),Sales,0.8799999999999999
TXN-02360,2024-01-10,Linkedin Ads,2500.0,Marketing - Digital,6800,Operating Expense - Marketing,Yes,HR,0.8999999999999999
TXN-02361,2024-05-15,Airbnb,600.0,Travel - Lodging,6420,Operating Expense - Travel,Yes,Marketing,0.8999999999999999
TXN-02362,2024-03-15,Chipotle,25.0,Meals & Entertainment,6500,Operating Expense - Meals,Partial (50%),Engineering,0.8999999999999999
TXN-02363,2024-08-15,Lawdepot,2500.0,Legal Services,6710,Operating Expense - Services,Yes,Sales,0.95
TXN-02364,2025-01-20,Apple,799.0,Hardware - Equipment,1520,Fixed Asset - Equipment,Yes (Depreciated),HR,0.95
TXN-02365,2024-02-23,Dhl,400.0,Shipping & Logistics,6900,Operating Expense - Shipping,Yes,HR,0.8999999999999999
TXN-02366,2025-01-29,Doordash,50.0,Meals & Entertainment,6500,Operating Expense - Meals,Partial (50%),HR,0.8999999999999999
TXN-02367,2025-03-11,Uber,45.0,Travel - Ground,6410,Operating Expense - Travel,Yes,Sales,0.95
TXN-02368,2024-08-23,Verizon,350.0,Utilities - Telecom,6600,Operating Expense - Utilities,Yes,Engineering,0.8999999999999999
TXN-02369,2024-11-12,Lyft,22.0,Travel - Ground,6410,Operating Expense - Travel,Yes,Engineering,0.8999999999999999
TXN-02370,2024-02-14,Xero,200.0,Accounting Software,6720,Operating Expense - Services,Yes,Finance,0.95
TXN-02371,2024-08-03,Xero Inc,400.0,Accounting Software,6720,Operating Expense - Services,Yes,HR,0.8799999999999999
TXN-02372,2024-11-01,United Airlines,250.0,Travel - Airfare,6400,Operating Expense - Travel,Yes,Engineering,0.8999999999999999
TXN-02373,2024-01-25,Fedex,500.0,Shipping & Logistics,6900,Operating Expense - Shipping,Yes,Sales,0.95
TXN-02374,2025-01-17,Hilton Hotels,220.0,Travel - Lodging,6420,Operating Expense - Travel,Yes,Operations,0.8999999999999999
TXN-02375,2024-08-08,Starbucks,5.0,Meals & Entertainment,6500,Operating Expense - Meals,Partial (50%),Sales,0.8999999999999999
TXN-02376,2024-07-24,Github,231.0,Software - Development,6360,Operating Expense - Technology,Yes,Finance,0.95
TXN-02377,2024-04-18,Lenovo,400.0,Hardware - Equipment,1520,Fixed Asset - Equipment,Yes (Depreciated),HR,0.8999999999999999
TXN-02378,2024-05-03,Deloitte,50000.0,Professional Services,6700,Operating Expense - Services,Yes,Sales,0.8999999999999999
TXN-02379,2024-03-15,Best Buy,1200.0,Hardware - Equipment,1520,Fixed Asset - Equipment,Yes (Depreciated),Operations,0.95
TXN-02380,2024-01-15,Mckinsey,30000.0,Professional Services,6700,Operating Expense - Services,Yes,Finance,0.95
TXN-02381,2024-05-19,Accenture,35000.0,Professional Services,6700,Operating Expense - Services,Yes,Operations,0.95
TXN-02382,2024-05-10,United Airlines,250.0,Travel - Airfare,6400,Operating Expense - Travel,Yes,Engineering,0.95
TXN-02383,2024-07-16,Lyft,40.0,Travel - Ground,6410,Operating Expense - Travel,Yes,Engineering,0.95
TXN-02384,2025-03-15,Zoom,100.0,Software - SaaS,6320,Operating Expense - SaaS,Yes,Engineering,0.95
TXN-02385,2024-08-18,Starbucks,7.0,Meals & Entertainment,6500,Operating Expense - Meals,Partial (50%),Engineering,0.8999999999999999
TXN-02386,2024-03-28,Herman Miller,1500.0,Furniture - Fixed Asset,1540,Fixed Asset - Furniture,Yes (Depreciated),Engineering,0.8999999999999999
TXN-02387,2024-09-14,Datadog,800.0,Software - Monitoring,6330,Operating Expense - Technology,Yes,Engineering,0.95
TXN-02388,2024-10-04,Dhl,60.0,Shipping & Logistics,6900,Operating Expense - Shipping,Yes,Sales,0.95
TXN-02389,2024-03-11,Datadog,3000.0,Software - Monitoring,6330,Operating Expense - Technology,Yes,Marketing,0.95
TXN-02390,2024-01-19,Dell,2500.0,Hardware - Equipment,1520,Fixed Asset - Equipment,Yes (Depreciated),Engineering,0.8999999999999999
TXN-02391,2024-05-02,Staples,150.0,Office Supplies,6100,Operating Expense - Office,Yes,HR,0.93
TXN-02392,2024-10-22,American Airlines,1500.0,Travel - Airfare,6400,Operating Expense - Travel,Yes,Finance,0.95
TXN-02393,2024-10-15,Starbucks,15.0,Meals & Entertainment,6500,Operating Expense - Meals,Partial (50%),Marketing,0.8999999999999999
TXN-02394,2024-07-30,Office Depot,350.0,Office Supplies,6100,Operating Expense - Office,Yes,Operations,0.95
TXN-02395,2024-12-11,American Airlines,1500.0,Travel - Airfare,6400,Operating Expense - Travel,Yes,Finance,0.8999999999999999
TXN-02396,2024-07-21,Best Buy,500.0,Hardware - Equipment,1520,Fixed Asset - Equipment,Yes (Depreciated),HR,0.8999999999999999
TXN-02397,2024-09-09,Dhl,400.0,Shipping & Logistics,6900,Operating Expense - Shipping,Yes,Marketing,0.8799999999999999
TXN-02398,2024-09-16,Amazon,299.0,Hardware - Equipment,1520,Fixed Asset - Equipment,Yes (Depreciated),Marketing,0.8999999999999999
TXN-02399,2025-03-16,Fedex,500.0,Shipping & Logistics,6900,Operating Expense - Shipping,Yes,HR,0.8999999999999999
TXN-02400,2025-01-05,Doordash,50.0,Meals & Entertainment,6500,Operating Expense - Meals,Partial (50%),Engineering,0.8999999999999999
TXN-02401,2024-07-25,Hilton Hotels,700.0,Travel - Lodging,6420,Operating Expense - Travel,Yes,Engineering,0.8999999999999999
TXN-02402,2024-03-30,Quickbooks,300.0,Accounting Software,6720,Operating Expense - Services,Yes,HR,0.8999999999999999
TXN-02403,2024-09-26,Quickbooks,120.0,Accounting Software,6720,Operating Expense - Services,Yes,HR,0.8999999999999999
TXN-02404,2024-02-07,Accenture,7000.0,Professional Services,6700,Operating Expense - Services,Yes,Finance,0.8799999999999999
TXN-02405,2024-10-20,Stripe,2500.0,Software - Payments,6350,Operating Expense - Technology,Yes,Marketing,0.95
TXN-02406,2024-09-30,Verizon,350.0,Utilities - Telecom,6600,Operating Expense - Utilities,Yes,Operations,0.8999999999999999
TXN-02407,2024-12-16,Deloitte,50000.0,Professional Services,6700,Operating Expense - Services,Yes,Operations,0.8999999999999999
TXN-02408,2024-09-21,Dhl,400.0,Shipping & Logistics,6900,Operating Expense - Shipping,Yes,Finance,0.95
TXN-02409,2025-02-12,Delta Airlines,1400.0,Travel - Airfare,6400,Operating Expense - Travel,Yes,Finance,0.8999999999999999
TXN-02410,2024-05-18,Stripe,500.0,Software - Payments,6350,Operating Expense - Technology,Yes,Sales,0.8999999999999999
TXN-02411,2024-07-21,Mckinsey,60000.0,Professional Services,6700,Operating Expense - Services,Yes,Engineering,0.8799999999999999
TXN-02412,2024-12-29,Facebook Ads,800.0,Marketing - Digital,6800,Operating Expense - Marketing,Yes,Finance,0.8799999999999999
TXN-02413,2024-10-21,Google Ads,1000.0,Marketing - Digital,6800,Operating Expense - Marketing,Yes,Marketing,0.8999999999999999
TXN-02414,2024-10-27,Quickbooks,120.0,Accounting Software,6720,Operating Expense - Services,Yes,Marketing,0.95
TXN-02415,2024-02-07,Amazon Business,250.0,Office Supplies,6100,Operating Expense - Office,Yes,Marketing,0.8999999999999999
TXN-02416,2024-01-08,Restaurants.Com,300.0,Meals & Entertainment,6500,Operating Expense - Meals,Partial (50%),Marketing,0.8999999999999999
TXN-02417,2024-03-22,Best Buy,500.0,Hardware - Equipment,1520,Fixed Asset - Equipment,Yes (Depreciated),Marketing,0.8799999999999999
TXN-02418,2024-06-01,Hilton Hotels,400.0,Travel - Lodging,6420,Operating Expense - Travel,Yes,Finance,0.8999999999999999
TXN-02419,2024-02-07,Ups,120.0,Shipping & Logistics,6900,Operating Expense - Shipping,Yes,Marketing,0.8999999999999999
TXN-02420,2024-08-17,Herman Miller,800.0,Furniture - Fixed Asset,1540,Fixed Asset - Furniture,Yes (Depreciated),Marketing,0.8999999999999999
TXN-02421,2024-02-22,Time Warner,100.0,Utilities - Internet,6610,Operating Expense - Utilities,Yes,Marketing,0.8999999999999999
TXN-02422,2024-05-23,Amazon Business,250.0,Office Supplies,6100,Operating Expense - Office,Yes,Sales,0.8999999999999999
TXN-02423,2024-07-13,Ups,120.0,Shipping & Logistics,6900,Operating Expense - Shipping,Yes,Finance,0.8999999999999999
TXN-02424,2024-08-03,Twilio,50.0,Software - Communications,6340,Operating Expense - Technology,Yes,HR,0.8999999999999999
TXN-02425,2024-07-19,Apple Inc,799.0,Hardware - Equipment,1520,Fixed Asset - Equipment,Yes (Depreciated),Engineering,0.8999999999999999
TXN-02426,2024-11-27,Marriott Hotels,800.0,Travel - Lodging,6420,Operating Expense - Travel,Yes,Marketing,0.8999999999999999
TXN-02427,2024-05-21,Marriott Hotels,150.0,Travel - Lodging,6420,Operating Expense - Travel,Yes,Marketing,0.8999999999999999
TXN-02428,2025-03-12,Ubereats,100.0,Meals & Entertainment,6500,Operating Expense - Meals,Partial (50%),Sales,0.95
TXN-02429,2024-06-19,Dhl,30.0,Shipping & Logistics,6900,Operating Expense - Shipping,Yes,Sales,0.8999999999999999
TXN-02430,2024-09-15,Deloitte,5000.0,Professional Services,6700,Operating Expense - Services,Yes,Finance,0.8999999999999999
TXN-02431,2024-11-19,American Airlines,950.0,Travel - Airfare,6400,Operating Expense - Travel,Yes,Engineering,0.8999999999999999
TXN-02432,2024-02-19,Quickbooks,600.0,Accounting Software,6720,Operating Expense - Services,Yes,Marketing,0.8999999999999999
TXN-02433,2024-04-08,Restaurants.Com,80.0,Meals & Entertainment,6500,Operating Expense - Meals,Partial (50%),HR,0.95
TXN-02434,2024-07-13,Hubspot,500.0,Marketing - Software,6810,Operating Expense - Marketing,Yes,Operations,0.8999999999999999
TXN-02435,2024-10-07,Office Depot,75.0,Office Supplies,6100,Operating Expense - Office,Yes,Sales,0.8999999999999999
TXN-02436,2024-11-02,Ups,50.0,Shipping & Logistics,6900,Operating Expense - Shipping,Yes,Finance,0.8999999999999999
TXN-02437,2025-03-01,Airbnb,80.0,Travel - Lodging,6420,Operating Expense - Travel,Yes,Sales,0.8999999999999999
TXN-02438,2025-01-19,Salesforce,600.0,Software - SaaS,6320,Operating Expense - SaaS,Yes,Finance,0.8999999999999999
TXN-02439,2024-05-17,Ubereats,45.0,Meals & Entertainment,6500,Operating Expense - Meals,Partial (50%),Sales,0.8999999999999999
TXN-02440,2024-06-20,Microsoft Azure,1500.0,Software - Cloud,6310,Operating Expense - Technology,Yes,Finance,0.8999999999999999
TXN-02441,2024-10-25,Dhl,30.0,Shipping & Logistics,6900,Operating Expense - Shipping,Yes,Sales,0.8799999999999999
TXN-02442,2024-04-29,At&T,150.0,Utilities - Telecom,6600,Operating Expense - Utilities,Yes,Engineering,0.8999999999999999
TXN-02443,2024-01-12,Ikea,600.0,Furniture - Fixed Asset,1540,Fixed Asset - Furniture,Yes (Depreciated),Engineering,0.95
TXN-02444,2024-03-16,Hubspot,1200.0,Marketing - Software,6810,Operating Expense - Marketing,Yes,Finance,0.95
TXN-02445,2025-01-13,Steelcase,2500.0,Furniture - Fixed Asset,1540,Fixed Asset - Furniture,Yes (Depreciated),Finance,0.8999999999999999
TXN-02446,2025-02-20,Quickbooks,300.0,Accounting Software,6720,Operating Expense - Services,Yes,Operations,0.8999999999999999
TXN-02447,2024-02-05,Southwest Airlines,1000.0,Travel - Airfare,6400,Operating Expense - Travel,Yes,Operations,0.8999999999999999
TXN-02448,2025-01-05,Comcast,120.0,Utilities - Internet,6610,Operating Expense - Utilities,Yes,Engineering,0.8999999999999999
TXN-02449,2024-02-20,Marriott Hotels,250.0,Travel - Lodging,6420,Operating Expense - Travel,Yes,Finance,0.8999999999999999
TXN-02450,2024-02-15,Starbucks,15.0,Meals & Entertainment,6500,Operating Expense - Meals,Partial (50%),Finance,0.8999999999999999
TXN-02451,2024-08-28,United Airlines,2500.0,Travel - Airfare,6400,Operating Expense - Travel,Yes,Finance,0.95
TXN-02452,2025-03-30,Airbnb,80.0,Travel - Lodging,6420,Operating Expense - Travel,Yes,Finance,0.8999999999999999
TXN-02453,2024-05-27,Time Warner,180.0,Utilities - Internet,6610,Operating Expense - Utilities,Yes,Engineering,0.8999999999999999
TXN-02454,2025-02-16,Lenovo,400.0,Hardware - Equipment,1520,Fixed Asset - Equipment,Yes (Depreciated),HR,0.8999999999999999
TXN-02455,2024-06-18,Pwc,8000.0,Professional Services,6700,Operating Expense - Services,Yes,Sales,0.8999999999999999
TXN-02456,2025-03-27,Doordash,50.0,Meals & Entertainment,6500,Operating Expense - Meals,Partial (50%),Sales,0.8999999999999999
TXN-02457,2024-07-28,Lyft,12.0,Travel - Ground,6410,Operating Expense - Travel,Yes,Finance,0.95
TXN-02458,2024-10-17,Lyft,22.0,Travel - Ground,6410,Operating Expense - Travel,Yes,Sales,0.8999999999999999
TXN-02459,2024-06-30,Stripe,2500.0,Software - Payments,6350,Operating Expense - Technology,Yes,Marketing,0.95
TXN-02460,2024-08-19,Lawdepot,2500.0,Legal Services,6710,Operating Expense - Services,Yes,HR,0.8999999999999999
TXN-02461,2024-06-08,Comcast,120.0,Utilities - Internet,6610,Operating Expense - Utilities,Yes,Finance,0.8999999999999999
TXN-02462,2024-10-28,Office Depot,75.0,Office Supplies,6100,Operating Expense - Office,Yes,HR,0.95
TXN-02463,2024-11-05,Lawdepot,1000.0,Legal Services,6710,Operating Expense - Services,Yes,Finance,0.8999999999999999
TXN-02464,2024-04-01,Apple,1200.0,Hardware - Equipment,1520,Fixed Asset - Equipment,Yes (Depreciated),Finance,0.95
TXN-02465,2024-04-08,Google Ads,5000.0,Marketing - Digital,6800,Operating Expense - Marketing,Yes,Engineering,0.8999999999999999
TXN-02466,2024-10-30,Deloitte,5000.0,Professional Services,6700,Operating Expense - Services,Yes,Marketing,0.95
TXN-02467,2024-03-04,Restaurants.Com,40.0,Meals & Entertainment,6500,Operating Expense - Meals,Partial (50%),Sales,0.8999999999999999
TXN-02468,2025-01-09,Slack,125.0,Software - SaaS,6320,Operating Expense - SaaS,Yes,Operations,0.8999999999999999
TXN-02469,2025-03-25,Best Buy,1200.0,Hardware - Equipment,1520,Fixed Asset - Equipment,Yes (Depreciated),HR,0.8999999999999999
TXN-02470,2024-09-14,Aws,5000.0,Software - Cloud,6310,Operating Expense - Technology,Yes,Operations,0.8799999999999999
TXN-02471,2024-03-03,Grubhub,100.0,Meals & Entertainment,6500,Operating Expense - Meals,Partial (50%),Finance,0.8999999999999999
TXN-02472,2025-02-24,Lawdepot,500.0,Legal Services,6710,Operating Expense - Services,Yes,Marketing,0.8999999999999999
TXN-02473,2024-10-31,Chipotle,10.0,Meals & Entertainment,6500,Operating Expense - Meals,Partial (50%),Sales,0.8799999999999999
TXN-02474,2024-01-18,Slack,299.0,Software - SaaS,6320,Operating Expense - SaaS,Yes,HR,0.8999999999999999
TXN-02475,2024-01-02,Doordash,200.0,Meals & Entertainment,6500,Operating Expense - Meals,Partial (50%),Marketing,0.8999999999999999
TXN-02476,2024-04-24,Uber,15.0,Travel - Ground,6410,Operating Expense - Travel,Yes,Finance,0.95
TXN-02477,2024-07-28,At&T,150.0,Utilities - Telecom,6600,Operating Expense - Utilities,Yes,Operations,0.8999999999999999
TXN-02478,2024-01-01,Zoom,100.0,Software - SaaS,6320,Operating Expense - SaaS,Yes,Marketing,0.95
TXN-02479,2024-12-28,Lawdepot,200.0,Legal Services,6710,Operating Expense - Services,Yes,Engineering,0.8999999999999999
TXN-02480,2025-03-23,Google Cloud,1850.0,Software - Cloud,6310,Operating Expense - Technology,Yes,HR,0.8999999999999999
TXN-02481,2024-12-31,Aws,2341.0,Software - Cloud,6310,Operating Expense - Technology,Yes,HR,0.95
TXN-02482,2025-01-23,Southwest Airlines,350.0,Travel - Airfare,6400,Operating Expense - Travel,Yes,Finance,0.8999999999999999
TXN-02483,2024-07-17,Amazon Business,100.0,Office Supplies,6100,Operating Expense - Office,Yes,Operations,0.8999999999999999
TXN-02484,2025-02-02,Uber,45.0,Travel - Ground,6410,Operating Expense - Travel,Yes,HR,0.95
TXN-02485,2024-11-07,Ikea,300.0,Furniture - Fixed Asset,1540,Fixed Asset - Furniture,Yes (Depreciated),Operations,0.95
TXN-02486,2025-03-10,Marriott Hotels,250.0,Travel - Lodging,6420,Operating Expense - Travel,Yes,Sales,0.95
TXN-02487,2025-03-02,Best Buy,500.0,Hardware - Equipment,1520,Fixed Asset - Equipment,Yes (Depreciated),Sales,0.8999999999999999
TXN-02488,2024-02-23,Salesforce,300.0,Software - SaaS,6320,Operating Expense - SaaS,Yes,Sales,0.8999999999999999
TXN-02489,2024-08-08,Hubspot,200.0,Marketing - Software,6810,Operating Expense - Marketing,Yes,Operations,0.8999999999999999
TXN-02490,2024-06-29,Ubereats,100.0,Meals & Entertainment,6500,Operating Expense - Meals,Partial (50%),Finance,0.8999999999999999
TXN-02491,2024-08-02,Slack,99.0,Software - SaaS,6320,Operating Expense - SaaS,Yes,Marketing,0.8799999999999999
TXN-02492,2024-02-22,Starbucks,10.0,Meals & Entertainment,6500,Operating Expense - Meals,Partial (50%),Finance,0.8999999999999999
TXN-02493,2024-05-03,Pwc,8000.0,Professional Services,6700,Operating Expense - Services,Yes,Marketing,0.8999999999999999
TXN-02494,2024-07-18,Slack,125.0,Software - SaaS,6320,Operating Expense - SaaS,Yes,HR,0.8999999999999999
TXN-02495,2025-03-17,Staples,50.0,Office Supplies,6100,Operating Expense - Office,Yes,Marketing,0.95
TXN-02496,2024-09-26,Hubspot,1200.0,Marketing - Software,6810,Operating Expense - Marketing,Yes,Engineering,0.8799999999999999
TXN-02497,2024-06-09,Accenture,3000.0,Professional Services,6700,Operating Expense - Services,Yes,Sales,0.8999999999999999
TXN-02498,2024-03-31,Lawdepot,2500.0,Legal Services,6710,Operating Expense - Services,Yes,HR,0.95
TXN-02499,2025-01-15,Lyft,22.0,Travel - Ground,6410,Operating Expense - Travel,Yes,Marketing,0.93
TXN-02500,2024-04-27,Dhl,60.0,Shipping & Logistics,6900,Operating Expense - Shipping,Yes,Engineering,0.8999999999999999
TXN-02501,2024-01-01,Amazon,2499.0,Hardware - Equipment,1520,Fixed Asset - Equipment,Yes (Depreciated),HR,0.8999999999999999
TXN-02502,2024-12-15,Accenture Inc,15000.0,Professional Services,6700,Operating Expense - Services,Yes,Finance,0.8999999999999999
TXN-02503,2024-07-05,Zoom,200.0,Software - SaaS,6320,Operating Expense - SaaS,Yes,HR,0.95
TXN-02504,2024-12-05,Github,21.0,Software - Development,6360,Operating Expense - Technology,Yes,HR,0.8999999999999999
TXN-02505,2024-01-23,Salesforce,300.0,Software - SaaS,6320,Operating Expense - SaaS,Yes,Operations,0.8999999999999999
TXN-02506,2024-12-25,Best Buy,1200.0,Hardware - Equipment,1520,Fixed Asset - Equipment,Yes (Depreciated),Sales,0.95
TXN-02507,2024-09-06,Amazon Business,500.0,Office Supplies,6100,Operating Expense - Office,Yes,Engineering,0.8999999999999999
TXN-02508,2024-07-30,At&T,300.0,Utilities - Telecom,6600,Operating Expense - Utilities,Yes,Sales,0.93
TXN-02509,2025-03-23,Accenture,7000.0,Professional Services,6700,Operating Expense - Services,Yes,Finance,0.8999999999999999
TXN-02510,2024-06-09,Amazon,299.0,Hardware - Equipment,1520,Fixed Asset - Equipment,Yes (Depreciated),Operations,0.8999999999999999
TXN-02511,2024-09-23,Ups,25.0,Shipping & Logistics,6900,Operating Expense - Shipping,Yes,Operations,0.95
TXN-02512,2024-03-24,Linkedin Ads,5000.0,Marketing - Digital,6800,Operating Expense - Marketing,Yes,Operations,0.8999999999999999
TXN-02513,2025-03-14,At&T,300.0,Utilities - Telecom,6600,Operating Expense - Utilities,Yes,Marketing,0.8999999999999999
TXN-02514,2024-03-18,Datadog,400.0,Software - Monitoring,6330,Operating Expense - Technology,Yes,Engineering,0.8999999999999999
TXN-02515,2024-11-05,Hilton Hotels,220.0,Travel - Lodging,6420,Operating Expense - Travel,Yes,Marketing,0.8999999999999999
TXN-02516,2024-08-29,Verizon,350.0,Utilities - Telecom,6600,Operating Expense - Utilities,Yes,HR,0.95
TXN-02517,2024-04-05,Datadog,400.0,Software - Monitoring,6330,Operating Expense - Technology,Yes,Finance,0.95
TXN-02518,2024-06-29,Accenture,7000.0,Professional Services,6700,Operating Expense - Services,Yes,Marketing,0.8799999999999999
TXN-02519,2024-11-09,Lyft,60.0,Travel - Ground,6410,Operating Expense - Travel,Yes,Sales,0.8999999999999999
TXN-02520,2024-03-12,United Airlines,250.0,Travel - Airfare,6400,Operating Expense - Travel,Yes,Operations,0.93
TXN-02521,2025-01-16,American Airlines Inc,550.0,Travel - Airfare,6400,Operating Expense - Travel,Yes,Operations,0.8999999999999999
TXN-02522,2024-10-11,Time Warner,180.0,Utilities - Internet,6610,Operating Expense - Utilities,Yes,Operations,0.8999999999999999
TXN-02523,2024-12-28,Best Buy,1200.0,Hardware - Equipment,1520,Fixed Asset - Equipment,Yes (Depreciated),Marketing,0.8999999999999999
TXN-02524,2024-06-19,Herman Miller,800.0,Furniture - Fixed Asset,1540,Fixed Asset - Furniture,Yes (Depreciated),Engineering,0.8999999999999999
TXN-02525,2025-03-14,Google Cloud,1850.0,Software - Cloud,6310,Operating Expense - Technology,Yes,Sales,0.8999999999999999
TXN-02526,2025-01-11,Salesforce,600.0,Software - SaaS,6320,Operating Expense - SaaS,Yes,Finance,0.8999999999999999
TXN-02527,2024-01-21,Amazon Business,250.0,Office Supplies,6100,Operating Expense - Office,Yes,Finance,0.8999999999999999
TXN-02528,2024-07-16,Aws,500.0,Software - Cloud,6310,Operating Expense - Technology,Yes,Engineering,0.8999999999999999
TXN-02529,2025-02-07,Apple,199.0,Hardware - Equipment,1520,Fixed Asset - Equipment,Yes (Depreciated),Marketing,0.93
TXN-02530,2024-05-16,Hubspot,50.0,Marketing - Software,6810,Operating Expense - Marketing,Yes,Marketing,0.95
TXN-02531,2024-01-04,Ups,50.0,Shipping & Logistics,6900,Operating Expense - Shipping,Yes,Finance,0.8999999999999999
TXN-02532,2024-12-02,Marriott Hotels,450.0,Travel - Lodging,6420,Operating Expense - Travel,Yes,Finance,0.8999999999999999
TXN-02533,2024-03-28,Uber,15.0,Travel - Ground,6410,Operating Expense - Travel,Yes,Finance,0.8999999999999999
TXN-02534,2024-11-19,Pwc,40000.0,Professional Services,6700,Operating Expense - Services,Yes,HR,0.95
TXN-02535,2025-03-25,Deloitte,5000.0,Professional Services,6700,Operating Expense - Services,Yes,Marketing,0.95
TXN-02536,2025-03-29,Stripe,100.0,Software - Payments,6350,Operating Expense - Technology,Yes,Engineering,0.8999999999999999
TXN-02537,2024-05-22,Lyft,60.0,Travel - Ground,6410,Operating Expense - Travel,Yes,Finance,0.8999999999999999
TXN-02538,2024-06-21,Staples,50.0,Office Supplies,6100,Operating Expense - Office,Yes,Engineering,0.8999999999999999
TXN-02539,2024-02-27,Grubhub,180.0,Meals & Entertainment,6500,Operating Expense - Meals,Partial (50%),Marketing,0.95
TXN-02540,2024-09-01,Twilio,1000.0,Software - Communications,6340,Operating Expense - Technology,Yes,Operations,0.8999999999999999
TXN-02541,2025-03-24,Hilton Hotels,400.0,Travel - Lodging,6420,Operating Expense - Travel,Yes,Operations,0.8999999999999999
TXN-02542,2025-01-30,Hubspot,200.0,Marketing - Software,6810,Operating Expense - Marketing,Yes,Marketing,0.8999999999999999
TXN-02543,2024-05-03,Xero,99.0,Accounting Software,6720,Operating Expense - Services,Yes,Finance,0.8999999999999999
TXN-02544,2024-12-09,Grubhub,180.0,Meals & Entertainment,6500,Operating Expense - Meals,Partial (50%),Operations,0.8999999999999999
TXN-02545,2024-10-12,Ikea,100.0,Furniture - Fixed Asset,1540,Fixed Asset - Furniture,Yes (Depreciated),HR,0.8999999999999999
TXN-02546,2024-10-03,Steelcase,600.0,Furniture - Fixed Asset,1540,Fixed Asset - Furniture,Yes (Depreciated),Engineering,0.8999999999999999
TXN-02547,2024-01-26,Lyft,12.0,Travel - Ground,6410,Operating Expense - Travel,Yes,Engineering,0.8999999999999999
TXN-02548,2025-01-26,Google Cloud,4000.0,Software - Cloud,6310,Operating Expense - Technology,Yes,HR,0.8999999999999999
TXN-02549,2024-09-06,Microsoft Azure,800.0,Software - Cloud,6310,Operating Expense - Technology,Yes,Operations,0.95
TXN-02550,2024-11-25,Delta Airlines,1400.0,Travel - Airfare,6400,Operating Expense - Travel,Yes,Engineering,0.8999999999999999
TXN-02551,2024-01-27,United Airlines,850.0,Travel - Airfare,6400,Operating Expense - Travel,Yes,HR,0.8999999999999999
TXN-02552,2024-02-02,Ups Inc,50.0,Shipping & Logistics,6900,Operating Expense - Shipping,Yes,Sales,0.8999999999999999
TXN-02553,2024-04-19,Lawdepot,500.0,Legal Services,6710,Operating Expense - Services,Yes,Marketing,0.8999999999999999
TXN-02554,2025-03-21,Amazon,2499.0,Hardware - Equipment,1520,Fixed Asset - Equipment,Yes (Depreciated),Sales,0.95
TXN-02555,2024-11-16,Time Warner,180.0,Utilities - Internet,6610,Operating Expense - Utilities,Yes,HR,0.8999999999999999
TXN-02556,2025-03-31,Doordash,100.0,Meals & Entertainment,6500,Operating Expense - Meals,Partial (50%),Marketing,0.8999999999999999
TXN-02557,2024-07-14,United Airlines,250.0,Travel - Airfare,6400,Operating Expense - Travel,Yes,Sales,0.8999999999999999
TXN-02558,2024-03-14,Lyft,22.0,Travel - Ground,6410,Operating Expense - Travel,Yes,Operations,0.8999999999999999
TXN-02559,2024-11-18,Xero,99.0,Accounting Software,6720,Operating Expense - Services,Yes,Engineering,0.8999999999999999
TXN-02560,2024-04-22,Twilio,1000.0,Software - Communications,6340,Operating Expense - Technology,Yes,Operations,0.93
TXN-02561,2024-12-12,Restaurants.Com,80.0,Meals & Entertainment,6500,Operating Expense - Meals,Partial (50%),Operations,0.8799999999999999
TXN-02562,2024-03-23,Best Buy,100.0,Hardware - Equipment,1520,Fixed Asset - Equipment,Yes (Depreciated),Finance,0.8999999999999999
TXN-02563,2024-03-19,Fedex,300.0,Shipping & Logistics,6900,Operating Expense - Shipping,Yes,Finance,0.8999999999999999
TXN-02564,2024-09-15,Starbucks,5.0,Meals & Entertainment,6500,Operating Expense - Meals,Partial (50%),Finance,0.8999999999999999
TXN-02565,2024-01-23,Restaurants.Com,300.0,Meals & Entertainment,6500,Operating Expense - Meals,Partial (50%),Engineering,0.8799999999999999
TXN-02566,2024-09-26,Salesforce,1200.0,Software - SaaS,6320,Operating Expense - SaaS,Yes,Engineering,0.8999999999999999
TXN-02567,2024-05-26,Amazon Business,100.0,Office Supplies,6100,Operating Expense - Office,Yes,Sales,0.95
TXN-02568,2024-01-20,Google Cloud,950.0,Software - Cloud,6310,Operating Expense - Technology,Yes,Marketing,0.8999999999999999
TXN-02569,2024-10-05,Aws,2341.0,Software - Cloud,6310,Operating Expense - Technology,Yes,Sales,0.8799999999999999
TXN-02570,2024-06-01,Southwest Airlines,350.0,Travel - Airfare,6400,Operating Expense - Travel,Yes,Operations,0.8999999999999999
TXN-02571,2024-03-06,Herman Miller,1500.0,Furniture - Fixed Asset,1540,Fixed Asset - Furniture,Yes (Depreciated),Marketing,0.8999999999999999
TXN-02572,2024-04-18,Ups,120.0,Shipping & Logistics,6900,Operating Expense - Shipping,Yes,Operations,0.8999999999999999
TXN-02573,2024-05-10,Microsoft Azure,3000.0,Software - Cloud,6310,Operating Expense - Technology,Yes,Operations,0.95
TXN-02574,2024-01-31,Southwest Airlines,150.0,Travel - Airfare,6400,Operating Expense - Travel,Yes,Sales,0.8999999999999999
TXN-02575,2024-08-19,Apple,1200.0,Hardware - Equipment,1520,Fixed Asset - Equipment,Yes (Depreciated),Sales,0.8999999999999999
TXN-02576,2025-03-01,Deloitte,50000.0,Professional Services,6700,Operating Expense - Services,Yes,Operations,0.95
TXN-02577,2024-10-30,Github,231.0,Software - Development,6360,Operating Expense - Technology,Yes,HR,0.8999999999999999
TXN-02578,2024-02-06,Uber,45.0,Travel - Ground,6410,Operating Expense - Travel,Yes,Finance,0.8999999999999999
TXN-02579,2024-06-14,Facebook Ads,300.0,Marketing - Digital,6800,Operating Expense - Marketing,Yes,HR,0.95
TXN-02580,2025-01-27,Steelcase,1000.0,Furniture - Fixed Asset,1540,Fixed Asset - Furniture,Yes (Depreciated),Engineering,0.8999999999999999
TXN-02581,2024-06-22,Google Cloud,4000.0,Software - Cloud,6310,Operating Expense - Technology,Yes,Engineering,0.8999999999999999
TXN-02582,2024-03-10,Quickbooks,300.0,Accounting Software,6720,Operating Expense - Services,Yes,Engineering,0.8799999999999999
TXN-02583,2024-03-11,Best Buy,1200.0,Hardware - Equipment,1520,Fixed Asset - Equipment,Yes (Depreciated),Sales,0.95
TXN-02584,2024-12-13,Dhl,150.0,Shipping & Logistics,6900,Operating Expense - Shipping,Yes,Finance,0.8999999999999999
TXN-02585,2024-06-12,Verizon,200.0,Utilities - Telecom,6600,Operating Expense - Utilities,Yes,Sales,0.8999999999999999
TXN-02586,2024-06-15,Twilio,1000.0,Software - Communications,6340,Operating Expense - Technology,Yes,Sales,0.95
TXN-02587,2024-02-08,Marriott Hotels,150.0,Travel - Lodging,6420,Operating Expense - Travel,Yes,Marketing,0.8999999999999999
TXN-02588,2024-04-27,Comcast,200.0,Utilities - Internet,6610,Operating Expense - Utilities,Yes,Engineering,0.95
TXN-02589,2024-06-10,Southwest Airlines,1000.0,Travel - Airfare,6400,Operating Expense - Travel,Yes,Operations,0.8999999999999999
TXN-02590,2024-04-21,Apple Inc,1200.0,Hardware - Equipment,1520,Fixed Asset - Equipment,Yes (Depreciated),Sales,0.8999999999999999
TXN-02591,2024-05-13,Apple,1999.0,Hardware - Equipment,1520,Fixed Asset - Equipment,Yes (Depreciated),Operations,0.8999999999999999
TXN-02592,2024-01-14,Hubspot,1200.0,Marketing - Software,6810,Operating Expense - Marketing,Yes,Engineering,0.8999999999999999
TXN-02593,2024-06-06,Starbucks,7.0,Meals & Entertainment,6500,Operating Expense - Meals,Partial (50%),Sales,0.8999999999999999
TXN-02594,2024-04-14,Deloitte,25000.0,Professional Services,6700,Operating Expense - Services,Yes,Finance,0.8999999999999999
TXN-02595,2025-02-27,Microsoft Azure,300.0,Software - Cloud,6310,Operating Expense - Technology,Yes,Finance,0.8799999999999999
TXN-02596,2025-01-21,Chipotle,20.0,Meals & Entertainment,6500,Operating Expense - Meals,Partial (50%),Marketing,0.95
TXN-02597,2025-01-21,Ubereats,45.0,Meals & Entertainment,6500,Operating Expense - Meals,Partial (50%),Operations,0.8999999999999999
TXN-02598,2025-02-11,Dhl,400.0,Shipping & Logistics,6900,Operating Expense - Shipping,Yes,Sales,0.8999999999999999
TXN-02599,2025-01-11,Verizon,350.0,Utilities - Telecom,6600,Operating Expense - Utilities,Yes,HR,0.8999999999999999
TXN-02600,2025-01-09,At&T,80.0,Utilities - Telecom,6600,Operating Expense - Utilities,Yes,Sales,0.95
TXN-02601,2024-07-23,Delta Airlines,900.0,Travel - Airfare,6400,Operating Expense - Travel,Yes,Sales,0.8999999999999999
TXN-02602,2024-09-28,Restaurants.Com,80.0,Meals & Entertainment,6500,Operating Expense - Meals,Partial (50%),HR,0.8999999999999999
TXN-02603,2024-07-18,Starbucks,10.0,Meals & Entertainment,6500,Operating Expense - Meals,Partial (50%),Marketing,0.95
TXN-02604,2024-09-01,Time Warner,100.0,Utilities - Internet,6610,Operating Expense - Utilities,Yes,Engineering,0.8999999999999999
TXN-02605,2024-03-16,Southwest Airlines,150.0,Travel - Airfare,6400,Operating Expense - Travel,Yes,Marketing,0.8999999999999999
TXN-02606,2024-11-07,Comcast,70.0,Utilities - Internet,6610,Operating Expense - Utilities,Yes,Finance,0.8799999999999999
TXN-02607,2025-02-21,Mckinsey,15000.0,Professional Services,6700,Operating Expense - Services,Yes,Sales,0.8999999999999999
TXN-02608,2024-03-30,Ubereats,45.0,Meals & Entertainment,6500,Operating Expense - Meals,Partial (50%),HR,0.8999999999999999
TXN-02609,2025-01-08,Lawdepot,1000.0,Legal Services,6710,Operating Expense - Services,Yes,Finance,0.95
TXN-02610,2024-10-19,At&T,80.0,Utilities - Telecom,6600,Operating Expense - Utilities,Yes,Finance,0.8999999999999999
TXN-02611,2024-12-14,Pwc,4000.0,Professional Services,6700,Operating Expense - Services,Yes,Engineering,0.95
TXN-02612,2024-07-11,Dhl,400.0,Shipping & Logistics,6900,Operating Expense - Shipping,Yes,Operations,0.95
TXN-02613,2024-03-09,Delta Airlines,280.0,Travel - Airfare,6400,Operating Expense - Travel,Yes,Sales,0.8799999999999999
TXN-02614,2024-05-06,Slack,299.0,Software - SaaS,6320,Operating Expense - SaaS,Yes,Engineering,0.8999999999999999
TXN-02615,2024-04-21,Amazon Business,500.0,Office Supplies,6100,Operating Expense - Office,Yes,Operations,0.93
TXN-02616,2025-01-21,Hubspot Inc,50.0,Marketing - Software,6810,Operating Expense - Marketing,Yes,Sales,0.8999999999999999
TXN-02617,2024-09-30,Lenovo,2000.0,Hardware - Equipment,1520,Fixed Asset - Equipment,Yes (Depreciated),Engineering,0.95
TXN-02618,2024-02-09,Stripe,100.0,Software - Payments,6350,Operating Expense - Technology,Yes,Operations,0.95
TXN-02619,2024-10-30,Doordash,50.0,Meals & Entertainment,6500,Operating Expense - Meals,Partial (50%),Marketing,0.8999999999999999
TXN-02620,2024-10-05,Staples,300.0,Office Supplies,6100,Operating Expense - Office,Yes,HR,0.95
TXN-02621,2025-01-18,Facebook Ads,800.0,Marketing - Digital,6800,Operating Expense - Marketing,Yes,Sales,0.8999999999999999
TXN-02622,2024-06-02,Ups,350.0,Shipping & Logistics,6900,Operating Expense - Shipping,Yes,Engineering,0.95
TXN-02623,2024-09-29,Delta Airlines,500.0,Travel - Airfare,6400,Operating Expense - Travel,Yes,HR,0.8999999999999999
TXN-02624,2024-08-04,Pwc,4000.0,Professional Services,6700,Operating Expense - Services,Yes,Marketing,0.8999999999999999
TXN-02625,2024-11-13,Delta Airlines,500.0,Travel - Airfare,6400,Operating Expense - Travel,Yes,Operations,0.8999999999999999
TXN-02626,2024-01-24,Dhl,400.0,Shipping & Logistics,6900,Operating Expense - Shipping,Yes,HR,0.95
TXN-02627,2025-01-13,Uber,120.0,Travel - Ground,6410,Operating Expense - Travel,Yes,Engineering,0.8999999999999999
TXN-02628,2025-03-22,Chipotle,25.0,Meals & Entertainment,6500,Operating Expense - Meals,Partial (50%),Finance,0.8999999999999999
TXN-02629,2024-01-18,Grubhub,50.0,Meals & Entertainment,6500,Operating Expense - Meals,Partial (50%),Finance,0.8999999999999999
TXN-02630,2025-01-16,American Airlines,300.0,Travel - Airfare,6400,Operating Expense - Travel,Yes,Sales,0.8999999999999999
TXN-02631,2024-06-12,Lenovo,2000.0,Hardware - Equipment,1520,Fixed Asset - Equipment,Yes (Depreciated),Marketing,0.8799999999999999
TXN-02632,2024-02-07,Staples,300.0,Office Supplies,6100,Operating Expense - Office,Yes,Operations,0.93
TXN-02633,2025-03-30,Delta Airlines,280.0,Travel - Airfare,6400,Operating Expense - Travel,Yes,Engineering,0.8999999999999999
TXN-02634,2024-08-28,Pwc,20000.0,Professional Services,6700,Operating Expense - Services,Yes,Sales,0.8999999999999999
TXN-02635,2024-04-29,United Airlines,850.0,Travel - Airfare,6400,Operating Expense - Travel,Yes,Engineering,0.8999999999999999
TXN-02636,2024-10-11,Time Warner,60.0,Utilities - Internet,6610,Operating Expense - Utilities,Yes,Engineering,0.8999999999999999
TXN-02637,2024-09-21,Xero,99.0,Accounting Software,6720,Operating Expense - Services,Yes,Engineering,0.8999999999999999
TXN-02638,2024-03-28,Amazon,2499.0,Hardware - Equipment,1520,Fixed Asset - Equipment,Yes (Depreciated),Engineering,0.8999999999999999
TXN-02639,2024-03-29,Amazon,1200.0,Hardware - Equipment,1520,Fixed Asset - Equipment,Yes (Depreciated),HR,0.8999999999999999
TXN-02640,2024-09-21,Lawdepot,2500.0,Legal Services,6710,Operating Expense - Services,Yes,Marketing,0.8999999999999999
TXN-02641,2024-09-29,Fedex Inc,45.0,Shipping & Logistics,6900,Operating Expense - Shipping,Yes,Engineering,0.8999999999999999
TXN-02642,2024-07-22,At&T,300.0,Utilities - Telecom,6600,Operating Expense - Utilities,Yes,HR,0.95
TXN-02643,2024-04-08,Dhl,30.0,Shipping & Logistics,6900,Operating Expense - Shipping,Yes,Operations,0.8999999999999999
TXN-02644,2024-06-21,Github,21.0,Software - Development,6360,Operating Expense - Technology,Yes,Marketing,0.95
TXN-02645,2024-08-30,Pwc,4000.0,Professional Services,6700,Operating Expense - Services,Yes,Sales,0.8999999999999999
TXN-02646,2025-01-17,Staples,50.0,Office Supplies,6100,Operating Expense - Office,Yes,Marketing,0.8799999999999999
TXN-02647,2024-10-12,Amazon,1200.0,Hardware - Equipment,1520,Fixed Asset - Equipment,Yes (Depreciated),Sales,0.8999999999999999
TXN-02648,2024-05-03,Comcast,200.0,Utilities - Internet,6610,Operating Expense - Utilities,Yes,Marketing,0.8999999999999999
TXN-02649,2024-01-10,Apple,1999.0,Hardware - Equipment,1520,Fixed Asset - Equipment,Yes (Depreciated),HR,0.95
TXN-02650,2024-11-18,Github,500.0,Software - Development,6360,Operating Expense - Technology,Yes,Finance,0.95
TXN-02651,2024-12-08,Deloitte,25000.0,Professional Services,6700,Operating Expense - Services,Yes,Marketing,0.95
TXN-02652,2024-02-05,Accenture,3000.0,Professional Services,6700,Operating Expense - Services,Yes,HR,0.8999999999999999
TXN-02653,2024-08-01,Stripe,500.0,Software - Payments,6350,Operating Expense - Technology,Yes,Finance,0.8999999999999999
TXN-02654,2024-04-04,Airbnb,80.0,Travel - Lodging,6420,Operating Expense - Travel,Yes,Operations,0.8999999999999999
TXN-02655,2024-09-18,Herman Miller,3000.0,Furniture - Fixed Asset,1540,Fixed Asset - Furniture,Yes (Depreciated),Engineering,0.8999999999999999
TXN-02656,2024-03-29,Twilio,50.0,Software - Communications,6340,Operating Expense - Technology,Yes,HR,0.8999999999999999
TXN-02657,2024-06-13,Dhl,60.0,Shipping & Logistics,6900,Operating Expense - Shipping,Yes,Finance,0.95
TXN-02658,2024-10-09,United Airlines,450.0,Travel - Airfare,6400,Operating Expense - Travel,Yes,Operations,0.8999999999999999
TXN-02659,2024-03-24,Restaurants.Com,40.0,Meals & Entertainment,6500,Operating Expense - Meals,Partial (50%),Operations,0.8999999999999999
TXN-02660,2024-02-05,Staples,500.0,Office Supplies,6100,Operating Expense - Office,Yes,Marketing,0.8999999999999999
TXN-02661,2024-08-01,Airbnb,600.0,Travel - Lodging,6420,Operating Expense - Travel,Yes,Engineering,0.95
TXN-02662,2024-05-29,Time Warner,100.0,Utilities - Internet,6610,Operating Expense - Utilities,Yes,Operations,0.8999999999999999
TXN-02663,2024-01-02,American Airlines,950.0,Travel - Airfare,6400,Operating Expense - Travel,Yes,Finance,0.95
TXN-02664,2025-03-27,Zoom,299.0,Software - SaaS,6320,Operating Expense - SaaS,Yes,Marketing,0.8999999999999999
TXN-02665,2024-09-01,Stripe,100.0,Software - Payments,6350,Operating Expense - Technology,Yes,Sales,0.8999999999999999
TXN-02666,2024-01-18,Amazon Business,250.0,Office Supplies,6100,Operating Expense - Office,Yes,HR,0.95
TXN-02667,2024-04-01,Facebook Ads,800.0,Marketing - Digital,6800,Operating Expense - Marketing,Yes,Sales,0.8999999999999999
TXN-02668,2024-10-17,Accenture,7000.0,Professional Services,6700,Operating Expense - Services,Yes,HR,0.8999999999999999
TXN-02669,2024-12-05,Lenovo,2000.0,Hardware - Equipment,1520,Fixed Asset - Equipment,Yes (Depreciated),Operations,0.8999999999999999
TXN-02670,2025-03-09,Aws,500.0,Software - Cloud,6310,Operating Expense - Technology,Yes,Marketing,0.8799999999999999
TXN-02671,2024-09-17,Microsoft Azure,800.0,Software - Cloud,6310,Operating Expense - Technology,Yes,Operations,0.95
TXN-02672,2024-08-05,At&T,300.0,Utilities - Telecom,6600,Operating Expense - Utilities,Yes,Engineering,0.8999999999999999
TXN-02673,2024-07-28,Dhl,150.0,Shipping & Logistics,6900,Operating Expense - Shipping,Yes,HR,0.95
TXN-02674,2024-01-19,Google Ads,2500.0,Marketing - Digital,6800,Operating Expense - Marketing,Yes,Marketing,0.8999999999999999
TXN-02675,2024-02-26,Amazon Business Inc,250.0,Office Supplies,6100,Operating Expense - Office,Yes,HR,0.8999999999999999
TXN-02676,2024-09-16,Google Cloud,950.0,Software - Cloud,6310,Operating Expense - Technology,Yes,Marketing,0.95
TXN-02677,2024-09-10,At&T,300.0,Utilities - Telecom,6600,Operating Expense - Utilities,Yes,Sales,0.8999999999999999
TXN-02678,2024-01-14,Aws,2341.0,Software - Cloud,6310,Operating Expense - Technology,Yes,Sales,0.95
TXN-02679,2024-01-04,Pwc,4000.0,Professional Services,6700,Operating Expense - Services,Yes,Finance,0.93
TXN-02680,2025-03-29,American Airlines,550.0,Travel - Airfare,6400,Operating Expense - Travel,Yes,Marketing,0.8999999999999999
TXN-02681,2024-03-18,Aws,500.0,Software - Cloud,6310,Operating Expense - Technology,Yes,Sales,0.95
TXN-02682,2024-03-31,Twilio,50.0,Software - Communications,6340,Operating Expense - Technology,Yes,Finance,0.8999999999999999
TXN-02683,2024-06-26,Pwc,4000.0,Professional Services,6700,Operating Expense - Services,Yes,Sales,0.95
TXN-02684,2024-03-09,American Airlines,1500.0,Travel - Airfare,6400,Operating Expense - Travel,Yes,Engineering,0.8999999999999999
TXN-02685,2025-03-24,Slack,99.0,Software - SaaS,6320,Operating Expense - SaaS,Yes,Marketing,0.8999999999999999
TXN-02686,2024-02-23,Facebook Ads,300.0,Marketing - Digital,6800,Operating Expense - Marketing,Yes,Finance,0.8999999999999999
TXN-02687,2024-04-02,Best Buy,1200.0,Hardware - Equipment,1520,Fixed Asset - Equipment,Yes (Depreciated),HR,0.8999999999999999
TXN-02688,2025-03-27,Lyft,12.0,Travel - Ground,6410,Operating Expense - Travel,Yes,HR,0.8999999999999999
TXN-02689,2024-07-15,Aws,2341.0,Software - Cloud,6310,Operating Expense - Technology,Yes,Sales,0.8799999999999999
TXN-02690,2024-12-27,Zoom,100.0,Software - SaaS,6320,Operating Expense - SaaS,Yes,Engineering,0.8999999999999999
TXN-02691,2024-10-04,Starbucks,15.0,Meals & Entertainment,6500,Operating Expense - Meals,Partial (50%),Sales,0.8999999999999999
TXN-02692,2025-01-20,Herman Miller,1200.0,Furniture - Fixed Asset,1540,Fixed Asset - Furniture,Yes (Depreciated),Operations,0.8999999999999999
TXN-02693,2024-04-12,Dhl,150.0,Shipping & Logistics,6900,Operating Expense - Shipping,Yes,Engineering,0.8999999999999999
TXN-02694,2024-01-26,Southwest Airlines,350.0,Travel - Airfare,6400,Operating Expense - Travel,Yes,Sales,0.8999999999999999
TXN-02695,2024-03-07,Grubhub,100.0,Meals & Entertainment,6500,Operating Expense - Meals,Partial (50%),HR,0.8999999999999999
TXN-02696,2024-10-07,Xero,200.0,Accounting Software,6720,Operating Expense - Services,Yes,Finance,0.95
TXN-02697,2024-10-07,Fedex,20.0,Shipping & Logistics,6900,Operating Expense - Shipping,Yes,Sales,0.8999999999999999
TXN-02698,2025-01-06,Marriott Hotels,250.0,Travel - Lodging,6420,Operating Expense - Travel,Yes,Sales,0.8999999999999999
TXN-02699,2024-08-17,Pwc,20000.0,Professional Services,6700,Operating Expense - Services,Yes,Finance,0.8799999999999999
TXN-02700,2024-08-27,Amazon Business,500.0,Office Supplies,6100,Operating Expense - Office,Yes,Engineering,0.95
TXN-02701,2024-09-19,Staples,50.0,Office Supplies,6100,Operating Expense - Office,Yes,Marketing,0.8999999999999999
TXN-02702,2024-01-13,Starbucks,10.0,Meals & Entertainment,6500,Operating Expense - Meals,Partial (50%),Operations,0.8999999999999999
TXN-02703,2024-12-03,Comcast,70.0,Utilities - Internet,6610,Operating Expense - Utilities,Yes,Engineering,0.8999999999999999
TXN-02704,2025-03-28,Amazon,299.0,Hardware - Equipment,1520,Fixed Asset - Equipment,Yes (Depreciated),Marketing,0.8799999999999999
TXN-02705,2024-12-31,Ups,350.0,Shipping & Logistics,6900,Operating Expense - Shipping,Yes,Engineering,0.8999999999999999
TXN-02706,2024-03-05,Apple,199.0,Hardware - Equipment,1520,Fixed Asset - Equipment,Yes (Depreciated),Operations,0.95
TXN-02707,2024-10-19,Grubhub,100.0,Meals & Entertainment,6500,Operating Expense - Meals,Partial (50%),Engineering,0.95
TXN-02708,2025-01-06,Amazon,299.0,Hardware - Equipment,1520,Fixed Asset - Equipment,Yes (Depreciated),Engineering,0.8999999999999999
TXN-02709,2024-09-08,Chipotle,15.0,Meals & Entertainment,6500,Operating Expense - Meals,Partial (50%),Marketing,0.8999999999999999
TXN-02710,2024-03-31,Github Inc,231.0,Software - Development,6360,Operating Expense - Technology,Yes,Operations,0.8799999999999999
TXN-02711,2025-03-01,Microsoft Azure,800.0,Software - Cloud,6310,Operating Expense - Technology,Yes,Engineering,0.95
TXN-02712,2024-02-11,Lyft,60.0,Travel - Ground,6410,Operating Expense - Travel,Yes,Sales,0.8999999999999999
TXN-02713,2025-02-03,Ubereats,100.0,Meals & Entertainment,6500,Operating Expense - Meals,Partial (50%),Operations,0.8999999999999999
TXN-02714,2024-12-07,Datadog,400.0,Software - Monitoring,6330,Operating Expense - Technology,Yes,Operations,0.95
TXN-02715,2025-02-19,Slack,99.0,Software - SaaS,6320,Operating Expense - SaaS,Yes,HR,0.8999999999999999
TXN-02716,2024-07-24,Apple,799.0,Hardware - Equipment,1520,Fixed Asset - Equipment,Yes (Depreciated),Engineering,0.8999999999999999
TXN-02717,2025-02-12,Ikea,100.0,Furniture - Fixed Asset,1540,Fixed Asset - Furniture,Yes (Depreciated),Operations,0.8999999999999999
TXN-02718,2024-05-12,Staples,300.0,Office Supplies,6100,Operating Expense - Office,Yes,Marketing,0.8999999999999999
TXN-02719,2025-03-08,Aws,10000.0,Software - Cloud,6310,Operating Expense - Technology,Yes,Operations,0.95
TXN-02720,2024-03-02,Deloitte,10000.0,Professional Services,6700,Operating Expense - Services,Yes,Engineering,0.8999999999999999
TXN-02721,2024-09-15,Stripe Inc,500.0,Software - Payments,6350,Operating Expense - Technology,Yes,Engineering,0.8999999999999999
TXN-02722,2024-09-28,Quickbooks,600.0,Accounting Software,6720,Operating Expense - Services,Yes,Marketing,0.95
TXN-02723,2024-06-14,Fedex,500.0,Shipping & Logistics,6900,Operating Expense - Shipping,Yes,Engineering,0.95
TXN-02724,2024-05-18,Dhl,150.0,Shipping & Logistics,6900,Operating Expense - Shipping,Yes,HR,0.95
TXN-02725,2024-07-21,United Airlines,250.0,Travel - Airfare,6400,Operating Expense - Travel,Yes,Operations,0.95
TXN-02726,2024-04-03,Grubhub,50.0,Meals & Entertainment,6500,Operating Expense - Meals,Partial (50%),Operations,0.8999999999999999
TXN-02727,2024-08-28,Comcast,70.0,Utilities - Internet,6610,Operating Expense - Utilities,Yes,Marketing,0.8999999999999999
TXN-02728,2024-12-29,Staples Inc,300.0,Office Supplies,6100,Operating Expense - Office,Yes,Finance,0.95
TXN-02729,2024-01-24,Best Buy,100.0,Hardware - Equipment,1520,Fixed Asset - Equipment,Yes (Depreciated),Engineering,0.95
TXN-02730,2024-12-28,Datadog,400.0,Software - Monitoring,6330,Operating Expense - Technology,Yes,Finance,0.8999999999999999
TXN-02731,2024-06-30,Aws,2341.0,Software - Cloud,6310,Operating Expense - Technology,Yes,Sales,0.8999999999999999
TXN-02732,2024-04-03,Xero,200.0,Accounting Software,6720,Operating Expense - Services,Yes,Engineering,0.8999999999999999
TXN-02733,2024-01-20,Lenovo,1000.0,Hardware - Equipment,1520,Fixed Asset - Equipment,Yes (Depreciated),Finance,0.95
TXN-02734,2024-08-06,Chipotle,15.0,Meals & Entertainment,6500,Operating Expense - Meals,Partial (50%),Operations,0.8999999999999999
TXN-02735,2024-06-05,Comcast,200.0,Utilities - Internet,6610,Operating Expense - Utilities,Yes,Engineering,0.8999999999999999
TXN-02736,2024-04-03,Linkedin Ads,1000.0,Marketing - Digital,6800,Operating Expense - Marketing,Yes,Engineering,0.8999999999999999
TXN-02737,2024-09-15,Twilio,1000.0,Software - Communications,6340,Operating Expense - Technology,Yes,Engineering,0.8999999999999999
TXN-02738,2025-03-16,Deloitte,10000.0,Professional Services,6700,Operating Expense - Services,Yes,Engineering,0.8999999999999999
TXN-02739,2025-03-27,Github,21.0,Software - Development,6360,Operating Expense - Technology,Yes,Marketing,0.8999999999999999
TXN-02740,2024-12-31,Best Buy,100.0,Hardware - Equipment,1520,Fixed Asset - Equipment,Yes (Depreciated),HR,0.95
TXN-02741,2024-11-07,Slack,299.0,Software - SaaS,6320,Operating Expense - SaaS,Yes,Operations,0.8999999999999999
TXN-02742,2024-11-04,Grubhub,100.0,Meals & Entertainment,6500,Operating Expense - Meals,Partial (50%),Sales,0.8999999999999999
TXN-02743,2024-06-21,Grubhub,180.0,Meals & Entertainment,6500,Operating Expense - Meals,Partial (50%),HR,0.95
TXN-02744,2024-03-05,Stripe,100.0,Software - Payments,6350,Operating Expense - Technology,Yes,Finance,0.93
TXN-02745,2024-06-21,Hubspot,1200.0,Marketing - Software,6810,Operating Expense - Marketing,Yes,Marketing,0.95
TXN-02746,2024-03-02,Grubhub,50.0,Meals & Entertainment,6500,Operating Expense - Meals,Partial (50%),Sales,0.8999999999999999
TXN-02747,2025-03-20,Lyft,60.0,Travel - Ground,6410,Operating Expense - Travel,Yes,HR,0.95
TXN-02748,2024-10-25,American Airlines,1500.0,Travel - Airfare,6400,Operating Expense - Travel,Yes,Marketing,0.8999999999999999
TXN-02749,2024-04-15,Southwest Airlines,1000.0,Travel - Airfare,6400,Operating Expense - Travel,Yes,Operations,0.8999999999999999
TXN-02750,2024-07-01,Accenture,7000.0,Professional Services,6700,Operating Expense - Services,Yes,Operations,0.8999999999999999
TXN-02751,2024-09-29,Amazon Business,250.0,Office Supplies,6100,Operating Expense - Office,Yes,HR,0.95
TXN-02752,2024-12-18,Mckinsey,15000.0,Professional Services,6700,Operating Expense - Services,Yes,HR,0.8999999999999999
TXN-02753,2024-01-08,Delta Airlines,280.0,Travel - Airfare,6400,Operating Expense - Travel,Yes,Operations,0.8999999999999999
TXN-02754,2024-11-13,Apple,1200.0,Hardware - Equipment,1520,Fixed Asset - Equipment,Yes (Depreciated),Operations,0.8799999999999999
TXN-02755,2024-12-09,Salesforce,2500.0,Software - SaaS,6320,Operating Expense - SaaS,Yes,Finance,0.8999999999999999
TXN-02756,2025-01-26,Uber,15.0,Travel - Ground,6410,Operating Expense - Travel,Yes,Sales,0.93
TXN-02757,2024-03-23,Time Warner,60.0,Utilities - Internet,6610,Operating Expense - Utilities,Yes,Engineering,0.93
TXN-02758,2025-01-27,Stripe,100.0,Software - Payments,6350,Operating Expense - Technology,Yes,Finance,0.95
TXN-02759,2025-03-09,Southwest Airlines,650.0,Travel - Airfare,6400,Operating Expense - Travel,Yes,Finance,0.95
TXN-02760,2024-12-18,Staples,500.0,Office Supplies,6100,Operating Expense - Office,Yes,Engineering,0.95
TXN-02761,2024-04-16,Doordash,25.0,Meals & Entertainment,6500,Operating Expense - Meals,Partial (50%),Sales,0.8999999999999999
TXN-02762,2025-01-27,Pwc,8000.0,Professional Services,6700,Operating Expense - Services,Yes,Operations,0.8999999999999999
TXN-02763,2025-02-21,Apple Inc,1999.0,Hardware - Equipment,1520,Fixed Asset - Equipment,Yes (Depreciated),HR,0.8999999999999999
TXN-02764,2024-06-23,Best Buy,500.0,Hardware - Equipment,1520,Fixed Asset - Equipment,Yes (Depreciated),Sales,0.95
TXN-02765,2024-06-10,Slack,125.0,Software - SaaS,6320,Operating Expense - SaaS,Yes,Operations,0.8999999999999999
TXN-02766,2025-01-23,Aws,1000.0,Software - Cloud,6310,Operating Expense - Technology,Yes,Operations,0.8999999999999999
TXN-02767,2024-08-21,Apple,199.0,Hardware - Equipment,1520,Fixed Asset - Equipment,Yes (Depreciated),Engineering,0.8799999999999999
TXN-02768,2024-01-03,Airbnb,150.0,Travel - Lodging,6420,Operating Expense - Travel,Yes,Marketing,0.8999999999999999
TXN-02769,2024-03-28,Hubspot,50.0,Marketing - Software,6810,Operating Expense - Marketing,Yes,Finance,0.8999999999999999
TXN-02770,2024-08-29,Twilio,50.0,Software - Communications,6340,Operating Expense - Technology,Yes,Finance,0.8999999999999999
TXN-02771,2024-12-12,Uber Inc,65.0,Travel - Ground,6410,Operating Expense - Travel,Yes,Finance,0.8999999999999999
TXN-02772,2025-03-21,Github,231.0,Software - Development,6360,Operating Expense - Technology,Yes,Engineering,0.95
TXN-02773,2024-01-15,Mckinsey,60000.0,Professional Services,6700,Operating Expense - Services,Yes,Sales,0.8999999999999999
TXN-02774,2024-10-16,Office Depot,75.0,Office Supplies,6100,Operating Expense - Office,Yes,HR,0.8999999999999999
TXN-02775,2024-05-27,Time Warner,100.0,Utilities - Internet,6610,Operating Expense - Utilities,Yes,Marketing,0.95
TXN-02776,2025-01-19,Ups,25.0,Shipping & Logistics,6900,Operating Expense - Shipping,Yes,Operations,0.8999999999999999
TXN-02777,2025-02-28,Zoom,100.0,Software - SaaS,6320,Operating Expense - SaaS,Yes,Engineering,0.8999999999999999
TXN-02778,2025-03-06,Lawdepot,500.0,Legal Services,6710,Operating Expense - Services,Yes,Finance,0.8999999999999999
TXN-02779,2024-09-05,Mckinsey,60000.0,Professional Services,6700,Operating Expense - Services,Yes,Operations,0.8999999999999999
TXN-02780,2024-06-08,Steelcase,1800.0,Furniture - Fixed Asset,1540,Fixed Asset - Furniture,Yes (Depreciated),Engineering,0.8999999999999999
TXN-02781,2024-10-20,Grubhub,180.0,Meals & Entertainment,6500,Operating Expense - Meals,Partial (50%),Operations,0.8999999999999999
TXN-02782,2024-05-16,Mckinsey,30000.0,Professional Services,6700,Operating Expense - Services,Yes,Operations,0.95
TXN-02783,2024-09-05,Zoom,200.0,Software - SaaS,6320,Operating Expense - SaaS,Yes,Operations,0.95
TXN-02784,2025-03-05,Lenovo,2000.0,Hardware - Equipment,1520,Fixed Asset - Equipment,Yes (Depreciated),HR,0.8999999999999999
TXN-02785,2024-03-22,Time Warner,100.0,Utilities - Internet,6610,Operating Expense - Utilities,Yes,Marketing,0.93
TXN-02786,2024-02-14,Hilton Hotels,220.0,Travel - Lodging,6420,Operating Expense - Travel,Yes,HR,0.95
TXN-02787,2024-08-25,Ubereats,185.0,Meals & Entertainment,6500,Operating Expense - Meals,Partial (50%),Sales,0.95
TXN-02788,2024-12-15,United Airlines,450.0,Travel - Airfare,6400,Operating Expense - Travel,Yes,Engineering,0.95
TXN-02789,2024-10-25,Google Cloud,400.0,Software - Cloud,6310,Operating Expense - Technology,Yes,Operations,0.95
TXN-02790,2025-03-04,Restaurants.Com,300.0,Meals & Entertainment,6500,Operating Expense - Meals,Partial (50%),Marketing,0.8799999999999999
TXN-02791,2024-02-11,Dhl,150.0,Shipping & Logistics,6900,Operating Expense - Shipping,Yes,Operations,0.8999999999999999
TXN-02792,2024-07-28,Deloitte,5000.0,Professional Services,6700,Operating Expense - Services,Yes,Operations,0.95
TXN-02793,2024-07-19,Amazon,299.0,Hardware - Equipment,1520,Fixed Asset - Equipment,Yes (Depreciated),HR,0.8999999999999999
TXN-02794,2024-12-01,Quickbooks,600.0,Accounting Software,6720,Operating Expense - Services,Yes,Finance,0.93
TXN-02795,2024-03-01,Salesforce,1200.0,Software - SaaS,6320,Operating Expense - SaaS,Yes,Marketing,0.95
TXN-02796,2024-04-20,Xero,200.0,Accounting Software,6720,Operating Expense - Services,Yes,HR,0.8999999999999999
TXN-02797,2024-12-27,Accenture,3000.0,Professional Services,6700,Operating Expense - Services,Yes,Operations,0.8999999999999999
TXN-02798,2024-01-30,Verizon,200.0,Utilities - Telecom,6600,Operating Expense - Utilities,Yes,Engineering,0.8999999999999999
TXN-02799,2024-11-05,At&T,80.0,Utilities - Telecom,6600,Operating Expense - Utilities,Yes,Operations,0.95
TXN-02800,2025-02-28,Amazon Business,250.0,Office Supplies,6100,Operating Expense - Office,Yes,Marketing,0.95
TXN-02801,2024-05-20,Deloitte,50000.0,Professional Services,6700,Operating Expense - Services,Yes,Finance,0.8999999999999999
TXN-02802,2024-09-24,Amazon,299.0,Hardware - Equipment,1520,Fixed Asset - Equipment,Yes (Depreciated),Engineering,0.8999999999999999
TXN-02803,2024-04-04,Github,231.0,Software - Development,6360,Operating Expense - Technology,Yes,HR,0.93
TXN-02804,2024-11-09,Accenture,35000.0,Professional Services,6700,Operating Expense - Services,Yes,Marketing,0.8999999999999999
TXN-02805,2024-11-08,Twilio,200.0,Software - Communications,6340,Operating Expense - Technology,Yes,HR,0.8999999999999999
TXN-02806,2024-01-25,Delta Airlines,1400.0,Travel - Airfare,6400,Operating Expense - Travel,Yes,Marketing,0.95
TXN-02807,2024-05-23,Herman Miller,3000.0,Furniture - Fixed Asset,1540,Fixed Asset - Furniture,Yes (Depreciated),Marketing,0.95
TXN-02808,2024-11-15,Restaurants.Com,80.0,Meals & Entertainment,6500,Operating Expense - Meals,Partial (50%),Engineering,0.95
TXN-02809,2024-11-29,Lawdepot,200.0,Legal Services,6710,Operating Expense - Services,Yes,Sales,0.8799999999999999
TXN-02810,2024-04-29,Stripe,1250.0,Software - Payments,6350,Operating Expense - Technology,Yes,Finance,0.8999999999999999
TXN-02811,2024-07-18,Comcast,200.0,Utilities - Internet,6610,Operating Expense - Utilities,Yes,Finance,0.8799999999999999
TXN-02812,2024-10-11,American Airlines,550.0,Travel - Airfare,6400,Operating Expense - Travel,Yes,HR,0.95
TXN-02813,2024-09-17,Time Warner,100.0,Utilities - Internet,6610,Operating Expense - Utilities,Yes,Engineering,0.95
TXN-02814,2024-11-02,Xero,99.0,Accounting Software,6720,Operating Expense - Services,Yes,Marketing,0.8999999999999999
TXN-02815,2025-02-03,Doordash,25.0,Meals & Entertainment,6500,Operating Expense - Meals,Partial (50%),Engineering,0.93
TXN-02816,2024-12-01,Google Ads,5000.0,Marketing - Digital,6800,Operating Expense - Marketing,Yes,HR,0.8799999999999999
TXN-02817,2024-04-05,Ups,350.0,Shipping & Logistics,6900,Operating Expense - Shipping,Yes,Sales,0.8999999999999999
TXN-02818,2024-03-10,Hubspot,50.0,Marketing - Software,6810,Operating Expense - Marketing,Yes,Operations,0.8999999999999999
TXN-02819,2024-12-06,Verizon,200.0,Utilities - Telecom,6600,Operating Expense - Utilities,Yes,Operations,0.8799999999999999
TXN-02820,2025-01-23,Doordash,50.0,Meals & Entertainment,6500,Operating Expense - Meals,Partial (50%),Marketing,0.8999999999999999
TXN-02821,2024-09-05,Airbnb,80.0,Travel - Lodging,6420,Operating Expense - Travel,Yes,Engineering,0.8999999999999999
TXN-02822,2024-11-28,Ikea,300.0,Furniture - Fixed Asset,1540,Fixed Asset - Furniture,Yes (Depreciated),Finance,0.8999999999999999
TXN-02823,2024-07-09,Slack,99.0,Software - SaaS,6320,Operating Expense - SaaS,Yes,HR,0.8799999999999999
TXN-02824,2025-02-22,Staples,150.0,Office Supplies,6100,Operating Expense - Office,Yes,Sales,0.8999999999999999
TXN-02825,2024-05-05,Ups,350.0,Shipping & Logistics,6900,Operating Expense - Shipping,Yes,Finance,0.95
TXN-02826,2025-01-31,Chipotle,25.0,Meals & Entertainment,6500,Operating Expense - Meals,Partial (50%),Sales,0.8999999999999999
TXN-02827,2024-03-02,Apple,799.0,Hardware - Equipment,1520,Fixed Asset - Equipment,Yes (Depreciated),Finance,0.95
TXN-02828,2024-04-30,Fedex,45.0,Shipping & Logistics,6900,Operating Expense - Shipping,Yes,HR,0.8999999999999999
TXN-02829,2024-11-02,Marriott Hotels,250.0,Travel - Lodging,6420,Operating Expense - Travel,Yes,Engineering,0.8999999999999999
TXN-02830,2025-02-21,Microsoft Azure,800.0,Software - Cloud,6310,Operating Expense - Technology,Yes,Finance,0.95
TXN-02831,2024-10-17,Chipotle,20.0,Meals & Entertainment,6500,Operating Expense - Meals,Partial (50%),Engineering,0.8999999999999999
TXN-02832,2024-02-11,Xero,99.0,Accounting Software,6720,Operating Expense - Services,Yes,Engineering,0.8999999999999999
TXN-02833,2024-10-08,Mckinsey,60000.0,Professional Services,6700,Operating Expense - Services,Yes,Marketing,0.8999999999999999
TXN-02834,2024-02-27,Google Ads,1000.0,Marketing - Digital,6800,Operating Expense - Marketing,Yes,Operations,0.8999999999999999
TXN-02835,2025-01-18,Amazon Business,500.0,Office Supplies,6100,Operating Expense - Office,Yes,Operations,0.95
TXN-02836,2024-09-13,Hilton Hotels,220.0,Travel - Lodging,6420,Operating Expense - Travel,Yes,HR,0.8999999999999999
TXN-02837,2025-02-26,Ubereats,45.0,Meals & Entertainment,6500,Operating Expense - Meals,Partial (50%),Sales,0.8799999999999999
TXN-02838,2024-11-10,Github,21.0,Software - Development,6360,Operating Expense - Technology,Yes,HR,0.8999999999999999
TXN-02839,2025-02-25,Verizon,350.0,Utilities - Telecom,6600,Operating Expense - Utilities,Yes,Operations,0.8999999999999999
TXN-02840,2024-07-20,Hilton Hotels,400.0,Travel - Lodging,6420,Operating Expense - Travel,Yes,Sales,0.8999999999999999
TXN-02841,2024-12-03,Aws,500.0,Software - Cloud,6310,Operating Expense - Technology,Yes,Engineering,0.8999999999999999
TXN-02842,2024-05-02,Ikea,1200.0,Furniture - Fixed Asset,1540,Fixed Asset - Furniture,Yes (Depreciated),Marketing,0.8999999999999999
TXN-02843,2024-05-18,Google Ads,5000.0,Marketing - Digital,6800,Operating Expense - Marketing,Yes,Operations,0.93
TXN-02844,2024-04-03,Time Warner,100.0,Utilities - Internet,6610,Operating Expense - Utilities,Yes,Sales,0.8999999999999999
TXN-02845,2024-08-21,Ubereats,185.0,Meals & Entertainment,6500,Operating Expense - Meals,Partial (50%),Engineering,0.8799999999999999
TXN-02846,2024-03-29,Google Cloud,1850.0,Software - Cloud,6310,Operating Expense - Technology,Yes,Engineering,0.8799999999999999
TXN-02847,2025-02-05,Lenovo,2000.0,Hardware - Equipment,1520,Fixed Asset - Equipment,Yes (Depreciated),Operations,0.8999999999999999
TXN-02848,2025-01-09,United Airlines,250.0,Travel - Airfare,6400,Operating Expense - Travel,Yes,Engineering,0.8999999999999999
TXN-02849,2024-02-05,United Airlines,250.0,Travel - Airfare,6400,Operating Expense - Travel,Yes,Sales,0.8999999999999999
TXN-02850,2024-02-02,Mckinsey,60000.0,Professional Services,6700,Operating Expense - Services,Yes,Engineering,0.95
TXN-02851,2024-04-18,Salesforce,600.0,Software - SaaS,6320,Operating Expense - SaaS,Yes,Sales,0.95
TXN-02852,2024-05-07,Verizon,350.0,Utilities - Telecom,6600,Operating Expense - Utilities,Yes,HR,0.95
TXN-02853,2024-11-28,Steelcase,1800.0,Furniture - Fixed Asset,1540,Fixed Asset - Furniture,Yes (Depreciated),Sales,0.8999999999999999
TXN-02854,2024-02-17,Xero,99.0,Accounting Software,6720,Operating Expense - Services,Yes,Operations,0.8799999999999999
TXN-02855,2024-03-12,Time Warner,180.0,Utilities - Internet,6610,Operating Expense - Utilities,Yes,Operations,0.8999999999999999
TXN-02856,2024-06-22,Amazon,2499.0,Hardware - Equipment,1520,Fixed Asset - Equipment,Yes (Depreciated),Finance,0.8999999999999999
TXN-02857,2025-02-18,Google Cloud,400.0,Software - Cloud,6310,Operating Expense - Technology,Yes,Marketing,0.8999999999999999
TXN-02858,2024-10-24,Ikea,100.0,Furniture - Fixed Asset,1540,Fixed Asset - Furniture,Yes (Depreciated),Finance,0.8799999999999999
TXN-02859,2024-02-15,Dell,1200.0,Hardware - Equipment,1520,Fixed Asset - Equipment,Yes (Depreciated),HR,0.95
TXN-02860,2024-02-04,Southwest Airlines,350.0,Travel - Airfare,6400,Operating Expense - Travel,Yes,Operations,0.8999999999999999
TXN-02861,2024-03-07,American Airlines,300.0,Travel - Airfare,6400,Operating Expense - Travel,Yes,HR,0.95
TXN-02862,2025-02-18,Herman Miller,1500.0,Furniture - Fixed Asset,1540,Fixed Asset - Furniture,Yes (Depreciated),HR,0.95
TXN-02863,2024-09-24,Datadog,1500.0,Software - Monitoring,6330,Operating Expense - Technology,Yes,Sales,0.95
TXN-02864,2025-02-26,Pwc,20000.0,Professional Services,6700,Operating Expense - Services,Yes,Sales,0.95
TXN-02865,2024-04-24,Ubereats,45.0,Meals & Entertainment,6500,Operating Expense - Meals,Partial (50%),Marketing,0.8999999999999999
TXN-02866,2024-08-04,Hilton Hotels,220.0,Travel - Lodging,6420,Operating Expense - Travel,Yes,Engineering,0.8999999999999999
TXN-02867,2025-03-31,Pwc,4000.0,Professional Services,6700,Operating Expense - Services,Yes,HR,0.8999999999999999
TXN-02868,2024-10-28,Steelcase,600.0,Furniture - Fixed Asset,1540,Fixed Asset - Furniture,Yes (Depreciated),Finance,0.8999999999999999
TXN-02869,2025-02-17,Restaurants.Com,150.0,Meals & Entertainment,6500,Operating Expense - Meals,Partial (50%),Finance,0.8999999999999999
TXN-02870,2024-09-09,Steelcase,600.0,Furniture - Fixed Asset,1540,Fixed Asset - Furniture,Yes (Depreciated),HR,0.8999999999999999
TXN-02871,2024-06-20,Aws,2341.0,Software - Cloud,6310,Operating Expense - Technology,Yes,Marketing,0.8999999999999999
TXN-02872,2024-07-16,Twilio,200.0,Software - Communications,6340,Operating Expense - Technology,Yes,Sales,0.8999999999999999
TXN-02873,2024-10-16,American Airlines,1500.0,Travel - Airfare,6400,Operating Expense - Travel,Yes,Operations,0.95
TXN-02874,2024-08-12,Airbnb,150.0,Travel - Lodging,6420,Operating Expense - Travel,Yes,HR,0.95
TXN-02875,2024-10-26,Salesforce,600.0,Software - SaaS,6320,Operating Expense - SaaS,Yes,Finance,0.8999999999999999
TXN-02876,2024-05-05,Lyft,12.0,Travel - Ground,6410,Operating Expense - Travel,Yes,Sales,0.8999999999999999
TXN-02877,2024-09-01,Microsoft Azure,800.0,Software - Cloud,6310,Operating Expense - Technology,Yes,HR,0.8799999999999999
TXN-02878,2024-02-09,Best Buy,500.0,Hardware - Equipment,1520,Fixed Asset - Equipment,Yes (Depreciated),Operations,0.95
TXN-02879,2025-01-05,American Airlines,550.0,Travel - Airfare,6400,Operating Expense - Travel,Yes,HR,0.95
TXN-02880,2025-02-08,Comcast,70.0,Utilities - Internet,6610,Operating Expense - Utilities,Yes,Engineering,0.8999999999999999
TXN-02881,2024-07-19,Facebook Ads,2000.0,Marketing - Digital,6800,Operating Expense - Marketing,Yes,Operations,0.8999999999999999
TXN-02882,2024-08-04,Best Buy,1200.0,Hardware - Equipment,1520,Fixed Asset - Equipment,Yes (Depreciated),Sales,0.95
TXN-02883,2024-05-16,United Airlines,2500.0,Travel - Airfare,6400,Operating Expense - Travel,Yes,Engineering,0.8999999999999999
TXN-02884,2024-12-15,Lawdepot,500.0,Legal Services,6710,Operating Expense - Services,Yes,Finance,0.8999999999999999
TXN-02885,2025-01-17,Lyft,60.0,Travel - Ground,6410,Operating Expense - Travel,Yes,HR,0.8799999999999999
TXN-02886,2024-04-23,Steelcase,1000.0,Furniture - Fixed Asset,1540,Fixed Asset - Furniture,Yes (Depreciated),Engineering,0.95
TXN-02887,2024-09-09,Stripe,500.0,Software - Payments,6350,Operating Expense - Technology,Yes,HR,0.8999999999999999
TXN-02888,2024-01-03,Herman Miller,800.0,Furniture - Fixed Asset,1540,Fixed Asset - Furniture,Yes (Depreciated),Marketing,0.8999999999999999
TXN-02889,2024-04-12,Hilton Hotels,220.0,Travel - Lodging,6420,Operating Expense - Travel,Yes,Engineering,0.95
TXN-02890,2024-04-25,Aws,2341.0,Software - Cloud,6310,Operating Expense - Technology,Yes,Sales,0.8999999999999999
TXN-02891,2024-03-06,Starbucks,15.0,Meals & Entertainment,6500,Operating Expense - Meals,Partial (50%),Operations,0.95
TXN-02892,2024-03-10,Pwc,40000.0,Professional Services,6700,Operating Expense - Services,Yes,Marketing,0.8999999999999999
TXN-02893,2024-04-22,Slack,299.0,Software - SaaS,6320,Operating Expense - SaaS,Yes,Marketing,0.8999999999999999
TXN-02894,2024-05-30,Pwc,40000.0,Professional Services,6700,Operating Expense - Services,Yes,HR,0.8999999999999999
TXN-02895,2024-03-01,Slack,199.0,Software - SaaS,6320,Operating Expense - SaaS,Yes,Marketing,0.8999999999999999
TXN-02896,2024-01-22,Linkedin Ads,1000.0,Marketing - Digital,6800,Operating Expense - Marketing,Yes,Sales,0.95
TXN-02897,2024-06-15,Verizon,100.0,Utilities - Telecom,6600,Operating Expense - Utilities,Yes,Finance,0.8999999999999999
TXN-02898,2024-10-14,Aws,1000.0,Software - Cloud,6310,Operating Expense - Technology,Yes,Marketing,0.8999999999999999
TXN-02899,2024-03-07,Accenture,35000.0,Professional Services,6700,Operating Expense - Services,Yes,Sales,0.95
TXN-02900,2024-09-06,Github,231.0,Software - Development,6360,Operating Expense - Technology,Yes,Sales,0.8999999999999999
TXN-02901,2024-04-06,Airbnb,150.0,Travel - Lodging,6420,Operating Expense - Travel,Yes,HR,0.8999999999999999
TXN-02902,2024-01-13,Apple,1200.0,Hardware - Equipment,1520,Fixed Asset - Equipment,Yes (Depreciated),HR,0.8999999999999999
TXN-02903,2024-07-01,At&T,80.0,Utilities - Telecom,6600,Operating Expense - Utilities,Yes,Engineering,0.95
TXN-02904,2024-11-20,American Airlines,1500.0,Travel - Airfare,6400,Operating Expense - Travel,Yes,Engineering,0.95
TXN-02905,2024-05-10,Dhl,400.0,Shipping & Logistics,6900,Operating Expense - Shipping,Yes,HR,0.93
TXN-02906,2024-01-09,Lenovo,400.0,Hardware - Equipment,1520,Fixed Asset - Equipment,Yes (Depreciated),Marketing,0.8999999999999999
TXN-02907,2024-03-15,Southwest Airlines,150.0,Travel - Airfare,6400,Operating Expense - Travel,Yes,Finance,0.8999999999999999
TXN-02908,2024-03-20,Chipotle,20.0,Meals & Entertainment,6500,Operating Expense - Meals,Partial (50%),Engineering,0.8799999999999999
TXN-02909,2024-02-06,Quickbooks,120.0,Accounting Software,6720,Operating Expense - Services,Yes,Marketing,0.95
TXN-02910,2025-03-09,Fedex,100.0,Shipping & Logistics,6900,Operating Expense - Shipping,Yes,Engineering,0.8999999999999999
TXN-02911,2024-02-11,Ubereats,20.0,Meals & Entertainment,6500,Operating Expense - Meals,Partial (50%),Marketing,0.8999999999999999
TXN-02912,2024-11-26,Microsoft Azure,800.0,Software - Cloud,6310,Operating Expense - Technology,Yes,HR,0.93
TXN-02913,2025-02-16,Starbucks,15.0,Meals & Entertainment,6500,Operating Expense - Meals,Partial (50%),Operations,0.95
TXN-02914,2024-07-31,Github,231.0,Software - Development,6360,Operating Expense - Technology,Yes,Finance,0.95
TXN-02915,2024-03-26,Ups,120.0,Shipping & Logistics,6900,Operating Expense - Shipping,Yes,Marketing,0.95
TXN-02916,2024-01-28,Verizon,350.0,Utilities - Telecom,6600,Operating Expense - Utilities,Yes,Marketing,0.8799999999999999
TXN-02917,2025-01-01,Steelcase,600.0,Furniture - Fixed Asset,1540,Fixed Asset - Furniture,Yes (Depreciated),Sales,0.95
TXN-02918,2025-02-04,Hubspot,1200.0,Marketing - Software,6810,Operating Expense - Marketing,Yes,Engineering,0.8999999999999999
TXN-02919,2024-12-27,Pwc,20000.0,Professional Services,6700,Operating Expense - Services,Yes,Sales,0.8999999999999999
TXN-02920,2025-02-16,Steelcase,2500.0,Furniture - Fixed Asset,1540,Fixed Asset - Furniture,Yes (Depreciated),HR,0.95
TXN-02921,2024-10-20,Staples,150.0,Office Supplies,6100,Operating Expense - Office,Yes,HR,0.8999999999999999
TXN-02922,2024-07-21,Zoom,200.0,Software - SaaS,6320,Operating Expense - SaaS,Yes,Marketing,0.8799999999999999
TXN-02923,2024-03-03,At&T,150.0,Utilities - Telecom,6600,Operating Expense - Utilities,Yes,Operations,0.8999999999999999
TXN-02924,2024-07-21,Restaurants.Com,40.0,Meals & Entertainment,6500,Operating Expense - Meals,Partial (50%),Sales,0.8999999999999999
TXN-02925,2024-10-28,Quickbooks,300.0,Accounting Software,6720,Operating Expense - Services,Yes,Finance,0.8999999999999999
TXN-02926,2024-08-24,Lyft,60.0,Travel - Ground,6410,Operating Expense - Travel,Yes,Operations,0.8999999999999999
TXN-02927,2024-02-07,Marriott Hotels,150.0,Travel - Lodging,6420,Operating Expense - Travel,Yes,Finance,0.8999999999999999
TXN-02928,2024-12-06,Grubhub,180.0,Meals & Entertainment,6500,Operating Expense - Meals,Partial (50%),HR,0.8999999999999999
TXN-02929,2024-12-17,Time Warner,100.0,Utilities - Internet,6610,Operating Expense - Utilities,Yes,Marketing,0.95
TXN-02930,2025-03-27,Dell,500.0,Hardware - Equipment,1520,Fixed Asset - Equipment,Yes (Depreciated),Operations,0.8999999999999999
TXN-02931,2024-11-19,Pwc,20000.0,Professional Services,6700,Operating Expense - Services,Yes,Sales,0.8999999999999999
TXN-02932,2025-02-10,Steelcase,2500.0,Furniture - Fixed Asset,1540,Fixed Asset - Furniture,Yes (Depreciated),Engineering,0.95
TXN-02933,2024-07-09,Google Ads,5000.0,Marketing - Digital,6800,Operating Expense - Marketing,Yes,Marketing,0.8999999999999999
TXN-02934,2025-03-17,Quickbooks,300.0,Accounting Software,6720,Operating Expense - Services,Yes,Operations,0.95
TXN-02935,2025-01-29,Xero,400.0,Accounting Software,6720,Operating Expense - Services,Yes,Sales,0.8999999999999999
TXN-02936,2024-09-19,Lenovo,1000.0,Hardware - Equipment,1520,Fixed Asset - Equipment,Yes (Depreciated),Marketing,0.8999999999999999
TXN-02937,2024-07-17,Herman Miller,800.0,Furniture - Fixed Asset,1540,Fixed Asset - Furniture,Yes (Depreciated),Finance,0.95
TXN-02938,2024-09-12,Steelcase,1000.0,Furniture - Fixed Asset,1540,Fixed Asset - Furniture,Yes (Depreciated),HR,0.93
TXN-02939,2025-02-22,Zoom,100.0,Software - SaaS,6320,Operating Expense - SaaS,Yes,Sales,0.8999999999999999
TXN-02940,2024-04-12,Aws,1000.0,Software - Cloud,6310,Operating Expense - Technology,Yes,Sales,0.8999999999999999
TXN-02941,2024-01-06,Airbnb,80.0,Travel - Lodging,6420,Operating Expense - Travel,Yes,Sales,0.8999999999999999
TXN-02942,2024-06-07,Deloitte,5000.0,Professional Services,6700,Operating Expense - Services,Yes,Marketing,0.8999999999999999
TXN-02943,2024-10-05,Starbucks,10.0,Meals & Entertainment,6500,Operating Expense - Meals,Partial (50%),Marketing,0.95
TXN-02944,2024-07-03,Staples,50.0,Office Supplies,6100,Operating Expense - Office,Yes,Marketing,0.8799999999999999
TXN-02945,2024-03-23,Dhl,30.0,Shipping & Logistics,6900,Operating Expense - Shipping,Yes,Sales,0.8999999999999999
TXN-02946,2024-01-17,Hubspot,50.0,Marketing - Software,6810,Operating Expense - Marketing,Yes,Finance,0.93
TXN-02947,2024-12-22,Amazon Business,100.0,Office Supplies,6100,Operating Expense - Office,Yes,Marketing,0.95
TXN-02948,2024-02-22,Ikea,300.0,Furniture - Fixed Asset,1540,Fixed Asset - Furniture,Yes (Depreciated),Marketing,0.8999999999999999
TXN-02949,2024-10-04,Ubereats,20.0,Meals & Entertainment,6500,Operating Expense - Meals,Partial (50%),Sales,0.95
TXN-02950,2024-07-21,Apple,1999.0,Hardware - Equipment,1520,Fixed Asset - Equipment,Yes (Depreciated),Finance,0.95
TXN-02951,2024-06-02,Github,21.0,Software - Development,6360,Operating Expense - Technology,Yes,Marketing,0.95
TXN-02952,2024-06-14,Zoom,200.0,Software - SaaS,6320,Operating Expense - SaaS,Yes,Engineering,0.8999999999999999
TXN-02953,2025-01-21,Starbucks,15.0,Meals & Entertainment,6500,Operating Expense - Meals,Partial (50%),Operations,0.8999999999999999
TXN-02954,2024-07-31,Time Warner,60.0,Utilities - Internet,6610,Operating Expense - Utilities,Yes,Operations,0.8999999999999999
TXN-02955,2024-03-16,Google Cloud,1850.0,Software - Cloud,6310,Operating Expense - Technology,Yes,Operations,0.8999999999999999
TXN-02956,2025-01-25,Southwest Airlines,650.0,Travel - Airfare,6400,Operating Expense - Travel,Yes,Sales,0.8999999999999999
TXN-02957,2024-04-14,United Airlines,1200.0,Travel - Airfare,6400,Operating Expense - Travel,Yes,Marketing,0.95
TXN-02958,2024-09-23,Office Depot,200.0,Office Supplies,6100,Operating Expense - Office,Yes,Engineering,0.8999999999999999
TXN-02959,2024-07-20,Starbucks,7.0,Meals & Entertainment,6500,Operating Expense - Meals,Partial (50%),HR,0.95
TXN-02960,2024-11-13,Zoom,299.0,Software - SaaS,6320,Operating Expense - SaaS,Yes,Finance,0.95
TXN-02961,2025-01-12,American Airlines,300.0,Travel - Airfare,6400,Operating Expense - Travel,Yes,Finance,0.95
TXN-02962,2024-01-10,Ikea,100.0,Furniture - Fixed Asset,1540,Fixed Asset - Furniture,Yes (Depreciated),Finance,0.8999999999999999
TXN-02963,2024-06-22,Staples,50.0,Office Supplies,6100,Operating Expense - Office,Yes,Sales,0.8999999999999999
TXN-02964,2025-03-22,Lyft,12.0,Travel - Ground,6410,Operating Expense - Travel,Yes,Sales,0.8999999999999999
TXN-02965,2024-02-27,Amazon,599.0,Hardware - Equipment,1520,Fixed Asset - Equipment,Yes (Depreciated),HR,0.95
TXN-02966,2024-06-04,Lyft Inc,40.0,Travel - Ground,6410,Operating Expense - Travel,Yes,Engineering,0.95
TXN-02967,2024-07-10,Amazon,2499.0,Hardware - Equipment,1520,Fixed Asset - Equipment,Yes (Depreciated),Engineering,0.95
TXN-02968,2024-12-08,Amazon Business,100.0,Office Supplies,6100,Operating Expense - Office,Yes,HR,0.8799999999999999
TXN-02969,2024-04-10,Chipotle,15.0,Meals & Entertainment,6500,Operating Expense - Meals,Partial (50%),Engineering,0.8999999999999999
TXN-02970,2024-10-13,Accenture,15000.0,Professional Services,6700,Operating Expense - Services,Yes,HR,0.95
TXN-02971,2024-04-04,Slack,125.0,Software - SaaS,6320,Operating Expense - SaaS,Yes,Marketing,0.8999999999999999
TXN-02972,2024-06-01,Lenovo,1000.0,Hardware - Equipment,1520,Fixed Asset - Equipment,Yes (Depreciated),HR,0.8999999999999999
TXN-02973,2024-02-28,Pwc,20000.0,Professional Services,6700,Operating Expense - Services,Yes,Sales,0.8999999999999999
TXN-02974,2024-06-23,Starbucks,7.0,Meals & Entertainment,6500,Operating Expense - Meals,Partial (50%),Operations,0.8999999999999999
TXN-02975,2024-10-27,Salesforce,300.0,Software - SaaS,6320,Operating Expense - SaaS,Yes,Sales,0.8999999999999999
TXN-02976,2025-03-22,Zoom,299.0,Software - SaaS,6320,Operating Expense - SaaS,Yes,Engineering,0.95
TXN-02977,2025-02-28,Staples,500.0,Office Supplies,6100,Operating Expense - Office,Yes,Engineering,0.8999999999999999
TXN-02978,2024-03-23,Delta Airlines,900.0,Travel - Airfare,6400,Operating Expense - Travel,Yes,HR,0.93
TXN-02979,2025-01-09,Aws,500.0,Software - Cloud,6310,Operating Expense - Technology,Yes,Marketing,0.95
TXN-02980,2024-06-11,Verizon,200.0,Utilities - Telecom,6600,Operating Expense - Utilities,Yes,Engineering,0.95
TXN-02981,2024-08-14,Zoom,200.0,Software - SaaS,6320,Operating Expense - SaaS,Yes,Engineering,0.95
TXN-02982,2024-02-07,Accenture,15000.0,Professional Services,6700,Operating Expense - Services,Yes,Engineering,0.8999999999999999
TXN-02983,2024-05-07,Herman Miller,1200.0,Furniture - Fixed Asset,1540,Fixed Asset - Furniture,Yes (Depreciated),Marketing,0.8999999999999999
TXN-02984,2024-10-16,Twilio,200.0,Software - Communications,6340,Operating Expense - Technology,Yes,Marketing,0.8999999999999999
TXN-02985,2024-02-27,Amazon,99.0,Hardware - Equipment,1520,Fixed Asset - Equipment,Yes (Depreciated),Marketing,0.8999999999999999
TXN-02986,2024-10-31,Accenture,15000.0,Professional Services,6700,Operating Expense - Services,Yes,HR,0.8999999999999999
TXN-02987,2024-10-23,Grubhub,50.0,Meals & Entertainment,6500,Operating Expense - Meals,Partial (50%),Operations,0.95
TXN-02988,2024-02-12,Accenture,7000.0,Professional Services,6700,Operating Expense - Services,Yes,Finance,0.8999999999999999
TXN-02989,2024-10-01,Comcast,200.0,Utilities - Internet,6610,Operating Expense - Utilities,Yes,Operations,0.95
TXN-02990,2024-04-21,Ubereats,20.0,Meals & Entertainment,6500,Operating Expense - Meals,Partial (50%),HR,0.95
TXN-02991,2024-02-03,Zoom,200.0,Software - SaaS,6320,Operating Expense - SaaS,Yes,Engineering,0.8999999999999999
TXN-02992,2024-07-26,Verizon,200.0,Utilities - Telecom,6600,Operating Expense - Utilities,Yes,Engineering,0.8999999999999999
TXN-02993,2024-11-01,Stripe,100.0,Software - Payments,6350,Operating Expense - Technology,Yes,Operations,0.8999999999999999
TXN-02994,2024-11-27,Lenovo,400.0,Hardware - Equipment,1520,Fixed Asset - Equipment,Yes (Depreciated),Engineering,0.95
TXN-02995,2024-01-03,Facebook Ads,2000.0,Marketing - Digital,6800,Operating Expense - Marketing,Yes,Engineering,0.8999999999999999
TXN-02996,2024-03-24,American Airlines,300.0,Travel - Airfare,6400,Operating Expense - Travel,Yes,Sales,0.8799999999999999
TXN-02997,2024-11-04,Office Depot,350.0,Office Supplies,6100,Operating Expense - Office,Yes,Marketing,0.95
TXN-02998,2024-05-24,Comcast,70.0,Utilities - Internet,6610,Operating Expense - Utilities,Yes,Marketing,0.95
TXN-02999,2024-04-03,Hilton Hotels,400.0,Travel - Lodging,6420,Operating Expense - Travel,Yes,Sales,0.8799999999999999
TXN-03000,2025-02-13,Staples,500.0,Office Supplies,6100,Operating Expense - Office,Yes,HR,0.8999999999999999
TXN-03001,2025-01-26,United Airlines,2500.0,Travel - Airfare,6400,Operating Expense - Travel,Yes,Finance,0.8999999999999999
TXN-03002,2024-10-01,Datadog,800.0,Software - Monitoring,6330,Operating Expense - Technology,Yes,Engineering,0.8999999999999999
TXN-03003,2024-04-28,Lawdepot,1000.0,Legal Services,6710,Operating Expense - Services,Yes,Marketing,0.95
TXN-03004,2024-08-11,Hubspot,200.0,Marketing - Software,6810,Operating Expense - Marketing,Yes,Sales,0.95
TXN-03005,2024-02-20,Github,231.0,Software - Development,6360,Operating Expense - Technology,Yes,Operations,0.95
TXN-03006,2024-09-04,Datadog,800.0,Software - Monitoring,6330,Operating Expense - Technology,Yes,Marketing,0.8999999999999999
TXN-03007,2024-04-17,Slack,99.0,Software - SaaS,6320,Operating Expense - SaaS,Yes,HR,0.8999999999999999
TXN-03008,2025-03-03,Ups,50.0,Shipping & Logistics,6900,Operating Expense - Shipping,Yes,Marketing,0.8999999999999999
TXN-03009,2024-03-07,Steelcase,1800.0,Furniture - Fixed Asset,1540,Fixed Asset - Furniture,Yes (Depreciated),Finance,0.8999999999999999
TXN-03010,2025-01-31,Doordash,100.0,Meals & Entertainment,6500,Operating Expense - Meals,Partial (50%),Sales,0.95
TXN-03011,2024-01-23,Office Depot,200.0,Office Supplies,6100,Operating Expense - Office,Yes,HR,0.95
TXN-03012,2024-06-27,American Airlines,950.0,Travel - Airfare,6400,Operating Expense - Travel,Yes,HR,0.8999999999999999
TXN-03013,2024-06-02,Microsoft Azure,1500.0,Software - Cloud,6310,Operating Expense - Technology,Yes,Finance,0.8999999999999999
TXN-03014,2024-01-19,Chipotle,10.0,Meals & Entertainment,6500,Operating Expense - Meals,Partial (50%),Marketing,0.8799999999999999
TXN-03015,2024-08-20,Salesforce,1200.0,Software - SaaS,6320,Operating Expense - SaaS,Yes,Finance,0.95
TXN-03016,2024-10-28,United Airlines,850.0,Travel - Airfare,6400,Operating Expense - Travel,Yes,HR,0.8999999999999999
TXN-03017,2025-02-07,Herman Miller,1200.0,Furniture - Fixed Asset,1540,Fixed Asset - Furniture,Yes (Depreciated),Engineering,0.95
TXN-03018,2024-04-03,Doordash,100.0,Meals & Entertainment,6500,Operating Expense - Meals,Partial (50%),HR,0.95
TXN-03019,2024-10-18,Hilton Hotels,400.0,Travel - Lodging,6420,Operating Expense - Travel,Yes,HR,0.8999999999999999
TXN-03020,2024-05-10,Stripe,100.0,Software - Payments,6350,Operating Expense - Technology,Yes,Finance,0.95
TXN-03021,2025-02-16,Chipotle,25.0,Meals & Entertainment,6500,Operating Expense - Meals,Partial (50%),Marketing,0.8999999999999999
TXN-03022,2024-08-30,Southwest Airlines,1000.0,Travel - Airfare,6400,Operating Expense - Travel,Yes,Sales,0.95
TXN-03023,2024-02-25,Zoom,200.0,Software - SaaS,6320,Operating Expense - SaaS,Yes,HR,0.95
TXN-03024,2025-01-14,Zoom,599.0,Software - SaaS,6320,Operating Expense - SaaS,Yes,HR,0.93
TXN-03025,2024-02-22,Deloitte,50000.0,Professional Services,6700,Operating Expense - Services,Yes,Marketing,0.8799999999999999
TXN-03026,2024-03-18,Stripe,1250.0,Software - Payments,6350,Operating Expense - Technology,Yes,HR,0.95
TXN-03027,2024-02-18,Fedex,500.0,Shipping & Logistics,6900,Operating Expense - Shipping,Yes,Sales,0.95
TXN-03028,2024-10-29,Dell,500.0,Hardware - Equipment,1520,Fixed Asset - Equipment,Yes (Depreciated),Sales,0.95
TXN-03029,2024-09-19,Google Ads,500.0,Marketing - Digital,6800,Operating Expense - Marketing,Yes,Engineering,0.95
TXN-03030,2024-09-01,Ikea,100.0,Furniture - Fixed Asset,1540,Fixed Asset - Furniture,Yes (Depreciated),Engineering,0.8999999999999999
TXN-03031,2024-04-18,Uber,120.0,Travel - Ground,6410,Operating Expense - Travel,Yes,Sales,0.8799999999999999
TXN-03032,2024-11-28,Steelcase,1000.0,Furniture - Fixed Asset,1540,Fixed Asset - Furniture,Yes (Depreciated),HR,0.8999999999999999
TXN-03033,2024-06-11,Doordash,50.0,Meals & Entertainment,6500,Operating Expense - Meals,Partial (50%),Sales,0.95
TXN-03034,2024-11-29,Fedex,100.0,Shipping & Logistics,6900,Operating Expense - Shipping,Yes,Operations,0.8999999999999999
TXN-03035,2024-03-31,Github,231.0,Software - Development,6360,Operating Expense - Technology,Yes,Marketing,0.95
TXN-03036,2024-06-01,Facebook Ads,800.0,Marketing - Digital,6800,Operating Expense - Marketing,Yes,Sales,0.8799999999999999
TXN-03037,2024-03-13,Google Ads,500.0,Marketing - Digital,6800,Operating Expense - Marketing,Yes,Sales,0.95
TXN-03038,2024-07-14,Facebook Ads,300.0,Marketing - Digital,6800,Operating Expense - Marketing,Yes,Operations,0.93
TXN-03039,2024-11-17,Herman Miller,1500.0,Furniture - Fixed Asset,1540,Fixed Asset - Furniture,Yes (Depreciated),Operations,0.8799999999999999
TXN-03040,2024-01-18,Fedex,500.0,Shipping & Logistics,6900,Operating Expense - Shipping,Yes,Finance,0.8999999999999999
TXN-03041,2024-05-26,Starbucks,10.0,Meals & Entertainment,6500,Operating Expense - Meals,Partial (50%),Finance,0.8999999999999999
TXN-03042,2024-02-18,Uber,45.0,Travel - Ground,6410,Operating Expense - Travel,Yes,Sales,0.8799999999999999
TXN-03043,2024-03-06,American Airlines,950.0,Travel - Airfare,6400,Operating Expense - Travel,Yes,Finance,0.95
TXN-03044,2024-12-25,At&T,150.0,Utilities - Telecom,6600,Operating Expense - Utilities,Yes,Operations,0.95
TXN-03045,2024-08-30,Twilio,50.0,Software - Communications,6340,Operating Expense - Technology,Yes,Operations,0.95
TXN-03046,2024-08-12,Datadog,800.0,Software - Monitoring,6330,Operating Expense - Technology,Yes,Marketing,0.8999999999999999
TXN-03047,2024-08-07,Stripe,1250.0,Software - Payments,6350,Operating Expense - Technology,Yes,Operations,0.8999999999999999
TXN-03048,2024-11-03,Datadog,800.0,Software - Monitoring,6330,Operating Expense - Technology,Yes,Engineering,0.95
TXN-03049,2024-07-29,Comcast,200.0,Utilities - Internet,6610,Operating Expense - Utilities,Yes,Operations,0.8999999999999999
TXN-03050,2024-04-26,Best Buy,100.0,Hardware - Equipment,1520,Fixed Asset - Equipment,Yes (Depreciated),HR,0.8999999999999999
TXN-03051,2024-04-27,Google Cloud,4000.0,Software - Cloud,6310,Operating Expense - Technology,Yes,Finance,0.8999999999999999
TXN-03052,2024-05-26,Best Buy,100.0,Hardware - Equipment,1520,Fixed Asset - Equipment,Yes (Depreciated),Finance,0.8999999999999999
TXN-03053,2025-01-10,Fedex,45.0,Shipping & Logistics,6900,Operating Expense - Shipping,Yes,Finance,0.8999999999999999
TXN-03054,2025-03-20,Google Cloud,4000.0,Software - Cloud,6310,Operating Expense - Technology,Yes,Engineering,0.8799999999999999
TXN-03055,2024-08-24,Starbucks,15.0,Meals & Entertainment,6500,Operating Expense - Meals,Partial (50%),Engineering,0.95
TXN-03056,2024-12-08,Lyft,40.0,Travel - Ground,6410,Operating Expense - Travel,Yes,HR,0.8999999999999999
TXN-03057,2024-07-06,Ikea,1200.0,Furniture - Fixed Asset,1540,Fixed Asset - Furniture,Yes (Depreciated),Sales,0.8999999999999999
TXN-03058,2024-07-08,Dell,2500.0,Hardware - Equipment,1520,Fixed Asset - Equipment,Yes (Depreciated),Sales,0.8999999999999999
TXN-03059,2024-06-08,Ups,120.0,Shipping & Logistics,6900,Operating Expense - Shipping,Yes,Operations,0.95
TXN-03060,2024-06-23,Hilton Hotels,700.0,Travel - Lodging,6420,Operating Expense - Travel,Yes,Engineering,0.95
TXN-03061,2024-10-14,Staples Inc,150.0,Office Supplies,6100,Operating Expense - Office,Yes,Sales,0.8999999999999999
TXN-03062,2024-09-20,Google Cloud Inc,4000.0,Software - Cloud,6310,Operating Expense - Technology,Yes,Marketing,0.8999999999999999
TXN-03063,2024-08-30,Salesforce,1200.0,Software - SaaS,6320,Operating Expense - SaaS,Yes,Sales,0.95
TXN-03064,2024-03-26,Aws,1000.0,Software - Cloud,6310,Operating Expense - Technology,Yes,Operations,0.95
TXN-03065,2024-08-24,Linkedin Ads,1000.0,Marketing - Digital,6800,Operating Expense - Marketing,Yes,HR,0.95
TXN-03066,2024-12-01,Xero,99.0,Accounting Software,6720,Operating Expense - Services,Yes,Engineering,0.95
TXN-03067,2025-02-27,Accenture,3000.0,Professional Services,6700,Operating Expense - Services,Yes,Marketing,0.95
TXN-03068,2024-11-30,Office Depot,75.0,Office Supplies,6100,Operating Expense - Office,Yes,Engineering,0.93
TXN-03069,2024-09-15,Fedex,300.0,Shipping & Logistics,6900,Operating Expense - Shipping,Yes,Operations,0.95
TXN-03070,2025-02-20,Xero,400.0,Accounting Software,6720,Operating Expense - Services,Yes,Marketing,0.95
TXN-03071,2024-09-10,Datadog,3000.0,Software - Monitoring,6330,Operating Expense - Technology,Yes,Operations,0.8799999999999999
TXN-03072,2024-12-31,Amazon Business,100.0,Office Supplies,6100,Operating Expense - Office,Yes,Marketing,0.8999999999999999
TXN-03073,2024-05-30,United Airlines,850.0,Travel - Airfare,6400,Operating Expense - Travel,Yes,Operations,0.8999999999999999
TXN-03074,2024-08-13,Airbnb,600.0,Travel - Lodging,6420,Operating Expense - Travel,Yes,Operations,0.8999999999999999
TXN-03075,2025-01-15,Quickbooks,120.0,Accounting Software,6720,Operating Expense - Services,Yes,Operations,0.8999999999999999
TXN-03076,2025-03-04,Ikea,1200.0,Furniture - Fixed Asset,1540,Fixed Asset - Furniture,Yes (Depreciated),Finance,0.95
TXN-03077,2024-08-30,Airbnb,150.0,Travel - Lodging,6420,Operating Expense - Travel,Yes,Engineering,0.8999999999999999
TXN-03078,2025-03-09,Marriott Hotels,800.0,Travel - Lodging,6420,Operating Expense - Travel,Yes,Finance,0.8999999999999999
TXN-03079,2024-03-30,Facebook Ads,4000.0,Marketing - Digital,6800,Operating Expense - Marketing,Yes,Operations,0.95
TXN-03080,2024-03-26,Hubspot,1200.0,Marketing - Software,6810,Operating Expense - Marketing,Yes,Marketing,0.95
TXN-03081,2024-09-30,Best Buy,500.0,Hardware - Equipment,1520,Fixed Asset - Equipment,Yes (Depreciated),Sales,0.8999999999999999
TXN-03082,2024-07-10,At&T,300.0,Utilities - Telecom,6600,Operating Expense - Utilities,Yes,Engineering,0.8999999999999999
TXN-03083,2025-02-12,Apple,199.0,Hardware - Equipment,1520,Fixed Asset - Equipment,Yes (Depreciated),Finance,0.95
TXN-03084,2024-04-28,American Airlines,950.0,Travel - Airfare,6400,Operating Expense - Travel,Yes,Operations,0.8999999999999999
TXN-03085,2024-05-16,Ubereats,100.0,Meals & Entertainment,6500,Operating Expense - Meals,Partial (50%),Sales,0.93
TXN-03086,2024-06-22,Herman Miller,1200.0,Furniture - Fixed Asset,1540,Fixed Asset - Furniture,Yes (Depreciated),Engineering,0.95
TXN-03087,2024-06-15,Deloitte,25000.0,Professional Services,6700,Operating Expense - Services,Yes,HR,0.95
TXN-03088,2024-01-06,Grubhub,50.0,Meals & Entertainment,6500,Operating Expense - Meals,Partial (50%),Sales,0.8999999999999999
TXN-03089,2024-12-10,Airbnb,600.0,Travel - Lodging,6420,Operating Expense - Travel,Yes,Finance,0.8999999999999999
TXN-03090,2024-07-31,Herman Miller,800.0,Furniture - Fixed Asset,1540,Fixed Asset - Furniture,Yes (Depreciated),Operations,0.8999999999999999
TXN-03091,2025-02-13,Google Ads,5000.0,Marketing - Digital,6800,Operating Expense - Marketing,Yes,Sales,0.8999999999999999
TXN-03092,2024-03-19,Grubhub,50.0,Meals & Entertainment,6500,Operating Expense - Meals,Partial (50%),HR,0.8999999999999999
TXN-03093,2024-09-17,Dhl,60.0,Shipping & Logistics,6900,Operating Expense - Shipping,Yes,Engineering,0.95
TXN-03094,2025-02-05,Lawdepot,2500.0,Legal Services,6710,Operating Expense - Services,Yes,Marketing,0.8999999999999999
TXN-03095,2024-01-18,Ikea,600.0,Furniture - Fixed Asset,1540,Fixed Asset - Furniture,Yes (Depreciated),Marketing,0.8999999999999999
TXN-03096,2024-12-14,Apple,799.0,Hardware - Equipment,1520,Fixed Asset - Equipment,Yes (Depreciated),Marketing,0.95
TXN-03097,2025-02-09,Comcast,70.0,Utilities - Internet,6610,Operating Expense - Utilities,Yes,HR,0.8999999999999999
TXN-03098,2024-02-22,Hubspot,200.0,Marketing - Software,6810,Operating Expense - Marketing,Yes,Finance,0.95
TXN-03099,2024-12-15,Google Cloud,1850.0,Software - Cloud,6310,Operating Expense - Technology,Yes,Operations,0.8999999999999999
TXN-03100,2024-04-14,Quickbooks,300.0,Accounting Software,6720,Operating Expense - Services,Yes,Engineering,0.8999999999999999
TXN-03101,2024-10-27,Time Warner,60.0,Utilities - Internet,6610,Operating Expense - Utilities,Yes,Operations,0.95
TXN-03102,2024-02-01,Xero,200.0,Accounting Software,6720,Operating Expense - Services,Yes,Marketing,0.95
TXN-03103,2024-03-15,At&T,150.0,Utilities - Telecom,6600,Operating Expense - Utilities,Yes,Finance,0.8999999999999999
TXN-03104,2025-02-12,Slack,99.0,Software - SaaS,6320,Operating Expense - SaaS,Yes,HR,0.8999999999999999
TXN-03105,2024-01-19,Airbnb,600.0,Travel - Lodging,6420,Operating Expense - Travel,Yes,Sales,0.8999999999999999
TXN-03106,2025-01-15,Google Cloud,4000.0,Software - Cloud,6310,Operating Expense - Technology,Yes,Operations,0.8999999999999999
TXN-03107,2024-04-05,Ubereats,100.0,Meals & Entertainment,6500,Operating Expense - Meals,Partial (50%),Finance,0.8999999999999999
TXN-03108,2024-07-19,Mckinsey,15000.0,Professional Services,6700,Operating Expense - Services,Yes,Operations,0.8999999999999999
TXN-03109,2024-04-09,Accenture,7000.0,Professional Services,6700,Operating Expense - Services,Yes,Marketing,0.8999999999999999
TXN-03110,2024-12-18,Twilio,1000.0,Software - Communications,6340,Operating Expense - Technology,Yes,Marketing,0.93
TXN-03111,2024-07-27,United Airlines,2500.0,Travel - Airfare,6400,Operating Expense - Travel,Yes,Operations,0.8999999999999999
TXN-03112,2024-10-08,United Airlines,850.0,Travel - Airfare,6400,Operating Expense - Travel,Yes,Sales,0.8999999999999999
TXN-03113,2024-08-17,Ikea,600.0,Furniture - Fixed Asset,1540,Fixed Asset - Furniture,Yes (Depreciated),Engineering,0.95
TXN-03114,2025-02-05,Steelcase,600.0,Furniture - Fixed Asset,1540,Fixed Asset - Furniture,Yes (Depreciated),Engineering,0.95
TXN-03115,2024-12-18,Doordash,25.0,Meals & Entertainment,6500,Operating Expense - Meals,Partial (50%),Operations,0.8999999999999999
TXN-03116,2024-10-12,Linkedin Ads,2500.0,Marketing - Digital,6800,Operating Expense - Marketing,Yes,Engineering,0.8999999999999999
TXN-03117,2024-05-11,At&T,300.0,Utilities - Telecom,6600,Operating Expense - Utilities,Yes,Engineering,0.95
TXN-03118,2024-12-09,Ikea,100.0,Furniture - Fixed Asset,1540,Fixed Asset - Furniture,Yes (Depreciated),Sales,0.8999999999999999
TXN-03119,2024-12-31,Hubspot,50.0,Marketing - Software,6810,Operating Expense - Marketing,Yes,Finance,0.95
TXN-03120,2024-10-16,Lenovo,2000.0,Hardware - Equipment,1520,Fixed Asset - Equipment,Yes (Depreciated),Engineering,0.8999999999999999
TXN-03121,2024-11-02,Best Buy,100.0,Hardware - Equipment,1520,Fixed Asset - Equipment,Yes (Depreciated),Operations,0.8999999999999999
TXN-03122,2024-02-27,Time Warner,180.0,Utilities - Internet,6610,Operating Expense - Utilities,Yes,Engineering,0.8999999999999999
TXN-03123,2024-01-07,Steelcase,1800.0,Furniture - Fixed Asset,1540,Fixed Asset - Furniture,Yes (Depreciated),Marketing,0.8799999999999999
TXN-03124,2024-07-12,Doordash,100.0,Meals & Entertainment,6500,Operating Expense - Meals,Partial (50%),Sales,0.8799999999999999
TXN-03125,2024-08-17,Ikea,1200.0,Furniture - Fixed Asset,1540,Fixed Asset - Furniture,Yes (Depreciated),Operations,0.8999999999999999
TXN-03126,2024-05-07,Uber,25.0,Travel - Ground,6410,Operating Expense - Travel,Yes,Operations,0.95
TXN-03127,2024-08-26,Doordash,200.0,Meals & Entertainment,6500,Operating Expense - Meals,Partial (50%),Engineering,0.8999999999999999
TXN-03128,2025-01-27,Verizon,200.0,Utilities - Telecom,6600,Operating Expense - Utilities,Yes,Finance,0.8999999999999999
TXN-03129,2025-01-29,Herman Miller,3000.0,Furniture - Fixed Asset,1540,Fixed Asset - Furniture,Yes (Depreciated),Marketing,0.8999999999999999
TXN-03130,2024-08-28,Hilton Hotels,400.0,Travel - Lodging,6420,Operating Expense - Travel,Yes,Operations,0.8999999999999999
TXN-03131,2024-05-04,Marriott Hotels,800.0,Travel - Lodging,6420,Operating Expense - Travel,Yes,Marketing,0.8999999999999999
TXN-03132,2024-07-13,Delta Airlines,280.0,Travel - Airfare,6400,Operating Expense - Travel,Yes,Operations,0.8999999999999999
TXN-03133,2024-03-26,Xero,99.0,Accounting Software,6720,Operating Expense - Services,Yes,Engineering,0.95
TXN-03134,2025-01-09,Starbucks,7.0,Meals & Entertainment,6500,Operating Expense - Meals,Partial (50%),Marketing,0.8999999999999999
TXN-03135,2024-10-15,Ubereats,100.0,Meals & Entertainment,6500,Operating Expense - Meals,Partial (50%),Marketing,0.95
TXN-03136,2024-05-03,Verizon,100.0,Utilities - Telecom,6600,Operating Expense - Utilities,Yes,Sales,0.8799999999999999
TXN-03137,2024-03-09,Airbnb,150.0,Travel - Lodging,6420,Operating Expense - Travel,Yes,Operations,0.8999999999999999
TXN-03138,2025-03-10,Office Depot,350.0,Office Supplies,6100,Operating Expense - Office,Yes,Operations,0.8999999999999999
TXN-03139,2024-09-08,Amazon,2499.0,Hardware - Equipment,1520,Fixed Asset - Equipment,Yes (Depreciated),Operations,0.8999999999999999
TXN-03140,2025-01-11,Stripe,100.0,Software - Payments,6350,Operating Expense - Technology,Yes,HR,0.95
TXN-03141,2024-04-27,Office Depot,350.0,Office Supplies,6100,Operating Expense - Office,Yes,Engineering,0.95
TXN-03142,2024-12-28,Accenture,35000.0,Professional Services,6700,Operating Expense - Services,Yes,Operations,0.8999999999999999
TXN-03143,2024-07-24,Microsoft Azure,1500.0,Software - Cloud,6310,Operating Expense - Technology,Yes,Engineering,0.8799999999999999
TXN-03144,2024-11-08,Xero,99.0,Accounting Software,6720,Operating Expense - Services,Yes,Sales,0.8999999999999999
TXN-03145,2025-03-21,Aws,2341.0,Software - Cloud,6310,Operating Expense - Technology,Yes,Marketing,0.8999999999999999
TXN-03146,2024-07-26,Doordash,25.0,Meals & Entertainment,6500,Operating Expense - Meals,Partial (50%),Engineering,0.8999999999999999
TXN-03147,2025-03-07,Doordash,200.0,Meals & Entertainment,6500,Operating Expense - Meals,Partial (50%),Operations,0.8999999999999999
TXN-03148,2024-05-13,Facebook Ads,2000.0,Marketing - Digital,6800,Operating Expense - Marketing,Yes,Engineering,0.8999999999999999
TXN-03149,2024-01-24,Amazon Business,500.0,Office Supplies,6100,Operating Expense - Office,Yes,Finance,0.95
TXN-03150,2024-04-18,Dell,500.0,Hardware - Equipment,1520,Fixed Asset - Equipment,Yes (Depreciated),Engineering,0.8999999999999999
TXN-03151,2025-03-21,Linkedin Ads,2500.0,Marketing - Digital,6800,Operating Expense - Marketing,Yes,Operations,0.95
TXN-03152,2025-01-20,Aws,2341.0,Software - Cloud,6310,Operating Expense - Technology,Yes,Engineering,0.95
TXN-03153,2024-10-04,Linkedin Ads,400.0,Marketing - Digital,6800,Operating Expense - Marketing,Yes,Finance,0.8999999999999999
TXN-03154,2024-01-11,Lawdepot,2500.0,Legal Services,6710,Operating Expense - Services,Yes,HR,0.8999999999999999
TXN-03155,2024-06-23,Lenovo,1000.0,Hardware - Equipment,1520,Fixed Asset - Equipment,Yes (Depreciated),HR,0.95
TXN-03156,2024-04-08,At&T,150.0,Utilities - Telecom,6600,Operating Expense - Utilities,Yes,Operations,0.8999999999999999
TXN-03157,2025-02-17,Ubereats,100.0,Meals & Entertainment,6500,Operating Expense - Meals,Partial (50%),Finance,0.95
TXN-03158,2024-09-29,Fedex,300.0,Shipping & Logistics,6900,Operating Expense - Shipping,Yes,Engineering,0.93
TXN-03159,2024-02-25,Datadog,3000.0,Software - Monitoring,6330,Operating Expense - Technology,Yes,Sales,0.8999999999999999
TXN-03160,2024-09-06,Ups,120.0,Shipping & Logistics,6900,Operating Expense - Shipping,Yes,Engineering,0.8999999999999999
TXN-03161,2024-07-31,Office Depot,75.0,Office Supplies,6100,Operating Expense - Office,Yes,Finance,0.95
TXN-03162,2024-05-03,Verizon,100.0,Utilities - Telecom,6600,Operating Expense - Utilities,Yes,Finance,0.8999999999999999
TXN-03163,2024-05-17,Mckinsey,30000.0,Professional Services,6700,Operating Expense - Services,Yes,HR,0.95
TXN-03164,2025-02-09,Doordash,25.0,Meals & Entertainment,6500,Operating Expense - Meals,Partial (50%),Sales,0.8999999999999999
TXN-03165,2024-05-10,Google Ads,500.0,Marketing - Digital,6800,Operating Expense - Marketing,Yes,Marketing,0.8999999999999999
TXN-03166,2024-06-24,Deloitte,50000.0,Professional Services,6700,Operating Expense - Services,Yes,Operations,0.8999999999999999
TXN-03167,2024-04-20,Amazon Business,500.0,Office Supplies,6100,Operating Expense - Office,Yes,Engineering,0.8999999999999999
TXN-03168,2024-12-13,Time Warner,180.0,Utilities - Internet,6610,Operating Expense - Utilities,Yes,Marketing,0.95
TXN-03169,2024-03-03,Delta Airlines,280.0,Travel - Airfare,6400,Operating Expense - Travel,Yes,HR,0.8799999999999999
TXN-03170,2024-08-06,Ikea,600.0,Furniture - Fixed Asset,1540,Fixed Asset - Furniture,Yes (Depreciated),Operations,0.8999999999999999
TXN-03171,2024-06-12,At&T,300.0,Utilities - Telecom,6600,Operating Expense - Utilities,Yes,Operations,0.8999999999999999
TXN-03172,2024-03-24,Accenture Inc,35000.0,Professional Services,6700,Operating Expense - Services,Yes,Sales,0.8999999999999999
TXN-03173,2024-05-12,Verizon,100.0,Utilities - Telecom,6600,Operating Expense - Utilities,Yes,Sales,0.8999999999999999
TXN-03174,2025-03-15,Microsoft Azure,3000.0,Software - Cloud,6310,Operating Expense - Technology,Yes,Marketing,0.8999999999999999
TXN-03175,2024-08-27,Dhl,150.0,Shipping & Logistics,6900,Operating Expense - Shipping,Yes,Marketing,0.93
TXN-03176,2024-03-13,United Airlines,450.0,Travel - Airfare,6400,Operating Expense - Travel,Yes,Engineering,0.95
TXN-03177,2024-08-10,Ubereats,45.0,Meals & Entertainment,6500,Operating Expense - Meals,Partial (50%),Operations,0.95
TXN-03178,2024-08-26,Office Depot,75.0,Office Supplies,6100,Operating Expense - Office,Yes,Marketing,0.8999999999999999
TXN-03179,2024-10-14,Stripe,1250.0,Software - Payments,6350,Operating Expense - Technology,Yes,Engineering,0.8999999999999999
TXN-03180,2024-08-09,Dhl,150.0,Shipping & Logistics,6900,Operating Expense - Shipping,Yes,Operations,0.95
TXN-03181,2024-12-03,Lawdepot,200.0,Legal Services,6710,Operating Expense - Services,Yes,Marketing,0.8999999999999999
TXN-03182,2024-12-22,Stripe,2500.0,Software - Payments,6350,Operating Expense - Technology,Yes,Operations,0.8999999999999999
TXN-03183,2024-08-07,Starbucks,15.0,Meals & Entertainment,6500,Operating Expense - Meals,Partial (50%),Finance,0.95
TXN-03184,2024-08-18,Hilton Hotels,220.0,Travel - Lodging,6420,Operating Expense - Travel,Yes,Engineering,0.8799999999999999
TXN-03185,2025-01-15,Twilio,500.0,Software - Communications,6340,Operating Expense - Technology,Yes,HR,0.8999999999999999
TXN-03186,2024-07-11,Chipotle,15.0,Meals & Entertainment,6500,Operating Expense - Meals,Partial (50%),Sales,0.95
TXN-03187,2025-01-09,At&T,150.0,Utilities - Telecom,6600,Operating Expense - Utilities,Yes,Marketing,0.95
TXN-03188,2024-05-24,Delta Airlines,1400.0,Travel - Airfare,6400,Operating Expense - Travel,Yes,Engineering,0.93
TXN-03189,2024-05-03,Datadog,3000.0,Software - Monitoring,6330,Operating Expense - Technology,Yes,Engineering,0.95
TXN-03190,2025-01-20,Github,500.0,Software - Development,6360,Operating Expense - Technology,Yes,Engineering,0.8999999999999999
TXN-03191,2024-01-02,Comcast,120.0,Utilities - Internet,6610,Operating Expense - Utilities,Yes,Engineering,0.8999999999999999
TXN-03192,2024-12-22,Office Depot,75.0,Office Supplies,6100,Operating Expense - Office,Yes,Engineering,0.8999999999999999
TXN-03193,2024-11-01,Amazon,599.0,Hardware - Equipment,1520,Fixed Asset - Equipment,Yes (Depreciated),Finance,0.8999999999999999
TXN-03194,2025-03-22,Fedex,20.0,Shipping & Logistics,6900,Operating Expense - Shipping,Yes,HR,0.8999999999999999
TXN-03195,2024-10-01,Southwest Airlines,650.0,Travel - Airfare,6400,Operating Expense - Travel,Yes,Sales,0.93
TXN-03196,2024-09-28,Google Cloud,4000.0,Software - Cloud,6310,Operating Expense - Technology,Yes,Sales,0.8999999999999999
TXN-03197,2024-05-15,Restaurants.Com,150.0,Meals & Entertainment,6500,Operating Expense - Meals,Partial (50%),Sales,0.95
TXN-03198,2024-09-15,Dell,2500.0,Hardware - Equipment,1520,Fixed Asset - Equipment,Yes (Depreciated),Engineering,0.8999999999999999
TXN-03199,2024-06-06,Time Warner,100.0,Utilities - Internet,6610,Operating Expense - Utilities,Yes,HR,0.8999999999999999
TXN-03200,2024-09-14,Grubhub,50.0,Meals & Entertainment,6500,Operating Expense - Meals,Partial (50%),HR,0.95
TXN-03201,2025-01-05,Chipotle,15.0,Meals & Entertainment,6500,Operating Expense - Meals,Partial (50%),Engineering,0.8999999999999999
TXN-03202,2024-02-12,Facebook Ads,4000.0,Marketing - Digital,6800,Operating Expense - Marketing,Yes,Operations,0.8799999999999999
TXN-03203,2025-01-05,Lyft,40.0,Travel - Ground,6410,Operating Expense - Travel,Yes,Sales,0.8999999999999999
TXN-03204,2024-05-23,Pwc,20000.0,Professional Services,6700,Operating Expense - Services,Yes,HR,0.95
TXN-03205,2024-01-09,Microsoft Azure,800.0,Software - Cloud,6310,Operating Expense - Technology,Yes,Marketing,0.8999999999999999
TXN-03206,2024-04-29,Amazon,299.0,Hardware - Equipment,1520,Fixed Asset - Equipment,Yes (Depreciated),Operations,0.8999999999999999
TXN-03207,2024-10-06,Stripe,2500.0,Software - Payments,6350,Operating Expense - Technology,Yes,Marketing,0.95
TXN-03208,2024-12-12,Lyft,40.0,Travel - Ground,6410,Operating Expense - Travel,Yes,Engineering,0.8999999999999999
TXN-03209,2025-02-04,Quickbooks,600.0,Accounting Software,6720,Operating Expense - Services,Yes,Operations,0.93
TXN-03210,2024-05-31,Pwc,20000.0,Professional Services,6700,Operating Expense - Services,Yes,Operations,0.8999999999999999
TXN-03211,2024-04-15,United Airlines,850.0,Travel - Airfare,6400,Operating Expense - Travel,Yes,Finance,0.8999999999999999
TXN-03212,2024-07-21,Datadog,400.0,Software - Monitoring,6330,Operating Expense - Technology,Yes,Sales,0.8999999999999999
TXN-03213,2024-07-24,Southwest Airlines,350.0,Travel - Airfare,6400,Operating Expense - Travel,Yes,Operations,0.8999999999999999
TXN-03214,2024-09-16,American Airlines,950.0,Travel - Airfare,6400,Operating Expense - Travel,Yes,Marketing,0.8999999999999999
TXN-03215,2024-01-26,Apple,1999.0,Hardware - Equipment,1520,Fixed Asset - Equipment,Yes (Depreciated),Marketing,0.8999999999999999
TXN-03216,2024-07-12,Datadog,3000.0,Software - Monitoring,6330,Operating Expense - Technology,Yes,HR,0.8799999999999999
TXN-03217,2024-09-05,Ubereats,20.0,Meals & Entertainment,6500,Operating Expense - Meals,Partial (50%),Finance,0.95
TXN-03218,2024-11-19,Herman Miller Inc,1200.0,Furniture - Fixed Asset,1540,Fixed Asset - Furniture,Yes (Depreciated),Marketing,0.95
TXN-03219,2024-02-27,Zoom,299.0,Software - SaaS,6320,Operating Expense - SaaS,Yes,Engineering,0.95
TXN-03220,2024-12-02,Dell,500.0,Hardware - Equipment,1520,Fixed Asset - Equipment,Yes (Depreciated),Operations,0.8999999999999999
TXN-03221,2024-04-07,Fedex,500.0,Shipping & Logistics,6900,Operating Expense - Shipping,Yes,Engineering,0.8999999999999999
TXN-03222,2025-02-23,Office Depot,350.0,Office Supplies,6100,Operating Expense - Office,Yes,Operations,0.8999999999999999
TXN-03223,2024-07-12,Pwc,20000.0,Professional Services,6700,Operating Expense - Services,Yes,Operations,0.8999999999999999
TXN-03224,2024-08-27,Quickbooks,120.0,Accounting Software,6720,Operating Expense - Services,Yes,HR,0.8999999999999999
TXN-03225,2024-03-31,Hubspot,50.0,Marketing - Software,6810,Operating Expense - Marketing,Yes,HR,0.95
TXN-03226,2024-05-01,Zoom,599.0,Software - SaaS,6320,Operating Expense - SaaS,Yes,HR,0.95
TXN-03227,2024-08-17,Doordash,200.0,Meals & Entertainment,6500,Operating Expense - Meals,Partial (50%),Sales,0.8999999999999999
TXN-03228,2024-05-04,Google Cloud,1850.0,Software - Cloud,6310,Operating Expense - Technology,Yes,HR,0.8999999999999999
TXN-03229,2024-05-24,Mckinsey,6000.0,Professional Services,6700,Operating Expense - Services,Yes,Finance,0.95
TXN-03230,2024-04-08,Airbnb,600.0,Travel - Lodging,6420,Operating Expense - Travel,Yes,HR,0.8999999999999999
TXN-03231,2024-01-17,Ups,50.0,Shipping & Logistics,6900,Operating Expense - Shipping,Yes,Marketing,0.8999999999999999
TXN-03232,2024-01-01,Comcast,200.0,Utilities - Internet,6610,Operating Expense - Utilities,Yes,Marketing,0.8999999999999999
TXN-03233,2024-11-06,Starbucks,10.0,Meals & Entertainment,6500,Operating Expense - Meals,Partial (50%),Marketing,0.8999999999999999
TXN-03234,2024-05-31,At&T,150.0,Utilities - Telecom,6600,Operating Expense - Utilities,Yes,Marketing,0.95
TXN-03235,2025-03-27,Mckinsey,15000.0,Professional Services,6700,Operating Expense - Services,Yes,Sales,0.8999999999999999
TXN-03236,2025-03-12,Ikea,300.0,Furniture - Fixed Asset,1540,Fixed Asset - Furniture,Yes (Depreciated),Marketing,0.93
TXN-03237,2024-06-16,Apple,1999.0,Hardware - Equipment,1520,Fixed Asset - Equipment,Yes (Depreciated),Finance,0.8999999999999999
TXN-03238,2024-05-21,Salesforce,600.0,Software - SaaS,6320,Operating Expense - SaaS,Yes,Sales,0.8999999999999999
TXN-03239,2024-11-22,United Airlines,1200.0,Travel - Airfare,6400,Operating Expense - Travel,Yes,Sales,0.8999999999999999
TXN-03240,2024-11-16,Southwest Airlines,350.0,Travel - Airfare,6400,Operating Expense - Travel,Yes,Engineering,0.8799999999999999
TXN-03241,2024-04-04,Starbucks,10.0,Meals & Entertainment,6500,Operating Expense - Meals,Partial (50%),Finance,0.8999999999999999
TXN-03242,2025-03-01,Linkedin Ads,1000.0,Marketing - Digital,6800,Operating Expense - Marketing,Yes,Sales,0.95
TXN-03243,2024-05-03,Deloitte,50000.0,Professional Services,6700,Operating Expense - Services,Yes,HR,0.95
TXN-03244,2024-03-03,Quickbooks Inc,120.0,Accounting Software,6720,Operating Expense - Services,Yes,Sales,0.8999999999999999
TXN-03245,2024-10-30,Herman Miller,1200.0,Furniture - Fixed Asset,1540,Fixed Asset - Furniture,Yes (Depreciated),HR,0.8999999999999999
TXN-03246,2024-01-22,Amazon,99.0,Hardware - Equipment,1520,Fixed Asset - Equipment,Yes (Depreciated),Finance,0.8999999999999999
TXN-03247,2024-08-27,Ikea,600.0,Furniture - Fixed Asset,1540,Fixed Asset - Furniture,Yes (Depreciated),HR,0.8999999999999999
TXN-03248,2025-03-16,Office Depot,75.0,Office Supplies,6100,Operating Expense - Office,Yes,Sales,0.8999999999999999
TXN-03249,2024-04-24,Steelcase,1000.0,Furniture - Fixed Asset,1540,Fixed Asset - Furniture,Yes (Depreciated),Marketing,0.8999999999999999
TXN-03250,2025-01-18,Lenovo,2000.0,Hardware - Equipment,1520,Fixed Asset - Equipment,Yes (Depreciated),Engineering,0.8999999999999999
TXN-03251,2024-11-19,Lenovo,2000.0,Hardware - Equipment,1520,Fixed Asset - Equipment,Yes (Depreciated),Operations,0.8999999999999999
TXN-03252,2024-05-22,Mckinsey,60000.0,Professional Services,6700,Operating Expense - Services,Yes,Marketing,0.8999999999999999
TXN-03253,2024-03-28,Best Buy,500.0,Hardware - Equipment,1520,Fixed Asset - Equipment,Yes (Depreciated),Finance,0.8999999999999999
TXN-03254,2024-05-24,Restaurants.Com,150.0,Meals & Entertainment,6500,Operating Expense - Meals,Partial (50%),Finance,0.8999999999999999
TXN-03255,2024-06-01,Stripe,500.0,Software - Payments,6350,Operating Expense - Technology,Yes,HR,0.95
TXN-03256,2024-10-11,Southwest Airlines,650.0,Travel - Airfare,6400,Operating Expense - Travel,Yes,Marketing,0.8999999999999999
TXN-03257,2025-03-10,Stripe,500.0,Software - Payments,6350,Operating Expense - Technology,Yes,HR,0.8999999999999999
TXN-03258,2025-01-27,Github,231.0,Software - Development,6360,Operating Expense - Technology,Yes,HR,0.8999999999999999
TXN-03259,2024-03-10,Xero,99.0,Accounting Software,6720,Operating Expense - Services,Yes,Finance,0.8999999999999999
TXN-03260,2024-07-17,Lenovo,400.0,Hardware - Equipment,1520,Fixed Asset - Equipment,Yes (Depreciated),Engineering,0.8999999999999999
TXN-03261,2024-11-17,Quickbooks,300.0,Accounting Software,6720,Operating Expense - Services,Yes,Finance,0.8999999999999999
TXN-03262,2024-11-15,Lyft,60.0,Travel - Ground,6410,Operating Expense - Travel,Yes,HR,0.8999999999999999
TXN-03263,2024-06-21,Delta Airlines,1400.0,Travel - Airfare,6400,Operating Expense - Travel,Yes,Operations,0.8999999999999999
TXN-03264,2024-10-21,United Airlines,450.0,Travel - Airfare,6400,Operating Expense - Travel,Yes,HR,0.93
TXN-03265,2024-01-24,Best Buy,500.0,Hardware - Equipment,1520,Fixed Asset - Equipment,Yes (Depreciated),Finance,0.8999999999999999
TXN-03266,2024-09-26,Amazon Business,250.0,Office Supplies,6100,Operating Expense - Office,Yes,Finance,0.8799999999999999
TXN-03267,2024-12-28,Time Warner,60.0,Utilities - Internet,6610,Operating Expense - Utilities,Yes,Operations,0.8999999999999999
TXN-03268,2024-09-01,Github,21.0,Software - Development,6360,Operating Expense - Technology,Yes,Operations,0.95
TXN-03269,2025-03-02,Facebook Ads,4000.0,Marketing - Digital,6800,Operating Expense - Marketing,Yes,HR,0.95
TXN-03270,2024-04-06,Marriott Hotels,250.0,Travel - Lodging,6420,Operating Expense - Travel,Yes,Sales,0.95
TXN-03271,2025-02-15,Linkedin Ads,1000.0,Marketing - Digital,6800,Operating Expense - Marketing,Yes,HR,0.8999999999999999
TXN-03272,2024-03-25,Accenture,3000.0,Professional Services,6700,Operating Expense - Services,Yes,Finance,0.95
TXN-03273,2024-11-10,Google Cloud,4000.0,Software - Cloud,6310,Operating Expense - Technology,Yes,Engineering,0.8999999999999999
TXN-03274,2025-02-08,Ikea,600.0,Furniture - Fixed Asset,1540,Fixed Asset - Furniture,Yes (Depreciated),Sales,0.8999999999999999
TXN-03275,2024-08-01,Lyft,22.0,Travel - Ground,6410,Operating Expense - Travel,Yes,Engineering,0.8999999999999999
TXN-03276,2024-07-02,Datadog,800.0,Software - Monitoring,6330,Operating Expense - Technology,Yes,Finance,0.95
TXN-03277,2024-07-04,Xero,400.0,Accounting Software,6720,Operating Expense - Services,Yes,Marketing,0.8999999999999999
TXN-03278,2024-06-06,Quickbooks,120.0,Accounting Software,6720,Operating Expense - Services,Yes,Sales,0.8999999999999999
TXN-03279,2024-09-29,Xero,99.0,Accounting Software,6720,Operating Expense - Services,Yes,Marketing,0.8999999999999999
TXN-03280,2025-03-03,Google Cloud,400.0,Software - Cloud,6310,Operating Expense - Technology,Yes,Finance,0.8999999999999999
TXN-03281,2024-08-14,Amazon,599.0,Hardware - Equipment,1520,Fixed Asset - Equipment,Yes (Depreciated),Engineering,0.8999999999999999
TXN-03282,2024-12-31,Dell,2500.0,Hardware - Equipment,1520,Fixed Asset - Equipment,Yes (Depreciated),Marketing,0.95
TXN-03283,2024-03-25,Staples,500.0,Office Supplies,6100,Operating Expense - Office,Yes,Engineering,0.8999999999999999
TXN-03284,2025-01-06,Time Warner,60.0,Utilities - Internet,6610,Operating Expense - Utilities,Yes,Engineering,0.95
TXN-03285,2025-03-17,Marriott Hotels,800.0,Travel - Lodging,6420,Operating Expense - Travel,Yes,Marketing,0.8799999999999999
TXN-03286,2024-03-23,Amazon Business,500.0,Office Supplies,6100,Operating Expense - Office,Yes,Finance,0.8999999999999999
TXN-03287,2025-01-12,Dell,1200.0,Hardware - Equipment,1520,Fixed Asset - Equipment,Yes (Depreciated),Sales,0.8999999999999999
TXN-03288,2024-03-09,Delta Airlines,1400.0,Travel - Airfare,6400,Operating Expense - Travel,Yes,Operations,0.95
TXN-03289,2025-01-01,Office Depot,75.0,Office Supplies,6100,Operating Expense - Office,Yes,Marketing,0.95
TXN-03290,2024-04-12,Google Cloud,1850.0,Software - Cloud,6310,Operating Expense - Technology,Yes,HR,0.8999999999999999
TXN-03291,2025-01-07,Lyft,40.0,Travel - Ground,6410,Operating Expense - Travel,Yes,HR,0.8999999999999999
TXN-03292,2024-11-01,Airbnb,80.0,Travel - Lodging,6420,Operating Expense - Travel,Yes,Sales,0.8999999999999999
TXN-03293,2024-11-15,Dell,2500.0,Hardware - Equipment,1520,Fixed Asset - Equipment,Yes (Depreciated),Operations,0.95
TXN-03294,2024-06-22,Microsoft Azure,800.0,Software - Cloud,6310,Operating Expense - Technology,Yes,Marketing,0.95
TXN-03295,2024-10-20,Southwest Airlines,350.0,Travel - Airfare,6400,Operating Expense - Travel,Yes,Marketing,0.8799999999999999
TXN-03296,2024-08-09,Pwc,8000.0,Professional Services,6700,Operating Expense - Services,Yes,Finance,0.8999999999999999
TXN-03297,2024-01-16,Aws,10000.0,Software - Cloud,6310,Operating Expense - Technology,Yes,Engineering,0.8999999999999999
TXN-03298,2025-01-07,Pwc,40000.0,Professional Services,6700,Operating Expense - Services,Yes,Operations,0.8999999999999999
TXN-03299,2024-02-17,Slack,99.0,Software - SaaS,6320,Operating Expense - SaaS,Yes,Finance,0.8999999999999999
TXN-03300,2024-03-01,Restaurants.Com,150.0,Meals & Entertainment,6500,Operating Expense - Meals,Partial (50%),HR,0.95
TXN-03301,2024-06-13,Lenovo,2000.0,Hardware - Equipment,1520,Fixed Asset - Equipment,Yes (Depreciated),HR,0.95
TXN-03302,2024-11-29,Apple,1999.0,Hardware - Equipment,1520,Fixed Asset - Equipment,Yes (Depreciated),Engineering,0.95
TXN-03303,2024-06-10,Grubhub,180.0,Meals & Entertainment,6500,Operating Expense - Meals,Partial (50%),Engineering,0.8999999999999999
TXN-03304,2024-05-03,Doordash,50.0,Meals & Entertainment,6500,Operating Expense - Meals,Partial (50%),Engineering,0.8999999999999999
TXN-03305,2024-06-29,United Airlines,2500.0,Travel - Airfare,6400,Operating Expense - Travel,Yes,HR,0.95
TXN-03306,2024-08-21,Github,231.0,Software - Development,6360,Operating Expense - Technology,Yes,HR,0.8999999999999999
TXN-03307,2024-07-22,Herman Miller,1500.0,Furniture - Fixed Asset,1540,Fixed Asset - Furniture,Yes (Depreciated),Engineering,0.8999999999999999
TXN-03308,2024-02-26,Steelcase,2500.0,Furniture - Fixed Asset,1540,Fixed Asset - Furniture,Yes (Depreciated),Finance,0.8999999999999999
TXN-03309,2024-11-13,Steelcase,1800.0,Furniture - Fixed Asset,1540,Fixed Asset - Furniture,Yes (Depreciated),Sales,0.8999999999999999
TXN-03310,2024-02-05,Dell,500.0,Hardware - Equipment,1520,Fixed Asset - Equipment,Yes (Depreciated),HR,0.8999999999999999
TXN-03311,2024-05-23,Linkedin Ads,1000.0,Marketing - Digital,6800,Operating Expense - Marketing,Yes,Engineering,0.95
TXN-03312,2024-01-17,Microsoft Azure,3000.0,Software - Cloud,6310,Operating Expense - Technology,Yes,Marketing,0.95
TXN-03313,2024-02-04,Datadog,800.0,Software - Monitoring,6330,Operating Expense - Technology,Yes,Sales,0.8999999999999999
TXN-03314,2025-01-31,Github,21.0,Software - Development,6360,Operating Expense - Technology,Yes,Engineering,0.8999999999999999
TXN-03315,2024-04-24,Best Buy,100.0,Hardware - Equipment,1520,Fixed Asset - Equipment,Yes (Depreciated),Sales,0.95
TXN-03316,2024-06-22,Deloitte,50000.0,Professional Services,6700,Operating Expense - Services,Yes,Sales,0.8999999999999999
TXN-03317,2025-01-01,Staples,50.0,Office Supplies,6100,Operating Expense - Office,Yes,Finance,0.8999999999999999
TXN-03318,2024-09-12,Linkedin Ads,400.0,Marketing - Digital,6800,Operating Expense - Marketing,Yes,Operations,0.8999999999999999
TXN-03319,2024-07-01,Zoom,100.0,Software - SaaS,6320,Operating Expense - SaaS,Yes,Finance,0.8999999999999999
TXN-03320,2024-02-05,Staples,50.0,Office Supplies,6100,Operating Expense - Office,Yes,Sales,0.8999999999999999
TXN-03321,2024-03-11,Hubspot Inc,500.0,Marketing - Software,6810,Operating Expense - Marketing,Yes,Sales,0.95
TXN-03322,2024-08-01,Fedex,45.0,Shipping & Logistics,6900,Operating Expense - Shipping,Yes,Operations,0.8999999999999999
TXN-03323,2025-01-10,Google Ads,1000.0,Marketing - Digital,6800,Operating Expense - Marketing,Yes,HR,0.8999999999999999
TXN-03324,2024-07-08,American Airlines,300.0,Travel - Airfare,6400,Operating Expense - Travel,Yes,Engineering,0.95
TXN-03325,2025-02-01,Zoom,599.0,Software - SaaS,6320,Operating Expense - SaaS,Yes,Sales,0.95
TXN-03326,2024-01-27,Marriott Hotels,450.0,Travel - Lodging,6420,Operating Expense - Travel,Yes,Operations,0.95
TXN-03327,2024-05-17,Airbnb,80.0,Travel - Lodging,6420,Operating Expense - Travel,Yes,Engineering,0.8999999999999999
TXN-03328,2025-03-23,Steelcase,600.0,Furniture - Fixed Asset,1540,Fixed Asset - Furniture,Yes (Depreciated),HR,0.8999999999999999
TXN-03329,2025-03-19,Staples,150.0,Office Supplies,6100,Operating Expense - Office,Yes,Operations,0.8999999999999999
TXN-03330,2024-07-10,Hubspot,500.0,Marketing - Software,6810,Operating Expense - Marketing,Yes,Sales,0.8999999999999999
TXN-03331,2024-03-26,Twilio,500.0,Software - Communications,6340,Operating Expense - Technology,Yes,HR,0.8999999999999999
TXN-03332,2024-05-13,Lyft,40.0,Travel - Ground,6410,Operating Expense - Travel,Yes,Engineering,0.8999999999999999
TXN-03333,2024-09-15,Facebook Ads,2000.0,Marketing - Digital,6800,Operating Expense - Marketing,Yes,HR,0.95
TXN-03334,2024-02-26,Facebook Ads,800.0,Marketing - Digital,6800,Operating Expense - Marketing,Yes,Operations,0.8799999999999999
TXN-03335,2025-02-12,Starbucks,5.0,Meals & Entertainment,6500,Operating Expense - Meals,Partial (50%),Engineering,0.95
TXN-03336,2024-06-07,Herman Miller,3000.0,Furniture - Fixed Asset,1540,Fixed Asset - Furniture,Yes (Depreciated),Sales,0.8999999999999999
TXN-03337,2025-01-02,Fedex,20.0,Shipping & Logistics,6900,Operating Expense - Shipping,Yes,Marketing,0.8999999999999999
TXN-03338,2024-02-12,Ubereats,20.0,Meals & Entertainment,6500,Operating Expense - Meals,Partial (50%),Sales,0.8999999999999999
TXN-03339,2025-03-01,Apple,799.0,Hardware - Equipment,1520,Fixed Asset - Equipment,Yes (Depreciated),Finance,0.95
TXN-03340,2024-03-28,Linkedin Ads,2500.0,Marketing - Digital,6800,Operating Expense - Marketing,Yes,Finance,0.93
TXN-03341,2025-02-20,Hilton Hotels,220.0,Travel - Lodging,6420,Operating Expense - Travel,Yes,Sales,0.8999999999999999
TXN-03342,2024-02-21,Ups,350.0,Shipping & Logistics,6900,Operating Expense - Shipping,Yes,Operations,0.8999999999999999
TXN-03343,2024-07-26,Datadog,3000.0,Software - Monitoring,6330,Operating Expense - Technology,Yes,Operations,0.95
TXN-03344,2024-07-02,Deloitte,5000.0,Professional Services,6700,Operating Expense - Services,Yes,Sales,0.8999999999999999
TXN-03345,2024-10-02,Steelcase,600.0,Furniture - Fixed Asset,1540,Fixed Asset - Furniture,Yes (Depreciated),Engineering,0.95
TXN-03346,2024-09-10,Hubspot,500.0,Marketing - Software,6810,Operating Expense - Marketing,Yes,Sales,0.95
TXN-03347,2024-02-08,Office Depot,350.0,Office Supplies,6100,Operating Expense - Office,Yes,Sales,0.8999999999999999
TXN-03348,2025-02-23,Southwest Airlines,150.0,Travel - Airfare,6400,Operating Expense - Travel,Yes,Sales,0.8999999999999999
TXN-03349,2024-01-11,Facebook Ads,800.0,Marketing - Digital,6800,Operating Expense - Marketing,Yes,Marketing,0.8999999999999999
TXN-03350,2024-12-19,Staples,500.0,Office Supplies,6100,Operating Expense - Office,Yes,Operations,0.8999999999999999
TXN-03351,2025-02-02,Lyft,40.0,Travel - Ground,6410,Operating Expense - Travel,Yes,Marketing,0.8999999999999999
TXN-03352,2025-02-15,Best Buy,500.0,Hardware - Equipment,1520,Fixed Asset - Equipment,Yes (Depreciated),HR,0.8999999999999999
TXN-03353,2025-02-04,Lyft,60.0,Travel - Ground,6410,Operating Expense - Travel,Yes,Marketing,0.95
TXN-03354,2024-11-21,Mckinsey,15000.0,Professional Services,6700,Operating Expense - Services,Yes,Engineering,0.8999999999999999
TXN-03355,2024-01-29,Doordash,100.0,Meals & Entertainment,6500,Operating Expense - Meals,Partial (50%),HR,0.8999999999999999
TXN-03356,2024-03-15,Verizon,350.0,Utilities - Telecom,6600,Operating Expense - Utilities,Yes,Engineering,0.8999999999999999
TXN-03357,2024-04-01,Airbnb,150.0,Travel - Lodging,6420,Operating Expense - Travel,Yes,Marketing,0.8999999999999999
TXN-03358,2024-07-30,Verizon,100.0,Utilities - Telecom,6600,Operating Expense - Utilities,Yes,Finance,0.8999999999999999
TXN-03359,2024-08-12,Time Warner,100.0,Utilities - Internet,6610,Operating Expense - Utilities,Yes,Sales,0.95
TXN-03360,2024-05-28,American Airlines,950.0,Travel - Airfare,6400,Operating Expense - Travel,Yes,Operations,0.8999999999999999
TXN-03361,2025-01-30,Xero,99.0,Accounting Software,6720,Operating Expense - Services,Yes,HR,0.93
TXN-03362,2024-01-28,Deloitte,50000.0,Professional Services,6700,Operating Expense - Services,Yes,Engineering,0.8999999999999999
TXN-03363,2024-03-04,Steelcase,2500.0,Furniture - Fixed Asset,1540,Fixed Asset - Furniture,Yes (Depreciated),Engineering,0.8799999999999999
TXN-03364,2024-04-23,Xero,99.0,Accounting Software,6720,Operating Expense - Services,Yes,HR,0.8999999999999999
TXN-03365,2025-03-29,Datadog,3000.0,Software - Monitoring,6330,Operating Expense - Technology,Yes,Engineering,0.8999999999999999
TXN-03366,2024-01-13,Apple,1200.0,Hardware - Equipment,1520,Fixed Asset - Equipment,Yes (Depreciated),Finance,0.95
TXN-03367,2024-06-05,Steelcase,1000.0,Furniture - Fixed Asset,1540,Fixed Asset - Furniture,Yes (Depreciated),Marketing,0.8799999999999999
TXN-03368,2024-08-22,Google Cloud,400.0,Software - Cloud,6310,Operating Expense - Technology,Yes,Finance,0.95
TXN-03369,2024-03-15,Salesforce,300.0,Software - SaaS,6320,Operating Expense - SaaS,Yes,Operations,0.8999999999999999
TXN-03370,2024-01-29,Pwc,40000.0,Professional Services,6700,Operating Expense - Services,Yes,Marketing,0.8999999999999999
TXN-03371,2024-09-28,Delta Airlines,500.0,Travel - Airfare,6400,Operating Expense - Travel,Yes,Marketing,0.8799999999999999
TXN-03372,2024-10-26,Chipotle,15.0,Meals & Entertainment,6500,Operating Expense - Meals,Partial (50%),Marketing,0.95
TXN-03373,2024-07-15,Dell,500.0,Hardware - Equipment,1520,Fixed Asset - Equipment,Yes (Depreciated),Marketing,0.8999999999999999
TXN-03374,2024-02-04,Ups,350.0,Shipping & Logistics,6900,Operating Expense - Shipping,Yes,Operations,0.8999999999999999
TXN-03375,2024-01-07,Accenture,7000.0,Professional Services,6700,Operating Expense - Services,Yes,Engineering,0.8999999999999999
TXN-03376,2025-03-17,Hubspot,50.0,Marketing - Software,6810,Operating Expense - Marketing,Yes,HR,0.95
TXN-03377,2024-09-01,Ikea,600.0,Furniture - Fixed Asset,1540,Fixed Asset - Furniture,Yes (Depreciated),Sales,0.8999999999999999
TXN-03378,2024-12-15,Quickbooks,600.0,Accounting Software,6720,Operating Expense - Services,Yes,Sales,0.8999999999999999
TXN-03379,2024-09-13,Restaurants.Com,150.0,Meals & Entertainment,6500,Operating Expense - Meals,Partial (50%),Sales,0.8999999999999999
TXN-03380,2024-10-12,Amazon Business,100.0,Office Supplies,6100,Operating Expense - Office,Yes,Finance,0.8999999999999999
TXN-03381,2024-06-19,Steelcase,1800.0,Furniture - Fixed Asset,1540,Fixed Asset - Furniture,Yes (Depreciated),Engineering,0.95
TXN-03382,2024-02-21,Xero,400.0,Accounting Software,6720,Operating Expense - Services,Yes,HR,0.95
TXN-03383,2024-10-03,Datadog,1500.0,Software - Monitoring,6330,Operating Expense - Technology,Yes,Sales,0.95
TXN-03384,2024-02-16,Microsoft Azure,300.0,Software - Cloud,6310,Operating Expense - Technology,Yes,Operations,0.95
TXN-03385,2025-02-01,Mckinsey,60000.0,Professional Services,6700,Operating Expense - Services,Yes,HR,0.95
TXN-03386,2024-09-24,Grubhub,50.0,Meals & Entertainment,6500,Operating Expense - Meals,Partial (50%),Engineering,0.8999999999999999
TXN-03387,2024-11-24,Mckinsey,30000.0,Professional Services,6700,Operating Expense - Services,Yes,HR,0.8999999999999999
TXN-03388,2024-11-20,Ubereats,45.0,Meals & Entertainment,6500,Operating Expense - Meals,Partial (50%),Operations,0.8999999999999999
TXN-03389,2024-02-11,Lawdepot,1000.0,Legal Services,6710,Operating Expense - Services,Yes,Sales,0.8999999999999999
TXN-03390,2024-09-16,Github,21.0,Software - Development,6360,Operating Expense - Technology,Yes,Sales,0.8999999999999999
TXN-03391,2024-10-10,American Airlines,550.0,Travel - Airfare,6400,Operating Expense - Travel,Yes,Engineering,0.8999999999999999
TXN-03392,2024-10-16,Google Cloud,4000.0,Software - Cloud,6310,Operating Expense - Technology,Yes,Sales,0.8999999999999999
TXN-03393,2024-04-06,Comcast,120.0,Utilities - Internet,6610,Operating Expense - Utilities,Yes,Engineering,0.8999999999999999
TXN-03394,2024-07-01,Herman Miller,800.0,Furniture - Fixed Asset,1540,Fixed Asset - Furniture,Yes (Depreciated),Engineering,0.95
TXN-03395,2025-02-10,Dhl,30.0,Shipping & Logistics,6900,Operating Expense - Shipping,Yes,Marketing,0.95
TXN-03396,2024-07-08,Aws,2341.0,Software - Cloud,6310,Operating Expense - Technology,Yes,Operations,0.8999999999999999
TXN-03397,2025-02-13,Lawdepot,500.0,Legal Services,6710,Operating Expense - Services,Yes,Engineering,0.8999999999999999
TXN-03398,2024-11-29,Pwc,40000.0,Professional Services,6700,Operating Expense - Services,Yes,Finance,0.8999999999999999
TXN-03399,2024-07-28,Ups,50.0,Shipping & Logistics,6900,Operating Expense - Shipping,Yes,Finance,0.95
TXN-03400,2024-08-18,Doordash,25.0,Meals & Entertainment,6500,Operating Expense - Meals,Partial (50%),Marketing,0.8999999999999999
TXN-03401,2024-06-11,Office Depot,75.0,Office Supplies,6100,Operating Expense - Office,Yes,Engineering,0.8999999999999999
TXN-03402,2024-06-05,Twilio,200.0,Software - Communications,6340,Operating Expense - Technology,Yes,Finance,0.8999999999999999
TXN-03403,2024-03-15,Twilio,50.0,Software - Communications,6340,Operating Expense - Technology,Yes,Operations,0.8999999999999999
TXN-03404,2024-01-02,Xero,99.0,Accounting Software,6720,Operating Expense - Services,Yes,Marketing,0.95
TXN-03405,2024-04-18,Github,231.0,Software - Development,6360,Operating Expense - Technology,Yes,Sales,0.95
TXN-03406,2025-02-21,Best Buy,100.0,Hardware - Equipment,1520,Fixed Asset - Equipment,Yes (Depreciated),Finance,0.8999999999999999
TXN-03407,2024-06-12,Hubspot,500.0,Marketing - Software,6810,Operating Expense - Marketing,Yes,Sales,0.8999999999999999
TXN-03408,2025-02-09,Staples,500.0,Office Supplies,6100,Operating Expense - Office,Yes,Sales,0.8999999999999999
TXN-03409,2025-03-02,Ups,350.0,Shipping & Logistics,6900,Operating Expense - Shipping,Yes,Engineering,0.8999999999999999
TXN-03410,2025-01-27,At&T,300.0,Utilities - Telecom,6600,Operating Expense - Utilities,Yes,HR,0.95
TXN-03411,2024-12-16,Uber,120.0,Travel - Ground,6410,Operating Expense - Travel,Yes,Engineering,0.8999999999999999
TXN-03412,2024-04-25,Hubspot,200.0,Marketing - Software,6810,Operating Expense - Marketing,Yes,HR,0.8999999999999999
TXN-03413,2024-08-29,Datadog,400.0,Software - Monitoring,6330,Operating Expense - Technology,Yes,Operations,0.8999999999999999
TXN-03414,2024-02-05,At&T,150.0,Utilities - Telecom,6600,Operating Expense - Utilities,Yes,HR,0.8999999999999999
TXN-03415,2024-01-01,Aws,2341.0,Software - Cloud,6310,Operating Expense - Technology,Yes,Sales,0.95
TXN-03416,2024-08-29,Quickbooks,600.0,Accounting Software,6720,Operating Expense - Services,Yes,Engineering,0.8999999999999999
TXN-03417,2024-08-21,Ups,50.0,Shipping & Logistics,6900,Operating Expense - Shipping,Yes,Operations,0.95
TXN-03418,2024-04-14,Mckinsey,15000.0,Professional Services,6700,Operating Expense - Services,Yes,Engineering,0.95
TXN-03419,2024-12-08,Delta Airlines,500.0,Travel - Airfare,6400,Operating Expense - Travel,Yes,Finance,0.8999999999999999
TXN-03420,2024-03-17,Amazon,599.0,Hardware - Equipment,1520,Fixed Asset - Equipment,Yes (Depreciated),Finance,0.95
TXN-03421,2024-04-08,Ikea,100.0,Furniture - Fixed Asset,1540,Fixed Asset - Furniture,Yes (Depreciated),Sales,0.8999999999999999
TXN-03422,2024-01-22,Linkedin Ads,400.0,Marketing - Digital,6800,Operating Expense - Marketing,Yes,HR,0.8999999999999999
TXN-03423,2024-06-03,Lyft,40.0,Travel - Ground,6410,Operating Expense - Travel,Yes,Marketing,0.8999999999999999
TXN-03424,2025-01-07,Comcast,120.0,Utilities - Internet,6610,Operating Expense - Utilities,Yes,HR,0.8799999999999999
TXN-03425,2024-04-01,Amazon,2499.0,Hardware - Equipment,1520,Fixed Asset - Equipment,Yes (Depreciated),Finance,0.8999999999999999
TXN-03426,2024-02-11,Mckinsey,6000.0,Professional Services,6700,Operating Expense - Services,Yes,Finance,0.8999999999999999
TXN-03427,2024-12-24,Apple,1999.0,Hardware - Equipment,1520,Fixed Asset - Equipment,Yes (Depreciated),Marketing,0.8999999999999999
TXN-03428,2024-06-21,Best Buy,1200.0,Hardware - Equipment,1520,Fixed Asset - Equipment,Yes (Depreciated),Engineering,0.8999999999999999
TXN-03429,2024-01-07,Lyft,60.0,Travel - Ground,6410,Operating Expense - Travel,Yes,Sales,0.95
TXN-03430,2024-11-26,Salesforce,600.0,Software - SaaS,6320,Operating Expense - SaaS,Yes,HR,0.8999999999999999
TXN-03431,2024-10-13,Lenovo,400.0,Hardware - Equipment,1520,Fixed Asset - Equipment,Yes (Depreciated),Engineering,0.8999999999999999
TXN-03432,2024-10-23,Chipotle,25.0,Meals & Entertainment,6500,Operating Expense - Meals,Partial (50%),Operations,0.95
TXN-03433,2025-02-27,Google Cloud,950.0,Software - Cloud,6310,Operating Expense - Technology,Yes,Engineering,0.8999999999999999
TXN-03434,2024-01-25,Xero,99.0,Accounting Software,6720,Operating Expense - Services,Yes,Sales,0.95
TXN-03435,2024-07-20,Lyft,40.0,Travel - Ground,6410,Operating Expense - Travel,Yes,Operations,0.8999999999999999
TXN-03436,2025-02-12,Restaurants.Com,300.0,Meals & Entertainment,6500,Operating Expense - Meals,Partial (50%),Sales,0.8999999999999999
TXN-03437,2024-11-09,Ikea,100.0,Furniture - Fixed Asset,1540,Fixed Asset - Furniture,Yes (Depreciated),Marketing,0.8999999999999999
TXN-03438,2024-02-03,Salesforce,2500.0,Software - SaaS,6320,Operating Expense - SaaS,Yes,HR,0.8999999999999999
TXN-03439,2025-03-26,Microsoft Azure,3000.0,Software - Cloud,6310,Operating Expense - Technology,Yes,Marketing,0.8999999999999999
TXN-03440,2024-10-16,Zoom,299.0,Software - SaaS,6320,Operating Expense - SaaS,Yes,HR,0.8999999999999999
TXN-03441,2024-01-13,Salesforce,300.0,Software - SaaS,6320,Operating Expense - SaaS,Yes,Finance,0.95
TXN-03442,2024-02-16,Hubspot,1200.0,Marketing - Software,6810,Operating Expense - Marketing,Yes,Marketing,0.8999999999999999
TXN-03443,2024-04-12,Verizon,100.0,Utilities - Telecom,6600,Operating Expense - Utilities,Yes,Finance,0.8999999999999999
TXN-03444,2024-03-10,Zoom,200.0,Software - SaaS,6320,Operating Expense - SaaS,Yes,Sales,0.95
TXN-03445,2024-02-21,Quickbooks,600.0,Accounting Software,6720,Operating Expense - Services,Yes,HR,0.8999999999999999
TXN-03446,2024-01-03,Google Cloud,950.0,Software - Cloud,6310,Operating Expense - Technology,Yes,HR,0.8999999999999999
TXN-03447,2025-01-30,Ups,25.0,Shipping & Logistics,6900,Operating Expense - Shipping,Yes,Finance,0.8999999999999999
TXN-03448,2024-09-26,Github,231.0,Software - Development,6360,Operating Expense - Technology,Yes,Marketing,0.95
TXN-03449,2024-07-15,Xero,400.0,Accounting Software,6720,Operating Expense - Services,Yes,Operations,0.8999999999999999
TXN-03450,2024-01-19,Grubhub,180.0,Meals & Entertainment,6500,Operating Expense - Meals,Partial (50%),Operations,0.8999999999999999
TXN-03451,2024-05-20,Deloitte,25000.0,Professional Services,6700,Operating Expense - Services,Yes,Finance,0.8999999999999999
TXN-03452,2024-06-09,Fedex,100.0,Shipping & Logistics,6900,Operating Expense - Shipping,Yes,Finance,0.8999999999999999
TXN-03453,2024-07-21,Amazon,99.0,Hardware - Equipment,1520,Fixed Asset - Equipment,Yes (Depreciated),Marketing,0.95
TXN-03454,2025-01-04,Google Cloud,1850.0,Software - Cloud,6310,Operating Expense - Technology,Yes,Finance,0.95
TXN-03455,2024-11-10,Herman Miller,800.0,Furniture - Fixed Asset,1540,Fixed Asset - Furniture,Yes (Depreciated),Marketing,0.8999999999999999
TXN-03456,2024-04-26,Hilton Hotels,220.0,Travel - Lodging,6420,Operating Expense - Travel,Yes,Sales,0.8999999999999999
TXN-03457,2024-12-25,United Airlines,450.0,Travel - Airfare,6400,Operating Expense - Travel,Yes,Sales,0.8799999999999999
TXN-03458,2024-05-04,Dhl,400.0,Shipping & Logistics,6900,Operating Expense - Shipping,Yes,Finance,0.95
TXN-03459,2024-10-25,Google Ads,2500.0,Marketing - Digital,6800,Operating Expense - Marketing,Yes,Engineering,0.95
TXN-03460,2024-12-12,Time Warner,180.0,Utilities - Internet,6610,Operating Expense - Utilities,Yes,Marketing,0.8999999999999999
TXN-03461,2024-02-23,Delta Airlines,1400.0,Travel - Airfare,6400,Operating Expense - Travel,Yes,Engineering,0.8999999999999999
TXN-03462,2024-03-31,Hubspot,50.0,Marketing - Software,6810,Operating Expense - Marketing,Yes,Sales,0.95
TXN-03463,2024-11-09,Chipotle,25.0,Meals & Entertainment,6500,Operating Expense - Meals,Partial (50%),Sales,0.93
TXN-03464,2024-06-12,Zoom,599.0,Software - SaaS,6320,Operating Expense - SaaS,Yes,Operations,0.8999999999999999
TXN-03465,2024-10-17,Amazon,299.0,Hardware - Equipment,1520,Fixed Asset - Equipment,Yes (Depreciated),HR,0.95
TXN-03466,2024-08-19,Zoom,200.0,Software - SaaS,6320,Operating Expense - SaaS,Yes,Engineering,0.8999999999999999
TXN-03467,2024-04-20,Ubereats,185.0,Meals & Entertainment,6500,Operating Expense - Meals,Partial (50%),Finance,0.8999999999999999
TXN-03468,2024-05-27,Microsoft Azure,1500.0,Software - Cloud,6310,Operating Expense - Technology,Yes,HR,0.95
TXN-03469,2024-11-10,Apple,799.0,Hardware - Equipment,1520,Fixed Asset - Equipment,Yes (Depreciated),Engineering,0.8999999999999999
TXN-03470,2024-09-17,Aws,500.0,Software - Cloud,6310,Operating Expense - Technology,Yes,Marketing,0.8999999999999999
TXN-03471,2024-07-12,Southwest Airlines,650.0,Travel - Airfare,6400,Operating Expense - Travel,Yes,Engineering,0.8999999999999999
TXN-03472,2024-09-20,Marriott Hotels,800.0,Travel - Lodging,6420,Operating Expense - Travel,Yes,HR,0.93
TXN-03473,2024-06-21,Microsoft Azure,1500.0,Software - Cloud,6310,Operating Expense - Technology,Yes,Operations,0.95
TXN-03474,2024-04-28,American Airlines,1500.0,Travel - Airfare,6400,Operating Expense - Travel,Yes,Engineering,0.95
TXN-03475,2024-08-21,Xero,400.0,Accounting Software,6720,Operating Expense - Services,Yes,Operations,0.8999999999999999
TXN-03476,2024-12-24,Southwest Airlines,650.0,Travel - Airfare,6400,Operating Expense - Travel,Yes,Marketing,0.8999999999999999
TXN-03477,2024-04-08,At&T,150.0,Utilities - Telecom,6600,Operating Expense - Utilities,Yes,Finance,0.8999999999999999
TXN-03478,2024-11-26,Pwc,20000.0,Professional Services,6700,Operating Expense - Services,Yes,Sales,0.8999999999999999
TXN-03479,2024-03-30,Lenovo,400.0,Hardware - Equipment,1520,Fixed Asset - Equipment,Yes (Depreciated),Marketing,0.8999999999999999
TXN-03480,2024-06-19,Best Buy,100.0,Hardware - Equipment,1520,Fixed Asset - Equipment,Yes (Depreciated),Sales,0.93
TXN-03481,2024-11-03,Mckinsey,15000.0,Professional Services,6700,Operating Expense - Services,Yes,HR,0.95
TXN-03482,2025-03-24,Office Depot,200.0,Office Supplies,6100,Operating Expense - Office,Yes,Operations,0.8999999999999999
TXN-03483,2025-01-16,Uber,25.0,Travel - Ground,6410,Operating Expense - Travel,Yes,HR,0.8999999999999999
TXN-03484,2024-07-13,Github,21.0,Software - Development,6360,Operating Expense - Technology,Yes,HR,0.8799999999999999
TXN-03485,2024-11-27,Datadog,400.0,Software - Monitoring,6330,Operating Expense - Technology,Yes,Finance,0.8799999999999999
TXN-03486,2024-11-25,Herman Miller,800.0,Furniture - Fixed Asset,1540,Fixed Asset - Furniture,Yes (Depreciated),Marketing,0.95
TXN-03487,2024-10-29,Grubhub,100.0,Meals & Entertainment,6500,Operating Expense - Meals,Partial (50%),Finance,0.8999999999999999
TXN-03488,2024-01-18,Facebook Ads,2000.0,Marketing - Digital,6800,Operating Expense - Marketing,Yes,Operations,0.95
TXN-03489,2024-04-16,Aws,10000.0,Software - Cloud,6310,Operating Expense - Technology,Yes,Sales,0.8999999999999999
TXN-03490,2024-11-07,Accenture,35000.0,Professional Services,6700,Operating Expense - Services,Yes,Engineering,0.95
TXN-03491,2025-01-11,Southwest Airlines,1000.0,Travel - Airfare,6400,Operating Expense - Travel,Yes,Marketing,0.8799999999999999
TXN-03492,2024-09-09,Google Cloud,4000.0,Software - Cloud,6310,Operating Expense - Technology,Yes,HR,0.8999999999999999
TXN-03493,2024-04-25,Deloitte,25000.0,Professional Services,6700,Operating Expense - Services,Yes,Finance,0.8999999999999999
TXN-03494,2024-07-10,Office Depot,75.0,Office Supplies,6100,Operating Expense - Office,Yes,Finance,0.8999999999999999
TXN-03495,2024-05-06,Fedex,20.0,Shipping & Logistics,6900,Operating Expense - Shipping,Yes,Marketing,0.95
TXN-03496,2024-03-02,Datadog,3000.0,Software - Monitoring,6330,Operating Expense - Technology,Yes,Operations,0.95
TXN-03497,2024-12-18,Lyft,40.0,Travel - Ground,6410,Operating Expense - Travel,Yes,Sales,0.8999999999999999
TXN-03498,2024-02-18,Hubspot,50.0,Marketing - Software,6810,Operating Expense - Marketing,Yes,Engineering,0.8999999999999999
TXN-03499,2024-05-05,Aws,5000.0,Software - Cloud,6310,Operating Expense - Technology,Yes,Operations,0.8999999999999999
TXN-03500,2025-03-26,Datadog,1500.0,Software - Monitoring,6330,Operating Expense - Technology,Yes,Sales,0.8799999999999999
TXN-03501,2024-04-07,Ubereats,185.0,Meals & Entertainment,6500,Operating Expense - Meals,Partial (50%),Finance,0.8999999999999999
TXN-03502,2024-12-28,Delta Airlines,900.0,Travel - Airfare,6400,Operating Expense - Travel,Yes,Operations,0.8999999999999999
TXN-03503,2024-08-29,Lawdepot,2500.0,Legal Services,6710,Operating Expense - Services,Yes,Engineering,0.8999999999999999
TXN-03504,2024-04-14,Amazon,2499.0,Hardware - Equipment,1520,Fixed Asset - Equipment,Yes (Depreciated),Finance,0.8999999999999999
TXN-03505,2025-02-17,Herman Miller,800.0,Furniture - Fixed Asset,1540,Fixed Asset - Furniture,Yes (Depreciated),Operations,0.95
TXN-03506,2025-01-03,Github,21.0,Software - Development,6360,Operating Expense - Technology,Yes,Operations,0.95
TXN-03507,2024-10-14,Verizon,200.0,Utilities - Telecom,6600,Operating Expense - Utilities,Yes,Operations,0.95
TXN-03508,2024-02-19,Stripe,500.0,Software - Payments,6350,Operating Expense - Technology,Yes,Sales,0.95
TXN-03509,2024-02-13,Stripe,2500.0,Software - Payments,6350,Operating Expense - Technology,Yes,Finance,0.8999999999999999
TXN-03510,2024-05-25,Google Cloud,400.0,Software - Cloud,6310,Operating Expense - Technology,Yes,Operations,0.8999999999999999
TXN-03511,2024-03-27,Herman Miller,800.0,Furniture - Fixed Asset,1540,Fixed Asset - Furniture,Yes (Depreciated),Sales,0.93
TXN-03512,2025-03-19,Amazon,99.0,Hardware - Equipment,1520,Fixed Asset - Equipment,Yes (Depreciated),Finance,0.95
TXN-03513,2024-07-21,Salesforce,300.0,Software - SaaS,6320,Operating Expense - SaaS,Yes,Marketing,0.8999999999999999
TXN-03514,2024-03-03,Comcast,200.0,Utilities - Internet,6610,Operating Expense - Utilities,Yes,HR,0.8999999999999999
TXN-03515,2024-06-06,Time Warner,100.0,Utilities - Internet,6610,Operating Expense - Utilities,Yes,Finance,0.95
TXN-03516,2024-08-21,Time Warner,100.0,Utilities - Internet,6610,Operating Expense - Utilities,Yes,Engineering,0.8999999999999999
TXN-03517,2025-01-01,Facebook Ads,2000.0,Marketing - Digital,6800,Operating Expense - Marketing,Yes,Engineering,0.95
TXN-03518,2024-10-15,Herman Miller,3000.0,Furniture - Fixed Asset,1540,Fixed Asset - Furniture,Yes (Depreciated),HR,0.95
TXN-03519,2025-03-07,Zoom,299.0,Software - SaaS,6320,Operating Expense - SaaS,Yes,HR,0.8999999999999999
TXN-03520,2025-01-07,Amazon,299.0,Hardware - Equipment,1520,Fixed Asset - Equipment,Yes (Depreciated),Operations,0.8999999999999999
TXN-03521,2024-08-15,Verizon,200.0,Utilities - Telecom,6600,Operating Expense - Utilities,Yes,Operations,0.93
TXN-03522,2024-11-30,Mckinsey,15000.0,Professional Services,6700,Operating Expense - Services,Yes,HR,0.95
TXN-03523,2024-04-14,Chipotle,15.0,Meals & Entertainment,6500,Operating Expense - Meals,Partial (50%),HR,0.8999999999999999
TXN-03524,2024-06-20,Herman Miller,1500.0,Furniture - Fixed Asset,1540,Fixed Asset - Furniture,Yes (Depreciated),Sales,0.95
TXN-03525,2024-09-23,United Airlines,850.0,Travel - Airfare,6400,Operating Expense - Travel,Yes,Engineering,0.8999999999999999
TXN-03526,2024-08-16,Ups,350.0,Shipping & Logistics,6900,Operating Expense - Shipping,Yes,Operations,0.95
TXN-03527,2024-01-23,Lawdepot,2500.0,Legal Services,6710,Operating Expense - Services,Yes,Finance,0.8999999999999999
TXN-03528,2024-01-21,Salesforce,1200.0,Software - SaaS,6320,Operating Expense - SaaS,Yes,Marketing,0.95
TXN-03529,2025-02-17,Apple,1999.0,Hardware - Equipment,1520,Fixed Asset - Equipment,Yes (Depreciated),HR,0.8999999999999999
TXN-03530,2024-10-20,Verizon,350.0,Utilities - Telecom,6600,Operating Expense - Utilities,Yes,Finance,0.8999999999999999
TXN-03531,2025-01-22,Hubspot,1200.0,Marketing - Software,6810,Operating Expense - Marketing,Yes,Operations,0.8999999999999999
TXN-03532,2024-01-31,Dell,500.0,Hardware - Equipment,1520,Fixed Asset - Equipment,Yes (Depreciated),Sales,0.8999999999999999
TXN-03533,2024-08-30,Ikea,600.0,Furniture - Fixed Asset,1540,Fixed Asset - Furniture,Yes (Depreciated),Finance,0.95
TXN-03534,2024-12-20,Best Buy,100.0,Hardware - Equipment,1520,Fixed Asset - Equipment,Yes (Depreciated),Marketing,0.8999999999999999
TXN-03535,2024-11-09,American Airlines,1500.0,Travel - Airfare,6400,Operating Expense - Travel,Yes,HR,0.8999999999999999
TXN-03536,2024-08-04,Quickbooks,120.0,Accounting Software,6720,Operating Expense - Services,Yes,Marketing,0.8999999999999999
TXN-03537,2024-02-22,Marriott Hotels,250.0,Travel - Lodging,6420,Operating Expense - Travel,Yes,HR,0.8999999999999999
TXN-03538,2025-03-15,Time Warner,100.0,Utilities - Internet,6610,Operating Expense - Utilities,Yes,Operations,0.8999999999999999
TXN-03539,2025-02-27,Starbucks,5.0,Meals & Entertainment,6500,Operating Expense - Meals,Partial (50%),Engineering,0.95
TXN-03540,2024-06-25,Chipotle,15.0,Meals & Entertainment,6500,Operating Expense - Meals,Partial (50%),Finance,0.8999999999999999
TXN-03541,2025-01-17,Mckinsey,6000.0,Professional Services,6700,Operating Expense - Services,Yes,Engineering,0.95
TXN-03542,2024-08-19,Lawdepot,2500.0,Legal Services,6710,Operating Expense - Services,Yes,Operations,0.8999999999999999
TXN-03543,2024-07-24,Apple,1200.0,Hardware - Equipment,1520,Fixed Asset - Equipment,Yes (Depreciated),Finance,0.8999999999999999
TXN-03544,2024-12-25,Office Depot,75.0,Office Supplies,6100,Operating Expense - Office,Yes,Marketing,0.8999999999999999
TXN-03545,2025-03-15,American Airlines,950.0,Travel - Airfare,6400,Operating Expense - Travel,Yes,Marketing,0.8999999999999999
TXN-03546,2025-01-11,Hilton Hotels,220.0,Travel - Lodging,6420,Operating Expense - Travel,Yes,HR,0.8999999999999999
TXN-03547,2024-08-20,Zoom Inc,200.0,Software - SaaS,6320,Operating Expense - SaaS,Yes,Finance,0.8999999999999999
TXN-03548,2024-02-13,Steelcase,1000.0,Furniture - Fixed Asset,1540,Fixed Asset - Furniture,Yes (Depreciated),Engineering,0.95
TXN-03549,2024-10-23,Time Warner,180.0,Utilities - Internet,6610,Operating Expense - Utilities,Yes,Engineering,0.95
TXN-03550,2024-01-08,Doordash,200.0,Meals & Entertainment,6500,Operating Expense - Meals,Partial (50%),HR,0.8999999999999999
TXN-03551,2024-04-22,Hilton Hotels,120.0,Travel - Lodging,6420,Operating Expense - Travel,Yes,Engineering,0.95
TXN-03552,2024-09-16,Staples,150.0,Office Supplies,6100,Operating Expense - Office,Yes,Marketing,0.95
TXN-03553,2025-03-26,Steelcase,1800.0,Furniture - Fixed Asset,1540,Fixed Asset - Furniture,Yes (Depreciated),HR,0.8999999999999999
TXN-03554,2024-12-04,Chipotle,25.0,Meals & Entertainment,6500,Operating Expense - Meals,Partial (50%),Operations,0.95
TXN-03555,2024-04-30,Microsoft Azure,300.0,Software - Cloud,6310,Operating Expense - Technology,Yes,Marketing,0.95
TXN-03556,2024-06-01,Salesforce,2500.0,Software - SaaS,6320,Operating Expense - SaaS,Yes,Operations,0.8799999999999999
TXN-03557,2024-02-22,Herman Miller,800.0,Furniture - Fixed Asset,1540,Fixed Asset - Furniture,Yes (Depreciated),Sales,0.95
TXN-03558,2024-08-11,Google Cloud,400.0,Software - Cloud,6310,Operating Expense - Technology,Yes,Sales,0.8799999999999999
TXN-03559,2024-09-24,Lyft,40.0,Travel - Ground,6410,Operating Expense - Travel,Yes,Marketing,0.8999999999999999
TXN-03560,2025-01-21,American Airlines,950.0,Travel - Airfare,6400,Operating Expense - Travel,Yes,Finance,0.8999999999999999
TXN-03561,2025-03-29,Fedex,20.0,Shipping & Logistics,6900,Operating Expense - Shipping,Yes,Marketing,0.8999999999999999
TXN-03562,2024-07-20,Mckinsey,6000.0,Professional Services,6700,Operating Expense - Services,Yes,HR,0.8999999999999999
TXN-03563,2025-03-02,United Airlines,250.0,Travel - Airfare,6400,Operating Expense - Travel,Yes,HR,0.8999999999999999
TXN-03564,2024-02-11,Accenture,3000.0,Professional Services,6700,Operating Expense - Services,Yes,Marketing,0.93
TXN-03565,2024-03-28,Dell,2500.0,Hardware - Equipment,1520,Fixed Asset - Equipment,Yes (Depreciated),Operations,0.8999999999999999
TXN-03566,2024-11-15,Time Warner,180.0,Utilities - Internet,6610,Operating Expense - Utilities,Yes,Sales,0.8999999999999999
TXN-03567,2024-02-22,Dhl,60.0,Shipping & Logistics,6900,Operating Expense - Shipping,Yes,Finance,0.95
TXN-03568,2024-11-24,Lyft,12.0,Travel - Ground,6410,Operating Expense - Travel,Yes,Finance,0.8999999999999999
TXN-03569,2024-11-09,Office Depot,350.0,Office Supplies,6100,Operating Expense - Office,Yes,Operations,0.95
TXN-03570,2024-02-09,Google Cloud,4000.0,Software - Cloud,6310,Operating Expense - Technology,Yes,Engineering,0.95
TXN-03571,2024-04-29,Dell,2500.0,Hardware - Equipment,1520,Fixed Asset - Equipment,Yes (Depreciated),Marketing,0.8999999999999999
TXN-03572,2024-07-15,Stripe,500.0,Software - Payments,6350,Operating Expense - Technology,Yes,Engineering,0.8999999999999999
TXN-03573,2024-11-29,Linkedin Ads,2500.0,Marketing - Digital,6800,Operating Expense - Marketing,Yes,Sales,0.95
TXN-03574,2024-01-23,Hubspot,200.0,Marketing - Software,6810,Operating Expense - Marketing,Yes,Engineering,0.8999999999999999
TXN-03575,2025-02-18,Marriott Hotels,800.0,Travel - Lodging,6420,Operating Expense - Travel,Yes,Sales,0.8999999999999999
TXN-03576,2024-08-05,Best Buy,1200.0,Hardware - Equipment,1520,Fixed Asset - Equipment,Yes (Depreciated),Marketing,0.95
TXN-03577,2025-03-13,Delta Airlines,280.0,Travel - Airfare,6400,Operating Expense - Travel,Yes,Engineering,0.95
TXN-03578,2025-01-02,Chipotle,25.0,Meals & Entertainment,6500,Operating Expense - Meals,Partial (50%),HR,0.95
TXN-03579,2024-06-14,Marriott Hotels,800.0,Travel - Lodging,6420,Operating Expense - Travel,Yes,HR,0.8999999999999999
TXN-03580,2024-01-30,Restaurants.Com,80.0,Meals & Entertainment,6500,Operating Expense - Meals,Partial (50%),HR,0.95
TXN-03581,2024-03-23,Restaurants.Com,300.0,Meals & Entertainment,6500,Operating Expense - Meals,Partial (50%),Finance,0.8999999999999999
TXN-03582,2024-04-18,Best Buy,100.0,Hardware - Equipment,1520,Fixed Asset - Equipment,Yes (Depreciated),Operations,0.8999999999999999
TXN-03583,2024-11-05,Delta Airlines,500.0,Travel - Airfare,6400,Operating Expense - Travel,Yes,Marketing,0.95
TXN-03584,2024-03-19,Grubhub,25.0,Meals & Entertainment,6500,Operating Expense - Meals,Partial (50%),Sales,0.8999999999999999
TXN-03585,2024-08-07,Fedex,45.0,Shipping & Logistics,6900,Operating Expense - Shipping,Yes,Sales,0.8799999999999999
TXN-03586,2024-10-28,Accenture,7000.0,Professional Services,6700,Operating Expense - Services,Yes,Finance,0.8799999999999999
TXN-03587,2024-08-21,Deloitte,10000.0,Professional Services,6700,Operating Expense - Services,Yes,HR,0.8999999999999999
TXN-03588,2025-01-17,Amazon Business,100.0,Office Supplies,6100,Operating Expense - Office,Yes,Operations,0.95
TXN-03589,2024-08-07,Google Ads,2500.0,Marketing - Digital,6800,Operating Expense - Marketing,Yes,Sales,0.8999999999999999
TXN-03590,2024-06-13,Twilio,50.0,Software - Communications,6340,Operating Expense - Technology,Yes,HR,0.95
TXN-03591,2024-12-30,Delta Airlines,500.0,Travel - Airfare,6400,Operating Expense - Travel,Yes,Operations,0.8999999999999999
TXN-03592,2025-01-14,Pwc Inc,40000.0,Professional Services,6700,Operating Expense - Services,Yes,Operations,0.8999999999999999
TXN-03593,2024-05-09,Uber,25.0,Travel - Ground,6410,Operating Expense - Travel,Yes,Sales,0.8999999999999999
TXN-03594,2025-03-29,Slack,125.0,Software - SaaS,6320,Operating Expense - SaaS,Yes,Operations,0.95
TXN-03595,2024-11-05,Github,231.0,Software - Development,6360,Operating Expense - Technology,Yes,Sales,0.8999999999999999
TXN-03596,2024-12-26,Lenovo,2000.0,Hardware - Equipment,1520,Fixed Asset - Equipment,Yes (Depreciated),HR,0.8999999999999999
TXN-03597,2024-10-26,American Airlines,950.0,Travel - Airfare,6400,Operating Expense - Travel,Yes,Engineering,0.8999999999999999
TXN-03598,2024-03-17,Accenture,15000.0,Professional Services,6700,Operating Expense - Services,Yes,Sales,0.8999999999999999
TXN-03599,2024-04-28,Microsoft Azure,300.0,Software - Cloud,6310,Operating Expense - Technology,Yes,Sales,0.8999999999999999
TXN-03600,2024-09-18,Southwest Airlines,150.0,Travel - Airfare,6400,Operating Expense - Travel,Yes,HR,0.8999999999999999
TXN-03601,2024-02-22,Google Cloud,1850.0,Software - Cloud,6310,Operating Expense - Technology,Yes,Sales,0.8999999999999999
TXN-03602,2024-02-05,Lawdepot,1000.0,Legal Services,6710,Operating Expense - Services,Yes,Engineering,0.8999999999999999
TXN-03603,2024-08-05,Datadog,400.0,Software - Monitoring,6330,Operating Expense - Technology,Yes,Marketing,0.95
TXN-03604,2024-02-03,Chipotle,10.0,Meals & Entertainment,6500,Operating Expense - Meals,Partial (50%),Engineering,0.8999999999999999
TXN-03605,2024-03-20,Dhl,150.0,Shipping & Logistics,6900,Operating Expense - Shipping,Yes,Sales,0.8999999999999999
TXN-03606,2025-01-15,Hubspot,200.0,Marketing - Software,6810,Operating Expense - Marketing,Yes,Finance,0.95
TXN-03607,2024-04-01,Datadog,1500.0,Software - Monitoring,6330,Operating Expense - Technology,Yes,Marketing,0.8999999999999999
TXN-03608,2025-01-21,Xero,400.0,Accounting Software,6720,Operating Expense - Services,Yes,Engineering,0.8799999999999999
TXN-03609,2024-08-05,Datadog,400.0,Software - Monitoring,6330,Operating Expense - Technology,Yes,HR,0.95
TXN-03610,2024-06-22,Accenture,3000.0,Professional Services,6700,Operating Expense - Services,Yes,HR,0.8999999999999999
TXN-03611,2025-03-09,Deloitte,25000.0,Professional Services,6700,Operating Expense - Services,Yes,Sales,0.95
TXN-03612,2024-11-08,Aws Inc,1000.0,Software - Cloud,6310,Operating Expense - Technology,Yes,Operations,0.8999999999999999
TXN-03613,2024-11-04,At&T,150.0,Utilities - Telecom,6600,Operating Expense - Utilities,Yes,Finance,0.8999999999999999
TXN-03614,2024-10-19,Quickbooks,600.0,Accounting Software,6720,Operating Expense - Services,Yes,HR,0.8999999999999999
TXN-03615,2024-11-14,Airbnb,80.0,Travel - Lodging,6420,Operating Expense - Travel,Yes,Engineering,0.8999999999999999
TXN-03616,2024-05-29,American Airlines,950.0,Travel - Airfare,6400,Operating Expense - Travel,Yes,Marketing,0.95
TXN-03617,2024-10-13,Best Buy,100.0,Hardware - Equipment,1520,Fixed Asset - Equipment,Yes (Depreciated),Sales,0.8999999999999999
TXN-03618,2024-02-18,At&T,80.0,Utilities - Telecom,6600,Operating Expense - Utilities,Yes,Engineering,0.95
TXN-03619,2024-02-07,Salesforce,2500.0,Software - SaaS,6320,Operating Expense - SaaS,Yes,Sales,0.8999999999999999
TXN-03620,2024-10-16,Uber Inc,120.0,Travel - Ground,6410,Operating Expense - Travel,Yes,HR,0.8999999999999999
TXN-03621,2024-03-22,Xero,99.0,Accounting Software,6720,Operating Expense - Services,Yes,HR,0.8999999999999999
TXN-03622,2024-10-21,Ikea,300.0,Furniture - Fixed Asset,1540,Fixed Asset - Furniture,Yes (Depreciated),Operations,0.8999999999999999
TXN-03623,2024-07-26,Apple,199.0,Hardware - Equipment,1520,Fixed Asset - Equipment,Yes (Depreciated),Engineering,0.95
TXN-03624,2024-03-22,At&T,150.0,Utilities - Telecom,6600,Operating Expense - Utilities,Yes,Operations,0.95
TXN-03625,2024-06-13,Stripe,2500.0,Software - Payments,6350,Operating Expense - Technology,Yes,Operations,0.8999999999999999
TXN-03626,2024-01-14,Airbnb,80.0,Travel - Lodging,6420,Operating Expense - Travel,Yes,Engineering,0.93
TXN-03627,2024-11-16,Amazon Business,100.0,Office Supplies,6100,Operating Expense - Office,Yes,Operations,0.8999999999999999
TXN-03628,2024-09-09,Chipotle,15.0,Meals & Entertainment,6500,Operating Expense - Meals,Partial (50%),Marketing,0.8999999999999999
TXN-03629,2024-01-02,Ups,120.0,Shipping & Logistics,6900,Operating Expense - Shipping,Yes,Engineering,0.8999999999999999
TXN-03630,2024-09-16,Facebook Ads,2000.0,Marketing - Digital,6800,Operating Expense - Marketing,Yes,Marketing,0.8999999999999999
TXN-03631,2024-07-17,Pwc,40000.0,Professional Services,6700,Operating Expense - Services,Yes,Finance,0.8999999999999999
TXN-03632,2024-12-21,Microsoft Azure,1500.0,Software - Cloud,6310,Operating Expense - Technology,Yes,HR,0.8999999999999999
TXN-03633,2024-04-08,Southwest Airlines,1000.0,Travel - Airfare,6400,Operating Expense - Travel,Yes,Finance,0.95
TXN-03634,2024-06-20,Lyft,40.0,Travel - Ground,6410,Operating Expense - Travel,Yes,Operations,0.8799999999999999
TXN-03635,2025-01-11,Steelcase,600.0,Furniture - Fixed Asset,1540,Fixed Asset - Furniture,Yes (Depreciated),Engineering,0.93
TXN-03636,2024-07-03,Facebook Ads,2000.0,Marketing - Digital,6800,Operating Expense - Marketing,Yes,HR,0.8999999999999999
TXN-03637,2024-07-26,Dell,500.0,Hardware - Equipment,1520,Fixed Asset - Equipment,Yes (Depreciated),Marketing,0.8799999999999999
TXN-03638,2024-12-17,Pwc,4000.0,Professional Services,6700,Operating Expense - Services,Yes,Sales,0.8999999999999999
TXN-03639,2025-03-21,Doordash,25.0,Meals & Entertainment,6500,Operating Expense - Meals,Partial (50%),Sales,0.95
TXN-03640,2025-03-01,Staples,500.0,Office Supplies,6100,Operating Expense - Office,Yes,HR,0.95
TXN-03641,2024-03-27,United Airlines,2500.0,Travel - Airfare,6400,Operating Expense - Travel,Yes,Operations,0.95
TXN-03642,2024-06-05,American Airlines,950.0,Travel - Airfare,6400,Operating Expense - Travel,Yes,Finance,0.8999999999999999
TXN-03643,2024-04-29,Pwc,8000.0,Professional Services,6700,Operating Expense - Services,Yes,Finance,0.8999999999999999
TXN-03644,2024-03-27,Doordash,25.0,Meals & Entertainment,6500,Operating Expense - Meals,Partial (50%),Engineering,0.8999999999999999
TXN-03645,2025-02-04,Google Ads,500.0,Marketing - Digital,6800,Operating Expense - Marketing,Yes,Engineering,0.8999999999999999
TXN-03646,2024-10-22,Comcast,120.0,Utilities - Internet,6610,Operating Expense - Utilities,Yes,Engineering,0.8999999999999999
TXN-03647,2024-09-10,Ubereats,100.0,Meals & Entertainment,6500,Operating Expense - Meals,Partial (50%),Sales,0.8999999999999999
TXN-03648,2025-01-24,Restaurants.Com,80.0,Meals & Entertainment,6500,Operating Expense - Meals,Partial (50%),Marketing,0.95
TXN-03649,2024-05-19,Best Buy,100.0,Hardware - Equipment,1520,Fixed Asset - Equipment,Yes (Depreciated),Finance,0.8999999999999999
TXN-03650,2025-02-10,Dell,2500.0,Hardware - Equipment,1520,Fixed Asset - Equipment,Yes (Depreciated),Marketing,0.8799999999999999
TXN-03651,2024-08-01,Doordash,200.0,Meals & Entertainment,6500,Operating Expense - Meals,Partial (50%),Operations,0.8999999999999999
TXN-03652,2024-01-13,Southwest Airlines,1000.0,Travel - Airfare,6400,Operating Expense - Travel,Yes,Marketing,0.95
TXN-03653,2024-08-06,Ikea,100.0,Furniture - Fixed Asset,1540,Fixed Asset - Furniture,Yes (Depreciated),Finance,0.8999999999999999
TXN-03654,2025-02-21,Accenture,3000.0,Professional Services,6700,Operating Expense - Services,Yes,Sales,0.95
TXN-03655,2024-09-14,Time Warner,60.0,Utilities - Internet,6610,Operating Expense - Utilities,Yes,Operations,0.8999999999999999
TXN-03656,2025-03-08,Ikea,1200.0,Furniture - Fixed Asset,1540,Fixed Asset - Furniture,Yes (Depreciated),Marketing,0.8999999999999999
TXN-03657,2024-09-05,Time Warner,60.0,Utilities - Internet,6610,Operating Expense - Utilities,Yes,Operations,0.8999999999999999
TXN-03658,2024-05-19,Restaurants.Com,80.0,Meals & Entertainment,6500,Operating Expense - Meals,Partial (50%),Finance,0.8999999999999999
TXN-03659,2024-09-14,Marriott Hotels,800.0,Travel - Lodging,6420,Operating Expense - Travel,Yes,Sales,0.8999999999999999
TXN-03660,2024-03-31,Uber,15.0,Travel - Ground,6410,Operating Expense - Travel,Yes,Finance,0.8999999999999999
TXN-03661,2025-01-18,Ups,120.0,Shipping & Logistics,6900,Operating Expense - Shipping,Yes,HR,0.8999999999999999
TXN-03662,2024-05-18,Microsoft Azure,1500.0,Software - Cloud,6310,Operating Expense - Technology,Yes,Sales,0.8999999999999999
TXN-03663,2024-05-25,Grubhub,50.0,Meals & Entertainment,6500,Operating Expense - Meals,Partial (50%),Engineering,0.8999999999999999
TXN-03664,2024-12-14,Apple,1999.0,Hardware - Equipment,1520,Fixed Asset - Equipment,Yes (Depreciated),Sales,0.8999999999999999
TXN-03665,2025-02-24,Lenovo,1000.0,Hardware - Equipment,1520,Fixed Asset - Equipment,Yes (Depreciated),Operations,0.8799999999999999
TXN-03666,2025-01-12,Doordash,200.0,Meals & Entertainment,6500,Operating Expense - Meals,Partial (50%),HR,0.95
TXN-03667,2024-07-01,Twilio,1000.0,Software - Communications,6340,Operating Expense - Technology,Yes,Engineering,0.95
TXN-03668,2024-09-08,Apple,199.0,Hardware - Equipment,1520,Fixed Asset - Equipment,Yes (Depreciated),Sales,0.95
TXN-03669,2025-03-04,Ups,350.0,Shipping & Logistics,6900,Operating Expense - Shipping,Yes,Engineering,0.8799999999999999
TXN-03670,2024-04-19,Hubspot,500.0,Marketing - Software,6810,Operating Expense - Marketing,Yes,Sales,0.95
TXN-03671,2024-09-24,Facebook Ads,300.0,Marketing - Digital,6800,Operating Expense - Marketing,Yes,Operations,0.8799999999999999
TXN-03672,2024-01-23,Fedex,500.0,Shipping & Logistics,6900,Operating Expense - Shipping,Yes,Marketing,0.95
TXN-03673,2024-01-11,Grubhub,25.0,Meals & Entertainment,6500,Operating Expense - Meals,Partial (50%),Finance,0.8999999999999999
TXN-03674,2024-07-27,Marriott Hotels,150.0,Travel - Lodging,6420,Operating Expense - Travel,Yes,Sales,0.8999999999999999
TXN-03675,2024-10-08,Github,21.0,Software - Development,6360,Operating Expense - Technology,Yes,Marketing,0.8999999999999999
TXN-03676,2024-04-13,Lenovo,400.0,Hardware - Equipment,1520,Fixed Asset - Equipment,Yes (Depreciated),HR,0.8999999999999999
TXN-03677,2024-01-15,Office Depot,200.0,Office Supplies,6100,Operating Expense - Office,Yes,Marketing,0.8999999999999999
TXN-03678,2024-01-14,Marriott Hotels,150.0,Travel - Lodging,6420,Operating Expense - Travel,Yes,Engineering,0.8999999999999999
TXN-03679,2024-01-13,Twilio,200.0,Software - Communications,6340,Operating Expense - Technology,Yes,Marketing,0.8999999999999999
TXN-03680,2024-08-08,Verizon,200.0,Utilities - Telecom,6600,Operating Expense - Utilities,Yes,Operations,0.8999999999999999
TXN-03681,2024-02-21,Lyft,60.0,Travel - Ground,6410,Operating Expense - Travel,Yes,Marketing,0.8999999999999999
TXN-03682,2024-07-24,Starbucks,5.0,Meals & Entertainment,6500,Operating Expense - Meals,Partial (50%),Engineering,0.8999999999999999
TXN-03683,2025-01-29,Linkedin Ads,1000.0,Marketing - Digital,6800,Operating Expense - Marketing,Yes,Engineering,0.8999999999999999
TXN-03684,2024-11-25,Mckinsey,6000.0,Professional Services,6700,Operating Expense - Services,Yes,HR,0.8999999999999999
TXN-03685,2024-12-09,Grubhub,180.0,Meals & Entertainment,6500,Operating Expense - Meals,Partial (50%),Sales,0.95
TXN-03686,2025-03-02,Google Ads,500.0,Marketing - Digital,6800,Operating Expense - Marketing,Yes,HR,0.8999999999999999
TXN-03687,2024-11-10,Apple,799.0,Hardware - Equipment,1520,Fixed Asset - Equipment,Yes (Depreciated),Marketing,0.8999999999999999
TXN-03688,2024-06-28,Google Cloud,1850.0,Software - Cloud,6310,Operating Expense - Technology,Yes,Marketing,0.8999999999999999
TXN-03689,2025-02-22,Linkedin Ads,1000.0,Marketing - Digital,6800,Operating Expense - Marketing,Yes,Finance,0.95
TXN-03690,2024-04-01,Aws,10000.0,Software - Cloud,6310,Operating Expense - Technology,Yes,Engineering,0.8999999999999999
TXN-03691,2024-06-13,Time Warner,180.0,Utilities - Internet,6610,Operating Expense - Utilities,Yes,Operations,0.95
TXN-03692,2024-12-21,Salesforce,600.0,Software - SaaS,6320,Operating Expense - SaaS,Yes,Engineering,0.8999999999999999
TXN-03693,2024-09-13,Dhl,400.0,Shipping & Logistics,6900,Operating Expense - Shipping,Yes,HR,0.8999999999999999
TXN-03694,2025-03-26,Pwc,40000.0,Professional Services,6700,Operating Expense - Services,Yes,Sales,0.8999999999999999
TXN-03695,2024-10-10,Amazon Business,500.0,Office Supplies,6100,Operating Expense - Office,Yes,Engineering,0.93
TXN-03696,2024-11-01,Accenture,3000.0,Professional Services,6700,Operating Expense - Services,Yes,Operations,0.95
TXN-03697,2024-01-23,Github,500.0,Software - Development,6360,Operating Expense - Technology,Yes,Engineering,0.8999999999999999
TXN-03698,2024-05-17,Amazon,299.0,Hardware - Equipment,1520,Fixed Asset - Equipment,Yes (Depreciated),Finance,0.8999999999999999
TXN-03699,2025-01-12,American Airlines,950.0,Travel - Airfare,6400,Operating Expense - Travel,Yes,Engineering,0.8999999999999999
TXN-03700,2024-11-17,Twilio,200.0,Software - Communications,6340,Operating Expense - Technology,Yes,HR,0.95
TXN-03701,2024-10-29,Uber,65.0,Travel - Ground,6410,Operating Expense - Travel,Yes,Engineering,0.8999999999999999
TXN-03702,2024-12-02,Hubspot,200.0,Marketing - Software,6810,Operating Expense - Marketing,Yes,HR,0.8999999999999999
TXN-03703,2024-12-08,Stripe,100.0,Software - Payments,6350,Operating Expense - Technology,Yes,Operations,0.8999999999999999
TXN-03704,2024-12-26,Ubereats Inc,185.0,Meals & Entertainment,6500,Operating Expense - Meals,Partial (50%),Operations,0.8999999999999999
TXN-03705,2025-02-01,Amazon,299.0,Hardware - Equipment,1520,Fixed Asset - Equipment,Yes (Depreciated),HR,0.95
TXN-03706,2024-01-27,Aws,10000.0,Software - Cloud,6310,Operating Expense - Technology,Yes,Marketing,0.95
TXN-03707,2024-06-23,Dell,2500.0,Hardware - Equipment,1520,Fixed Asset - Equipment,Yes (Depreciated),Engineering,0.8999999999999999
TXN-03708,2024-11-20,Microsoft Azure,800.0,Software - Cloud,6310,Operating Expense - Technology,Yes,Engineering,0.8999999999999999
TXN-03709,2024-06-02,Ubereats,20.0,Meals & Entertainment,6500,Operating Expense - Meals,Partial (50%),Operations,0.8999999999999999
TXN-03710,2025-02-24,Southwest Airlines,150.0,Travel - Airfare,6400,Operating Expense - Travel,Yes,Sales,0.95
TXN-03711,2025-03-25,Pwc,8000.0,Professional Services,6700,Operating Expense - Services,Yes,Marketing,0.95
TXN-03712,2024-12-09,Google Cloud,950.0,Software - Cloud,6310,Operating Expense - Technology,Yes,Finance,0.8799999999999999
TXN-03713,2024-10-14,Microsoft Azure,3000.0,Software - Cloud,6310,Operating Expense - Technology,Yes,Operations,0.95
TXN-03714,2024-12-03,Zoom,299.0,Software - SaaS,6320,Operating Expense - SaaS,Yes,Engineering,0.95
TXN-03715,2025-03-27,Xero,99.0,Accounting Software,6720,Operating Expense - Services,Yes,Engineering,0.95
TXN-03716,2024-08-18,Datadog,800.0,Software - Monitoring,6330,Operating Expense - Technology,Yes,Engineering,0.8999999999999999
TXN-03717,2024-10-15,Apple,199.0,Hardware - Equipment,1520,Fixed Asset - Equipment,Yes (Depreciated),Sales,0.95
TXN-03718,2024-02-25,Doordash,100.0,Meals & Entertainment,6500,Operating Expense - Meals,Partial (50%),Finance,0.95
TXN-03719,2024-03-30,Fedex,45.0,Shipping & Logistics,6900,Operating Expense - Shipping,Yes,Marketing,0.8999999999999999
TXN-03720,2024-09-26,Lawdepot,200.0,Legal Services,6710,Operating Expense - Services,Yes,Engineering,0.95
TXN-03721,2024-01-24,Hubspot,1200.0,Marketing - Software,6810,Operating Expense - Marketing,Yes,Marketing,0.8999999999999999
TXN-03722,2025-03-04,Herman Miller,3000.0,Furniture - Fixed Asset,1540,Fixed Asset - Furniture,Yes (Depreciated),Engineering,0.8999999999999999
TXN-03723,2024-12-12,Fedex,20.0,Shipping & Logistics,6900,Operating Expense - Shipping,Yes,Operations,0.8999999999999999
TXN-03724,2025-01-11,At&T,300.0,Utilities - Telecom,6600,Operating Expense - Utilities,Yes,Marketing,0.95
TXN-03725,2024-05-16,Google Cloud,4000.0,Software - Cloud,6310,Operating Expense - Technology,Yes,HR,0.93
TXN-03726,2024-03-04,Comcast,120.0,Utilities - Internet,6610,Operating Expense - Utilities,Yes,Operations,0.8799999999999999
TXN-03727,2024-10-22,Lenovo,2000.0,Hardware - Equipment,1520,Fixed Asset - Equipment,Yes (Depreciated),Operations,0.8799999999999999
TXN-03728,2024-11-30,Steelcase,1800.0,Furniture - Fixed Asset,1540,Fixed Asset - Furniture,Yes (Depreciated),Engineering,0.95
TXN-03729,2024-12-18,Starbucks,5.0,Meals & Entertainment,6500,Operating Expense - Meals,Partial (50%),Engineering,0.8999999999999999
TXN-03730,2025-01-18,Airbnb,300.0,Travel - Lodging,6420,Operating Expense - Travel,Yes,Marketing,0.8999999999999999
TXN-03731,2024-01-10,Amazon Inc,1200.0,Hardware - Equipment,1520,Fixed Asset - Equipment,Yes (Depreciated),Engineering,0.95
TXN-03732,2024-06-04,Staples,50.0,Office Supplies,6100,Operating Expense - Office,Yes,Sales,0.8799999999999999
TXN-03733,2024-02-18,Hubspot,50.0,Marketing - Software,6810,Operating Expense - Marketing,Yes,Marketing,0.95
TXN-03734,2024-08-10,Google Ads,500.0,Marketing - Digital,6800,Operating Expense - Marketing,Yes,HR,0.95
TXN-03735,2025-01-19,Aws,2341.0,Software - Cloud,6310,Operating Expense - Technology,Yes,Sales,0.95
TXN-03736,2024-06-10,Starbucks,7.0,Meals & Entertainment,6500,Operating Expense - Meals,Partial (50%),HR,0.8799999999999999
TXN-03737,2025-01-08,Office Depot,75.0,Office Supplies,6100,Operating Expense - Office,Yes,HR,0.95
TXN-03738,2025-02-03,Twilio,500.0,Software - Communications,6340,Operating Expense - Technology,Yes,Finance,0.8999999999999999
TXN-03739,2025-01-04,Hilton Hotels,700.0,Travel - Lodging,6420,Operating Expense - Travel,Yes,Engineering,0.8999999999999999
TXN-03740,2024-09-24,Dell,1200.0,Hardware - Equipment,1520,Fixed Asset - Equipment,Yes (Depreciated),HR,0.8999999999999999
TXN-03741,2024-05-09,Lawdepot,1000.0,Legal Services,6710,Operating Expense - Services,Yes,Marketing,0.95
TXN-03742,2024-06-15,Deloitte,5000.0,Professional Services,6700,Operating Expense - Services,Yes,Finance,0.8999999999999999
TXN-03743,2025-01-24,Steelcase,1800.0,Furniture - Fixed Asset,1540,Fixed Asset - Furniture,Yes (Depreciated),Operations,0.8999999999999999
TXN-03744,2025-01-08,Herman Miller,800.0,Furniture - Fixed Asset,1540,Fixed Asset - Furniture,Yes (Depreciated),Operations,0.8999999999999999
TXN-03745,2024-02-04,Pwc,20000.0,Professional Services,6700,Operating Expense - Services,Yes,HR,0.8999999999999999
TXN-03746,2025-01-29,Doordash,25.0,Meals & Entertainment,6500,Operating Expense - Meals,Partial (50%),Engineering,0.8999999999999999
TXN-03747,2024-07-15,Amazon,2499.0,Hardware - Equipment,1520,Fixed Asset - Equipment,Yes (Depreciated),Sales,0.8999999999999999
TXN-03748,2024-04-02,Time Warner,180.0,Utilities - Internet,6610,Operating Expense - Utilities,Yes,Marketing,0.8999999999999999
TXN-03749,2024-04-25,Dhl,400.0,Shipping & Logistics,6900,Operating Expense - Shipping,Yes,Finance,0.8999999999999999
TXN-03750,2024-09-26,Amazon,99.0,Hardware - Equipment,1520,Fixed Asset - Equipment,Yes (Depreciated),Marketing,0.8799999999999999
TXN-03751,2024-09-18,Aws,5000.0,Software - Cloud,6310,Operating Expense - Technology,Yes,Marketing,0.8799999999999999
TXN-03752,2024-09-30,Zoom,299.0,Software - SaaS,6320,Operating Expense - SaaS,Yes,HR,0.95
TXN-03753,2024-09-28,Fedex,45.0,Shipping & Logistics,6900,Operating Expense - Shipping,Yes,Sales,0.8999999999999999
TXN-03754,2025-03-03,Time Warner,100.0,Utilities - Internet,6610,Operating Expense - Utilities,Yes,Marketing,0.95
TXN-03755,2024-03-07,Deloitte,50000.0,Professional Services,6700,Operating Expense - Services,Yes,HR,0.8999999999999999
TXN-03756,2024-06-01,Pwc,20000.0,Professional Services,6700,Operating Expense - Services,Yes,Finance,0.8999999999999999
TXN-03757,2024-02-10,Slack,299.0,Software - SaaS,6320,Operating Expense - SaaS,Yes,Sales,0.95
TXN-03758,2024-09-07,Ubereats,45.0,Meals & Entertainment,6500,Operating Expense - Meals,Partial (50%),Sales,0.95
TXN-03759,2025-01-22,Time Warner,60.0,Utilities - Internet,6610,Operating Expense - Utilities,Yes,Engineering,0.95
TXN-03760,2024-01-05,Verizon,200.0,Utilities - Telecom,6600,Operating Expense - Utilities,Yes,Engineering,0.8999999999999999
TXN-03761,2024-03-24,Ups,50.0,Shipping & Logistics,6900,Operating Expense - Shipping,Yes,Sales,0.95
TXN-03762,2024-09-30,Google Cloud,1850.0,Software - Cloud,6310,Operating Expense - Technology,Yes,HR,0.95
TXN-03763,2024-06-23,Time Warner,60.0,Utilities - Internet,6610,Operating Expense - Utilities,Yes,Finance,0.95
TXN-03764,2024-03-27,Dell,500.0,Hardware - Equipment,1520,Fixed Asset - Equipment,Yes (Depreciated),HR,0.8999999999999999
TXN-03765,2024-08-11,Amazon Business,500.0,Office Supplies,6100,Operating Expense - Office,Yes,Finance,0.8999999999999999
TXN-03766,2024-02-20,Xero,400.0,Accounting Software,6720,Operating Expense - Services,Yes,Engineering,0.8799999999999999
TXN-03767,2024-08-16,Ups,120.0,Shipping & Logistics,6900,Operating Expense - Shipping,Yes,HR,0.95
TXN-03768,2024-03-21,Xero,400.0,Accounting Software,6720,Operating Expense - Services,Yes,Engineering,0.8999999999999999
TXN-03769,2024-08-07,Amazon Business,250.0,Office Supplies,6100,Operating Expense - Office,Yes,Marketing,0.95
TXN-03770,2024-04-03,Google Ads,500.0,Marketing - Digital,6800,Operating Expense - Marketing,Yes,Engineering,0.8999999999999999
TXN-03771,2024-12-26,Chipotle,25.0,Meals & Entertainment,6500,Operating Expense - Meals,Partial (50%),HR,0.8999999999999999
TXN-03772,2024-09-27,Microsoft Azure,800.0,Software - Cloud,6310,Operating Expense - Technology,Yes,Sales,0.8999999999999999
TXN-03773,2024-04-02,Marriott Hotels,800.0,Travel - Lodging,6420,Operating Expense - Travel,Yes,Sales,0.8999999999999999
TXN-03774,2024-09-26,Delta Airlines,1400.0,Travel - Airfare,6400,Operating Expense - Travel,Yes,Sales,0.8999999999999999
TXN-03775,2024-04-03,Microsoft Azure,1500.0,Software - Cloud,6310,Operating Expense - Technology,Yes,Sales,0.8999999999999999
TXN-03776,2024-04-15,Office Depot,350.0,Office Supplies,6100,Operating Expense - Office,Yes,Engineering,0.8799999999999999
TXN-03777,2025-01-22,Staples,50.0,Office Supplies,6100,Operating Expense - Office,Yes,Marketing,0.8999999999999999
TXN-03778,2025-01-24,Github,500.0,Software - Development,6360,Operating Expense - Technology,Yes,HR,0.8999999999999999
TXN-03779,2024-03-02,Starbucks,5.0,Meals & Entertainment,6500,Operating Expense - Meals,Partial (50%),HR,0.8999999999999999
TXN-03780,2024-08-19,Lawdepot,500.0,Legal Services,6710,Operating Expense - Services,Yes,HR,0.95
TXN-03781,2024-02-22,Ikea,100.0,Furniture - Fixed Asset,1540,Fixed Asset - Furniture,Yes (Depreciated),Engineering,0.8999999999999999
TXN-03782,2024-09-12,Facebook Ads,4000.0,Marketing - Digital,6800,Operating Expense - Marketing,Yes,Engineering,0.8999999999999999
TXN-03783,2024-10-07,Time Warner,180.0,Utilities - Internet,6610,Operating Expense - Utilities,Yes,Sales,0.8999999999999999
TXN-03784,2024-02-20,Verizon,350.0,Utilities - Telecom,6600,Operating Expense - Utilities,Yes,Engineering,0.8999999999999999
TXN-03785,2024-08-27,Hubspot,50.0,Marketing - Software,6810,Operating Expense - Marketing,Yes,Sales,0.8799999999999999
TXN-03786,2024-05-21,Ubereats,45.0,Meals & Entertainment,6500,Operating Expense - Meals,Partial (50%),Marketing,0.8999999999999999
TXN-03787,2024-04-22,Linkedin Ads Inc,2500.0,Marketing - Digital,6800,Operating Expense - Marketing,Yes,HR,0.8999999999999999
TXN-03788,2025-02-22,Google Cloud Inc,1850.0,Software - Cloud,6310,Operating Expense - Technology,Yes,Marketing,0.8999999999999999
TXN-03789,2025-02-26,Lenovo,2000.0,Hardware - Equipment,1520,Fixed Asset - Equipment,Yes (Depreciated),Operations,0.8999999999999999
TXN-03790,2024-12-18,Slack,299.0,Software - SaaS,6320,Operating Expense - SaaS,Yes,HR,0.95
TXN-03791,2024-03-18,Delta Airlines,1400.0,Travel - Airfare,6400,Operating Expense - Travel,Yes,Engineering,0.8999999999999999
TXN-03792,2024-05-23,Ubereats,100.0,Meals & Entertainment,6500,Operating Expense - Meals,Partial (50%),Marketing,0.8999999999999999
TXN-03793,2024-05-05,Github,231.0,Software - Development,6360,Operating Expense - Technology,Yes,Sales,0.8999999999999999
TXN-03794,2024-12-19,Lyft,12.0,Travel - Ground,6410,Operating Expense - Travel,Yes,Sales,0.8999999999999999
TXN-03795,2025-02-04,Slack,125.0,Software - SaaS,6320,Operating Expense - SaaS,Yes,Operations,0.8999999999999999
TXN-03796,2025-03-24,Amazon,99.0,Hardware - Equipment,1520,Fixed Asset - Equipment,Yes (Depreciated),Sales,0.8799999999999999
TXN-03797,2024-01-12,Hilton Hotels,220.0,Travel - Lodging,6420,Operating Expense - Travel,Yes,Finance,0.8999999999999999
TXN-03798,2024-02-02,Comcast,200.0,Utilities - Internet,6610,Operating Expense - Utilities,Yes,Engineering,0.8999999999999999
TXN-03799,2024-10-25,Office Depot Inc,200.0,Office Supplies,6100,Operating Expense - Office,Yes,Operations,0.95
TXN-03800,2024-03-22,At&T,150.0,Utilities - Telecom,6600,Operating Expense - Utilities,Yes,Finance,0.8999999999999999
TXN-03801,2024-10-22,Ups,50.0,Shipping & Logistics,6900,Operating Expense - Shipping,Yes,Engineering,0.8999999999999999
TXN-03802,2024-11-25,Ikea,1200.0,Furniture - Fixed Asset,1540,Fixed Asset - Furniture,Yes (Depreciated),Operations,0.8999999999999999
TXN-03803,2025-03-09,Mckinsey,30000.0,Professional Services,6700,Operating Expense - Services,Yes,Operations,0.95
TXN-03804,2025-03-16,Mckinsey,60000.0,Professional Services,6700,Operating Expense - Services,Yes,Marketing,0.95
TXN-03805,2024-06-10,Ups,25.0,Shipping & Logistics,6900,Operating Expense - Shipping,Yes,Engineering,0.95
TXN-03806,2024-05-16,Airbnb,600.0,Travel - Lodging,6420,Operating Expense - Travel,Yes,Finance,0.8999999999999999
TXN-03807,2024-01-21,Steelcase,2500.0,Furniture - Fixed Asset,1540,Fixed Asset - Furniture,Yes (Depreciated),HR,0.95
TXN-03808,2025-02-16,Mckinsey,60000.0,Professional Services,6700,Operating Expense - Services,Yes,Marketing,0.8999999999999999
TXN-03809,2025-03-24,Deloitte,10000.0,Professional Services,6700,Operating Expense - Services,Yes,HR,0.8999999999999999
TXN-03810,2024-08-13,Google Cloud,950.0,Software - Cloud,6310,Operating Expense - Technology,Yes,Engineering,0.8999999999999999
TXN-03811,2025-02-27,Chipotle,20.0,Meals & Entertainment,6500,Operating Expense - Meals,Partial (50%),Operations,0.95
TXN-03812,2024-10-17,Doordash,25.0,Meals & Entertainment,6500,Operating Expense - Meals,Partial (50%),Engineering,0.8999999999999999
TXN-03813,2024-06-03,United Airlines,2500.0,Travel - Airfare,6400,Operating Expense - Travel,Yes,Marketing,0.93
TXN-03814,2024-08-31,Southwest Airlines,150.0,Travel - Airfare,6400,Operating Expense - Travel,Yes,HR,0.93
TXN-03815,2025-02-08,Microsoft Azure,300.0,Software - Cloud,6310,Operating Expense - Technology,Yes,Operations,0.8799999999999999
TXN-03816,2024-03-03,Stripe,100.0,Software - Payments,6350,Operating Expense - Technology,Yes,HR,0.93
TXN-03817,2024-12-22,Herman Miller,1500.0,Furniture - Fixed Asset,1540,Fixed Asset - Furniture,Yes (Depreciated),Marketing,0.8999999999999999
TXN-03818,2024-10-11,Amazon,1200.0,Hardware - Equipment,1520,Fixed Asset - Equipment,Yes (Depreciated),Finance,0.8999999999999999
TXN-03819,2025-03-05,Amazon,1200.0,Hardware - Equipment,1520,Fixed Asset - Equipment,Yes (Depreciated),Operations,0.8999999999999999
TXN-03820,2024-09-26,Datadog,1500.0,Software - Monitoring,6330,Operating Expense - Technology,Yes,HR,0.8999999999999999
TXN-03821,2025-01-19,At&T,300.0,Utilities - Telecom,6600,Operating Expense - Utilities,Yes,Finance,0.95
TXN-03822,2024-12-09,Pwc,40000.0,Professional Services,6700,Operating Expense - Services,Yes,Finance,0.8999999999999999
TXN-03823,2025-01-06,Microsoft Azure,3000.0,Software - Cloud,6310,Operating Expense - Technology,Yes,HR,0.95
TXN-03824,2025-02-06,Lyft,60.0,Travel - Ground,6410,Operating Expense - Travel,Yes,Operations,0.8999999999999999
TXN-03825,2024-11-24,Google Cloud,400.0,Software - Cloud,6310,Operating Expense - Technology,Yes,Sales,0.8999999999999999
TXN-03826,2024-03-06,Dell,2500.0,Hardware - Equipment,1520,Fixed Asset - Equipment,Yes (Depreciated),Marketing,0.8799999999999999
TXN-03827,2024-12-31,Uber,25.0,Travel - Ground,6410,Operating Expense - Travel,Yes,Marketing,0.8999999999999999
TXN-03828,2024-09-18,Google Cloud,950.0,Software - Cloud,6310,Operating Expense - Technology,Yes,Operations,0.8999999999999999
TXN-03829,2025-01-22,United Airlines Inc,850.0,Travel - Airfare,6400,Operating Expense - Travel,Yes,Operations,0.8999999999999999
TXN-03830,2025-03-26,Uber,120.0,Travel - Ground,6410,Operating Expense - Travel,Yes,Marketing,0.8999999999999999
TXN-03831,2024-04-13,Linkedin Ads Inc,2500.0,Marketing - Digital,6800,Operating Expense - Marketing,Yes,Operations,0.8999999999999999
TXN-03832,2024-07-03,Google Ads Inc,500.0,Marketing - Digital,6800,Operating Expense - Marketing,Yes,Engineering,0.8999999999999999
TXN-03833,2024-08-21,Github,231.0,Software - Development,6360,Operating Expense - Technology,Yes,Operations,0.8999999999999999
TXN-03834,2024-02-15,Restaurants.Com,40.0,Meals & Entertainment,6500,Operating Expense - Meals,Partial (50%),HR,0.8999999999999999
TXN-03835,2024-09-03,Comcast,200.0,Utilities - Internet,6610,Operating Expense - Utilities,Yes,Sales,0.8999999999999999
TXN-03836,2024-11-27,Steelcase,1000.0,Furniture - Fixed Asset,1540,Fixed Asset - Furniture,Yes (Depreciated),Finance,0.95
TXN-03837,2024-10-10,Salesforce,1200.0,Software - SaaS,6320,Operating Expense - SaaS,Yes,Engineering,0.8999999999999999
TXN-03838,2025-03-09,Marriott Hotels,450.0,Travel - Lodging,6420,Operating Expense - Travel,Yes,Operations,0.95
TXN-03839,2024-01-17,Stripe,100.0,Software - Payments,6350,Operating Expense - Technology,Yes,Engineering,0.8999999999999999
TXN-03840,2024-05-01,Chipotle,20.0,Meals & Entertainment,6500,Operating Expense - Meals,Partial (50%),Marketing,0.8999999999999999
TXN-03841,2025-03-19,Marriott Hotels,150.0,Travel - Lodging,6420,Operating Expense - Travel,Yes,Marketing,0.95
TXN-03842,2024-04-22,Uber,25.0,Travel - Ground,6410,Operating Expense - Travel,Yes,Marketing,0.8999999999999999
TXN-03843,2024-03-30,Dell,1200.0,Hardware - Equipment,1520,Fixed Asset - Equipment,Yes (Depreciated),HR,0.8999999999999999
TXN-03844,2024-05-29,Lyft,12.0,Travel - Ground,6410,Operating Expense - Travel,Yes,Marketing,0.95
TXN-03845,2024-12-20,Datadog,3000.0,Software - Monitoring,6330,Operating Expense - Technology,Yes,Engineering,0.95
TXN-03846,2024-02-08,Lawdepot,2500.0,Legal Services,6710,Operating Expense - Services,Yes,Marketing,0.8999999999999999
TXN-03847,2024-10-26,Ikea,100.0,Furniture - Fixed Asset,1540,Fixed Asset - Furniture,Yes (Depreciated),Sales,0.95
TXN-03848,2024-01-17,Lawdepot,2500.0,Legal Services,6710,Operating Expense - Services,Yes,HR,0.8999999999999999
TXN-03849,2024-03-26,Apple,1200.0,Hardware - Equipment,1520,Fixed Asset - Equipment,Yes (Depreciated),Engineering,0.95
TXN-03850,2024-01-24,Grubhub,50.0,Meals & Entertainment,6500,Operating Expense - Meals,Partial (50%),Operations,0.8999999999999999
TXN-03851,2025-02-09,Apple,799.0,Hardware - Equipment,1520,Fixed Asset - Equipment,Yes (Depreciated),Finance,0.8999999999999999
TXN-03852,2024-10-09,Time Warner,180.0,Utilities - Internet,6610,Operating Expense - Utilities,Yes,HR,0.95
TXN-03853,2025-02-17,Aws,10000.0,Software - Cloud,6310,Operating Expense - Technology,Yes,Operations,0.95
TXN-03854,2024-02-17,Deloitte,50000.0,Professional Services,6700,Operating Expense - Services,Yes,Engineering,0.95
TXN-03855,2024-10-07,Apple Inc,1999.0,Hardware - Equipment,1520,Fixed Asset - Equipment,Yes (Depreciated),Finance,0.8799999999999999
TXN-03856,2025-01-03,American Airlines,300.0,Travel - Airfare,6400,Operating Expense - Travel,Yes,Operations,0.95
TXN-03857,2024-04-01,Chipotle,15.0,Meals & Entertainment,6500,Operating Expense - Meals,Partial (50%),Finance,0.8999999999999999
TXN-03858,2024-04-13,Datadog,400.0,Software - Monitoring,6330,Operating Expense - Technology,Yes,Engineering,0.8999999999999999
TXN-03859,2024-07-04,Microsoft Azure,3000.0,Software - Cloud,6310,Operating Expense - Technology,Yes,Sales,0.95
TXN-03860,2024-09-07,Airbnb,300.0,Travel - Lodging,6420,Operating Expense - Travel,Yes,Sales,0.8999999999999999
TXN-03861,2024-07-01,Ikea,600.0,Furniture - Fixed Asset,1540,Fixed Asset - Furniture,Yes (Depreciated),Sales,0.8999999999999999
TXN-03862,2024-09-29,Comcast,120.0,Utilities - Internet,6610,Operating Expense - Utilities,Yes,Sales,0.95
TXN-03863,2024-01-21,Github,231.0,Software - Development,6360,Operating Expense - Technology,Yes,Sales,0.8999999999999999
TXN-03864,2025-03-05,Best Buy,500.0,Hardware - Equipment,1520,Fixed Asset - Equipment,Yes (Depreciated),HR,0.8999999999999999
TXN-03865,2024-07-08,Marriott Hotels,150.0,Travel - Lodging,6420,Operating Expense - Travel,Yes,Sales,0.8999999999999999
TXN-03866,2024-10-06,Accenture,3000.0,Professional Services,6700,Operating Expense - Services,Yes,Finance,0.8999999999999999
TXN-03867,2024-02-04,Accenture,3000.0,Professional Services,6700,Operating Expense - Services,Yes,Sales,0.8999999999999999
TXN-03868,2024-08-30,Herman Miller,1200.0,Furniture - Fixed Asset,1540,Fixed Asset - Furniture,Yes (Depreciated),Operations,0.8799999999999999
TXN-03869,2024-12-14,Linkedin Ads,5000.0,Marketing - Digital,6800,Operating Expense - Marketing,Yes,HR,0.8999999999999999
TXN-03870,2024-12-26,Github,21.0,Software - Development,6360,Operating Expense - Technology,Yes,Sales,0.8999999999999999
TXN-03871,2024-11-16,Accenture,3000.0,Professional Services,6700,Operating Expense - Services,Yes,Engineering,0.8999999999999999
TXN-03872,2024-12-18,Fedex,300.0,Shipping & Logistics,6900,Operating Expense - Shipping,Yes,Engineering,0.95
TXN-03873,2024-03-18,Deloitte,25000.0,Professional Services,6700,Operating Expense - Services,Yes,HR,0.8999999999999999
TXN-03874,2024-09-06,Linkedin Ads,1000.0,Marketing - Digital,6800,Operating Expense - Marketing,Yes,Sales,0.95
TXN-03875,2024-02-12,Grubhub Inc,100.0,Meals & Entertainment,6500,Operating Expense - Meals,Partial (50%),HR,0.8999999999999999
TXN-03876,2024-10-01,Google Cloud,1850.0,Software - Cloud,6310,Operating Expense - Technology,Yes,Sales,0.8799999999999999
TXN-03877,2024-07-17,Starbucks,7.0,Meals & Entertainment,6500,Operating Expense - Meals,Partial (50%),Engineering,0.8999999999999999
TXN-03878,2024-07-05,Delta Airlines,900.0,Travel - Airfare,6400,Operating Expense - Travel,Yes,Marketing,0.95
TXN-03879,2024-01-01,Lenovo,2000.0,Hardware - Equipment,1520,Fixed Asset - Equipment,Yes (Depreciated),HR,0.8999999999999999
TXN-03880,2025-03-15,American Airlines,300.0,Travel - Airfare,6400,Operating Expense - Travel,Yes,HR,0.95
TXN-03881,2024-09-12,Slack,99.0,Software - SaaS,6320,Operating Expense - SaaS,Yes,Marketing,0.8999999999999999
TXN-03882,2025-02-22,Fedex,300.0,Shipping & Logistics,6900,Operating Expense - Shipping,Yes,Engineering,0.95
TXN-03883,2024-11-21,Amazon,2499.0,Hardware - Equipment,1520,Fixed Asset - Equipment,Yes (Depreciated),Sales,0.8999999999999999
TXN-03884,2024-05-27,Starbucks Inc,15.0,Meals & Entertainment,6500,Operating Expense - Meals,Partial (50%),Operations,0.8999999999999999
TXN-03885,2025-02-17,Marriott Hotels,250.0,Travel - Lodging,6420,Operating Expense - Travel,Yes,Marketing,0.95
TXN-03886,2024-06-20,Office Depot Inc,200.0,Office Supplies,6100,Operating Expense - Office,Yes,Engineering,0.8999999999999999
TXN-03887,2024-12-10,Slack,299.0,Software - SaaS,6320,Operating Expense - SaaS,Yes,Sales,0.95
TXN-03888,2025-02-28,Zoom,299.0,Software - SaaS,6320,Operating Expense - SaaS,Yes,Engineering,0.8999999999999999
TXN-03889,2025-01-30,Uber,65.0,Travel - Ground,6410,Operating Expense - Travel,Yes,Operations,0.95
TXN-03890,2024-04-21,Stripe,100.0,Software - Payments,6350,Operating Expense - Technology,Yes,HR,0.95
TXN-03891,2024-04-17,Zoom,200.0,Software - SaaS,6320,Operating Expense - SaaS,Yes,Finance,0.8999999999999999
TXN-03892,2024-04-28,Fedex Inc,45.0,Shipping & Logistics,6900,Operating Expense - Shipping,Yes,Engineering,0.95
TXN-03893,2025-01-10,Zoom,599.0,Software - SaaS,6320,Operating Expense - SaaS,Yes,Finance,0.8999999999999999
TXN-03894,2025-02-02,Comcast,200.0,Utilities - Internet,6610,Operating Expense - Utilities,Yes,Engineering,0.8999999999999999
TXN-03895,2024-04-18,Amazon,1200.0,Hardware - Equipment,1520,Fixed Asset - Equipment,Yes (Depreciated),Sales,0.8999999999999999
TXN-03896,2024-12-10,Office Depot,75.0,Office Supplies,6100,Operating Expense - Office,Yes,Operations,0.8999999999999999
TXN-03897,2024-09-16,Lenovo,1000.0,Hardware - Equipment,1520,Fixed Asset - Equipment,Yes (Depreciated),Marketing,0.95
TXN-03898,2024-07-31,Uber,65.0,Travel - Ground,6410,Operating Expense - Travel,Yes,Finance,0.95
TXN-03899,2024-02-28,Lenovo,2000.0,Hardware - Equipment,1520,Fixed Asset - Equipment,Yes (Depreciated),Finance,0.8999999999999999
TXN-03900,2025-03-08,Steelcase,600.0,Furniture - Fixed Asset,1540,Fixed Asset - Furniture,Yes (Depreciated),Marketing,0.8999999999999999
TXN-03901,2024-09-03,Marriott Hotels,150.0,Travel - Lodging,6420,Operating Expense - Travel,Yes,Marketing,0.93
TXN-03902,2025-03-23,Starbucks,5.0,Meals & Entertainment,6500,Operating Expense - Meals,Partial (50%),HR,0.8999999999999999
TXN-03903,2025-01-23,Verizon,200.0,Utilities - Telecom,6600,Operating Expense - Utilities,Yes,Sales,0.8999999999999999
TXN-03904,2024-12-06,Office Depot,200.0,Office Supplies,6100,Operating Expense - Office,Yes,HR,0.95
TXN-03905,2024-12-26,Github,21.0,Software - Development,6360,Operating Expense - Technology,Yes,Sales,0.95
TXN-03906,2024-09-12,Lenovo,2000.0,Hardware - Equipment,1520,Fixed Asset - Equipment,Yes (Depreciated),Sales,0.8999999999999999
TXN-03907,2024-05-17,Ubereats,20.0,Meals & Entertainment,6500,Operating Expense - Meals,Partial (50%),Sales,0.8999999999999999
TXN-03908,2024-08-05,Amazon,1200.0,Hardware - Equipment,1520,Fixed Asset - Equipment,Yes (Depreciated),HR,0.95
TXN-03909,2024-07-11,United Airlines,2500.0,Travel - Airfare,6400,Operating Expense - Travel,Yes,Sales,0.95
TXN-03910,2024-05-21,Marriott Hotels,250.0,Travel - Lodging,6420,Operating Expense - Travel,Yes,Marketing,0.8999999999999999
TXN-03911,2024-08-21,Linkedin Ads,400.0,Marketing - Digital,6800,Operating Expense - Marketing,Yes,HR,0.8999999999999999
TXN-03912,2024-05-19,Facebook Ads,4000.0,Marketing - Digital,6800,Operating Expense - Marketing,Yes,Sales,0.95
TXN-03913,2024-07-08,Hilton Hotels,220.0,Travel - Lodging,6420,Operating Expense - Travel,Yes,Finance,0.8999999999999999
TXN-03914,2024-05-12,Airbnb,150.0,Travel - Lodging,6420,Operating Expense - Travel,Yes,Finance,0.8999999999999999
TXN-03915,2024-03-25,Dhl,150.0,Shipping & Logistics,6900,Operating Expense - Shipping,Yes,Operations,0.8999999999999999
TXN-03916,2024-10-08,Ikea,1200.0,Furniture - Fixed Asset,1540,Fixed Asset - Furniture,Yes (Depreciated),Marketing,0.8799999999999999
TXN-03917,2024-04-17,Ikea,600.0,Furniture - Fixed Asset,1540,Fixed Asset - Furniture,Yes (Depreciated),Finance,0.8999999999999999
TXN-03918,2025-01-27,Dhl,150.0,Shipping & Logistics,6900,Operating Expense - Shipping,Yes,Operations,0.8999999999999999
TXN-03919,2024-01-12,Dhl,150.0,Shipping & Logistics,6900,Operating Expense - Shipping,Yes,Marketing,0.8999999999999999
TXN-03920,2024-11-08,Steelcase,1000.0,Furniture - Fixed Asset,1540,Fixed Asset - Furniture,Yes (Depreciated),Operations,0.8799999999999999
TXN-03921,2024-03-06,Lenovo,1000.0,Hardware - Equipment,1520,Fixed Asset - Equipment,Yes (Depreciated),Engineering,0.8999999999999999
TXN-03922,2024-05-19,Google Ads,1000.0,Marketing - Digital,6800,Operating Expense - Marketing,Yes,Marketing,0.8999999999999999
TXN-03923,2024-08-11,Ups,350.0,Shipping & Logistics,6900,Operating Expense - Shipping,Yes,Sales,0.95
TXN-03924,2024-03-26,Lawdepot,200.0,Legal Services,6710,Operating Expense - Services,Yes,Marketing,0.95
TXN-03925,2024-10-27,Marriott Hotels,800.0,Travel - Lodging,6420,Operating Expense - Travel,Yes,Finance,0.95
TXN-03926,2025-03-19,Aws,5000.0,Software - Cloud,6310,Operating Expense - Technology,Yes,HR,0.95
TXN-03927,2024-01-27,Dhl,30.0,Shipping & Logistics,6900,Operating Expense - Shipping,Yes,Marketing,0.8999999999999999
TXN-03928,2025-01-23,Marriott Hotels,250.0,Travel - Lodging,6420,Operating Expense - Travel,Yes,Engineering,0.8999999999999999
TXN-03929,2024-03-25,Doordash,25.0,Meals & Entertainment,6500,Operating Expense - Meals,Partial (50%),HR,0.8799999999999999
TXN-03930,2024-01-30,Stripe,1250.0,Software - Payments,6350,Operating Expense - Technology,Yes,Sales,0.95
TXN-03931,2024-10-14,Staples,300.0,Office Supplies,6100,Operating Expense - Office,Yes,Sales,0.8999999999999999
TXN-03932,2024-06-09,At&T,300.0,Utilities - Telecom,6600,Operating Expense - Utilities,Yes,Finance,0.95
TXN-03933,2024-12-16,Xero,200.0,Accounting Software,6720,Operating Expense - Services,Yes,HR,0.8999999999999999
TXN-03934,2024-06-28,Slack,299.0,Software - SaaS,6320,Operating Expense - SaaS,Yes,Operations,0.95
TXN-03935,2024-03-04,Comcast,200.0,Utilities - Internet,6610,Operating Expense - Utilities,Yes,Operations,0.8999999999999999
TXN-03936,2024-09-28,Ups,25.0,Shipping & Logistics,6900,Operating Expense - Shipping,Yes,HR,0.8999999999999999
TXN-03937,2024-11-07,Lyft Inc,12.0,Travel - Ground,6410,Operating Expense - Travel,Yes,Sales,0.95
TXN-03938,2024-01-29,Deloitte,50000.0,Professional Services,6700,Operating Expense - Services,Yes,Marketing,0.95
TXN-03939,2024-02-28,Ups,120.0,Shipping & Logistics,6900,Operating Expense - Shipping,Yes,Sales,0.95
TXN-03940,2025-03-22,Accenture,3000.0,Professional Services,6700,Operating Expense - Services,Yes,Engineering,0.8799999999999999
TXN-03941,2025-03-03,Grubhub,100.0,Meals & Entertainment,6500,Operating Expense - Meals,Partial (50%),Operations,0.8999999999999999
TXN-03942,2024-01-11,American Airlines,1500.0,Travel - Airfare,6400,Operating Expense - Travel,Yes,Engineering,0.8999999999999999
TXN-03943,2024-06-16,Verizon,100.0,Utilities - Telecom,6600,Operating Expense - Utilities,Yes,HR,0.8999999999999999
TXN-03944,2024-05-16,Apple,1200.0,Hardware - Equipment,1520,Fixed Asset - Equipment,Yes (Depreciated),Sales,0.93
TXN-03945,2025-02-04,Lawdepot,1000.0,Legal Services,6710,Operating Expense - Services,Yes,Operations,0.8999999999999999
TXN-03946,2024-09-13,Salesforce,2500.0,Software - SaaS,6320,Operating Expense - SaaS,Yes,Finance,0.8999999999999999
TXN-03947,2024-10-10,Lyft,40.0,Travel - Ground,6410,Operating Expense - Travel,Yes,HR,0.95
TXN-03948,2025-01-04,Deloitte,25000.0,Professional Services,6700,Operating Expense - Services,Yes,HR,0.8999999999999999
TXN-03949,2024-01-05,Twilio,50.0,Software - Communications,6340,Operating Expense - Technology,Yes,HR,0.95
TXN-03950,2025-03-31,Amazon,2499.0,Hardware - Equipment,1520,Fixed Asset - Equipment,Yes (Depreciated),Sales,0.8999999999999999
TXN-03951,2024-04-29,Linkedin Ads,5000.0,Marketing - Digital,6800,Operating Expense - Marketing,Yes,HR,0.93
TXN-03952,2024-12-04,American Airlines,1500.0,Travel - Airfare,6400,Operating Expense - Travel,Yes,Marketing,0.8999999999999999
TXN-03953,2024-09-07,Ubereats,100.0,Meals & Entertainment,6500,Operating Expense - Meals,Partial (50%),Operations,0.8999999999999999
TXN-03954,2024-07-27,Hubspot,50.0,Marketing - Software,6810,Operating Expense - Marketing,Yes,HR,0.8799999999999999
TXN-03955,2024-08-25,Lawdepot,200.0,Legal Services,6710,Operating Expense - Services,Yes,Operations,0.95
TXN-03956,2024-10-16,Xero,200.0,Accounting Software,6720,Operating Expense - Services,Yes,Operations,0.8999999999999999
TXN-03957,2024-05-26,Time Warner,100.0,Utilities - Internet,6610,Operating Expense - Utilities,Yes,Engineering,0.95
TXN-03958,2024-02-25,Stripe,100.0,Software - Payments,6350,Operating Expense - Technology,Yes,Operations,0.8999999999999999
TXN-03959,2024-09-28,Amazon,599.0,Hardware - Equipment,1520,Fixed Asset - Equipment,Yes (Depreciated),Marketing,0.8999999999999999
TXN-03960,2024-01-22,Zoom,100.0,Software - SaaS,6320,Operating Expense - SaaS,Yes,Marketing,0.95
TXN-03961,2025-03-18,Quickbooks,120.0,Accounting Software,6720,Operating Expense - Services,Yes,Sales,0.95
TXN-03962,2024-09-16,Xero,99.0,Accounting Software,6720,Operating Expense - Services,Yes,HR,0.8999999999999999
TXN-03963,2024-10-03,Dhl,400.0,Shipping & Logistics,6900,Operating Expense - Shipping,Yes,Sales,0.8999999999999999
TXN-03964,2025-03-31,Accenture,7000.0,Professional Services,6700,Operating Expense - Services,Yes,Marketing,0.95
TXN-03965,2024-08-27,Ups,120.0,Shipping & Logistics,6900,Operating Expense - Shipping,Yes,HR,0.95
TXN-03966,2024-01-17,Amazon Business,500.0,Office Supplies,6100,Operating Expense - Office,Yes,HR,0.8999999999999999
TXN-03967,2025-03-17,Uber,65.0,Travel - Ground,6410,Operating Expense - Travel,Yes,HR,0.95
TXN-03968,2025-03-09,Xero,400.0,Accounting Software,6720,Operating Expense - Services,Yes,Operations,0.8999999999999999
TXN-03969,2024-03-27,Restaurants.Com,150.0,Meals & Entertainment,6500,Operating Expense - Meals,Partial (50%),Engineering,0.8999999999999999
TXN-03970,2024-10-24,Amazon Business,250.0,Office Supplies,6100,Operating Expense - Office,Yes,Marketing,0.8999999999999999
TXN-03971,2024-11-08,Stripe,100.0,Software - Payments,6350,Operating Expense - Technology,Yes,Engineering,0.8799999999999999
TXN-03972,2024-10-22,Amazon Business,100.0,Office Supplies,6100,Operating Expense - Office,Yes,Finance,0.8999999999999999
TXN-03973,2024-07-29,Slack,199.0,Software - SaaS,6320,Operating Expense - SaaS,Yes,Marketing,0.8999999999999999
TXN-03974,2025-03-26,Ikea,600.0,Furniture - Fixed Asset,1540,Fixed Asset - Furniture,Yes (Depreciated),Marketing,0.8999999999999999
TXN-03975,2024-05-11,Fedex,300.0,Shipping & Logistics,6900,Operating Expense - Shipping,Yes,Marketing,0.8999999999999999
TXN-03976,2024-07-01,United Airlines,850.0,Travel - Airfare,6400,Operating Expense - Travel,Yes,Engineering,0.95
TXN-03977,2025-02-07,Office Depot,350.0,Office Supplies,6100,Operating Expense - Office,Yes,Operations,0.8799999999999999
TXN-03978,2025-03-26,At&T,300.0,Utilities - Telecom,6600,Operating Expense - Utilities,Yes,Operations,0.8999999999999999
TXN-03979,2024-02-03,Lenovo,1000.0,Hardware - Equipment,1520,Fixed Asset - Equipment,Yes (Depreciated),Operations,0.8999999999999999
TXN-03980,2024-01-19,Linkedin Ads,1000.0,Marketing - Digital,6800,Operating Expense - Marketing,Yes,Sales,0.8999999999999999
TXN-03981,2024-01-30,Microsoft Azure,800.0,Software - Cloud,6310,Operating Expense - Technology,Yes,Operations,0.95
TXN-03982,2025-03-15,Microsoft Azure,800.0,Software - Cloud,6310,Operating Expense - Technology,Yes,Marketing,0.8999999999999999
TXN-03983,2024-11-24,Best Buy,500.0,Hardware - Equipment,1520,Fixed Asset - Equipment,Yes (Depreciated),HR,0.95
TXN-03984,2024-09-08,Office Depot,75.0,Office Supplies,6100,Operating Expense - Office,Yes,HR,0.8999999999999999
TXN-03985,2024-12-29,Amazon,599.0,Hardware - Equipment,1520,Fixed Asset - Equipment,Yes (Depreciated),Marketing,0.8999999999999999
TXN-03986,2025-03-05,Dhl,150.0,Shipping & Logistics,6900,Operating Expense - Shipping,Yes,Finance,0.8999999999999999
TXN-03987,2024-12-18,Ups,120.0,Shipping & Logistics,6900,Operating Expense - Shipping,Yes,Finance,0.8799999999999999
TXN-03988,2024-08-15,Dell,500.0,Hardware - Equipment,1520,Fixed Asset - Equipment,Yes (Depreciated),Engineering,0.8999999999999999
TXN-03989,2024-07-24,Office Depot,200.0,Office Supplies,6100,Operating Expense - Office,Yes,Marketing,0.8999999999999999
TXN-03990,2024-03-14,Hilton Hotels Inc,120.0,Travel - Lodging,6420,Operating Expense - Travel,Yes,Operations,0.8999999999999999
TXN-03991,2025-03-10,Grubhub,180.0,Meals & Entertainment,6500,Operating Expense - Meals,Partial (50%),Operations,0.8999999999999999
TXN-03992,2024-04-02,Deloitte,25000.0,Professional Services,6700,Operating Expense - Services,Yes,HR,0.8999999999999999
TXN-03993,2024-10-18,Lawdepot,200.0,Legal Services,6710,Operating Expense - Services,Yes,Engineering,0.8999999999999999
TXN-03994,2024-11-16,Google Ads,1000.0,Marketing - Digital,6800,Operating Expense - Marketing,Yes,Engineering,0.8999999999999999
TXN-03995,2024-04-10,Best Buy Inc,100.0,Hardware - Equipment,1520,Fixed Asset - Equipment,Yes (Depreciated),Marketing,0.8999999999999999
TXN-03996,2024-09-30,Facebook Ads,300.0,Marketing - Digital,6800,Operating Expense - Marketing,Yes,Engineering,0.8999999999999999
TXN-03997,2024-12-03,Steelcase,2500.0,Furniture - Fixed Asset,1540,Fixed Asset - Furniture,Yes (Depreciated),HR,0.8999999999999999
TXN-03998,2024-09-29,Twilio,50.0,Software - Communications,6340,Operating Expense - Technology,Yes,Operations,0.8999999999999999
TXN-03999,2025-02-09,Salesforce,1200.0,Software - SaaS,6320,Operating Expense - SaaS,Yes,Engineering,0.8999999999999999
TXN-04000,2025-01-11,Lenovo,2000.0,Hardware - Equipment,1520,Fixed Asset - Equipment,Yes (Depreciated),HR,0.95
TXN-04001,2024-09-30,Hubspot,200.0,Marketing - Software,6810,Operating Expense - Marketing,Yes,Marketing,0.8999999999999999
TXN-04002,2025-02-08,Fedex,100.0,Shipping & Logistics,6900,Operating Expense - Shipping,Yes,Marketing,0.95
TXN-04003,2024-11-13,Delta Airlines,900.0,Travel - Airfare,6400,Operating Expense - Travel,Yes,Engineering,0.8999999999999999
TXN-04004,2024-05-28,Dell,500.0,Hardware - Equipment,1520,Fixed Asset - Equipment,Yes (Depreciated),Engineering,0.8999999999999999
TXN-04005,2024-11-27,Office Depot,350.0,Office Supplies,6100,Operating Expense - Office,Yes,Finance,0.8999999999999999
TXN-04006,2025-03-02,Verizon,200.0,Utilities - Telecom,6600,Operating Expense - Utilities,Yes,Marketing,0.95
TXN-04007,2024-11-01,Lenovo,2000.0,Hardware - Equipment,1520,Fixed Asset - Equipment,Yes (Depreciated),Marketing,0.8999999999999999
TXN-04008,2024-08-13,Verizon,100.0,Utilities - Telecom,6600,Operating Expense - Utilities,Yes,Engineering,0.95
TXN-04009,2024-07-10,Accenture,3000.0,Professional Services,6700,Operating Expense - Services,Yes,Sales,0.95
TXN-04010,2025-03-26,Best Buy,100.0,Hardware - Equipment,1520,Fixed Asset - Equipment,Yes (Depreciated),Marketing,0.8999999999999999
TXN-04011,2024-09-23,Datadog,800.0,Software - Monitoring,6330,Operating Expense - Technology,Yes,Finance,0.8999999999999999
TXN-04012,2024-02-17,Delta Airlines,900.0,Travel - Airfare,6400,Operating Expense - Travel,Yes,Marketing,0.95
TXN-04013,2024-02-11,Github Inc,21.0,Software - Development,6360,Operating Expense - Technology,Yes,Engineering,0.8999999999999999
TXN-04014,2024-01-10,Delta Airlines,500.0,Travel - Airfare,6400,Operating Expense - Travel,Yes,Finance,0.8999999999999999
TXN-04015,2024-09-25,Delta Airlines,900.0,Travel - Airfare,6400,Operating Expense - Travel,Yes,Marketing,0.95
TXN-04016,2024-01-14,Slack,199.0,Software - SaaS,6320,Operating Expense - SaaS,Yes,HR,0.8999999999999999
TXN-04017,2025-02-15,Twilio,1000.0,Software - Communications,6340,Operating Expense - Technology,Yes,Marketing,0.95
TXN-04018,2024-04-03,Delta Airlines,280.0,Travel - Airfare,6400,Operating Expense - Travel,Yes,Sales,0.95
TXN-04019,2025-01-28,Github,21.0,Software - Development,6360,Operating Expense - Technology,Yes,Engineering,0.8999999999999999
TXN-04020,2024-04-17,Verizon,100.0,Utilities - Telecom,6600,Operating Expense - Utilities,Yes,Marketing,0.8999999999999999
TXN-04021,2025-01-11,Aws,500.0,Software - Cloud,6310,Operating Expense - Technology,Yes,Marketing,0.95
TXN-04022,2024-09-16,Apple,199.0,Hardware - Equipment,1520,Fixed Asset - Equipment,Yes (Depreciated),Marketing,0.8999999999999999
TXN-04023,2025-02-19,American Airlines,300.0,Travel - Airfare,6400,Operating Expense - Travel,Yes,Sales,0.95
TXN-04024,2025-03-29,Twilio,50.0,Software - Communications,6340,Operating Expense - Technology,Yes,HR,0.8999999999999999
TXN-04025,2024-05-30,Uber,25.0,Travel - Ground,6410,Operating Expense - Travel,Yes,Marketing,0.95
TXN-04026,2024-10-20,Lawdepot,200.0,Legal Services,6710,Operating Expense - Services,Yes,Sales,0.8999999999999999
TXN-04027,2024-09-17,Microsoft Azure,1500.0,Software - Cloud,6310,Operating Expense - Technology,Yes,Sales,0.95
TXN-04028,2025-03-20,Best Buy,1200.0,Hardware - Equipment,1520,Fixed Asset - Equipment,Yes (Depreciated),Marketing,0.8999999999999999
TXN-04029,2025-03-23,Datadog,1500.0,Software - Monitoring,6330,Operating Expense - Technology,Yes,Finance,0.8999999999999999
TXN-04030,2024-03-06,Amazon Business,250.0,Office Supplies,6100,Operating Expense - Office,Yes,Operations,0.8999999999999999
TXN-04031,2024-10-24,Hilton Hotels,400.0,Travel - Lodging,6420,Operating Expense - Travel,Yes,HR,0.8999999999999999
TXN-04032,2024-07-04,Doordash,50.0,Meals & Entertainment,6500,Operating Expense - Meals,Partial (50%),Sales,0.8999999999999999
TXN-04033,2024-09-21,Linkedin Ads,1000.0,Marketing - Digital,6800,Operating Expense - Marketing,Yes,HR,0.8999999999999999
TXN-04034,2024-04-03,United Airlines,1200.0,Travel - Airfare,6400,Operating Expense - Travel,Yes,HR,0.8799999999999999
TXN-04035,2024-07-19,Xero Inc,99.0,Accounting Software,6720,Operating Expense - Services,Yes,Marketing,0.8999999999999999
TXN-04036,2024-12-04,Hubspot,200.0,Marketing - Software,6810,Operating Expense - Marketing,Yes,Engineering,0.8999999999999999
TXN-04037,2024-03-14,Dell,1200.0,Hardware - Equipment,1520,Fixed Asset - Equipment,Yes (Depreciated),Finance,0.8999999999999999
TXN-04038,2024-12-07,Time Warner,60.0,Utilities - Internet,6610,Operating Expense - Utilities,Yes,Engineering,0.8999999999999999
TXN-04039,2025-01-12,Amazon Business,100.0,Office Supplies,6100,Operating Expense - Office,Yes,Engineering,0.95
TXN-04040,2024-08-28,Zoom,100.0,Software - SaaS,6320,Operating Expense - SaaS,Yes,Operations,0.8999999999999999
TXN-04041,2024-03-18,Hubspot,500.0,Marketing - Software,6810,Operating Expense - Marketing,Yes,Marketing,0.8999999999999999
TXN-04042,2024-04-23,Google Cloud,400.0,Software - Cloud,6310,Operating Expense - Technology,Yes,Engineering,0.8999999999999999
TXN-04043,2024-05-20,Microsoft Azure,1500.0,Software - Cloud,6310,Operating Expense - Technology,Yes,HR,0.8999999999999999
TXN-04044,2024-10-05,Ups,25.0,Shipping & Logistics,6900,Operating Expense - Shipping,Yes,Marketing,0.8999999999999999
TXN-04045,2024-01-08,Marriott Hotels,250.0,Travel - Lodging,6420,Operating Expense - Travel,Yes,Sales,0.95
TXN-04046,2024-09-06,Ups,120.0,Shipping & Logistics,6900,Operating Expense - Shipping,Yes,HR,0.8999999999999999
TXN-04047,2024-06-19,Restaurants.Com,40.0,Meals & Entertainment,6500,Operating Expense - Meals,Partial (50%),Sales,0.8999999999999999
TXN-04048,2024-07-12,Verizon,100.0,Utilities - Telecom,6600,Operating Expense - Utilities,Yes,Finance,0.95
TXN-04049,2025-03-16,Amazon Business,100.0,Office Supplies,6100,Operating Expense - Office,Yes,Finance,0.95
TXN-04050,2024-11-02,Xero,99.0,Accounting Software,6720,Operating Expense - Services,Yes,Finance,0.8799999999999999
TXN-04051,2024-09-15,Pwc,20000.0,Professional Services,6700,Operating Expense - Services,Yes,Engineering,0.8999999999999999
TXN-04052,2024-02-13,Starbucks,10.0,Meals & Entertainment,6500,Operating Expense - Meals,Partial (50%),Operations,0.8999999999999999
TXN-04053,2024-10-20,Aws,5000.0,Software - Cloud,6310,Operating Expense - Technology,Yes,Operations,0.95
TXN-04054,2025-02-24,Quickbooks,120.0,Accounting Software,6720,Operating Expense - Services,Yes,Sales,0.8999999999999999
TXN-04055,2024-02-18,Google Ads,500.0,Marketing - Digital,6800,Operating Expense - Marketing,Yes,Engineering,0.8799999999999999
TXN-04056,2025-02-11,Chipotle,25.0,Meals & Entertainment,6500,Operating Expense - Meals,Partial (50%),Sales,0.8999999999999999
TXN-04057,2024-11-03,Time Warner,100.0,Utilities - Internet,6610,Operating Expense - Utilities,Yes,Sales,0.95
TXN-04058,2024-01-03,Microsoft Azure,300.0,Software - Cloud,6310,Operating Expense - Technology,Yes,Marketing,0.8999999999999999
TXN-04059,2024-11-08,Deloitte,5000.0,Professional Services,6700,Operating Expense - Services,Yes,Marketing,0.95
TXN-04060,2024-09-04,Amazon Business,100.0,Office Supplies,6100,Operating Expense - Office,Yes,Operations,0.8999999999999999
TXN-04061,2025-01-04,Google Ads,1000.0,Marketing - Digital,6800,Operating Expense - Marketing,Yes,Operations,0.8999999999999999
TXN-04062,2024-06-06,Best Buy,100.0,Hardware - Equipment,1520,Fixed Asset - Equipment,Yes (Depreciated),Sales,0.8999999999999999
TXN-04063,2025-02-09,Apple Inc,199.0,Hardware - Equipment,1520,Fixed Asset - Equipment,Yes (Depreciated),Sales,0.95
TXN-04064,2024-03-18,Southwest Airlines,150.0,Travel - Airfare,6400,Operating Expense - Travel,Yes,HR,0.8999999999999999
TXN-04065,2025-02-20,Dell,500.0,Hardware - Equipment,1520,Fixed Asset - Equipment,Yes (Depreciated),Engineering,0.8999999999999999
TXN-04066,2024-08-07,Zoom,200.0,Software - SaaS,6320,Operating Expense - SaaS,Yes,Finance,0.8999999999999999
TXN-04067,2024-01-25,Restaurants.Com,40.0,Meals & Entertainment,6500,Operating Expense - Meals,Partial (50%),Finance,0.8999999999999999
TXN-04068,2025-02-11,Verizon,350.0,Utilities - Telecom,6600,Operating Expense - Utilities,Yes,Finance,0.95
TXN-04069,2024-04-15,Uber,25.0,Travel - Ground,6410,Operating Expense - Travel,Yes,Operations,0.8999999999999999
TXN-04070,2024-11-26,Xero,400.0,Accounting Software,6720,Operating Expense - Services,Yes,Sales,0.95
TXN-04071,2024-10-02,Xero,400.0,Accounting Software,6720,Operating Expense - Services,Yes,HR,0.8999999999999999
TXN-04072,2024-07-04,Microsoft Azure,1500.0,Software - Cloud,6310,Operating Expense - Technology,Yes,Finance,0.8999999999999999
TXN-04073,2024-08-13,Herman Miller,800.0,Furniture - Fixed Asset,1540,Fixed Asset - Furniture,Yes (Depreciated),Finance,0.8799999999999999
TXN-04074,2024-08-04,Chipotle,20.0,Meals & Entertainment,6500,Operating Expense - Meals,Partial (50%),HR,0.8999999999999999
TXN-04075,2024-02-12,Google Cloud,400.0,Software - Cloud,6310,Operating Expense - Technology,Yes,Finance,0.8999999999999999
TXN-04076,2024-09-21,Delta Airlines,900.0,Travel - Airfare,6400,Operating Expense - Travel,Yes,HR,0.95
TXN-04077,2024-04-20,Office Depot,75.0,Office Supplies,6100,Operating Expense - Office,Yes,Sales,0.8999999999999999
TXN-04078,2025-03-09,Restaurants.Com,40.0,Meals & Entertainment,6500,Operating Expense - Meals,Partial (50%),Marketing,0.95
TXN-04079,2024-12-19,Herman Miller Inc,3000.0,Furniture - Fixed Asset,1540,Fixed Asset - Furniture,Yes (Depreciated),HR,0.8999999999999999
TXN-04080,2024-11-13,Linkedin Ads,1000.0,Marketing - Digital,6800,Operating Expense - Marketing,Yes,Finance,0.95
TXN-04081,2024-11-26,Fedex Inc,45.0,Shipping & Logistics,6900,Operating Expense - Shipping,Yes,HR,0.8999999999999999
TXN-04082,2025-03-14,Dell,1200.0,Hardware - Equipment,1520,Fixed Asset - Equipment,Yes (Depreciated),Finance,0.8999999999999999
TXN-04083,2025-03-17,Aws,2341.0,Software - Cloud,6310,Operating Expense - Technology,Yes,Operations,0.95
TXN-04084,2024-07-24,Dell,1200.0,Hardware - Equipment,1520,Fixed Asset - Equipment,Yes (Depreciated),Finance,0.8999999999999999
TXN-04085,2024-04-22,Microsoft Azure,1500.0,Software - Cloud,6310,Operating Expense - Technology,Yes,Sales,0.8999999999999999
TXN-04086,2024-04-17,Verizon,200.0,Utilities - Telecom,6600,Operating Expense - Utilities,Yes,Sales,0.8999999999999999
TXN-04087,2024-11-26,Herman Miller,1500.0,Furniture - Fixed Asset,1540,Fixed Asset - Furniture,Yes (Depreciated),Sales,0.95
TXN-04088,2025-01-22,Google Ads,500.0,Marketing - Digital,6800,Operating Expense - Marketing,Yes,Marketing,0.8999999999999999
TXN-04089,2024-09-24,Aws,2341.0,Software - Cloud,6310,Operating Expense - Technology,Yes,Sales,0.95
TXN-04090,2024-12-11,Office Depot,75.0,Office Supplies,6100,Operating Expense - Office,Yes,Sales,0.8999999999999999
TXN-04091,2024-07-10,At&T,300.0,Utilities - Telecom,6600,Operating Expense - Utilities,Yes,Finance,0.8999999999999999
TXN-04092,2024-03-20,Lyft,22.0,Travel - Ground,6410,Operating Expense - Travel,Yes,HR,0.93
TXN-04093,2025-01-13,Accenture,7000.0,Professional Services,6700,Operating Expense - Services,Yes,Sales,0.93
TXN-04094,2024-01-16,Microsoft Azure,1500.0,Software - Cloud,6310,Operating Expense - Technology,Yes,Sales,0.8999999999999999
TXN-04095,2024-03-30,American Airlines,300.0,Travel - Airfare,6400,Operating Expense - Travel,Yes,Marketing,0.8999999999999999
TXN-04096,2024-01-03,Herman Miller Inc,3000.0,Furniture - Fixed Asset,1540,Fixed Asset - Furniture,Yes (Depreciated),Finance,0.8999999999999999
TXN-04097,2024-02-04,Doordash,25.0,Meals & Entertainment,6500,Operating Expense - Meals,Partial (50%),Marketing,0.8799999999999999
TXN-04098,2024-11-05,Ubereats Inc,185.0,Meals & Entertainment,6500,Operating Expense - Meals,Partial (50%),Operations,0.95
TXN-04099,2024-03-31,Amazon,299.0,Hardware - Equipment,1520,Fixed Asset - Equipment,Yes (Depreciated),Sales,0.95
TXN-04100,2024-02-17,Dell,2500.0,Hardware - Equipment,1520,Fixed Asset - Equipment,Yes (Depreciated),Operations,0.8799999999999999
TXN-04101,2025-01-26,Southwest Airlines,1000.0,Travel - Airfare,6400,Operating Expense - Travel,Yes,Sales,0.8999999999999999
TXN-04102,2024-01-28,Amazon Business,500.0,Office Supplies,6100,Operating Expense - Office,Yes,HR,0.95
TXN-04103,2024-09-21,Google Cloud,4000.0,Software - Cloud,6310,Operating Expense - Technology,Yes,Sales,0.8999999999999999
TXN-04104,2024-07-14,Time Warner,180.0,Utilities - Internet,6610,Operating Expense - Utilities,Yes,Sales,0.8999999999999999
TXN-04105,2025-02-09,Restaurants.Com,40.0,Meals & Entertainment,6500,Operating Expense - Meals,Partial (50%),Finance,0.95
TXN-04106,2025-03-24,Quickbooks,600.0,Accounting Software,6720,Operating Expense - Services,Yes,Sales,0.8999999999999999
TXN-04107,2025-03-06,Quickbooks,600.0,Accounting Software,6720,Operating Expense - Services,Yes,Sales,0.95
TXN-04108,2024-01-17,Apple,1999.0,Hardware - Equipment,1520,Fixed Asset - Equipment,Yes (Depreciated),Sales,0.8999999999999999
TXN-04109,2024-08-14,Airbnb,80.0,Travel - Lodging,6420,Operating Expense - Travel,Yes,HR,0.95
TXN-04110,2024-08-06,American Airlines Inc,550.0,Travel - Airfare,6400,Operating Expense - Travel,Yes,Finance,0.8999999999999999
TXN-04111,2024-09-15,Accenture,7000.0,Professional Services,6700,Operating Expense - Services,Yes,Sales,0.8999999999999999
TXN-04112,2024-07-08,Best Buy,1200.0,Hardware - Equipment,1520,Fixed Asset - Equipment,Yes (Depreciated),Engineering,0.8999999999999999
TXN-04113,2025-03-27,Fedex,500.0,Shipping & Logistics,6900,Operating Expense - Shipping,Yes,Marketing,0.8999999999999999
TXN-04114,2025-03-04,Amazon Business,500.0,Office Supplies,6100,Operating Expense - Office,Yes,Marketing,0.95
TXN-04115,2024-07-26,Amazon,2499.0,Hardware - Equipment,1520,Fixed Asset - Equipment,Yes (Depreciated),Sales,0.8999999999999999
TXN-04116,2024-03-10,Marriott Hotels,250.0,Travel - Lodging,6420,Operating Expense - Travel,Yes,Sales,0.8999999999999999
TXN-04117,2025-03-20,Mckinsey,60000.0,Professional Services,6700,Operating Expense - Services,Yes,Marketing,0.8999999999999999
TXN-04118,2025-03-05,Steelcase,2500.0,Furniture - Fixed Asset,1540,Fixed Asset - Furniture,Yes (Depreciated),HR,0.8999999999999999
TXN-04119,2024-06-11,Ikea,1200.0,Furniture - Fixed Asset,1540,Fixed Asset - Furniture,Yes (Depreciated),HR,0.95
TXN-04120,2025-03-25,Xero,99.0,Accounting Software,6720,Operating Expense - Services,Yes,Engineering,0.8999999999999999
TXN-04121,2025-02-05,Herman Miller,800.0,Furniture - Fixed Asset,1540,Fixed Asset - Furniture,Yes (Depreciated),Finance,0.8999999999999999
TXN-04122,2024-06-27,Restaurants.Com,40.0,Meals & Entertainment,6500,Operating Expense - Meals,Partial (50%),Operations,0.8999999999999999
TXN-04123,2024-12-29,Steelcase,600.0,Furniture - Fixed Asset,1540,Fixed Asset - Furniture,Yes (Depreciated),Sales,0.8799999999999999
TXN-04124,2024-06-14,Lawdepot,200.0,Legal Services,6710,Operating Expense - Services,Yes,Finance,0.95
TXN-04125,2024-03-23,Verizon,100.0,Utilities - Telecom,6600,Operating Expense - Utilities,Yes,Finance,0.8999999999999999
TXN-04126,2024-02-29,Starbucks,15.0,Meals & Entertainment,6500,Operating Expense - Meals,Partial (50%),Operations,0.8999999999999999
TXN-04127,2025-02-21,Dell,1200.0,Hardware - Equipment,1520,Fixed Asset - Equipment,Yes (Depreciated),Operations,0.95
TXN-04128,2024-09-18,Twilio,1000.0,Software - Communications,6340,Operating Expense - Technology,Yes,Finance,0.8999999999999999
TXN-04129,2024-09-20,Facebook Ads,800.0,Marketing - Digital,6800,Operating Expense - Marketing,Yes,Operations,0.8999999999999999
TXN-04130,2024-01-26,Marriott Hotels,150.0,Travel - Lodging,6420,Operating Expense - Travel,Yes,HR,0.8999999999999999
TXN-04131,2024-02-06,Salesforce,600.0,Software - SaaS,6320,Operating Expense - SaaS,Yes,Engineering,0.93
TXN-04132,2024-12-26,Microsoft Azure,300.0,Software - Cloud,6310,Operating Expense - Technology,Yes,Operations,0.8999999999999999
TXN-04133,2024-08-30,Microsoft Azure Inc,1500.0,Software - Cloud,6310,Operating Expense - Technology,Yes,HR,0.8999999999999999
TXN-04134,2024-06-25,Best Buy,1200.0,Hardware - Equipment,1520,Fixed Asset - Equipment,Yes (Depreciated),Engineering,0.8999999999999999
TXN-04135,2024-03-12,United Airlines,250.0,Travel - Airfare,6400,Operating Expense - Travel,Yes,HR,0.95
TXN-04136,2025-01-12,Quickbooks,300.0,Accounting Software,6720,Operating Expense - Services,Yes,Operations,0.8999999999999999
TXN-04137,2025-03-05,United Airlines,250.0,Travel - Airfare,6400,Operating Expense - Travel,Yes,Sales,0.8999999999999999
TXN-04138,2024-11-08,Comcast,70.0,Utilities - Internet,6610,Operating Expense - Utilities,Yes,Engineering,0.8999999999999999
TXN-04139,2024-03-15,Quickbooks,300.0,Accounting Software,6720,Operating Expense - Services,Yes,Operations,0.8999999999999999
TXN-04140,2024-07-10,Google Cloud,1850.0,Software - Cloud,6310,Operating Expense - Technology,Yes,Engineering,0.8999999999999999
TXN-04141,2024-02-11,Xero Inc,400.0,Accounting Software,6720,Operating Expense - Services,Yes,Operations,0.95
TXN-04142,2024-10-29,Lawdepot,2500.0,Legal Services,6710,Operating Expense - Services,Yes,HR,0.8999999999999999
TXN-04143,2024-11-21,Steelcase,2500.0,Furniture - Fixed Asset,1540,Fixed Asset - Furniture,Yes (Depreciated),Marketing,0.95
TXN-04144,2024-04-09,Slack,199.0,Software - SaaS,6320,Operating Expense - SaaS,Yes,HR,0.8999999999999999
TXN-04145,2024-12-22,Google Cloud,400.0,Software - Cloud,6310,Operating Expense - Technology,Yes,Finance,0.8999999999999999
TXN-04146,2024-10-20,Accenture,15000.0,Professional Services,6700,Operating Expense - Services,Yes,Finance,0.8999999999999999
TXN-04147,2024-01-12,Lyft,12.0,Travel - Ground,6410,Operating Expense - Travel,Yes,Finance,0.8999999999999999
TXN-04148,2024-06-22,Quickbooks,600.0,Accounting Software,6720,Operating Expense - Services,Yes,Sales,0.95
TXN-04149,2024-11-06,Starbucks,15.0,Meals & Entertainment,6500,Operating Expense - Meals,Partial (50%),Finance,0.95
TXN-04150,2024-10-30,Starbucks,7.0,Meals & Entertainment,6500,Operating Expense - Meals,Partial (50%),Finance,0.95
TXN-04151,2024-03-09,Deloitte,10000.0,Professional Services,6700,Operating Expense - Services,Yes,Marketing,0.8799999999999999
TXN-04152,2024-03-21,Hilton Hotels,700.0,Travel - Lodging,6420,Operating Expense - Travel,Yes,Sales,0.95
TXN-04153,2024-11-09,Herman Miller,800.0,Furniture - Fixed Asset,1540,Fixed Asset - Furniture,Yes (Depreciated),Marketing,0.8799999999999999
TXN-04154,2024-01-31,Twilio Inc,200.0,Software - Communications,6340,Operating Expense - Technology,Yes,Marketing,0.8999999999999999
TXN-04155,2024-06-10,Mckinsey,60000.0,Professional Services,6700,Operating Expense - Services,Yes,Finance,0.8999999999999999
TXN-04156,2024-12-17,Ikea,600.0,Furniture - Fixed Asset,1540,Fixed Asset - Furniture,Yes (Depreciated),Engineering,0.8999999999999999
TXN-04157,2025-01-09,Airbnb,150.0,Travel - Lodging,6420,Operating Expense - Travel,Yes,Finance,0.95
TXN-04158,2024-08-25,At&T,300.0,Utilities - Telecom,6600,Operating Expense - Utilities,Yes,Sales,0.8999999999999999
TXN-04159,2024-01-22,At&T,80.0,Utilities - Telecom,6600,Operating Expense - Utilities,Yes,Operations,0.8999999999999999
TXN-04160,2024-05-28,Marriott Hotels,150.0,Travel - Lodging,6420,Operating Expense - Travel,Yes,Engineering,0.8999999999999999
TXN-04161,2024-11-27,Hubspot,1200.0,Marketing - Software,6810,Operating Expense - Marketing,Yes,Sales,0.8999999999999999
TXN-04162,2024-10-20,Mckinsey,15000.0,Professional Services,6700,Operating Expense - Services,Yes,Finance,0.95
TXN-04163,2024-04-14,Dell,1200.0,Hardware - Equipment,1520,Fixed Asset - Equipment,Yes (Depreciated),Engineering,0.8999999999999999
TXN-04164,2025-01-29,Mckinsey,15000.0,Professional Services,6700,Operating Expense - Services,Yes,HR,0.8799999999999999
TXN-04165,2024-11-10,Slack,299.0,Software - SaaS,6320,Operating Expense - SaaS,Yes,Operations,0.8999999999999999
TXN-04166,2024-08-22,Ubereats,185.0,Meals & Entertainment,6500,Operating Expense - Meals,Partial (50%),Finance,0.8999999999999999
TXN-04167,2024-08-05,Twilio,500.0,Software - Communications,6340,Operating Expense - Technology,Yes,Sales,0.8999999999999999
TXN-04168,2024-06-30,Best Buy,100.0,Hardware - Equipment,1520,Fixed Asset - Equipment,Yes (Depreciated),Finance,0.8999999999999999
TXN-04169,2024-12-03,Mckinsey,6000.0,Professional Services,6700,Operating Expense - Services,Yes,Sales,0.95
TXN-04170,2024-01-24,Comcast,120.0,Utilities - Internet,6610,Operating Expense - Utilities,Yes,Operations,0.95
TXN-04171,2024-03-13,Office Depot,350.0,Office Supplies,6100,Operating Expense - Office,Yes,Finance,0.8999999999999999
TXN-04172,2024-04-03,Comcast,70.0,Utilities - Internet,6610,Operating Expense - Utilities,Yes,Engineering,0.8999999999999999
TXN-04173,2024-08-03,Stripe,2500.0,Software - Payments,6350,Operating Expense - Technology,Yes,HR,0.8999999999999999
TXN-04174,2024-06-04,Doordash,100.0,Meals & Entertainment,6500,Operating Expense - Meals,Partial (50%),Engineering,0.8999999999999999
TXN-04175,2024-07-06,Dell,1200.0,Hardware - Equipment,1520,Fixed Asset - Equipment,Yes (Depreciated),Operations,0.95
TXN-04176,2024-10-02,Airbnb,600.0,Travel - Lodging,6420,Operating Expense - Travel,Yes,Operations,0.8999999999999999
TXN-04177,2024-05-01,Herman Miller,1200.0,Furniture - Fixed Asset,1540,Fixed Asset - Furniture,Yes (Depreciated),Engineering,0.95
TXN-04178,2024-01-09,Facebook Ads,4000.0,Marketing - Digital,6800,Operating Expense - Marketing,Yes,Sales,0.95
TXN-04179,2025-01-01,Dhl,400.0,Shipping & Logistics,6900,Operating Expense - Shipping,Yes,Engineering,0.8999999999999999
TXN-04180,2025-02-24,Google Cloud,1850.0,Software - Cloud,6310,Operating Expense - Technology,Yes,Engineering,0.8999999999999999
TXN-04181,2024-09-14,Hubspot,50.0,Marketing - Software,6810,Operating Expense - Marketing,Yes,Operations,0.93
TXN-04182,2025-01-18,Dhl,400.0,Shipping & Logistics,6900,Operating Expense - Shipping,Yes,Finance,0.8999999999999999
TXN-04183,2024-09-05,Verizon,350.0,Utilities - Telecom,6600,Operating Expense - Utilities,Yes,Sales,0.8999999999999999
TXN-04184,2024-02-19,Fedex,300.0,Shipping & Logistics,6900,Operating Expense - Shipping,Yes,Operations,0.8999999999999999
TXN-04185,2024-03-21,Uber,15.0,Travel - Ground,6410,Operating Expense - Travel,Yes,Finance,0.95
TXN-04186,2024-07-01,Fedex,45.0,Shipping & Logistics,6900,Operating Expense - Shipping,Yes,Engineering,0.8999999999999999
TXN-04187,2024-03-15,Uber,65.0,Travel - Ground,6410,Operating Expense - Travel,Yes,Finance,0.95
TXN-04188,2024-03-28,Starbucks,15.0,Meals & Entertainment,6500,Operating Expense - Meals,Partial (50%),HR,0.8799999999999999
TXN-04189,2024-05-11,Steelcase Inc,2500.0,Furniture - Fixed Asset,1540,Fixed Asset - Furniture,Yes (Depreciated),Finance,0.93
TXN-04190,2024-12-26,Office Depot,200.0,Office Supplies,6100,Operating Expense - Office,Yes,Operations,0.95
TXN-04191,2025-01-11,Github,500.0,Software - Development,6360,Operating Expense - Technology,Yes,HR,0.95
TXN-04192,2024-04-30,Ikea,1200.0,Furniture - Fixed Asset,1540,Fixed Asset - Furniture,Yes (Depreciated),HR,0.8999999999999999
TXN-04193,2025-01-08,Deloitte,5000.0,Professional Services,6700,Operating Expense - Services,Yes,Finance,0.95
TXN-04194,2024-03-28,Google Cloud,950.0,Software - Cloud,6310,Operating Expense - Technology,Yes,Operations,0.8999999999999999
TXN-04195,2024-09-20,Best Buy,1200.0,Hardware - Equipment,1520,Fixed Asset - Equipment,Yes (Depreciated),Engineering,0.8999999999999999
TXN-04196,2024-06-28,Herman Miller,800.0,Furniture - Fixed Asset,1540,Fixed Asset - Furniture,Yes (Depreciated),Sales,0.95
TXN-04197,2024-11-24,Ikea,600.0,Furniture - Fixed Asset,1540,Fixed Asset - Furniture,Yes (Depreciated),Operations,0.8999999999999999
TXN-04198,2024-05-11,Staples,50.0,Office Supplies,6100,Operating Expense - Office,Yes,HR,0.8999999999999999
TXN-04199,2025-02-10,Grubhub,180.0,Meals & Entertainment,6500,Operating Expense - Meals,Partial (50%),Engineering,0.95
TXN-04200,2024-12-14,Pwc,20000.0,Professional Services,6700,Operating Expense - Services,Yes,Finance,0.95
TXN-04201,2024-12-14,Zoom,299.0,Software - SaaS,6320,Operating Expense - SaaS,Yes,Operations,0.8999999999999999
TXN-04202,2024-09-23,Delta Airlines,900.0,Travel - Airfare,6400,Operating Expense - Travel,Yes,HR,0.93
TXN-04203,2024-01-19,Mckinsey,60000.0,Professional Services,6700,Operating Expense - Services,Yes,Operations,0.8999999999999999
TXN-04204,2024-07-16,Dell,500.0,Hardware - Equipment,1520,Fixed Asset - Equipment,Yes (Depreciated),Marketing,0.8999999999999999
TXN-04205,2024-10-10,Zoom,100.0,Software - SaaS,6320,Operating Expense - SaaS,Yes,Sales,0.95
TXN-04206,2024-07-17,Twilio,1000.0,Software - Communications,6340,Operating Expense - Technology,Yes,Engineering,0.95
TXN-04207,2024-03-07,Microsoft Azure,3000.0,Software - Cloud,6310,Operating Expense - Technology,Yes,Sales,0.8999999999999999
TXN-04208,2024-07-11,At&T,300.0,Utilities - Telecom,6600,Operating Expense - Utilities,Yes,Finance,0.8999999999999999
TXN-04209,2024-12-15,Google Cloud,400.0,Software - Cloud,6310,Operating Expense - Technology,Yes,Operations,0.95
TXN-04210,2025-03-15,Herman Miller,1200.0,Furniture - Fixed Asset,1540,Fixed Asset - Furniture,Yes (Depreciated),Marketing,0.93
TXN-04211,2024-11-05,Grubhub,100.0,Meals & Entertainment,6500,Operating Expense - Meals,Partial (50%),Finance,0.8999999999999999
TXN-04212,2024-06-26,Pwc,40000.0,Professional Services,6700,Operating Expense - Services,Yes,Operations,0.95
TXN-04213,2025-02-03,Xero,99.0,Accounting Software,6720,Operating Expense - Services,Yes,Marketing,0.95
TXN-04214,2024-04-02,Accenture,15000.0,Professional Services,6700,Operating Expense - Services,Yes,HR,0.95
TXN-04215,2024-02-20,Herman Miller,800.0,Furniture - Fixed Asset,1540,Fixed Asset - Furniture,Yes (Depreciated),Marketing,0.8999999999999999
TXN-04216,2024-05-06,Airbnb,80.0,Travel - Lodging,6420,Operating Expense - Travel,Yes,Marketing,0.93
TXN-04217,2024-07-28,Accenture,7000.0,Professional Services,6700,Operating Expense - Services,Yes,Sales,0.8999999999999999
TXN-04218,2024-11-07,Ubereats,185.0,Meals & Entertainment,6500,Operating Expense - Meals,Partial (50%),Engineering,0.95
TXN-04219,2025-03-31,Deloitte,5000.0,Professional Services,6700,Operating Expense - Services,Yes,Operations,0.95
TXN-04220,2024-09-19,Github,231.0,Software - Development,6360,Operating Expense - Technology,Yes,Marketing,0.95
TXN-04221,2024-10-14,Zoom,200.0,Software - SaaS,6320,Operating Expense - SaaS,Yes,HR,0.8999999999999999
TXN-04222,2024-06-26,Southwest Airlines,650.0,Travel - Airfare,6400,Operating Expense - Travel,Yes,Sales,0.95
TXN-04223,2024-04-21,Google Ads,5000.0,Marketing - Digital,6800,Operating Expense - Marketing,Yes,Finance,0.8999999999999999
TXN-04224,2024-01-20,Staples,50.0,Office Supplies,6100,Operating Expense - Office,Yes,Marketing,0.8799999999999999
TXN-04225,2024-07-25,Deloitte,50000.0,Professional Services,6700,Operating Expense - Services,Yes,Engineering,0.8999999999999999
TXN-04226,2024-11-02,Grubhub,50.0,Meals & Entertainment,6500,Operating Expense - Meals,Partial (50%),Sales,0.95
TXN-04227,2024-07-05,Restaurants.Com,150.0,Meals & Entertainment,6500,Operating Expense - Meals,Partial (50%),Marketing,0.8999999999999999
TXN-04228,2024-07-17,United Airlines,450.0,Travel - Airfare,6400,Operating Expense - Travel,Yes,Marketing,0.8999999999999999
TXN-04229,2024-09-18,Microsoft Azure,3000.0,Software - Cloud,6310,Operating Expense - Technology,Yes,Marketing,0.8999999999999999
TXN-04230,2024-11-30,Github,231.0,Software - Development,6360,Operating Expense - Technology,Yes,Engineering,0.8999999999999999
TXN-04231,2024-06-05,Hilton Hotels,220.0,Travel - Lodging,6420,Operating Expense - Travel,Yes,HR,0.95
TXN-04232,2024-04-28,Salesforce,2500.0,Software - SaaS,6320,Operating Expense - SaaS,Yes,Operations,0.8999999999999999
TXN-04233,2024-07-21,Accenture,35000.0,Professional Services,6700,Operating Expense - Services,Yes,Operations,0.95
TXN-04234,2024-12-11,American Airlines,300.0,Travel - Airfare,6400,Operating Expense - Travel,Yes,Engineering,0.93
TXN-04235,2024-08-10,Verizon,100.0,Utilities - Telecom,6600,Operating Expense - Utilities,Yes,Finance,0.8999999999999999
TXN-04236,2024-01-09,Starbucks,5.0,Meals & Entertainment,6500,Operating Expense - Meals,Partial (50%),Marketing,0.8999999999999999
TXN-04237,2024-10-30,Hilton Hotels,700.0,Travel - Lodging,6420,Operating Expense - Travel,Yes,Finance,0.95
TXN-04238,2024-06-05,Salesforce,300.0,Software - SaaS,6320,Operating Expense - SaaS,Yes,Marketing,0.95
TXN-04239,2024-12-22,Stripe,1250.0,Software - Payments,6350,Operating Expense - Technology,Yes,Finance,0.95
TXN-04240,2024-04-25,Staples,50.0,Office Supplies,6100,Operating Expense - Office,Yes,Operations,0.95
TXN-04241,2024-04-10,Google Ads,5000.0,Marketing - Digital,6800,Operating Expense - Marketing,Yes,Finance,0.95
TXN-04242,2024-02-05,American Airlines,1500.0,Travel - Airfare,6400,Operating Expense - Travel,Yes,Marketing,0.8999999999999999
TXN-04243,2024-06-23,Deloitte,25000.0,Professional Services,6700,Operating Expense - Services,Yes,Sales,0.8999999999999999
TXN-04244,2024-12-17,Delta Airlines,280.0,Travel - Airfare,6400,Operating Expense - Travel,Yes,HR,0.95
TXN-04245,2024-03-02,Grubhub,50.0,Meals & Entertainment,6500,Operating Expense - Meals,Partial (50%),Sales,0.8999999999999999
TXN-04246,2024-09-01,Zoom,100.0,Software - SaaS,6320,Operating Expense - SaaS,Yes,Finance,0.8999999999999999
TXN-04247,2024-10-21,At&T,80.0,Utilities - Telecom,6600,Operating Expense - Utilities,Yes,Finance,0.8999999999999999
TXN-04248,2024-04-13,Airbnb,150.0,Travel - Lodging,6420,Operating Expense - Travel,Yes,Operations,0.93
TXN-04249,2025-01-08,Dell,1200.0,Hardware - Equipment,1520,Fixed Asset - Equipment,Yes (Depreciated),Marketing,0.8799999999999999
TXN-04250,2025-02-07,Best Buy,500.0,Hardware - Equipment,1520,Fixed Asset - Equipment,Yes (Depreciated),Operations,0.8999999999999999
TXN-04251,2024-09-27,Microsoft Azure,300.0,Software - Cloud,6310,Operating Expense - Technology,Yes,Marketing,0.93
TXN-04252,2024-01-17,Facebook Ads,2000.0,Marketing - Digital,6800,Operating Expense - Marketing,Yes,HR,0.8999999999999999
TXN-04253,2024-11-28,At&T,300.0,Utilities - Telecom,6600,Operating Expense - Utilities,Yes,Finance,0.8999999999999999
TXN-04254,2024-06-08,Hubspot,50.0,Marketing - Software,6810,Operating Expense - Marketing,Yes,HR,0.8999999999999999
TXN-04255,2024-03-30,Uber,120.0,Travel - Ground,6410,Operating Expense - Travel,Yes,Engineering,0.8999999999999999
TXN-04256,2024-06-30,Apple,1999.0,Hardware - Equipment,1520,Fixed Asset - Equipment,Yes (Depreciated),Finance,0.8999999999999999
TXN-04257,2024-05-10,Ikea,1200.0,Furniture - Fixed Asset,1540,Fixed Asset - Furniture,Yes (Depreciated),Marketing,0.8799999999999999
TXN-04258,2025-03-06,Uber,65.0,Travel - Ground,6410,Operating Expense - Travel,Yes,Operations,0.8999999999999999
TXN-04259,2024-06-17,Dhl,60.0,Shipping & Logistics,6900,Operating Expense - Shipping,Yes,Engineering,0.8999999999999999
TXN-04260,2024-08-25,Ikea,100.0,Furniture - Fixed Asset,1540,Fixed Asset - Furniture,Yes (Depreciated),Finance,0.8999999999999999
TXN-04261,2024-03-13,Slack Inc,125.0,Software - SaaS,6320,Operating Expense - SaaS,Yes,HR,0.95
TXN-04262,2024-12-05,Dell,2500.0,Hardware - Equipment,1520,Fixed Asset - Equipment,Yes (Depreciated),Sales,0.93
TXN-04263,2025-02-12,Southwest Airlines,350.0,Travel - Airfare,6400,Operating Expense - Travel,Yes,Operations,0.8999999999999999
TXN-04264,2024-03-04,Grubhub,25.0,Meals & Entertainment,6500,Operating Expense - Meals,Partial (50%),Finance,0.8999999999999999
TXN-04265,2024-03-13,Marriott Hotels,250.0,Travel - Lodging,6420,Operating Expense - Travel,Yes,Marketing,0.8999999999999999
TXN-04266,2025-03-15,Lenovo,2000.0,Hardware - Equipment,1520,Fixed Asset - Equipment,Yes (Depreciated),Engineering,0.93
TXN-04267,2024-02-12,Github,500.0,Software - Development,6360,Operating Expense - Technology,Yes,Finance,0.8999999999999999
TXN-04268,2024-06-10,Southwest Airlines,650.0,Travel - Airfare,6400,Operating Expense - Travel,Yes,Sales,0.8999999999999999
TXN-04269,2024-03-17,Microsoft Azure,1500.0,Software - Cloud,6310,Operating Expense - Technology,Yes,Operations,0.8999999999999999
TXN-04270,2024-10-07,Linkedin Ads,1000.0,Marketing - Digital,6800,Operating Expense - Marketing,Yes,Engineering,0.8999999999999999
TXN-04271,2024-09-30,Google Ads,1000.0,Marketing - Digital,6800,Operating Expense - Marketing,Yes,Sales,0.95
TXN-04272,2024-02-02,Aws,500.0,Software - Cloud,6310,Operating Expense - Technology,Yes,Operations,0.8999999999999999
TXN-04273,2024-07-05,Chipotle,15.0,Meals & Entertainment,6500,Operating Expense - Meals,Partial (50%),Operations,0.95
TXN-04274,2024-02-04,Facebook Ads,2000.0,Marketing - Digital,6800,Operating Expense - Marketing,Yes,Marketing,0.95
TXN-04275,2025-02-10,Dhl,30.0,Shipping & Logistics,6900,Operating Expense - Shipping,Yes,Finance,0.8999999999999999
TXN-04276,2025-02-04,Doordash,25.0,Meals & Entertainment,6500,Operating Expense - Meals,Partial (50%),Finance,0.95
TXN-04277,2024-12-10,Aws,5000.0,Software - Cloud,6310,Operating Expense - Technology,Yes,Engineering,0.95
TXN-04278,2024-07-10,Ikea,1200.0,Furniture - Fixed Asset,1540,Fixed Asset - Furniture,Yes (Depreciated),Engineering,0.8999999999999999
TXN-04279,2024-08-29,Microsoft Azure,1500.0,Software - Cloud,6310,Operating Expense - Technology,Yes,Marketing,0.95
TXN-04280,2024-07-13,At&T,150.0,Utilities - Telecom,6600,Operating Expense - Utilities,Yes,Operations,0.95
TXN-04281,2024-11-16,Lawdepot,200.0,Legal Services,6710,Operating Expense - Services,Yes,HR,0.8999999999999999
TXN-04282,2024-08-25,Apple,799.0,Hardware - Equipment,1520,Fixed Asset - Equipment,Yes (Depreciated),Marketing,0.95
TXN-04283,2024-01-15,Steelcase,1000.0,Furniture - Fixed Asset,1540,Fixed Asset - Furniture,Yes (Depreciated),Operations,0.8999999999999999
TXN-04284,2024-05-26,Ups,50.0,Shipping & Logistics,6900,Operating Expense - Shipping,Yes,Engineering,0.8999999999999999
TXN-04285,2025-02-17,Zoom,299.0,Software - SaaS,6320,Operating Expense - SaaS,Yes,Operations,0.8999999999999999
TXN-04286,2025-01-08,Delta Airlines,900.0,Travel - Airfare,6400,Operating Expense - Travel,Yes,Marketing,0.95
TXN-04287,2024-12-10,Ikea,1200.0,Furniture - Fixed Asset,1540,Fixed Asset - Furniture,Yes (Depreciated),Marketing,0.95
TXN-04288,2024-06-13,Pwc,8000.0,Professional Services,6700,Operating Expense - Services,Yes,Operations,0.95
TXN-04289,2025-02-03,Delta Airlines,500.0,Travel - Airfare,6400,Operating Expense - Travel,Yes,Operations,0.8999999999999999
TXN-04290,2025-01-02,Slack,99.0,Software - SaaS,6320,Operating Expense - SaaS,Yes,Engineering,0.8999999999999999
TXN-04291,2024-03-11,Microsoft Azure Inc,1500.0,Software - Cloud,6310,Operating Expense - Technology,Yes,Marketing,0.8999999999999999
TXN-04292,2024-04-11,Lawdepot,1000.0,Legal Services,6710,Operating Expense - Services,Yes,Operations,0.95
TXN-04293,2025-03-17,Lyft,40.0,Travel - Ground,6410,Operating Expense - Travel,Yes,Operations,0.95
TXN-04294,2024-02-12,Ikea,1200.0,Furniture - Fixed Asset,1540,Fixed Asset - Furniture,Yes (Depreciated),Engineering,0.8999999999999999
TXN-04295,2024-11-22,Microsoft Azure,1500.0,Software - Cloud,6310,Operating Expense - Technology,Yes,HR,0.95
TXN-04296,2024-07-14,Twilio,500.0,Software - Communications,6340,Operating Expense - Technology,Yes,Engineering,0.95
TXN-04297,2024-09-22,Airbnb,600.0,Travel - Lodging,6420,Operating Expense - Travel,Yes,Operations,0.8999999999999999
TXN-04298,2024-06-10,Slack,299.0,Software - SaaS,6320,Operating Expense - SaaS,Yes,Operations,0.8999999999999999
TXN-04299,2024-06-10,Delta Airlines,900.0,Travel - Airfare,6400,Operating Expense - Travel,Yes,Engineering,0.8999999999999999
TXN-04300,2024-12-26,Facebook Ads,300.0,Marketing - Digital,6800,Operating Expense - Marketing,Yes,Operations,0.8999999999999999
TXN-04301,2024-10-12,United Airlines,250.0,Travel - Airfare,6400,Operating Expense - Travel,Yes,Engineering,0.95
TXN-04302,2024-06-06,Slack,199.0,Software - SaaS,6320,Operating Expense - SaaS,Yes,Engineering,0.8999999999999999
TXN-04303,2024-04-22,Starbucks,10.0,Meals & Entertainment,6500,Operating Expense - Meals,Partial (50%),Operations,0.95
TXN-04304,2024-09-21,Ikea,300.0,Furniture - Fixed Asset,1540,Fixed Asset - Furniture,Yes (Depreciated),Sales,0.95
TXN-04305,2024-10-01,Dell,1200.0,Hardware - Equipment,1520,Fixed Asset - Equipment,Yes (Depreciated),Marketing,0.95
TXN-04306,2024-01-15,Time Warner,60.0,Utilities - Internet,6610,Operating Expense - Utilities,Yes,HR,0.95
TXN-04307,2024-01-31,United Airlines,1200.0,Travel - Airfare,6400,Operating Expense - Travel,Yes,Marketing,0.93
TXN-04308,2024-11-30,Hubspot,500.0,Marketing - Software,6810,Operating Expense - Marketing,Yes,Finance,0.8999999999999999
TXN-04309,2024-08-09,Datadog,400.0,Software - Monitoring,6330,Operating Expense - Technology,Yes,Operations,0.8999999999999999
TXN-04310,2024-12-13,Amazon Business,500.0,Office Supplies,6100,Operating Expense - Office,Yes,Operations,0.8999999999999999
TXN-04311,2025-03-30,Xero,400.0,Accounting Software,6720,Operating Expense - Services,Yes,Sales,0.95
TXN-04312,2024-04-21,Dhl,400.0,Shipping & Logistics,6900,Operating Expense - Shipping,Yes,Marketing,0.93
TXN-04313,2024-10-02,Delta Airlines,1400.0,Travel - Airfare,6400,Operating Expense - Travel,Yes,HR,0.8999999999999999
TXN-04314,2025-01-19,Hilton Hotels,400.0,Travel - Lodging,6420,Operating Expense - Travel,Yes,Engineering,0.95
TXN-04315,2024-04-19,Linkedin Ads,5000.0,Marketing - Digital,6800,Operating Expense - Marketing,Yes,Engineering,0.93
TXN-04316,2024-07-11,Stripe,1250.0,Software - Payments,6350,Operating Expense - Technology,Yes,Marketing,0.8999999999999999
TXN-04317,2024-06-15,Doordash,200.0,Meals & Entertainment,6500,Operating Expense - Meals,Partial (50%),Sales,0.95
TXN-04318,2025-02-23,Chipotle,15.0,Meals & Entertainment,6500,Operating Expense - Meals,Partial (50%),Marketing,0.8999999999999999
TXN-04319,2025-01-06,Doordash,200.0,Meals & Entertainment,6500,Operating Expense - Meals,Partial (50%),Marketing,0.95
TXN-04320,2024-06-11,Lyft,12.0,Travel - Ground,6410,Operating Expense - Travel,Yes,Marketing,0.8999999999999999
TXN-04321,2024-05-16,Grubhub,25.0,Meals & Entertainment,6500,Operating Expense - Meals,Partial (50%),Finance,0.8999999999999999
TXN-04322,2025-03-27,Lyft,60.0,Travel - Ground,6410,Operating Expense - Travel,Yes,Finance,0.8999999999999999
TXN-04323,2024-07-03,Ubereats,20.0,Meals & Entertainment,6500,Operating Expense - Meals,Partial (50%),Finance,0.8999999999999999
TXN-04324,2024-03-19,Salesforce,1200.0,Software - SaaS,6320,Operating Expense - SaaS,Yes,Sales,0.8799999999999999
TXN-04325,2025-02-06,Datadog,1500.0,Software - Monitoring,6330,Operating Expense - Technology,Yes,Engineering,0.8999999999999999
TXN-04326,2025-01-21,Comcast,120.0,Utilities - Internet,6610,Operating Expense - Utilities,Yes,Operations,0.95
TXN-04327,2024-07-31,Hubspot,1200.0,Marketing - Software,6810,Operating Expense - Marketing,Yes,Engineering,0.8999999999999999
TXN-04328,2025-01-28,Pwc,20000.0,Professional Services,6700,Operating Expense - Services,Yes,Sales,0.8999999999999999
TXN-04329,2024-11-11,Starbucks,15.0,Meals & Entertainment,6500,Operating Expense - Meals,Partial (50%),Sales,0.8799999999999999
TXN-04330,2025-01-10,Airbnb,80.0,Travel - Lodging,6420,Operating Expense - Travel,Yes,Marketing,0.8999999999999999
TXN-04331,2024-01-07,Starbucks,15.0,Meals & Entertainment,6500,Operating Expense - Meals,Partial (50%),Sales,0.8799999999999999
TXN-04332,2025-02-11,Microsoft Azure,800.0,Software - Cloud,6310,Operating Expense - Technology,Yes,Engineering,0.8999999999999999
TXN-04333,2024-05-10,Salesforce,1200.0,Software - SaaS,6320,Operating Expense - SaaS,Yes,Finance,0.95
TXN-04334,2025-02-01,United Airlines,1200.0,Travel - Airfare,6400,Operating Expense - Travel,Yes,Operations,0.8799999999999999
TXN-04335,2024-12-08,Ups,50.0,Shipping & Logistics,6900,Operating Expense - Shipping,Yes,Sales,0.95
TXN-04336,2024-12-06,Hilton Hotels,400.0,Travel - Lodging,6420,Operating Expense - Travel,Yes,Marketing,0.8999999999999999
TXN-04337,2024-11-05,Time Warner,100.0,Utilities - Internet,6610,Operating Expense - Utilities,Yes,Engineering,0.95
TXN-04338,2024-04-07,Amazon Business,100.0,Office Supplies,6100,Operating Expense - Office,Yes,Marketing,0.8999999999999999
TXN-04339,2024-10-15,Stripe,2500.0,Software - Payments,6350,Operating Expense - Technology,Yes,Engineering,0.8799999999999999
TXN-04340,2024-09-18,Time Warner Inc,100.0,Utilities - Internet,6610,Operating Expense - Utilities,Yes,Marketing,0.8999999999999999
TXN-04341,2024-04-15,Datadog Inc,3000.0,Software - Monitoring,6330,Operating Expense - Technology,Yes,Operations,0.8799999999999999
TXN-04342,2024-09-19,At&T,150.0,Utilities - Telecom,6600,Operating Expense - Utilities,Yes,HR,0.8999999999999999
TXN-04343,2024-06-01,Github,231.0,Software - Development,6360,Operating Expense - Technology,Yes,Sales,0.8999999999999999
TXN-04344,2024-02-04,Fedex,100.0,Shipping & Logistics,6900,Operating Expense - Shipping,Yes,Engineering,0.8999999999999999
TXN-04345,2025-02-07,Doordash,50.0,Meals & Entertainment,6500,Operating Expense - Meals,Partial (50%),Operations,0.8999999999999999
TXN-04346,2024-06-24,Restaurants.Com,80.0,Meals & Entertainment,6500,Operating Expense - Meals,Partial (50%),Operations,0.95
TXN-04347,2024-08-01,Ubereats Inc,185.0,Meals & Entertainment,6500,Operating Expense - Meals,Partial (50%),Marketing,0.95
TXN-04348,2025-01-09,Github,231.0,Software - Development,6360,Operating Expense - Technology,Yes,HR,0.95
TXN-04349,2024-11-01,Microsoft Azure,800.0,Software - Cloud,6310,Operating Expense - Technology,Yes,Sales,0.95
TXN-04350,2024-11-05,Southwest Airlines,350.0,Travel - Airfare,6400,Operating Expense - Travel,Yes,HR,0.93
TXN-04351,2024-12-02,Salesforce,2500.0,Software - SaaS,6320,Operating Expense - SaaS,Yes,Finance,0.95
TXN-04352,2024-06-20,Stripe Inc,100.0,Software - Payments,6350,Operating Expense - Technology,Yes,Sales,0.8999999999999999
TXN-04353,2024-05-08,Chipotle,15.0,Meals & Entertainment,6500,Operating Expense - Meals,Partial (50%),Finance,0.95
TXN-04354,2024-12-01,Amazon Business,500.0,Office Supplies,6100,Operating Expense - Office,Yes,HR,0.8999999999999999
TXN-04355,2024-01-01,United Airlines,850.0,Travel - Airfare,6400,Operating Expense - Travel,Yes,Operations,0.95
TXN-04356,2024-11-04,Dhl,400.0,Shipping & Logistics,6900,Operating Expense - Shipping,Yes,Sales,0.8799999999999999
TXN-04357,2025-03-09,Amazon,1200.0,Hardware - Equipment,1520,Fixed Asset - Equipment,Yes (Depreciated),Engineering,0.8799999999999999
TXN-04358,2024-04-06,Staples,50.0,Office Supplies,6100,Operating Expense - Office,Yes,Marketing,0.8999999999999999
TXN-04359,2024-12-29,Google Ads,1000.0,Marketing - Digital,6800,Operating Expense - Marketing,Yes,HR,0.95
TXN-04360,2024-06-06,Lyft,60.0,Travel - Ground,6410,Operating Expense - Travel,Yes,Finance,0.8799999999999999
TXN-04361,2024-02-11,Datadog,800.0,Software - Monitoring,6330,Operating Expense - Technology,Yes,Engineering,0.93
TXN-04362,2024-07-22,Hilton Hotels,220.0,Travel - Lodging,6420,Operating Expense - Travel,Yes,Engineering,0.8999999999999999
TXN-04363,2025-01-06,Aws,5000.0,Software - Cloud,6310,Operating Expense - Technology,Yes,Marketing,0.8999999999999999
TXN-04364,2024-05-15,Steelcase,600.0,Furniture - Fixed Asset,1540,Fixed Asset - Furniture,Yes (Depreciated),Engineering,0.8999999999999999
TXN-04365,2025-03-21,Hilton Hotels,220.0,Travel - Lodging,6420,Operating Expense - Travel,Yes,Engineering,0.8999999999999999
TXN-04366,2024-01-19,Amazon Business,250.0,Office Supplies,6100,Operating Expense - Office,Yes,Finance,0.8999999999999999
TXN-04367,2024-09-23,Lyft,22.0,Travel - Ground,6410,Operating Expense - Travel,Yes,Finance,0.8999999999999999
TXN-04368,2024-01-02,Time Warner,100.0,Utilities - Internet,6610,Operating Expense - Utilities,Yes,Engineering,0.95
TXN-04369,2024-06-16,Restaurants.Com,80.0,Meals & Entertainment,6500,Operating Expense - Meals,Partial (50%),Operations,0.95
TXN-04370,2024-05-03,Pwc,20000.0,Professional Services,6700,Operating Expense - Services,Yes,Engineering,0.95
TXN-04371,2024-12-20,Dell,1200.0,Hardware - Equipment,1520,Fixed Asset - Equipment,Yes (Depreciated),Finance,0.8999999999999999
TXN-04372,2024-01-04,Lawdepot,1000.0,Legal Services,6710,Operating Expense - Services,Yes,Engineering,0.8799999999999999
TXN-04373,2024-08-10,Staples,50.0,Office Supplies,6100,Operating Expense - Office,Yes,Finance,0.8999999999999999
TXN-04374,2024-08-17,Lawdepot,1000.0,Legal Services,6710,Operating Expense - Services,Yes,Finance,0.8999999999999999
TXN-04375,2024-07-17,Microsoft Azure,800.0,Software - Cloud,6310,Operating Expense - Technology,Yes,Marketing,0.8799999999999999
TXN-04376,2024-04-24,Apple,199.0,Hardware - Equipment,1520,Fixed Asset - Equipment,Yes (Depreciated),Finance,0.95
TXN-04377,2024-10-25,Chipotle,15.0,Meals & Entertainment,6500,Operating Expense - Meals,Partial (50%),Engineering,0.8999999999999999
TXN-04378,2024-08-31,Restaurants.Com,80.0,Meals & Entertainment,6500,Operating Expense - Meals,Partial (50%),HR,0.8999999999999999
TXN-04379,2024-09-09,Steelcase Inc,600.0,Furniture - Fixed Asset,1540,Fixed Asset - Furniture,Yes (Depreciated),Marketing,0.95
TXN-04380,2024-02-21,Steelcase,1000.0,Furniture - Fixed Asset,1540,Fixed Asset - Furniture,Yes (Depreciated),Sales,0.95
TXN-04381,2024-09-08,Datadog,400.0,Software - Monitoring,6330,Operating Expense - Technology,Yes,Finance,0.8999999999999999
TXN-04382,2025-03-03,Github,21.0,Software - Development,6360,Operating Expense - Technology,Yes,Sales,0.8799999999999999
TXN-04383,2024-05-27,Quickbooks,120.0,Accounting Software,6720,Operating Expense - Services,Yes,HR,0.8999999999999999
TXN-04384,2024-03-11,Starbucks,5.0,Meals & Entertainment,6500,Operating Expense - Meals,Partial (50%),Finance,0.8999999999999999
TXN-04385,2024-09-03,Fedex,300.0,Shipping & Logistics,6900,Operating Expense - Shipping,Yes,Finance,0.95
TXN-04386,2024-07-11,Amazon,299.0,Hardware - Equipment,1520,Fixed Asset - Equipment,Yes (Depreciated),HR,0.95
TXN-04387,2025-03-28,Slack,199.0,Software - SaaS,6320,Operating Expense - SaaS,Yes,Operations,0.95
TXN-04388,2025-02-24,Ubereats,20.0,Meals & Entertainment,6500,Operating Expense - Meals,Partial (50%),HR,0.8999999999999999
TXN-04389,2024-09-16,United Airlines,250.0,Travel - Airfare,6400,Operating Expense - Travel,Yes,Operations,0.8999999999999999
TXN-04390,2024-10-28,Ups,350.0,Shipping & Logistics,6900,Operating Expense - Shipping,Yes,HR,0.8799999999999999
TXN-04391,2025-02-02,Marriott Hotels,250.0,Travel - Lodging,6420,Operating Expense - Travel,Yes,Operations,0.8999999999999999
TXN-04392,2024-06-07,Amazon Business,250.0,Office Supplies,6100,Operating Expense - Office,Yes,Operations,0.95
TXN-04393,2024-05-10,Lawdepot,1000.0,Legal Services,6710,Operating Expense - Services,Yes,Operations,0.95
TXN-04394,2024-05-14,Facebook Ads,300.0,Marketing - Digital,6800,Operating Expense - Marketing,Yes,HR,0.8999999999999999
TXN-04395,2024-12-27,Hubspot,500.0,Marketing - Software,6810,Operating Expense - Marketing,Yes,HR,0.8999999999999999
TXN-04396,2024-07-30,Google Cloud,950.0,Software - Cloud,6310,Operating Expense - Technology,Yes,HR,0.8999999999999999
TXN-04397,2024-04-21,Herman Miller,800.0,Furniture - Fixed Asset,1540,Fixed Asset - Furniture,Yes (Depreciated),Finance,0.8999999999999999
TXN-04398,2024-04-21,Twilio,500.0,Software - Communications,6340,Operating Expense - Technology,Yes,Marketing,0.95
TXN-04399,2024-01-18,Hubspot,200.0,Marketing - Software,6810,Operating Expense - Marketing,Yes,HR,0.95
TXN-04400,2025-02-06,Quickbooks,600.0,Accounting Software,6720,Operating Expense - Services,Yes,Operations,0.8999999999999999
TXN-04401,2024-02-11,Time Warner,180.0,Utilities - Internet,6610,Operating Expense - Utilities,Yes,Engineering,0.8999999999999999
TXN-04402,2024-09-21,Chipotle,20.0,Meals & Entertainment,6500,Operating Expense - Meals,Partial (50%),Finance,0.8999999999999999
TXN-04403,2024-12-27,Google Ads,5000.0,Marketing - Digital,6800,Operating Expense - Marketing,Yes,Engineering,0.95
TXN-04404,2024-02-23,Lyft,12.0,Travel - Ground,6410,Operating Expense - Travel,Yes,Engineering,0.8999999999999999
TXN-04405,2024-03-29,Lenovo,2000.0,Hardware - Equipment,1520,Fixed Asset - Equipment,Yes (Depreciated),Engineering,0.93
TXN-04406,2024-04-07,Amazon,299.0,Hardware - Equipment,1520,Fixed Asset - Equipment,Yes (Depreciated),Finance,0.95
TXN-04407,2024-07-01,Amazon Business,500.0,Office Supplies,6100,Operating Expense - Office,Yes,Marketing,0.95
TXN-04408,2024-01-04,Hilton Hotels,400.0,Travel - Lodging,6420,Operating Expense - Travel,Yes,Marketing,0.95
TXN-04409,2025-03-21,Chipotle,10.0,Meals & Entertainment,6500,Operating Expense - Meals,Partial (50%),Engineering,0.95
TXN-04410,2024-03-18,Verizon,100.0,Utilities - Telecom,6600,Operating Expense - Utilities,Yes,Finance,0.8999999999999999
TXN-04411,2024-06-05,Restaurants.Com,300.0,Meals & Entertainment,6500,Operating Expense - Meals,Partial (50%),HR,0.95
TXN-04412,2024-08-19,Google Cloud,4000.0,Software - Cloud,6310,Operating Expense - Technology,Yes,Marketing,0.95
TXN-04413,2024-02-01,Salesforce,300.0,Software - SaaS,6320,Operating Expense - SaaS,Yes,HR,0.95
TXN-04414,2024-12-29,Mckinsey,30000.0,Professional Services,6700,Operating Expense - Services,Yes,Operations,0.8999999999999999
TXN-04415,2025-02-24,Accenture,15000.0,Professional Services,6700,Operating Expense - Services,Yes,Finance,0.8999999999999999
TXN-04416,2024-07-29,Hubspot,200.0,Marketing - Software,6810,Operating Expense - Marketing,Yes,Operations,0.8999999999999999
TXN-04417,2024-05-07,Slack,125.0,Software - SaaS,6320,Operating Expense - SaaS,Yes,Operations,0.8999999999999999
TXN-04418,2024-01-23,Facebook Ads,300.0,Marketing - Digital,6800,Operating Expense - Marketing,Yes,Sales,0.8999999999999999
TXN-04419,2024-04-06,Office Depot,350.0,Office Supplies,6100,Operating Expense - Office,Yes,Finance,0.8999999999999999
TXN-04420,2024-09-07,Twilio,50.0,Software - Communications,6340,Operating Expense - Technology,Yes,HR,0.8999999999999999
TXN-04421,2024-04-15,Steelcase,1000.0,Furniture - Fixed Asset,1540,Fixed Asset - Furniture,Yes (Depreciated),HR,0.8999999999999999
TXN-04422,2024-09-10,Herman Miller,800.0,Furniture - Fixed Asset,1540,Fixed Asset - Furniture,Yes (Depreciated),Operations,0.95
TXN-04423,2025-01-07,Aws,2341.0,Software - Cloud,6310,Operating Expense - Technology,Yes,Finance,0.95
TXN-04424,2024-09-29,Grubhub,100.0,Meals & Entertainment,6500,Operating Expense - Meals,Partial (50%),HR,0.95
TXN-04425,2024-11-18,Google Cloud,950.0,Software - Cloud,6310,Operating Expense - Technology,Yes,Operations,0.95
TXN-04426,2024-09-14,Linkedin Ads,2500.0,Marketing - Digital,6800,Operating Expense - Marketing,Yes,Operations,0.8999999999999999
TXN-04427,2024-03-29,Ikea,1200.0,Furniture - Fixed Asset,1540,Fixed Asset - Furniture,Yes (Depreciated),Operations,0.95
TXN-04428,2024-01-03,Office Depot,200.0,Office Supplies,6100,Operating Expense - Office,Yes,HR,0.8799999999999999
TXN-04429,2025-02-22,Lenovo,2000.0,Hardware - Equipment,1520,Fixed Asset - Equipment,Yes (Depreciated),Finance,0.8999999999999999
TXN-04430,2025-01-16,Lyft,40.0,Travel - Ground,6410,Operating Expense - Travel,Yes,Finance,0.8799999999999999
TXN-04431,2024-08-27,Starbucks,7.0,Meals & Entertainment,6500,Operating Expense - Meals,Partial (50%),Marketing,0.8999999999999999
TXN-04432,2024-04-22,American Airlines Inc,300.0,Travel - Airfare,6400,Operating Expense - Travel,Yes,Finance,0.95
TXN-04433,2024-08-31,Airbnb,80.0,Travel - Lodging,6420,Operating Expense - Travel,Yes,Operations,0.95
TXN-04434,2024-09-22,Uber,45.0,Travel - Ground,6410,Operating Expense - Travel,Yes,Sales,0.8999999999999999
TXN-04435,2024-03-02,Amazon Business,250.0,Office Supplies,6100,Operating Expense - Office,Yes,Finance,0.95
TXN-04436,2024-04-10,Starbucks,7.0,Meals & Entertainment,6500,Operating Expense - Meals,Partial (50%),Sales,0.8999999999999999
TXN-04437,2024-02-12,Verizon,350.0,Utilities - Telecom,6600,Operating Expense - Utilities,Yes,HR,0.95
TXN-04438,2024-02-27,Staples,150.0,Office Supplies,6100,Operating Expense - Office,Yes,Finance,0.8999999999999999
TXN-04439,2024-08-25,Staples,150.0,Office Supplies,6100,Operating Expense - Office,Yes,HR,0.95
TXN-04440,2024-12-14,Best Buy,1200.0,Hardware - Equipment,1520,Fixed Asset - Equipment,Yes (Depreciated),Operations,0.8999999999999999
TXN-04441,2024-08-27,At&T,80.0,Utilities - Telecom,6600,Operating Expense - Utilities,Yes,Sales,0.8799999999999999
TXN-04442,2024-04-16,United Airlines Inc,250.0,Travel - Airfare,6400,Operating Expense - Travel,Yes,Engineering,0.95
TXN-04443,2025-02-19,Doordash,100.0,Meals & Entertainment,6500,Operating Expense - Meals,Partial (50%),Finance,0.95
TXN-04444,2024-02-20,Mckinsey,15000.0,Professional Services,6700,Operating Expense - Services,Yes,Engineering,0.95
TXN-04445,2025-01-31,Lyft,22.0,Travel - Ground,6410,Operating Expense - Travel,Yes,Operations,0.8999999999999999
TXN-04446,2024-12-02,Aws,10000.0,Software - Cloud,6310,Operating Expense - Technology,Yes,Finance,0.8999999999999999
TXN-04447,2024-10-28,American Airlines,1500.0,Travel - Airfare,6400,Operating Expense - Travel,Yes,Sales,0.8999999999999999
TXN-04448,2025-01-30,Github,231.0,Software - Development,6360,Operating Expense - Technology,Yes,Finance,0.8999999999999999
TXN-04449,2024-10-16,Restaurants.Com,300.0,Meals & Entertainment,6500,Operating Expense - Meals,Partial (50%),Engineering,0.8999999999999999
TXN-04450,2025-03-04,Quickbooks,300.0,Accounting Software,6720,Operating Expense - Services,Yes,HR,0.8999999999999999
TXN-04451,2024-09-11,Starbucks,7.0,Meals & Entertainment,6500,Operating Expense - Meals,Partial (50%),Finance,0.8999999999999999
TXN-04452,2024-11-27,Doordash,200.0,Meals & Entertainment,6500,Operating Expense - Meals,Partial (50%),HR,0.8999999999999999
TXN-04453,2024-02-26,Salesforce,2500.0,Software - SaaS,6320,Operating Expense - SaaS,Yes,Finance,0.8999999999999999
TXN-04454,2024-08-11,Ups,50.0,Shipping & Logistics,6900,Operating Expense - Shipping,Yes,Sales,0.93
TXN-04455,2024-10-16,Uber,15.0,Travel - Ground,6410,Operating Expense - Travel,Yes,Finance,0.8999999999999999
TXN-04456,2024-05-27,Dell,1200.0,Hardware - Equipment,1520,Fixed Asset - Equipment,Yes (Depreciated),Finance,0.8999999999999999
TXN-04457,2024-01-11,Salesforce,300.0,Software - SaaS,6320,Operating Expense - SaaS,Yes,HR,0.95
TXN-04458,2024-04-05,Google Cloud,950.0,Software - Cloud,6310,Operating Expense - Technology,Yes,Operations,0.8999999999999999
TXN-04459,2024-10-24,Hilton Hotels,220.0,Travel - Lodging,6420,Operating Expense - Travel,Yes,Marketing,0.8999999999999999
TXN-04460,2024-09-10,Aws,1000.0,Software - Cloud,6310,Operating Expense - Technology,Yes,Sales,0.8999999999999999
TXN-04461,2025-03-06,Grubhub,25.0,Meals & Entertainment,6500,Operating Expense - Meals,Partial (50%),Operations,0.8999999999999999
TXN-04462,2024-12-18,Lyft,40.0,Travel - Ground,6410,Operating Expense - Travel,Yes,Operations,0.8999999999999999
TXN-04463,2025-02-25,Pwc,8000.0,Professional Services,6700,Operating Expense - Services,Yes,Finance,0.8999999999999999
TXN-04464,2024-06-17,Doordash,100.0,Meals & Entertainment,6500,Operating Expense - Meals,Partial (50%),Operations,0.95
TXN-04465,2025-01-02,Uber,15.0,Travel - Ground,6410,Operating Expense - Travel,Yes,HR,0.8999999999999999
TXN-04466,2024-10-13,Marriott Hotels,800.0,Travel - Lodging,6420,Operating Expense - Travel,Yes,Marketing,0.8999999999999999
TXN-04467,2024-04-30,Deloitte,5000.0,Professional Services,6700,Operating Expense - Services,Yes,Operations,0.8999999999999999
TXN-04468,2024-08-13,Verizon,200.0,Utilities - Telecom,6600,Operating Expense - Utilities,Yes,Sales,0.8999999999999999
TXN-04469,2025-01-18,At&T,80.0,Utilities - Telecom,6600,Operating Expense - Utilities,Yes,Engineering,0.8999999999999999
TXN-04470,2024-11-27,Amazon Business,100.0,Office Supplies,6100,Operating Expense - Office,Yes,Operations,0.8999999999999999
TXN-04471,2024-01-28,Uber,15.0,Travel - Ground,6410,Operating Expense - Travel,Yes,Engineering,0.8999999999999999
TXN-04472,2024-04-10,Doordash,25.0,Meals & Entertainment,6500,Operating Expense - Meals,Partial (50%),Sales,0.95
TXN-04473,2024-03-03,Quickbooks,120.0,Accounting Software,6720,Operating Expense - Services,Yes,Marketing,0.8999999999999999
TXN-04474,2024-07-23,Pwc,4000.0,Professional Services,6700,Operating Expense - Services,Yes,Operations,0.95
TXN-04475,2025-03-31,Linkedin Ads,2500.0,Marketing - Digital,6800,Operating Expense - Marketing,Yes,Engineering,0.8999999999999999
TXN-04476,2024-07-25,Slack,299.0,Software - SaaS,6320,Operating Expense - SaaS,Yes,Marketing,0.8999999999999999
TXN-04477,2024-06-07,Xero,200.0,Accounting Software,6720,Operating Expense - Services,Yes,Finance,0.93
TXN-04478,2024-04-08,Ups,50.0,Shipping & Logistics,6900,Operating Expense - Shipping,Yes,Operations,0.8999999999999999
TXN-04479,2024-12-18,Salesforce Inc,300.0,Software - SaaS,6320,Operating Expense - SaaS,Yes,Sales,0.95
TXN-04480,2025-01-10,Verizon,200.0,Utilities - Telecom,6600,Operating Expense - Utilities,Yes,Operations,0.8999999999999999
TXN-04481,2024-12-29,Fedex,20.0,Shipping & Logistics,6900,Operating Expense - Shipping,Yes,Sales,0.95
TXN-04482,2024-01-01,Herman Miller,3000.0,Furniture - Fixed Asset,1540,Fixed Asset - Furniture,Yes (Depreciated),Operations,0.8999999999999999
TXN-04483,2024-10-19,Facebook Ads,4000.0,Marketing - Digital,6800,Operating Expense - Marketing,Yes,Operations,0.95
TXN-04484,2024-09-27,Deloitte,25000.0,Professional Services,6700,Operating Expense - Services,Yes,Sales,0.95
TXN-04485,2024-01-27,Quickbooks,600.0,Accounting Software,6720,Operating Expense - Services,Yes,HR,0.8999999999999999
TXN-04486,2024-10-27,Ubereats,45.0,Meals & Entertainment,6500,Operating Expense - Meals,Partial (50%),Marketing,0.8799999999999999
TXN-04487,2024-09-23,Quickbooks,600.0,Accounting Software,6720,Operating Expense - Services,Yes,Engineering,0.8999999999999999
TXN-04488,2024-03-14,Best Buy,100.0,Hardware - Equipment,1520,Fixed Asset - Equipment,Yes (Depreciated),Sales,0.8999999999999999
TXN-04489,2024-09-04,Dell,1200.0,Hardware - Equipment,1520,Fixed Asset - Equipment,Yes (Depreciated),HR,0.95
TXN-04490,2024-04-28,Deloitte,10000.0,Professional Services,6700,Operating Expense - Services,Yes,Sales,0.8999999999999999
TXN-04491,2024-03-15,Staples,50.0,Office Supplies,6100,Operating Expense - Office,Yes,HR,0.95
TXN-04492,2024-04-22,Ubereats,185.0,Meals & Entertainment,6500,Operating Expense - Meals,Partial (50%),Marketing,0.8999999999999999
TXN-04493,2025-01-10,Aws,1000.0,Software - Cloud,6310,Operating Expense - Technology,Yes,Marketing,0.8999999999999999
TXN-04494,2024-12-08,Chipotle,15.0,Meals & Entertainment,6500,Operating Expense - Meals,Partial (50%),Sales,0.95
TXN-04495,2024-09-10,Accenture,15000.0,Professional Services,6700,Operating Expense - Services,Yes,HR,0.8999999999999999
TXN-04496,2024-08-28,Grubhub,180.0,Meals & Entertainment,6500,Operating Expense - Meals,Partial (50%),HR,0.95
TXN-04497,2024-01-15,Southwest Airlines,1000.0,Travel - Airfare,6400,Operating Expense - Travel,Yes,Sales,0.95
TXN-04498,2024-01-17,Office Depot,350.0,Office Supplies,6100,Operating Expense - Office,Yes,Finance,0.95
TXN-04499,2024-08-22,Office Depot,200.0,Office Supplies,6100,Operating Expense - Office,Yes,Sales,0.8999999999999999
TXN-04500,2024-08-23,Dell,500.0,Hardware - Equipment,1520,Fixed Asset - Equipment,Yes (Depreciated),Finance,0.95
TXN-04501,2025-01-23,Herman Miller,800.0,Furniture - Fixed Asset,1540,Fixed Asset - Furniture,Yes (Depreciated),Sales,0.8999999999999999
TXN-04502,2025-03-06,Ubereats,20.0,Meals & Entertainment,6500,Operating Expense - Meals,Partial (50%),Finance,0.95
TXN-04503,2024-06-27,Google Ads,500.0,Marketing - Digital,6800,Operating Expense - Marketing,Yes,Sales,0.95
TXN-04504,2024-11-08,Steelcase,1000.0,Furniture - Fixed Asset,1540,Fixed Asset - Furniture,Yes (Depreciated),Marketing,0.8999999999999999
TXN-04505,2024-09-04,Lyft,22.0,Travel - Ground,6410,Operating Expense - Travel,Yes,HR,0.95
TXN-04506,2024-12-24,Amazon Business,100.0,Office Supplies,6100,Operating Expense - Office,Yes,Operations,0.8999999999999999
TXN-04507,2024-02-08,Google Ads,5000.0,Marketing - Digital,6800,Operating Expense - Marketing,Yes,Finance,0.95
TXN-04508,2024-09-22,Dell,1200.0,Hardware - Equipment,1520,Fixed Asset - Equipment,Yes (Depreciated),Engineering,0.93
TXN-04509,2024-11-28,Office Depot,200.0,Office Supplies,6100,Operating Expense - Office,Yes,Finance,0.8999999999999999
TXN-04510,2024-12-17,Airbnb,300.0,Travel - Lodging,6420,Operating Expense - Travel,Yes,HR,0.95
TXN-04511,2024-02-10,Dell,2500.0,Hardware - Equipment,1520,Fixed Asset - Equipment,Yes (Depreciated),Marketing,0.95
TXN-04512,2024-08-18,Quickbooks,300.0,Accounting Software,6720,Operating Expense - Services,Yes,Finance,0.8999999999999999
TXN-04513,2024-03-18,Slack,199.0,Software - SaaS,6320,Operating Expense - SaaS,Yes,HR,0.8999999999999999
TXN-04514,2025-01-25,Linkedin Ads,1000.0,Marketing - Digital,6800,Operating Expense - Marketing,Yes,Operations,0.95
TXN-04515,2024-11-11,Herman Miller,1200.0,Furniture - Fixed Asset,1540,Fixed Asset - Furniture,Yes (Depreciated),Finance,0.95
TXN-04516,2024-05-07,Linkedin Ads,2500.0,Marketing - Digital,6800,Operating Expense - Marketing,Yes,Sales,0.8999999999999999
TXN-04517,2024-09-24,Lawdepot,2500.0,Legal Services,6710,Operating Expense - Services,Yes,Sales,0.8999999999999999
TXN-04518,2025-01-22,Comcast,70.0,Utilities - Internet,6610,Operating Expense - Utilities,Yes,HR,0.8999999999999999
TXN-04519,2024-09-02,Facebook Ads,2000.0,Marketing - Digital,6800,Operating Expense - Marketing,Yes,Finance,0.95
TXN-04520,2024-06-25,Ikea,600.0,Furniture - Fixed Asset,1540,Fixed Asset - Furniture,Yes (Depreciated),Sales,0.8999999999999999
TXN-04521,2025-02-17,Hilton Hotels,400.0,Travel - Lodging,6420,Operating Expense - Travel,Yes,Engineering,0.95
TXN-04522,2024-01-27,Ikea,600.0,Furniture - Fixed Asset,1540,Fixed Asset - Furniture,Yes (Depreciated),Sales,0.8999999999999999
TXN-04523,2024-03-23,Twilio,1000.0,Software - Communications,6340,Operating Expense - Technology,Yes,Engineering,0.8999999999999999
TXN-04524,2024-01-22,Hubspot,1200.0,Marketing - Software,6810,Operating Expense - Marketing,Yes,Finance,0.95
TXN-04525,2024-09-22,Xero,99.0,Accounting Software,6720,Operating Expense - Services,Yes,Operations,0.95
TXN-04526,2024-10-18,Ubereats,100.0,Meals & Entertainment,6500,Operating Expense - Meals,Partial (50%),Sales,0.95
TXN-04527,2024-09-22,Doordash,100.0,Meals & Entertainment,6500,Operating Expense - Meals,Partial (50%),Operations,0.8799999999999999
TXN-04528,2024-09-25,Office Depot,75.0,Office Supplies,6100,Operating Expense - Office,Yes,Marketing,0.8999999999999999
TXN-04529,2024-09-01,Airbnb,80.0,Travel - Lodging,6420,Operating Expense - Travel,Yes,HR,0.8999999999999999
TXN-04530,2024-01-21,American Airlines,550.0,Travel - Airfare,6400,Operating Expense - Travel,Yes,Marketing,0.8999999999999999
TXN-04531,2025-03-06,Facebook Ads,300.0,Marketing - Digital,6800,Operating Expense - Marketing,Yes,Finance,0.8999999999999999
TXN-04532,2024-01-17,Github,500.0,Software - Development,6360,Operating Expense - Technology,Yes,Sales,0.95
TXN-04533,2024-03-27,Ubereats,185.0,Meals & Entertainment,6500,Operating Expense - Meals,Partial (50%),Marketing,0.95
TXN-04534,2024-04-21,Linkedin Ads,400.0,Marketing - Digital,6800,Operating Expense - Marketing,Yes,Engineering,0.8999999999999999
TXN-04535,2024-06-19,Restaurants.Com Inc,40.0,Meals & Entertainment,6500,Operating Expense - Meals,Partial (50%),Finance,0.95
TXN-04536,2024-04-18,United Airlines,250.0,Travel - Airfare,6400,Operating Expense - Travel,Yes,Sales,0.8999999999999999
TXN-04537,2024-10-07,Linkedin Ads,2500.0,Marketing - Digital,6800,Operating Expense - Marketing,Yes,Sales,0.8799999999999999
TXN-04538,2024-05-29,Deloitte,5000.0,Professional Services,6700,Operating Expense - Services,Yes,Engineering,0.8999999999999999
TXN-04539,2024-06-08,Chipotle,10.0,Meals & Entertainment,6500,Operating Expense - Meals,Partial (50%),Sales,0.93
TXN-04540,2024-11-05,Linkedin Ads,400.0,Marketing - Digital,6800,Operating Expense - Marketing,Yes,HR,0.8999999999999999
TXN-04541,2024-08-15,Ikea,600.0,Furniture - Fixed Asset,1540,Fixed Asset - Furniture,Yes (Depreciated),Marketing,0.8999999999999999
TXN-04542,2024-04-30,Airbnb,600.0,Travel - Lodging,6420,Operating Expense - Travel,Yes,Finance,0.95
TXN-04543,2024-07-19,Google Cloud,950.0,Software - Cloud,6310,Operating Expense - Technology,Yes,Marketing,0.8999999999999999
TXN-04544,2025-01-22,Best Buy,500.0,Hardware - Equipment,1520,Fixed Asset - Equipment,Yes (Depreciated),Marketing,0.8999999999999999
TXN-04545,2024-01-28,Ubereats,20.0,Meals & Entertainment,6500,Operating Expense - Meals,Partial (50%),Finance,0.8799999999999999
TXN-04546,2024-01-02,Time Warner,100.0,Utilities - Internet,6610,Operating Expense - Utilities,Yes,Engineering,0.8999999999999999
TXN-04547,2024-01-24,Apple,1200.0,Hardware - Equipment,1520,Fixed Asset - Equipment,Yes (Depreciated),Operations,0.8999999999999999
TXN-04548,2024-12-27,Delta Airlines,1400.0,Travel - Airfare,6400,Operating Expense - Travel,Yes,Finance,0.8999999999999999
TXN-04549,2024-09-20,Github,500.0,Software - Development,6360,Operating Expense - Technology,Yes,HR,0.8999999999999999
TXN-04550,2024-03-28,Microsoft Azure,3000.0,Software - Cloud,6310,Operating Expense - Technology,Yes,Marketing,0.95
TXN-04551,2024-04-24,Accenture,35000.0,Professional Services,6700,Operating Expense - Services,Yes,HR,0.95
TXN-04552,2025-02-25,Pwc,4000.0,Professional Services,6700,Operating Expense - Services,Yes,Sales,0.8999999999999999
TXN-04553,2024-07-01,Dell,500.0,Hardware - Equipment,1520,Fixed Asset - Equipment,Yes (Depreciated),HR,0.8999999999999999
TXN-04554,2025-02-16,Aws,2341.0,Software - Cloud,6310,Operating Expense - Technology,Yes,HR,0.8999999999999999
TXN-04555,2024-10-28,Amazon Business,500.0,Office Supplies,6100,Operating Expense - Office,Yes,Engineering,0.8999999999999999
TXN-04556,2024-03-23,Accenture,7000.0,Professional Services,6700,Operating Expense - Services,Yes,Finance,0.8999999999999999
TXN-04557,2024-11-21,Ups,50.0,Shipping & Logistics,6900,Operating Expense - Shipping,Yes,Marketing,0.8999999999999999
TXN-04558,2024-06-30,Airbnb,80.0,Travel - Lodging,6420,Operating Expense - Travel,Yes,Finance,0.95
TXN-04559,2024-03-12,Starbucks,10.0,Meals & Entertainment,6500,Operating Expense - Meals,Partial (50%),HR,0.95
TXN-04560,2024-07-20,American Airlines,550.0,Travel - Airfare,6400,Operating Expense - Travel,Yes,Operations,0.8799999999999999
TXN-04561,2024-09-30,Uber,45.0,Travel - Ground,6410,Operating Expense - Travel,Yes,Sales,0.8999999999999999
TXN-04562,2025-01-19,Uber,120.0,Travel - Ground,6410,Operating Expense - Travel,Yes,Sales,0.8999999999999999
TXN-04563,2025-02-06,Aws,500.0,Software - Cloud,6310,Operating Expense - Technology,Yes,Operations,0.8999999999999999
TXN-04564,2024-10-26,Time Warner,100.0,Utilities - Internet,6610,Operating Expense - Utilities,Yes,HR,0.8999999999999999
TXN-04565,2024-10-11,Doordash,200.0,Meals & Entertainment,6500,Operating Expense - Meals,Partial (50%),Sales,0.8799999999999999
TXN-04566,2024-06-26,Salesforce,300.0,Software - SaaS,6320,Operating Expense - SaaS,Yes,Marketing,0.95
TXN-04567,2024-10-21,Ubereats,20.0,Meals & Entertainment,6500,Operating Expense - Meals,Partial (50%),HR,0.8999999999999999
TXN-04568,2024-04-05,Salesforce,300.0,Software - SaaS,6320,Operating Expense - SaaS,Yes,Operations,0.8999999999999999
TXN-04569,2024-11-03,American Airlines,950.0,Travel - Airfare,6400,Operating Expense - Travel,Yes,HR,0.95
TXN-04570,2025-02-09,Hubspot Inc,200.0,Marketing - Software,6810,Operating Expense - Marketing,Yes,HR,0.93
TXN-04571,2024-04-05,Herman Miller,1500.0,Furniture - Fixed Asset,1540,Fixed Asset - Furniture,Yes (Depreciated),Engineering,0.8999999999999999
TXN-04572,2024-04-20,Marriott Hotels,150.0,Travel - Lodging,6420,Operating Expense - Travel,Yes,Finance,0.8999999999999999
TXN-04573,2024-06-12,At&T,150.0,Utilities - Telecom,6600,Operating Expense - Utilities,Yes,Finance,0.8999999999999999
TXN-04574,2025-01-22,Microsoft Azure,3000.0,Software - Cloud,6310,Operating Expense - Technology,Yes,Operations,0.95
TXN-04575,2024-07-25,Office Depot,350.0,Office Supplies,6100,Operating Expense - Office,Yes,Engineering,0.95
TXN-04576,2024-04-13,Twilio,500.0,Software - Communications,6340,Operating Expense - Technology,Yes,Operations,0.8999999999999999
TXN-04577,2024-12-31,Zoom,100.0,Software - SaaS,6320,Operating Expense - SaaS,Yes,Engineering,0.95
TXN-04578,2024-03-30,Hilton Hotels,120.0,Travel - Lodging,6420,Operating Expense - Travel,Yes,Engineering,0.8999999999999999
TXN-04579,2024-04-07,Hilton Hotels,700.0,Travel - Lodging,6420,Operating Expense - Travel,Yes,Finance,0.8999999999999999
TXN-04580,2024-11-25,Airbnb,150.0,Travel - Lodging,6420,Operating Expense - Travel,Yes,Finance,0.8999999999999999
TXN-04581,2024-12-02,Accenture,3000.0,Professional Services,6700,Operating Expense - Services,Yes,Engineering,0.8999999999999999
TXN-04582,2024-01-14,Best Buy,1200.0,Hardware - Equipment,1520,Fixed Asset - Equipment,Yes (Depreciated),Sales,0.8999999999999999
TXN-04583,2024-08-21,Grubhub,25.0,Meals & Entertainment,6500,Operating Expense - Meals,Partial (50%),HR,0.8999999999999999
TXN-04584,2024-02-24,At&T,80.0,Utilities - Telecom,6600,Operating Expense - Utilities,Yes,Finance,0.8999999999999999
TXN-04585,2024-09-25,Chipotle,10.0,Meals & Entertainment,6500,Operating Expense - Meals,Partial (50%),HR,0.8999999999999999
TXN-04586,2024-06-19,Accenture,3000.0,Professional Services,6700,Operating Expense - Services,Yes,Marketing,0.95
TXN-04587,2024-06-30,Verizon,100.0,Utilities - Telecom,6600,Operating Expense - Utilities,Yes,Operations,0.8999999999999999
TXN-04588,2025-01-06,Marriott Hotels,450.0,Travel - Lodging,6420,Operating Expense - Travel,Yes,Operations,0.95
TXN-04589,2024-10-04,Delta Airlines,280.0,Travel - Airfare,6400,Operating Expense - Travel,Yes,Finance,0.95
TXN-04590,2024-07-15,Starbucks,10.0,Meals & Entertainment,6500,Operating Expense - Meals,Partial (50%),Sales,0.8799999999999999
TXN-04591,2025-01-11,Restaurants.Com,300.0,Meals & Entertainment,6500,Operating Expense - Meals,Partial (50%),Operations,0.8999999999999999
TXN-04592,2024-04-27,Ikea Inc,600.0,Furniture - Fixed Asset,1540,Fixed Asset - Furniture,Yes (Depreciated),Finance,0.95
TXN-04593,2024-04-11,Microsoft Azure,3000.0,Software - Cloud,6310,Operating Expense - Technology,Yes,Finance,0.8999999999999999
TXN-04594,2024-04-06,Xero,400.0,Accounting Software,6720,Operating Expense - Services,Yes,HR,0.8999999999999999
TXN-04595,2024-03-06,Best Buy,500.0,Hardware - Equipment,1520,Fixed Asset - Equipment,Yes (Depreciated),HR,0.8999999999999999
TXN-04596,2024-07-27,Deloitte,50000.0,Professional Services,6700,Operating Expense - Services,Yes,Engineering,0.8999999999999999
TXN-04597,2025-03-15,Ubereats,20.0,Meals & Entertainment,6500,Operating Expense - Meals,Partial (50%),Engineering,0.8999999999999999
TXN-04598,2024-02-09,Ups,350.0,Shipping & Logistics,6900,Operating Expense - Shipping,Yes,HR,0.95
TXN-04599,2024-03-16,United Airlines,850.0,Travel - Airfare,6400,Operating Expense - Travel,Yes,Sales,0.8799999999999999
TXN-04600,2024-05-30,Herman Miller,1500.0,Furniture - Fixed Asset,1540,Fixed Asset - Furniture,Yes (Depreciated),Sales,0.8999999999999999
TXN-04601,2024-05-06,Xero,400.0,Accounting Software,6720,Operating Expense - Services,Yes,Finance,0.8999999999999999
TXN-04602,2024-11-09,Facebook Ads,2000.0,Marketing - Digital,6800,Operating Expense - Marketing,Yes,Operations,0.95
TXN-04603,2024-04-11,Ubereats,100.0,Meals & Entertainment,6500,Operating Expense - Meals,Partial (50%),Sales,0.8999999999999999
TXN-04604,2024-07-31,Staples,500.0,Office Supplies,6100,Operating Expense - Office,Yes,Operations,0.8999999999999999
TXN-04605,2024-04-24,Time Warner,180.0,Utilities - Internet,6610,Operating Expense - Utilities,Yes,Finance,0.8999999999999999
TXN-04606,2024-11-30,Twilio,1000.0,Software - Communications,6340,Operating Expense - Technology,Yes,Operations,0.8999999999999999
TXN-04607,2024-08-09,Ubereats,20.0,Meals & Entertainment,6500,Operating Expense - Meals,Partial (50%),HR,0.8999999999999999
TXN-04608,2024-02-03,At&T,300.0,Utilities - Telecom,6600,Operating Expense - Utilities,Yes,Engineering,0.8999999999999999
TXN-04609,2025-03-23,Mckinsey,60000.0,Professional Services,6700,Operating Expense - Services,Yes,Engineering,0.8999999999999999
TXN-04610,2024-12-16,Google Ads,5000.0,Marketing - Digital,6800,Operating Expense - Marketing,Yes,Sales,0.95
TXN-04611,2024-05-19,Verizon,100.0,Utilities - Telecom,6600,Operating Expense - Utilities,Yes,Finance,0.95
TXN-04612,2024-06-24,Facebook Ads,4000.0,Marketing - Digital,6800,Operating Expense - Marketing,Yes,Finance,0.93
TXN-04613,2024-01-19,Hilton Hotels,700.0,Travel - Lodging,6420,Operating Expense - Travel,Yes,Sales,0.8999999999999999
TXN-04614,2025-02-27,Time Warner,180.0,Utilities - Internet,6610,Operating Expense - Utilities,Yes,HR,0.8999999999999999
TXN-04615,2024-03-11,Chipotle,10.0,Meals & Entertainment,6500,Operating Expense - Meals,Partial (50%),Marketing,0.95
TXN-04616,2025-02-24,Doordash,100.0,Meals & Entertainment,6500,Operating Expense - Meals,Partial (50%),Marketing,0.95
TXN-04617,2024-09-16,At&T,150.0,Utilities - Telecom,6600,Operating Expense - Utilities,Yes,Operations,0.8999999999999999
TXN-04618,2024-03-19,Airbnb,300.0,Travel - Lodging,6420,Operating Expense - Travel,Yes,HR,0.8799999999999999
TXN-04619,2024-09-19,Deloitte,5000.0,Professional Services,6700,Operating Expense - Services,Yes,Operations,0.95
TXN-04620,2024-12-25,At&T,300.0,Utilities - Telecom,6600,Operating Expense - Utilities,Yes,Engineering,0.8799999999999999
TXN-04621,2024-12-06,Datadog,3000.0,Software - Monitoring,6330,Operating Expense - Technology,Yes,Operations,0.8999999999999999
TXN-04622,2024-09-19,Doordash,25.0,Meals & Entertainment,6500,Operating Expense - Meals,Partial (50%),HR,0.95
TXN-04623,2024-10-24,Zoom Inc,200.0,Software - SaaS,6320,Operating Expense - SaaS,Yes,Operations,0.8999999999999999
TXN-04624,2024-06-22,Ubereats,20.0,Meals & Entertainment,6500,Operating Expense - Meals,Partial (50%),Engineering,0.95
TXN-04625,2025-02-20,Ikea,600.0,Furniture - Fixed Asset,1540,Fixed Asset - Furniture,Yes (Depreciated),Marketing,0.95
TXN-04626,2024-02-15,Office Depot,350.0,Office Supplies,6100,Operating Expense - Office,Yes,Finance,0.8999999999999999
TXN-04627,2024-06-10,Verizon,200.0,Utilities - Telecom,6600,Operating Expense - Utilities,Yes,Operations,0.8799999999999999
TXN-04628,2025-03-20,Office Depot,200.0,Office Supplies,6100,Operating Expense - Office,Yes,Operations,0.8799999999999999
TXN-04629,2024-11-28,Facebook Ads,800.0,Marketing - Digital,6800,Operating Expense - Marketing,Yes,Sales,0.8999999999999999
TXN-04630,2024-01-22,Microsoft Azure,300.0,Software - Cloud,6310,Operating Expense - Technology,Yes,HR,0.8999999999999999
TXN-04631,2025-02-20,Dell,2500.0,Hardware - Equipment,1520,Fixed Asset - Equipment,Yes (Depreciated),HR,0.8999999999999999
TXN-04632,2024-11-15,Herman Miller,1500.0,Furniture - Fixed Asset,1540,Fixed Asset - Furniture,Yes (Depreciated),Marketing,0.95
TXN-04633,2025-01-16,Hilton Hotels Inc,700.0,Travel - Lodging,6420,Operating Expense - Travel,Yes,Engineering,0.8999999999999999
TXN-04634,2024-02-11,Google Cloud,1850.0,Software - Cloud,6310,Operating Expense - Technology,Yes,HR,0.8999999999999999
TXN-04635,2025-02-23,Zoom,200.0,Software - SaaS,6320,Operating Expense - SaaS,Yes,Marketing,0.8999999999999999
TXN-04636,2024-10-02,Herman Miller,800.0,Furniture - Fixed Asset,1540,Fixed Asset - Furniture,Yes (Depreciated),Operations,0.8999999999999999
TXN-04637,2024-07-03,Deloitte,5000.0,Professional Services,6700,Operating Expense - Services,Yes,Marketing,0.8799999999999999
TXN-04638,2025-01-28,Comcast,70.0,Utilities - Internet,6610,Operating Expense - Utilities,Yes,HR,0.8999999999999999
TXN-04639,2025-01-02,Datadog,800.0,Software - Monitoring,6330,Operating Expense - Technology,Yes,Sales,0.95
TXN-04640,2024-05-28,Airbnb,150.0,Travel - Lodging,6420,Operating Expense - Travel,Yes,Operations,0.95
TXN-04641,2024-11-15,Uber,15.0,Travel - Ground,6410,Operating Expense - Travel,Yes,Operations,0.93
TXN-04642,2024-08-03,Ups,120.0,Shipping & Logistics,6900,Operating Expense - Shipping,Yes,Engineering,0.8999999999999999
TXN-04643,2024-04-01,Dell,1200.0,Hardware - Equipment,1520,Fixed Asset - Equipment,Yes (Depreciated),Operations,0.8999999999999999
TXN-04644,2024-08-25,Comcast,200.0,Utilities - Internet,6610,Operating Expense - Utilities,Yes,Marketing,0.8999999999999999
TXN-04645,2024-08-06,Deloitte,50000.0,Professional Services,6700,Operating Expense - Services,Yes,HR,0.8999999999999999
TXN-04646,2024-08-18,Twilio,500.0,Software - Communications,6340,Operating Expense - Technology,Yes,Finance,0.8999999999999999
TXN-04647,2024-08-27,Datadog,400.0,Software - Monitoring,6330,Operating Expense - Technology,Yes,Operations,0.8999999999999999
TXN-04648,2024-05-12,Time Warner,100.0,Utilities - Internet,6610,Operating Expense - Utilities,Yes,HR,0.8999999999999999
TXN-04649,2024-06-13,United Airlines,450.0,Travel - Airfare,6400,Operating Expense - Travel,Yes,HR,0.95
TXN-04650,2024-01-24,Accenture,7000.0,Professional Services,6700,Operating Expense - Services,Yes,Operations,0.8999999999999999
TXN-04651,2024-01-10,Lawdepot,500.0,Legal Services,6710,Operating Expense - Services,Yes,Operations,0.8999999999999999
TXN-04652,2024-11-19,Delta Airlines,900.0,Travel - Airfare,6400,Operating Expense - Travel,Yes,HR,0.8999999999999999
TXN-04653,2024-03-05,Verizon,200.0,Utilities - Telecom,6600,Operating Expense - Utilities,Yes,Operations,0.8999999999999999
TXN-04654,2024-11-02,Lenovo,1000.0,Hardware - Equipment,1520,Fixed Asset - Equipment,Yes (Depreciated),HR,0.95
TXN-04655,2024-01-10,Time Warner,180.0,Utilities - Internet,6610,Operating Expense - Utilities,Yes,Operations,0.8799999999999999
TXN-04656,2024-06-21,Ups,25.0,Shipping & Logistics,6900,Operating Expense - Shipping,Yes,Sales,0.8999999999999999
TXN-04657,2024-07-25,Google Cloud,950.0,Software - Cloud,6310,Operating Expense - Technology,Yes,Operations,0.8999999999999999
TXN-04658,2024-11-19,Delta Airlines,280.0,Travel - Airfare,6400,Operating Expense - Travel,Yes,HR,0.8999999999999999
TXN-04659,2025-01-28,Slack,299.0,Software - SaaS,6320,Operating Expense - SaaS,Yes,Sales,0.95
TXN-04660,2024-11-14,Chipotle,20.0,Meals & Entertainment,6500,Operating Expense - Meals,Partial (50%),HR,0.8999999999999999
TXN-04661,2025-03-11,Hubspot,50.0,Marketing - Software,6810,Operating Expense - Marketing,Yes,Engineering,0.95
TXN-04662,2024-11-16,Time Warner,180.0,Utilities - Internet,6610,Operating Expense - Utilities,Yes,HR,0.8999999999999999
TXN-04663,2025-01-31,Doordash Inc,25.0,Meals & Entertainment,6500,Operating Expense - Meals,Partial (50%),Sales,0.95
TXN-04664,2025-02-01,Xero,99.0,Accounting Software,6720,Operating Expense - Services,Yes,Sales,0.95
TXN-04665,2024-10-14,Pwc,4000.0,Professional Services,6700,Operating Expense - Services,Yes,Sales,0.8999999999999999
TXN-04666,2024-11-17,Datadog,3000.0,Software - Monitoring,6330,Operating Expense - Technology,Yes,Sales,0.8999999999999999
TXN-04667,2024-01-11,Aws,500.0,Software - Cloud,6310,Operating Expense - Technology,Yes,Operations,0.8999999999999999
TXN-04668,2024-09-13,Grubhub,25.0,Meals & Entertainment,6500,Operating Expense - Meals,Partial (50%),Sales,0.95
TXN-04669,2024-05-31,Uber,25.0,Travel - Ground,6410,Operating Expense - Travel,Yes,HR,0.8999999999999999
TXN-04670,2024-11-10,Amazon Business,100.0,Office Supplies,6100,Operating Expense - Office,Yes,Sales,0.8999999999999999
TXN-04671,2024-11-28,Ups,120.0,Shipping & Logistics,6900,Operating Expense - Shipping,Yes,Engineering,0.8999999999999999
TXN-04672,2024-04-14,Comcast,70.0,Utilities - Internet,6610,Operating Expense - Utilities,Yes,Sales,0.8999999999999999
TXN-04673,2024-06-08,Stripe,100.0,Software - Payments,6350,Operating Expense - Technology,Yes,Engineering,0.95
TXN-04674,2024-07-05,Facebook Ads Inc,300.0,Marketing - Digital,6800,Operating Expense - Marketing,Yes,Engineering,0.8999999999999999
TXN-04675,2024-11-03,Xero,200.0,Accounting Software,6720,Operating Expense - Services,Yes,Finance,0.95
TXN-04676,2024-08-22,Best Buy,1200.0,Hardware - Equipment,1520,Fixed Asset - Equipment,Yes (Depreciated),Engineering,0.8999999999999999
TXN-04677,2024-07-09,Fedex,300.0,Shipping & Logistics,6900,Operating Expense - Shipping,Yes,Sales,0.95
TXN-04678,2024-06-07,Microsoft Azure,800.0,Software - Cloud,6310,Operating Expense - Technology,Yes,Finance,0.8999999999999999
TXN-04679,2024-05-01,Facebook Ads,300.0,Marketing - Digital,6800,Operating Expense - Marketing,Yes,Engineering,0.8999999999999999
TXN-04680,2025-03-28,Amazon,299.0,Hardware - Equipment,1520,Fixed Asset - Equipment,Yes (Depreciated),Operations,0.95
TXN-04681,2024-03-15,Xero,200.0,Accounting Software,6720,Operating Expense - Services,Yes,HR,0.8999999999999999
TXN-04682,2024-06-27,Dell,1200.0,Hardware - Equipment,1520,Fixed Asset - Equipment,Yes (Depreciated),Sales,0.8999999999999999
TXN-04683,2025-01-24,Ubereats,45.0,Meals & Entertainment,6500,Operating Expense - Meals,Partial (50%),Marketing,0.95
TXN-04684,2024-11-13,Github,21.0,Software - Development,6360,Operating Expense - Technology,Yes,Finance,0.8799999999999999
TXN-04685,2024-03-25,Staples,500.0,Office Supplies,6100,Operating Expense - Office,Yes,Marketing,0.8999999999999999
TXN-04686,2024-01-05,Hilton Hotels,400.0,Travel - Lodging,6420,Operating Expense - Travel,Yes,Engineering,0.8999999999999999
TXN-04687,2024-10-27,Chipotle,10.0,Meals & Entertainment,6500,Operating Expense - Meals,Partial (50%),HR,0.8999999999999999
TXN-04688,2024-12-08,Quickbooks,120.0,Accounting Software,6720,Operating Expense - Services,Yes,Finance,0.8999999999999999
TXN-04689,2024-05-19,Ikea,300.0,Furniture - Fixed Asset,1540,Fixed Asset - Furniture,Yes (Depreciated),Engineering,0.8999999999999999
TXN-04690,2024-12-28,Fedex,100.0,Shipping & Logistics,6900,Operating Expense - Shipping,Yes,Finance,0.8999999999999999
TXN-04691,2024-10-10,Apple,799.0,Hardware - Equipment,1520,Fixed Asset - Equipment,Yes (Depreciated),Finance,0.93
TXN-04692,2024-05-01,Doordash Inc,25.0,Meals & Entertainment,6500,Operating Expense - Meals,Partial (50%),Sales,0.8999999999999999
TXN-04693,2024-07-08,Accenture,15000.0,Professional Services,6700,Operating Expense - Services,Yes,Operations,0.8999999999999999
TXN-04694,2024-05-24,Deloitte,50000.0,Professional Services,6700,Operating Expense - Services,Yes,Marketing,0.95
TXN-04695,2024-01-21,Steelcase,600.0,Furniture - Fixed Asset,1540,Fixed Asset - Furniture,Yes (Depreciated),Finance,0.95
TXN-04696,2024-07-17,Hubspot,200.0,Marketing - Software,6810,Operating Expense - Marketing,Yes,Marketing,0.95
TXN-04697,2025-03-22,Ups,350.0,Shipping & Logistics,6900,Operating Expense - Shipping,Yes,Engineering,0.8999999999999999
TXN-04698,2024-12-01,Staples,300.0,Office Supplies,6100,Operating Expense - Office,Yes,Sales,0.8999999999999999
TXN-04699,2024-08-06,Verizon,350.0,Utilities - Telecom,6600,Operating Expense - Utilities,Yes,HR,0.8799999999999999
TXN-04700,2024-06-19,Starbucks,5.0,Meals & Entertainment,6500,Operating Expense - Meals,Partial (50%),Operations,0.95
TXN-04701,2024-04-04,Southwest Airlines,150.0,Travel - Airfare,6400,Operating Expense - Travel,Yes,Finance,0.8999999999999999
TXN-04702,2025-03-06,Dell,2500.0,Hardware - Equipment,1520,Fixed Asset - Equipment,Yes (Depreciated),Sales,0.8999999999999999
TXN-04703,2024-07-15,Ubereats,100.0,Meals & Entertainment,6500,Operating Expense - Meals,Partial (50%),Sales,0.8999999999999999
TXN-04704,2024-04-22,Linkedin Ads,2500.0,Marketing - Digital,6800,Operating Expense - Marketing,Yes,Operations,0.95
TXN-04705,2024-05-08,Lyft,12.0,Travel - Ground,6410,Operating Expense - Travel,Yes,Engineering,0.8999999999999999
TXN-04706,2024-05-05,Quickbooks,120.0,Accounting Software,6720,Operating Expense - Services,Yes,Sales,0.95
TXN-04707,2024-01-20,Grubhub,50.0,Meals & Entertainment,6500,Operating Expense - Meals,Partial (50%),Marketing,0.95
TXN-04708,2024-02-02,Facebook Ads,4000.0,Marketing - Digital,6800,Operating Expense - Marketing,Yes,Engineering,0.95
TXN-04709,2025-02-11,Office Depot,350.0,Office Supplies,6100,Operating Expense - Office,Yes,Operations,0.95
TXN-04710,2024-10-09,Lyft,40.0,Travel - Ground,6410,Operating Expense - Travel,Yes,HR,0.8999999999999999
TXN-04711,2024-11-22,Google Ads,500.0,Marketing - Digital,6800,Operating Expense - Marketing,Yes,Operations,0.8999999999999999
TXN-04712,2025-01-12,United Airlines,2500.0,Travel - Airfare,6400,Operating Expense - Travel,Yes,Marketing,0.8999999999999999
TXN-04713,2024-04-24,Lyft,40.0,Travel - Ground,6410,Operating Expense - Travel,Yes,Marketing,0.8999999999999999
TXN-04714,2024-09-08,American Airlines,1500.0,Travel - Airfare,6400,Operating Expense - Travel,Yes,HR,0.95
TXN-04715,2024-04-29,Comcast,70.0,Utilities - Internet,6610,Operating Expense - Utilities,Yes,Operations,0.8999999999999999
TXN-04716,2024-08-22,Google Cloud,1850.0,Software - Cloud,6310,Operating Expense - Technology,Yes,Finance,0.8999999999999999
TXN-04717,2024-04-25,Restaurants.Com,80.0,Meals & Entertainment,6500,Operating Expense - Meals,Partial (50%),Marketing,0.8799999999999999
TXN-04718,2024-03-21,Deloitte,5000.0,Professional Services,6700,Operating Expense - Services,Yes,Operations,0.8799999999999999
TXN-04719,2025-01-13,Dell,1200.0,Hardware - Equipment,1520,Fixed Asset - Equipment,Yes (Depreciated),Marketing,0.8999999999999999
TXN-04720,2025-02-04,Airbnb,150.0,Travel - Lodging,6420,Operating Expense - Travel,Yes,Sales,0.8999999999999999
TXN-04721,2025-01-15,Accenture,15000.0,Professional Services,6700,Operating Expense - Services,Yes,Sales,0.95
TXN-04722,2024-10-17,Verizon,200.0,Utilities - Telecom,6600,Operating Expense - Utilities,Yes,Sales,0.8999999999999999
TXN-04723,2024-07-16,Fedex,500.0,Shipping & Logistics,6900,Operating Expense - Shipping,Yes,HR,0.95
TXN-04724,2024-01-21,Herman Miller,800.0,Furniture - Fixed Asset,1540,Fixed Asset - Furniture,Yes (Depreciated),Marketing,0.8999999999999999
TXN-04725,2024-02-22,Accenture,3000.0,Professional Services,6700,Operating Expense - Services,Yes,Engineering,0.8999999999999999
TXN-04726,2024-08-23,Best Buy,100.0,Hardware - Equipment,1520,Fixed Asset - Equipment,Yes (Depreciated),Operations,0.8999999999999999
TXN-04727,2024-08-10,Ubereats,185.0,Meals & Entertainment,6500,Operating Expense - Meals,Partial (50%),Finance,0.95
TXN-04728,2024-04-26,Ups,350.0,Shipping & Logistics,6900,Operating Expense - Shipping,Yes,Marketing,0.8999999999999999
TXN-04729,2024-02-15,Uber,45.0,Travel - Ground,6410,Operating Expense - Travel,Yes,Marketing,0.95
TXN-04730,2024-10-15,Ikea,1200.0,Furniture - Fixed Asset,1540,Fixed Asset - Furniture,Yes (Depreciated),Finance,0.8799999999999999
TXN-04731,2024-12-07,Quickbooks,120.0,Accounting Software,6720,Operating Expense - Services,Yes,Marketing,0.8999999999999999
TXN-04732,2025-03-25,Facebook Ads,300.0,Marketing - Digital,6800,Operating Expense - Marketing,Yes,Finance,0.8999999999999999
TXN-04733,2024-11-07,Dhl,30.0,Shipping & Logistics,6900,Operating Expense - Shipping,Yes,Engineering,0.8999999999999999
TXN-04734,2024-02-09,Time Warner,60.0,Utilities - Internet,6610,Operating Expense - Utilities,Yes,HR,0.8999999999999999
TXN-04735,2024-12-09,Ikea,1200.0,Furniture - Fixed Asset,1540,Fixed Asset - Furniture,Yes (Depreciated),Marketing,0.8999999999999999
TXN-04736,2024-08-24,Best Buy,1200.0,Hardware - Equipment,1520,Fixed Asset - Equipment,Yes (Depreciated),Sales,0.8999999999999999
TXN-04737,2024-02-14,Office Depot,200.0,Office Supplies,6100,Operating Expense - Office,Yes,Engineering,0.95
TXN-04738,2024-12-11,Amazon Business,100.0,Office Supplies,6100,Operating Expense - Office,Yes,Sales,0.8799999999999999
TXN-04739,2024-05-04,Staples,500.0,Office Supplies,6100,Operating Expense - Office,Yes,Engineering,0.8999999999999999
TXN-04740,2024-04-02,Grubhub,180.0,Meals & Entertainment,6500,Operating Expense - Meals,Partial (50%),Sales,0.95
TXN-04741,2024-08-17,Office Depot,350.0,Office Supplies,6100,Operating Expense - Office,Yes,Operations,0.8999999999999999
TXN-04742,2024-03-24,American Airlines,950.0,Travel - Airfare,6400,Operating Expense - Travel,Yes,Finance,0.95
TXN-04743,2024-01-08,American Airlines,550.0,Travel - Airfare,6400,Operating Expense - Travel,Yes,Marketing,0.8999999999999999
TXN-04744,2024-10-22,Apple,1999.0,Hardware - Equipment,1520,Fixed Asset - Equipment,Yes (Depreciated),HR,0.8999999999999999
TXN-04745,2024-08-24,Starbucks,5.0,Meals & Entertainment,6500,Operating Expense - Meals,Partial (50%),Operations,0.8999999999999999
TXN-04746,2025-01-11,Best Buy,500.0,Hardware - Equipment,1520,Fixed Asset - Equipment,Yes (Depreciated),Engineering,0.95
TXN-04747,2024-11-26,Verizon,100.0,Utilities - Telecom,6600,Operating Expense - Utilities,Yes,Operations,0.93
TXN-04748,2024-12-25,Steelcase,600.0,Furniture - Fixed Asset,1540,Fixed Asset - Furniture,Yes (Depreciated),Operations,0.95
TXN-04749,2024-08-23,Starbucks,15.0,Meals & Entertainment,6500,Operating Expense - Meals,Partial (50%),Finance,0.8999999999999999
TXN-04750,2024-06-03,Github,500.0,Software - Development,6360,Operating Expense - Technology,Yes,Operations,0.8999999999999999
TXN-04751,2024-08-03,Xero,99.0,Accounting Software,6720,Operating Expense - Services,Yes,Finance,0.8999999999999999
TXN-04752,2024-02-25,Office Depot,75.0,Office Supplies,6100,Operating Expense - Office,Yes,HR,0.95
TXN-04753,2024-05-24,Lyft,22.0,Travel - Ground,6410,Operating Expense - Travel,Yes,Marketing,0.95
TXN-04754,2024-09-01,Best Buy,100.0,Hardware - Equipment,1520,Fixed Asset - Equipment,Yes (Depreciated),Marketing,0.8999999999999999
TXN-04755,2024-03-29,American Airlines,300.0,Travel - Airfare,6400,Operating Expense - Travel,Yes,Engineering,0.8999999999999999
TXN-04756,2024-02-21,Quickbooks,600.0,Accounting Software,6720,Operating Expense - Services,Yes,Finance,0.95
TXN-04757,2024-09-16,Starbucks,7.0,Meals & Entertainment,6500,Operating Expense - Meals,Partial (50%),Sales,0.8999999999999999
TXN-04758,2024-06-20,Ups,50.0,Shipping & Logistics,6900,Operating Expense - Shipping,Yes,HR,0.8799999999999999
TXN-04759,2025-02-16,Microsoft Azure,800.0,Software - Cloud,6310,Operating Expense - Technology,Yes,HR,0.8999999999999999
TXN-04760,2024-01-03,Starbucks,10.0,Meals & Entertainment,6500,Operating Expense - Meals,Partial (50%),Operations,0.8999999999999999
TXN-04761,2025-02-13,Delta Airlines,1400.0,Travel - Airfare,6400,Operating Expense - Travel,Yes,Sales,0.95
TXN-04762,2025-02-20,Xero,400.0,Accounting Software,6720,Operating Expense - Services,Yes,HR,0.8999999999999999
TXN-04763,2025-02-25,Amazon Business,100.0,Office Supplies,6100,Operating Expense - Office,Yes,Sales,0.8999999999999999
TXN-04764,2024-11-11,Herman Miller,3000.0,Furniture - Fixed Asset,1540,Fixed Asset - Furniture,Yes (Depreciated),Finance,0.8999999999999999
TXN-04765,2024-09-18,Datadog,400.0,Software - Monitoring,6330,Operating Expense - Technology,Yes,Engineering,0.95
TXN-04766,2024-11-25,American Airlines,300.0,Travel - Airfare,6400,Operating Expense - Travel,Yes,Sales,0.8999999999999999
TXN-04767,2024-10-20,Zoom,200.0,Software - SaaS,6320,Operating Expense - SaaS,Yes,Marketing,0.8999999999999999
TXN-04768,2024-03-01,Stripe,2500.0,Software - Payments,6350,Operating Expense - Technology,Yes,Marketing,0.8999999999999999
TXN-04769,2024-04-04,Apple,199.0,Hardware - Equipment,1520,Fixed Asset - Equipment,Yes (Depreciated),Finance,0.95
TXN-04770,2024-09-19,Staples,300.0,Office Supplies,6100,Operating Expense - Office,Yes,Finance,0.8999999999999999
TXN-04771,2024-10-07,Dhl,30.0,Shipping & Logistics,6900,Operating Expense - Shipping,Yes,HR,0.8999999999999999
TXN-04772,2024-06-18,Quickbooks,600.0,Accounting Software,6720,Operating Expense - Services,Yes,Marketing,0.95
TXN-04773,2024-04-01,Datadog,400.0,Software - Monitoring,6330,Operating Expense - Technology,Yes,Marketing,0.8799999999999999
TXN-04774,2024-04-20,Office Depot,350.0,Office Supplies,6100,Operating Expense - Office,Yes,Marketing,0.8999999999999999
TXN-04775,2024-01-08,Accenture,15000.0,Professional Services,6700,Operating Expense - Services,Yes,Marketing,0.93
TXN-04776,2024-02-03,Deloitte,5000.0,Professional Services,6700,Operating Expense - Services,Yes,Engineering,0.8999999999999999
TXN-04777,2024-07-24,Ikea,100.0,Furniture - Fixed Asset,1540,Fixed Asset - Furniture,Yes (Depreciated),Finance,0.8999999999999999
TXN-04778,2024-12-11,Office Depot,75.0,Office Supplies,6100,Operating Expense - Office,Yes,Operations,0.8999999999999999
TXN-04779,2024-10-30,Uber,25.0,Travel - Ground,6410,Operating Expense - Travel,Yes,Sales,0.95
TXN-04780,2024-03-22,Staples,150.0,Office Supplies,6100,Operating Expense - Office,Yes,Finance,0.95
TXN-04781,2024-01-06,Fedex,300.0,Shipping & Logistics,6900,Operating Expense - Shipping,Yes,Operations,0.95
TXN-04782,2025-03-27,Comcast,70.0,Utilities - Internet,6610,Operating Expense - Utilities,Yes,Sales,0.8999999999999999
TXN-04783,2025-03-25,Microsoft Azure,3000.0,Software - Cloud,6310,Operating Expense - Technology,Yes,Sales,0.95
TXN-04784,2024-07-17,Delta Airlines,500.0,Travel - Airfare,6400,Operating Expense - Travel,Yes,Engineering,0.8999999999999999
TXN-04785,2024-12-08,Southwest Airlines,350.0,Travel - Airfare,6400,Operating Expense - Travel,Yes,Finance,0.8999999999999999
TXN-04786,2024-06-28,Ubereats,185.0,Meals & Entertainment,6500,Operating Expense - Meals,Partial (50%),Sales,0.8999999999999999
TXN-04787,2024-07-02,Doordash,100.0,Meals & Entertainment,6500,Operating Expense - Meals,Partial (50%),Finance,0.8999999999999999
TXN-04788,2024-05-17,Marriott Hotels,250.0,Travel - Lodging,6420,Operating Expense - Travel,Yes,Engineering,0.8999999999999999
TXN-04789,2024-01-20,Google Cloud,4000.0,Software - Cloud,6310,Operating Expense - Technology,Yes,Engineering,0.8999999999999999
TXN-04790,2024-08-04,Datadog,1500.0,Software - Monitoring,6330,Operating Expense - Technology,Yes,Marketing,0.8799999999999999
TXN-04791,2024-03-07,Starbucks,5.0,Meals & Entertainment,6500,Operating Expense - Meals,Partial (50%),Finance,0.8999999999999999
TXN-04792,2024-09-13,Pwc,20000.0,Professional Services,6700,Operating Expense - Services,Yes,Operations,0.95
TXN-04793,2025-01-19,Ups,50.0,Shipping & Logistics,6900,Operating Expense - Shipping,Yes,Engineering,0.8999999999999999
TXN-04794,2024-09-07,Facebook Ads,800.0,Marketing - Digital,6800,Operating Expense - Marketing,Yes,HR,0.95
TXN-04795,2024-04-14,Ikea,600.0,Furniture - Fixed Asset,1540,Fixed Asset - Furniture,Yes (Depreciated),Operations,0.8999999999999999
TXN-04796,2024-01-07,Airbnb,80.0,Travel - Lodging,6420,Operating Expense - Travel,Yes,Operations,0.8999999999999999
TXN-04797,2025-01-25,Twilio,200.0,Software - Communications,6340,Operating Expense - Technology,Yes,Engineering,0.8999999999999999
TXN-04798,2024-02-08,Apple,799.0,Hardware - Equipment,1520,Fixed Asset - Equipment,Yes (Depreciated),Finance,0.8999999999999999
TXN-04799,2024-04-30,Ups,350.0,Shipping & Logistics,6900,Operating Expense - Shipping,Yes,Marketing,0.95
TXN-04800,2024-03-11,American Airlines,300.0,Travel - Airfare,6400,Operating Expense - Travel,Yes,Operations,0.95
TXN-04801,2025-03-29,Twilio,500.0,Software - Communications,6340,Operating Expense - Technology,Yes,Marketing,0.8999999999999999
TXN-04802,2024-09-11,Stripe,500.0,Software - Payments,6350,Operating Expense - Technology,Yes,Sales,0.8999999999999999
TXN-04803,2025-02-22,Lawdepot,500.0,Legal Services,6710,Operating Expense - Services,Yes,Marketing,0.8999999999999999
TXN-04804,2024-02-21,Doordash,25.0,Meals & Entertainment,6500,Operating Expense - Meals,Partial (50%),Finance,0.8999999999999999
TXN-04805,2025-01-20,Dhl,60.0,Shipping & Logistics,6900,Operating Expense - Shipping,Yes,Sales,0.8999999999999999
TXN-04806,2024-02-08,Dell,1200.0,Hardware - Equipment,1520,Fixed Asset - Equipment,Yes (Depreciated),Finance,0.8999999999999999
TXN-04807,2024-10-17,Fedex,45.0,Shipping & Logistics,6900,Operating Expense - Shipping,Yes,HR,0.95
TXN-04808,2024-01-20,Lyft,22.0,Travel - Ground,6410,Operating Expense - Travel,Yes,Operations,0.95
TXN-04809,2024-01-30,Comcast,120.0,Utilities - Internet,6610,Operating Expense - Utilities,Yes,Engineering,0.95
TXN-04810,2024-10-06,Dhl,150.0,Shipping & Logistics,6900,Operating Expense - Shipping,Yes,Operations,0.8999999999999999
TXN-04811,2025-02-08,Herman Miller,1500.0,Furniture - Fixed Asset,1540,Fixed Asset - Furniture,Yes (Depreciated),Marketing,0.8999999999999999
TXN-04812,2024-12-31,Time Warner,180.0,Utilities - Internet,6610,Operating Expense - Utilities,Yes,Marketing,0.8999999999999999
TXN-04813,2025-02-17,Herman Miller,3000.0,Furniture - Fixed Asset,1540,Fixed Asset - Furniture,Yes (Depreciated),Operations,0.95
TXN-04814,2025-03-13,Fedex,500.0,Shipping & Logistics,6900,Operating Expense - Shipping,Yes,Marketing,0.95
TXN-04815,2024-09-20,Hilton Hotels,700.0,Travel - Lodging,6420,Operating Expense - Travel,Yes,Engineering,0.8999999999999999
TXN-04816,2024-12-19,Southwest Airlines,150.0,Travel - Airfare,6400,Operating Expense - Travel,Yes,Operations,0.95
TXN-04817,2024-03-28,Chipotle Inc,20.0,Meals & Entertainment,6500,Operating Expense - Meals,Partial (50%),Engineering,0.95
TXN-04818,2024-01-17,Office Depot,350.0,Office Supplies,6100,Operating Expense - Office,Yes,Operations,0.8999999999999999
TXN-04819,2024-03-25,Google Ads,1000.0,Marketing - Digital,6800,Operating Expense - Marketing,Yes,Operations,0.8999999999999999
TXN-04820,2024-10-20,Staples,300.0,Office Supplies,6100,Operating Expense - Office,Yes,Operations,0.8999999999999999
TXN-04821,2024-11-26,Mckinsey,15000.0,Professional Services,6700,Operating Expense - Services,Yes,Operations,0.93
TXN-04822,2024-12-29,Aws,10000.0,Software - Cloud,6310,Operating Expense - Technology,Yes,Operations,0.95
TXN-04823,2024-03-19,Southwest Airlines Inc,350.0,Travel - Airfare,6400,Operating Expense - Travel,Yes,Finance,0.95
TXN-04824,2025-03-09,Best Buy,1200.0,Hardware - Equipment,1520,Fixed Asset - Equipment,Yes (Depreciated),Finance,0.95
TXN-04825,2024-07-05,Starbucks,10.0,Meals & Entertainment,6500,Operating Expense - Meals,Partial (50%),Marketing,0.8999999999999999
TXN-04826,2024-08-28,Doordash,100.0,Meals & Entertainment,6500,Operating Expense - Meals,Partial (50%),Sales,0.8999999999999999
TXN-04827,2025-03-09,Delta Airlines,900.0,Travel - Airfare,6400,Operating Expense - Travel,Yes,Finance,0.8799999999999999
TXN-04828,2024-02-01,Restaurants.Com,80.0,Meals & Entertainment,6500,Operating Expense - Meals,Partial (50%),Marketing,0.8999999999999999
TXN-04829,2024-11-11,Stripe,500.0,Software - Payments,6350,Operating Expense - Technology,Yes,Finance,0.8999999999999999
TXN-04830,2024-05-31,Comcast,70.0,Utilities - Internet,6610,Operating Expense - Utilities,Yes,HR,0.8999999999999999
TXN-04831,2024-03-10,Google Cloud,4000.0,Software - Cloud,6310,Operating Expense - Technology,Yes,Engineering,0.8999999999999999
TXN-04832,2024-03-02,Dhl,150.0,Shipping & Logistics,6900,Operating Expense - Shipping,Yes,HR,0.95
TXN-04833,2024-11-04,Datadog,400.0,Software - Monitoring,6330,Operating Expense - Technology,Yes,Operations,0.93
TXN-04834,2024-06-25,Doordash,50.0,Meals & Entertainment,6500,Operating Expense - Meals,Partial (50%),Finance,0.95
TXN-04835,2025-03-11,Lawdepot,500.0,Legal Services,6710,Operating Expense - Services,Yes,Finance,0.95
TXN-04836,2024-01-05,Time Warner,180.0,Utilities - Internet,6610,Operating Expense - Utilities,Yes,Finance,0.95
TXN-04837,2024-03-30,Deloitte,25000.0,Professional Services,6700,Operating Expense - Services,Yes,Finance,0.8799999999999999
TXN-04838,2024-11-03,Lyft,12.0,Travel - Ground,6410,Operating Expense - Travel,Yes,HR,0.8999999999999999
TXN-04839,2025-02-06,Time Warner,180.0,Utilities - Internet,6610,Operating Expense - Utilities,Yes,Engineering,0.95
TXN-04840,2024-02-16,Best Buy,100.0,Hardware - Equipment,1520,Fixed Asset - Equipment,Yes (Depreciated),Operations,0.8999999999999999
TXN-04841,2024-03-12,Pwc,8000.0,Professional Services,6700,Operating Expense - Services,Yes,Marketing,0.95
TXN-04842,2025-03-17,Restaurants.Com,150.0,Meals & Entertainment,6500,Operating Expense - Meals,Partial (50%),Finance,0.95
TXN-04843,2024-02-07,Google Cloud,1850.0,Software - Cloud,6310,Operating Expense - Technology,Yes,Engineering,0.8999999999999999
TXN-04844,2024-04-08,Quickbooks,600.0,Accounting Software,6720,Operating Expense - Services,Yes,Finance,0.8999999999999999
TXN-04845,2024-07-22,Lyft,12.0,Travel - Ground,6410,Operating Expense - Travel,Yes,Sales,0.8799999999999999
TXN-04846,2024-03-03,Github,21.0,Software - Development,6360,Operating Expense - Technology,Yes,Marketing,0.8799999999999999
TXN-04847,2025-01-01,Linkedin Ads,5000.0,Marketing - Digital,6800,Operating Expense - Marketing,Yes,Finance,0.95
TXN-04848,2024-05-22,Google Cloud,1850.0,Software - Cloud,6310,Operating Expense - Technology,Yes,Sales,0.95
TXN-04849,2024-11-21,Chipotle,20.0,Meals & Entertainment,6500,Operating Expense - Meals,Partial (50%),Finance,0.8999999999999999
TXN-04850,2024-01-26,Quickbooks,120.0,Accounting Software,6720,Operating Expense - Services,Yes,HR,0.8999999999999999
TXN-04851,2025-03-12,Marriott Hotels,450.0,Travel - Lodging,6420,Operating Expense - Travel,Yes,HR,0.95
TXN-04852,2025-01-04,Pwc,4000.0,Professional Services,6700,Operating Expense - Services,Yes,Sales,0.95
TXN-04853,2024-02-04,Apple,799.0,Hardware - Equipment,1520,Fixed Asset - Equipment,Yes (Depreciated),Finance,0.8999999999999999
TXN-04854,2024-06-20,Aws,10000.0,Software - Cloud,6310,Operating Expense - Technology,Yes,Engineering,0.8799999999999999
TXN-04855,2024-04-02,Google Cloud,1850.0,Software - Cloud,6310,Operating Expense - Technology,Yes,Finance,0.8999999999999999
TXN-04856,2024-08-19,Lenovo,400.0,Hardware - Equipment,1520,Fixed Asset - Equipment,Yes (Depreciated),Operations,0.95
TXN-04857,2025-01-05,Lyft,22.0,Travel - Ground,6410,Operating Expense - Travel,Yes,Finance,0.8999999999999999
TXN-04858,2024-06-21,Zoom,100.0,Software - SaaS,6320,Operating Expense - SaaS,Yes,Operations,0.95
TXN-04859,2024-11-17,Apple,799.0,Hardware - Equipment,1520,Fixed Asset - Equipment,Yes (Depreciated),Marketing,0.8999999999999999
TXN-04860,2025-01-02,Salesforce,2500.0,Software - SaaS,6320,Operating Expense - SaaS,Yes,Finance,0.8999999999999999
TXN-04861,2025-03-04,Apple,1200.0,Hardware - Equipment,1520,Fixed Asset - Equipment,Yes (Depreciated),Sales,0.8999999999999999
TXN-04862,2024-12-20,Lyft,22.0,Travel - Ground,6410,Operating Expense - Travel,Yes,HR,0.8999999999999999
TXN-04863,2024-03-22,Doordash,25.0,Meals & Entertainment,6500,Operating Expense - Meals,Partial (50%),Engineering,0.95
TXN-04864,2024-05-06,Lenovo,2000.0,Hardware - Equipment,1520,Fixed Asset - Equipment,Yes (Depreciated),Finance,0.8999999999999999
TXN-04865,2024-06-02,Amazon,299.0,Hardware - Equipment,1520,Fixed Asset - Equipment,Yes (Depreciated),Operations,0.8999999999999999
TXN-04866,2024-05-06,Verizon,350.0,Utilities - Telecom,6600,Operating Expense - Utilities,Yes,Finance,0.8999999999999999
TXN-04867,2024-10-08,Linkedin Ads,2500.0,Marketing - Digital,6800,Operating Expense - Marketing,Yes,HR,0.8999999999999999
TXN-04868,2024-03-29,Mckinsey,60000.0,Professional Services,6700,Operating Expense - Services,Yes,HR,0.8999999999999999
TXN-04869,2025-03-13,Zoom,200.0,Software - SaaS,6320,Operating Expense - SaaS,Yes,Marketing,0.8999999999999999
TXN-04870,2024-12-22,Lenovo,400.0,Hardware - Equipment,1520,Fixed Asset - Equipment,Yes (Depreciated),Marketing,0.8999999999999999
TXN-04871,2024-01-01,Salesforce,600.0,Software - SaaS,6320,Operating Expense - SaaS,Yes,Sales,0.8999999999999999
TXN-04872,2024-01-28,Amazon Business,250.0,Office Supplies,6100,Operating Expense - Office,Yes,Finance,0.93
TXN-04873,2025-03-13,Marriott Hotels,800.0,Travel - Lodging,6420,Operating Expense - Travel,Yes,Marketing,0.95
TXN-04874,2024-06-29,Facebook Ads,300.0,Marketing - Digital,6800,Operating Expense - Marketing,Yes,Finance,0.8999999999999999
TXN-04875,2024-01-04,Stripe,2500.0,Software - Payments,6350,Operating Expense - Technology,Yes,Finance,0.8999999999999999
TXN-04876,2024-12-20,Delta Airlines,500.0,Travel - Airfare,6400,Operating Expense - Travel,Yes,Finance,0.95
TXN-04877,2024-06-29,Herman Miller,1200.0,Furniture - Fixed Asset,1540,Fixed Asset - Furniture,Yes (Depreciated),Marketing,0.8999999999999999
TXN-04878,2024-05-27,Xero,400.0,Accounting Software,6720,Operating Expense - Services,Yes,Operations,0.95
TXN-04879,2024-03-27,Ikea,600.0,Furniture - Fixed Asset,1540,Fixed Asset - Furniture,Yes (Depreciated),Operations,0.8999999999999999
TXN-04880,2024-08-09,Linkedin Ads,1000.0,Marketing - Digital,6800,Operating Expense - Marketing,Yes,Marketing,0.95
TXN-04881,2024-08-12,Google Cloud,1850.0,Software - Cloud,6310,Operating Expense - Technology,Yes,Sales,0.93
TXN-04882,2024-03-08,Starbucks,15.0,Meals & Entertainment,6500,Operating Expense - Meals,Partial (50%),HR,0.95
TXN-04883,2025-03-09,Office Depot,200.0,Office Supplies,6100,Operating Expense - Office,Yes,Marketing,0.95
TXN-04884,2024-12-17,Restaurants.Com,40.0,Meals & Entertainment,6500,Operating Expense - Meals,Partial (50%),Finance,0.8999999999999999
TXN-04885,2025-01-05,Grubhub,25.0,Meals & Entertainment,6500,Operating Expense - Meals,Partial (50%),HR,0.8999999999999999
TXN-04886,2025-01-31,Ups,50.0,Shipping & Logistics,6900,Operating Expense - Shipping,Yes,Finance,0.8999999999999999
TXN-04887,2024-12-11,Amazon,99.0,Hardware - Equipment,1520,Fixed Asset - Equipment,Yes (Depreciated),Operations,0.8999999999999999
TXN-04888,2024-11-26,Quickbooks,300.0,Accounting Software,6720,Operating Expense - Services,Yes,Engineering,0.95
TXN-04889,2024-04-04,Ubereats,185.0,Meals & Entertainment,6500,Operating Expense - Meals,Partial (50%),Finance,0.95
TXN-04890,2025-03-28,Ikea,1200.0,Furniture - Fixed Asset,1540,Fixed Asset - Furniture,Yes (Depreciated),Operations,0.8999999999999999
TXN-04891,2024-03-16,Github,231.0,Software - Development,6360,Operating Expense - Technology,Yes,HR,0.95
TXN-04892,2024-05-07,Datadog,400.0,Software - Monitoring,6330,Operating Expense - Technology,Yes,Marketing,0.8999999999999999
TXN-04893,2024-08-15,Staples,50.0,Office Supplies,6100,Operating Expense - Office,Yes,Marketing,0.93
TXN-04894,2024-01-21,Quickbooks,600.0,Accounting Software,6720,Operating Expense - Services,Yes,Engineering,0.95
TXN-04895,2024-04-24,Starbucks,5.0,Meals & Entertainment,6500,Operating Expense - Meals,Partial (50%),Engineering,0.8999999999999999
TXN-04896,2024-10-08,Verizon,100.0,Utilities - Telecom,6600,Operating Expense - Utilities,Yes,Sales,0.8999999999999999
TXN-04897,2025-01-19,United Airlines,250.0,Travel - Airfare,6400,Operating Expense - Travel,Yes,Finance,0.8999999999999999
TXN-04898,2025-03-21,United Airlines,2500.0,Travel - Airfare,6400,Operating Expense - Travel,Yes,Sales,0.8999999999999999
TXN-04899,2025-03-14,Linkedin Ads,1000.0,Marketing - Digital,6800,Operating Expense - Marketing,Yes,Operations,0.95
TXN-04900,2025-01-09,Lyft,12.0,Travel - Ground,6410,Operating Expense - Travel,Yes,Finance,0.8999999999999999
TXN-04901,2024-02-05,Herman Miller,3000.0,Furniture - Fixed Asset,1540,Fixed Asset - Furniture,Yes (Depreciated),Marketing,0.93
TXN-04902,2024-05-16,Fedex,100.0,Shipping & Logistics,6900,Operating Expense - Shipping,Yes,Finance,0.8799999999999999
TXN-04903,2025-03-22,Marriott Hotels,250.0,Travel - Lodging,6420,Operating Expense - Travel,Yes,HR,0.8999999999999999
TXN-04904,2024-08-25,Doordash,200.0,Meals & Entertainment,6500,Operating Expense - Meals,Partial (50%),Operations,0.8999999999999999
TXN-04905,2024-04-06,Github,21.0,Software - Development,6360,Operating Expense - Technology,Yes,HR,0.8999999999999999
TXN-04906,2025-02-02,Google Ads,500.0,Marketing - Digital,6800,Operating Expense - Marketing,Yes,HR,0.95
TXN-04907,2025-02-22,At&T,80.0,Utilities - Telecom,6600,Operating Expense - Utilities,Yes,Sales,0.8999999999999999
TXN-04908,2024-05-06,Hilton Hotels,120.0,Travel - Lodging,6420,Operating Expense - Travel,Yes,Finance,0.8999999999999999
TXN-04909,2024-04-09,Amazon Business,100.0,Office Supplies,6100,Operating Expense - Office,Yes,Sales,0.8999999999999999
TXN-04910,2025-01-27,Quickbooks,120.0,Accounting Software,6720,Operating Expense - Services,Yes,Engineering,0.8999999999999999
TXN-04911,2024-10-19,Office Depot,75.0,Office Supplies,6100,Operating Expense - Office,Yes,Finance,0.95
TXN-04912,2025-01-07,Salesforce,300.0,Software - SaaS,6320,Operating Expense - SaaS,Yes,Marketing,0.8999999999999999
TXN-04913,2024-12-04,Lenovo,2000.0,Hardware - Equipment,1520,Fixed Asset - Equipment,Yes (Depreciated),Engineering,0.95
TXN-04914,2024-02-13,American Airlines,950.0,Travel - Airfare,6400,Operating Expense - Travel,Yes,HR,0.95
TXN-04915,2025-01-01,Best Buy,100.0,Hardware - Equipment,1520,Fixed Asset - Equipment,Yes (Depreciated),HR,0.95
TXN-04916,2024-09-21,Ikea,600.0,Furniture - Fixed Asset,1540,Fixed Asset - Furniture,Yes (Depreciated),Sales,0.95
TXN-04917,2024-03-08,Slack,299.0,Software - SaaS,6320,Operating Expense - SaaS,Yes,Operations,0.8999999999999999
TXN-04918,2025-03-03,Amazon Business,100.0,Office Supplies,6100,Operating Expense - Office,Yes,Finance,0.8999999999999999
TXN-04919,2025-03-01,Hubspot,1200.0,Marketing - Software,6810,Operating Expense - Marketing,Yes,Engineering,0.95
TXN-04920,2024-01-29,Lenovo,2000.0,Hardware - Equipment,1520,Fixed Asset - Equipment,Yes (Depreciated),Operations,0.95
TXN-04921,2024-02-17,Ikea,100.0,Furniture - Fixed Asset,1540,Fixed Asset - Furniture,Yes (Depreciated),Sales,0.8999999999999999
TXN-04922,2024-06-10,Lyft,40.0,Travel - Ground,6410,Operating Expense - Travel,Yes,Finance,0.95
TXN-04923,2024-07-21,Stripe,500.0,Software - Payments,6350,Operating Expense - Technology,Yes,Sales,0.8999999999999999
TXN-04924,2024-06-07,At&T,300.0,Utilities - Telecom,6600,Operating Expense - Utilities,Yes,HR,0.8799999999999999
TXN-04925,2024-12-14,Salesforce,300.0,Software - SaaS,6320,Operating Expense - SaaS,Yes,Operations,0.95
TXN-04926,2025-03-11,Staples,500.0,Office Supplies,6100,Operating Expense - Office,Yes,Engineering,0.8799999999999999
TXN-04927,2024-04-09,At&T,80.0,Utilities - Telecom,6600,Operating Expense - Utilities,Yes,Finance,0.95
TXN-04928,2024-08-05,Github,21.0,Software - Development,6360,Operating Expense - Technology,Yes,Operations,0.95
TXN-04929,2025-02-15,Office Depot,75.0,Office Supplies,6100,Operating Expense - Office,Yes,Sales,0.8999999999999999
TXN-04930,2024-05-10,Github,21.0,Software - Development,6360,Operating Expense - Technology,Yes,Engineering,0.8999999999999999
TXN-04931,2024-05-03,Grubhub,50.0,Meals & Entertainment,6500,Operating Expense - Meals,Partial (50%),Engineering,0.8999999999999999
TXN-04932,2024-07-25,Quickbooks,120.0,Accounting Software,6720,Operating Expense - Services,Yes,Sales,0.95
TXN-04933,2024-04-20,Herman Miller,1200.0,Furniture - Fixed Asset,1540,Fixed Asset - Furniture,Yes (Depreciated),Engineering,0.8999999999999999
TXN-04934,2024-09-11,Linkedin Ads,2500.0,Marketing - Digital,6800,Operating Expense - Marketing,Yes,Sales,0.8799999999999999
TXN-04935,2024-07-22,Delta Airlines,1400.0,Travel - Airfare,6400,Operating Expense - Travel,Yes,Marketing,0.8999999999999999
TXN-04936,2024-06-19,Office Depot,200.0,Office Supplies,6100,Operating Expense - Office,Yes,Finance,0.8999999999999999
TXN-04937,2025-02-05,Staples,150.0,Office Supplies,6100,Operating Expense - Office,Yes,Engineering,0.95
TXN-04938,2024-02-14,Chipotle,20.0,Meals & Entertainment,6500,Operating Expense - Meals,Partial (50%),Engineering,0.8999999999999999
TXN-04939,2024-01-24,Lawdepot,1000.0,Legal Services,6710,Operating Expense - Services,Yes,Sales,0.8799999999999999
TXN-04940,2025-02-01,Fedex,300.0,Shipping & Logistics,6900,Operating Expense - Shipping,Yes,HR,0.8999999999999999
TXN-04941,2024-11-18,Linkedin Ads,2500.0,Marketing - Digital,6800,Operating Expense - Marketing,Yes,Finance,0.8799999999999999
TXN-04942,2024-04-05,Verizon,100.0,Utilities - Telecom,6600,Operating Expense - Utilities,Yes,Operations,0.95
TXN-04943,2024-09-17,Aws,500.0,Software - Cloud,6310,Operating Expense - Technology,Yes,Operations,0.8999999999999999
TXN-04944,2024-11-22,American Airlines,1500.0,Travel - Airfare,6400,Operating Expense - Travel,Yes,Operations,0.8999999999999999
TXN-04945,2025-03-22,Time Warner,60.0,Utilities - Internet,6610,Operating Expense - Utilities,Yes,Operations,0.8999999999999999
TXN-04946,2024-05-18,Amazon Business,500.0,Office Supplies,6100,Operating Expense - Office,Yes,Sales,0.95
TXN-04947,2025-02-03,Lenovo,1000.0,Hardware - Equipment,1520,Fixed Asset - Equipment,Yes (Depreciated),Finance,0.95
TXN-04948,2025-02-16,Fedex,100.0,Shipping & Logistics,6900,Operating Expense - Shipping,Yes,Sales,0.8999999999999999
TXN-04949,2024-11-17,Google Ads,1000.0,Marketing - Digital,6800,Operating Expense - Marketing,Yes,Finance,0.8999999999999999
TXN-04950,2024-09-03,Starbucks,5.0,Meals & Entertainment,6500,Operating Expense - Meals,Partial (50%),Sales,0.95
TXN-04951,2024-09-27,Time Warner,60.0,Utilities - Internet,6610,Operating Expense - Utilities,Yes,Engineering,0.8999999999999999
TXN-04952,2024-06-22,Accenture,7000.0,Professional Services,6700,Operating Expense - Services,Yes,Finance,0.95
TXN-04953,2024-10-17,Doordash,200.0,Meals & Entertainment,6500,Operating Expense - Meals,Partial (50%),Sales,0.8999999999999999
TXN-04954,2024-04-22,Aws,5000.0,Software - Cloud,6310,Operating Expense - Technology,Yes,Marketing,0.8999999999999999
TXN-04955,2024-05-20,Aws,500.0,Software - Cloud,6310,Operating Expense - Technology,Yes,Engineering,0.8999999999999999
TXN-04956,2024-07-16,Uber,120.0,Travel - Ground,6410,Operating Expense - Travel,Yes,Finance,0.8999999999999999
TXN-04957,2025-02-10,Hilton Hotels,400.0,Travel - Lodging,6420,Operating Expense - Travel,Yes,Engineering,0.8999999999999999
TXN-04958,2025-01-14,At&T,150.0,Utilities - Telecom,6600,Operating Expense - Utilities,Yes,Marketing,0.8999999999999999
TXN-04959,2024-04-20,Zoom Inc,200.0,Software - SaaS,6320,Operating Expense - SaaS,Yes,HR,0.8999999999999999
TXN-04960,2024-10-09,Office Depot,350.0,Office Supplies,6100,Operating Expense - Office,Yes,Finance,0.8999999999999999
TXN-04961,2024-08-18,Steelcase,600.0,Furniture - Fixed Asset,1540,Fixed Asset - Furniture,Yes (Depreciated),HR,0.8999999999999999
TXN-04962,2024-01-15,Fedex,20.0,Shipping & Logistics,6900,Operating Expense - Shipping,Yes,Finance,0.95
TXN-04963,2024-07-24,Grubhub,25.0,Meals & Entertainment,6500,Operating Expense - Meals,Partial (50%),Finance,0.95
TXN-04964,2024-01-14,Stripe,1250.0,Software - Payments,6350,Operating Expense - Technology,Yes,HR,0.95
TXN-04965,2024-08-25,Lyft,60.0,Travel - Ground,6410,Operating Expense - Travel,Yes,Marketing,0.8999999999999999
TXN-04966,2024-08-18,Aws,5000.0,Software - Cloud,6310,Operating Expense - Technology,Yes,Finance,0.8999999999999999
TXN-04967,2024-04-30,Lawdepot,1000.0,Legal Services,6710,Operating Expense - Services,Yes,Operations,0.95
TXN-04968,2024-12-25,United Airlines,2500.0,Travel - Airfare,6400,Operating Expense - Travel,Yes,Finance,0.8999999999999999
TXN-04969,2024-01-11,Best Buy,500.0,Hardware - Equipment,1520,Fixed Asset - Equipment,Yes (Depreciated),HR,0.8999999999999999
TXN-04970,2025-03-01,Microsoft Azure,300.0,Software - Cloud,6310,Operating Expense - Technology,Yes,Engineering,0.95
TXN-04971,2025-03-04,Marriott Hotels,250.0,Travel - Lodging,6420,Operating Expense - Travel,Yes,Marketing,0.95
TXN-04972,2024-03-20,Mckinsey,15000.0,Professional Services,6700,Operating Expense - Services,Yes,Sales,0.8999999999999999
TXN-04973,2024-05-12,Google Cloud,400.0,Software - Cloud,6310,Operating Expense - Technology,Yes,Engineering,0.95
TXN-04974,2024-03-25,Fedex,100.0,Shipping & Logistics,6900,Operating Expense - Shipping,Yes,Finance,0.95
TXN-04975,2024-11-01,Salesforce,2500.0,Software - SaaS,6320,Operating Expense - SaaS,Yes,Engineering,0.95
TXN-04976,2024-03-21,Google Cloud,950.0,Software - Cloud,6310,Operating Expense - Technology,Yes,Finance,0.8799999999999999
TXN-04977,2024-04-21,Google Ads,1000.0,Marketing - Digital,6800,Operating Expense - Marketing,Yes,Operations,0.8999999999999999
TXN-04978,2025-01-24,Starbucks,5.0,Meals & Entertainment,6500,Operating Expense - Meals,Partial (50%),Marketing,0.8999999999999999
TXN-04979,2024-12-04,Steelcase,1000.0,Furniture - Fixed Asset,1540,Fixed Asset - Furniture,Yes (Depreciated),Operations,0.8999999999999999
TXN-04980,2024-01-17,Uber,45.0,Travel - Ground,6410,Operating Expense - Travel,Yes,Sales,0.95
TXN-04981,2024-05-31,Mckinsey,6000.0,Professional Services,6700,Operating Expense - Services,Yes,Finance,0.8999999999999999
TXN-04982,2024-12-13,Herman Miller,3000.0,Furniture - Fixed Asset,1540,Fixed Asset - Furniture,Yes (Depreciated),Finance,0.8999999999999999
TXN-04983,2024-03-31,Quickbooks,120.0,Accounting Software,6720,Operating Expense - Services,Yes,Finance,0.95
TXN-04984,2024-05-21,Fedex,300.0,Shipping & Logistics,6900,Operating Expense - Shipping,Yes,Marketing,0.95
TXN-04985,2025-03-29,At&T,150.0,Utilities - Telecom,6600,Operating Expense - Utilities,Yes,Finance,0.8999999999999999
TXN-04986,2024-02-28,Comcast,200.0,Utilities - Internet,6610,Operating Expense - Utilities,Yes,HR,0.8999999999999999
TXN-04987,2024-03-30,Uber,15.0,Travel - Ground,6410,Operating Expense - Travel,Yes,Operations,0.8999999999999999
TXN-04988,2024-11-14,Fedex,300.0,Shipping & Logistics,6900,Operating Expense - Shipping,Yes,Sales,0.8999999999999999
TXN-04989,2025-02-26,Ikea,100.0,Furniture - Fixed Asset,1540,Fixed Asset - Furniture,Yes (Depreciated),Finance,0.8999999999999999
TXN-04990,2024-07-13,Microsoft Azure,800.0,Software - Cloud,6310,Operating Expense - Technology,Yes,Engineering,0.95
TXN-04991,2025-01-14,Verizon,100.0,Utilities - Telecom,6600,Operating Expense - Utilities,Yes,Finance,0.8999999999999999
TXN-04992,2024-04-16,Chipotle,15.0,Meals & Entertainment,6500,Operating Expense - Meals,Partial (50%),Marketing,0.95
TXN-04993,2025-01-20,Dell,2500.0,Hardware - Equipment,1520,Fixed Asset - Equipment,Yes (Depreciated),Sales,0.95
TXN-04994,2025-01-04,Pwc,8000.0,Professional Services,6700,Operating Expense - Services,Yes,Marketing,0.95
TXN-04995,2024-06-19,Ups,120.0,Shipping & Logistics,6900,Operating Expense - Shipping,Yes,Finance,0.8999999999999999
TXN-04996,2024-10-12,Facebook Ads,800.0,Marketing - Digital,6800,Operating Expense - Marketing,Yes,Operations,0.8799999999999999
TXN-04997,2024-01-28,Amazon Business,250.0,Office Supplies,6100,Operating Expense - Office,Yes,Marketing,0.8999999999999999
TXN-04998,2025-02-08,Starbucks,10.0,Meals & Entertainment,6500,Operating Expense - Meals,Partial (50%),Marketing,0.95
TXN-04999,2024-02-14,Datadog,800.0,Software - Monitoring,6330,Operating Expense - Technology,Yes,Marketing,0.8999999999999999
TXN-05000,2024-12-11,Zoom,599.0,Software - SaaS,6320,Operating Expense - SaaS,Yes,Sales,0.95
