transaction_id,date,merchant,category,amount,currency,status,department,cost_center,po_number,invoice_number,description,employee,approval_status
TXN-00001,2024-12-16,Steelcase,Furniture - Fixed Asset,600,USD,delivered,Sales,CC-005,PO-26849,INV-614722,Steelcase - Furniture - Fixed Asset,EMP-1057,Pending
TXN-00002,2024-10-30,Slack,Software - SaaS,99,USD,pending,Engineering,CC-003,,INV-516323,Slack - Software - SaaS,EMP-1017,Approved
TXN-00003,2025-03-13,Verizon,Utilities - Telecom,100,USD,pending,Operations,CC-004,PO-28862,INV-268498,Verizon - Utilities - Telecom,EMP-1204,Pending
TXN-00004,2025-03-10,Apple,Hardware - Equipment,1999,USD,paid,Marketing,CC-004,PO-69036,INV-260764,Apple - Hardware - Equipment,EMP-1014,Rejected
TXN-00005,2024-11-17,Grubhub,Meals & Entertainment,50,USD,paid,Operations,CC-001,PO-73382,INV-674179,Grubhub - Meals & Entertainment,EMP-1177,Rejected
TXN-00006,2024-04-05,Deloitte,Professional Services,50000,USD,invoiced,Operations,CC-005,,INV-536844,Deloitte - Professional Services,EMP-1178,Approved
TXN-00007,2024-01-29,Restaurants.com,Meals & Entertainment,40,USD,delivered,HR,CC-004,PO-55274,INV-232157,Restaurants.com - Meals & Entertainment,EMP-1006,Pending
TXN-00008,2024-05-31,UPS,Shipping & Logistics,50,USD,invoiced,HR,CC-002,PO-65991,INV-277071,UPS - Shipping & Logistics,EMP-1145,Pending
TXN-00009,2024-03-01,Apple,Hardware - Equipment,1999,USD,completed,Finance,CC-001,PO-85706,INV-548671,Apple - Hardware - Equipment,EMP-1139,Approved
TXN-00010,2025-02-17,Google Cloud,Software - Cloud,400,USD,completed,HR,CC-003,PO-29880,INV-408823,Google Cloud - Software - Cloud,EMP-1146,Rejected
TXN-00011,2024-06-09,American Airlines,Travel - Airfare,950,USD,paid,Finance,CC-004,PO-32021,INV-730979,American Airlines - Travel - Airfare,EMP-1169,Approved
TXN-00012,2024-06-11,Lenovo,Hardware - Equipment,2000,USD,delivered,Finance,CC-001,PO-96527,INV-914366,Lenovo - Hardware - Equipment,EMP-1107,Rejected
TXN-00013,2024-05-02,Marriott Hotels,Travel - Lodging,450,USD,invoiced,Engineering,CC-001,PO-93738,INV-116767,Marriott Hotels - Travel - Lodging,EMP-1198,Pending
TXN-00014,2024-09-27,UberEats,Meals & Entertainment,45,USD,delivered,HR,CC-002,PO-85764,INV-488446,UberEats - Meals & Entertainment,EMP-1021,Pending
TXN-00015,2024-01-19,Starbucks,Meals & Entertainment,15,USD,pending,Sales,CC-005,PO-96973,INV-764323,Starbucks - Meals & Entertainment,EMP-1125,Pending
TXN-00016,2024-07-02,Facebook Ads,Marketing - Digital,4000,USD,invoiced,Finance,CC-001,PO-59499,INV-224825,Facebook Ads - Marketing - Digital,EMP-1054,Approved
TXN-00017,2024-06-15,FedEx,Shipping & Logistics,500,USD,completed,Marketing,CC-002,PO-89861,INV-976090,FedEx - Shipping & Logistics,EMP-1136,Rejected
TXN-00018,2025-01-07,Best Buy,Hardware - Equipment,1200,USD,delivered,Sales,CC-005,PO-95755,INV-594450,Best Buy - Hardware - Equipment,EMP-1020,Pending
TXN-00019,2025-02-13,QuickBooks,Accounting Software,300,USD,paid,Sales,CC-003,PO-90383,INV-697570,QuickBooks - Accounting Software,EMP-1039,Pending
TXN-00020,2024-03-27,Comcast Inc,Utilities - Internet,200,USD,completed,Marketing,CC-004,PO-62079,INV-933910,Comcast Inc - Utilities - Internet,EMP-1165,Approved
TXN-00021,2024-05-14,UPS,Shipping & Logistics,350,USD,completed,Engineering,CC-002,PO-89759,INV-114770,UPS - Shipping & Logistics,EMP-1006,Pending
TXN-00022,2024-07-21,time warner,Utilities - Internet,60,USD,pending,Operations,CC-004,PO-39965,INV-100124,time warner - Utilities - Internet,EMP-1106,Approved
TXN-00023,2024-11-20,AT&T,Utilities - Telecom,300,USD,paid,Sales,CC-005,PO-35086,INV-434412,AT&T - Utilities - Telecom,EMP-1074,Approved
TXN-00024,2024-12-12,Staples,Office Supplies,150,USD,invoiced,Operations,CC-001,PO-84119,INV-938792,Staples - Office Supplies,EMP-1139,Rejected
TXN-00025,2025-02-07,Restaurants.com,Meals & Entertainment,40,USD,completed,Finance,CC-002,PO-29725,INV-987340,Restaurants.com - Meals & Entertainment,EMP-1028,Rejected
TXN-00026,2024-09-07,Slack,Software - SaaS,125,USD,completed,Operations,CC-004,PO-93409,INV-370492,Slack - Software - SaaS,EMP-1178,Approved
TXN-00027,2024-08-02,Lenovo,Hardware - Equipment,2000,USD,pending,Sales,CC-001,PO-77834,INV-644676,Lenovo - Hardware - Equipment,EMP-1063,Rejected
TXN-00028,2024-08-05,United Airlines,Travel - Airfare,850,USD,delivered,Operations,CC-001,PO-84330,INV-280944,United Airlines - Travel - Airfare,EMP-1042,Approved
TXN-00029,2025-03-29,Time Warner,Utilities - Internet,60,USD,pending,Finance,CC-005,PO-73172,INV-927286,Time Warner - Utilities - Internet,EMP-1166,Rejected
TXN-00030,2025-02-08,Hilton Hotels,Travel - Lodging,700,USD,invoiced,Sales,CC-003,PO-23543,INV-538702,Hilton Hotels - Travel - Lodging,EMP-1239,Pending
TXN-00031,2024-01-13,Herman Miller,Furniture - Fixed Asset,1500,USD,paid,Sales,CC-001,PO-36679,INV-990945,Herman Miller - Furniture - Fixed Asset,EMP-1137,Pending
TXN-00032,2024-05-19,DoorDash,Meals & Entertainment,100,USD,completed,Sales,CC-002,PO-63779,INV-698129,DoorDash - Meals & Entertainment,EMP-1101,Approved
TXN-00033,2024-10-21,Verizon,Utilities - Telecom,350,USD,delivered,Engineering,CC-002,PO-46740,INV-489552,Verizon - Utilities - Telecom,EMP-1036,Rejected
TXN-00034,2024-02-25,GitHub,Software - Development,231,USD,completed,Marketing,CC-001,PO-11540,INV-397515,GitHub - Software - Development,EMP-1127,Pending
TXN-00035,2024-05-24,FedEx,Shipping & Logistics,100,USD,completed,Sales,CC-001,PO-45609,INV-109085,FedEx - Shipping & Logistics,EMP-1216,Rejected
TXN-00036,2024-09-13,Datadog,Software - Monitoring,1500,USD,pending,Marketing,CC-005,,INV-536207,Datadog - Software - Monitoring,EMP-1043,Approved
TXN-00037,2024-08-30,Deloitte,Professional Services,10000,USD,invoiced,Finance,CC-001,PO-75211,INV-591249,Deloitte - Professional Services,EMP-1121,Approved
TXN-00038,2024-04-11,Southwest Airlines,Travel - Airfare,150,USD,delivered,HR,CC-004,PO-17853,INV-805915,Southwest Airlines - Travel - Airfare,EMP-1246,Rejected
TXN-00039,2024-11-24,Dell,Hardware - Equipment,2500,USD,pending,Finance,CC-001,,INV-571362,Dell - Hardware - Equipment,EMP-1087,Pending
TXN-00040,2024-01-24,Amazon,Hardware - Equipment,299,USD,completed,Engineering,CC-002,PO-92086,INV-759279,Amazon - Hardware - Equipment,EMP-1233,Pending
TXN-00041,2024-03-20,HubSpot,Marketing - Software,200,USD,pending,Engineering,CC-003,PO-86526,INV-737056,HubSpot - Marketing - Software,EMP-1132,Pending
TXN-00042,2024-07-31,Comcast,Utilities - Internet,70,USD,pending,Engineering,CC-003,PO-53781,INV-916716,Comcast - Utilities - Internet,EMP-1014,Pending
TXN-00043,2025-01-01,Verizon,Utilities - Telecom,350,USD,pending,Sales,CC-002,PO-47896,INV-421460,Verizon - Utilities - Telecom,EMP-1027,Rejected
TXN-00044,2025-02-06,Southwest Airlines,Travel - Airfare,150,USD,invoiced,Finance,CC-005,PO-54214,INV-596939,Southwest Airlines - Travel - Airfare,EMP-1015,Approved
TXN-00045,2024-05-24,Delta Airlines,Travel - Airfare,900,USD,completed,Engineering,CC-001,PO-75773,INV-311545,Delta Airlines - Travel - Airfare,EMP-1024,Pending
TXN-00046,2024-12-24,Google Ads,Marketing - Digital,500,USD,invoiced,HR,CC-005,PO-21535,INV-770129,Google Ads - Marketing - Digital,EMP-1091,Rejected
TXN-00047,2024-12-09,Time Warner,Utilities - Internet,60,USD,delivered,Finance,CC-001,PO-31014,INV-918159,Time Warner - Utilities - Internet,EMP-1138,Rejected
TXN-00048,2024-01-24,McKinsey,Professional Services,60000,USD,paid,HR,CC-005,PO-13240,INV-763417,McKinsey - Professional Services,EMP-1119,Rejected
TXN-00049,2024-04-08,Starbucks,Meals & Entertainment,15,USD,completed,Marketing,CC-002,PO-11940,INV-104680,Starbucks - Meals & Entertainment,EMP-1232,Pending
TXN-00050,2024-03-18,Facebook Ads,Marketing - Digital,4000,USD,delivered,Marketing,CC-004,PO-74610,INV-500658,Facebook Ads - Marketing - Digital,EMP-1167,Rejected
TXN-00051,2024-12-22,UPS,Shipping & Logistics,50,USD,delivered,Operations,CC-005,PO-62921,INV-540340,UPS - Shipping & Logistics,EMP-1017,Approved
TXN-00052,2024-05-21,Herman Miller,Furniture - Fixed Asset,1200,USD,completed,Marketing,CC-003,PO-64216,INV-991893,Herman Miller - Furniture - Fixed Asset,EMP-1140,Approved
TXN-00053,2025-02-23,Apple,Hardware - Equipment,799,USD,invoiced,Marketing,CC-003,PO-70998,INV-734747,Apple - Hardware - Equipment,EMP-1182,Pending
TXN-00054,2024-02-27,IKEA,Furniture - Fixed Asset,1200,USD,paid,HR,CC-002,PO-20684,INV-564399,IKEA - Furniture - Fixed Asset,EMP-1103,Approved
TXN-00055,2025-01-30,Delta Airlines,Travel - Airfare,280,USD,paid,Sales,CC-004,,INV-500912,Delta Airlines - Travel - Airfare,EMP-1131,Pending
TXN-00056,2024-09-12,AWS,Software - Cloud,2341,USD,pending,Finance,CC-003,PO-16680,INV-675143,AWS - Software - Cloud,EMP-1192,Pending
TXN-00057,2024-05-26,LinkedIn Ads,Marketing - Digital,1000,USD,paid,HR,CC-004,PO-52495,INV-171357,LinkedIn Ads - Marketing - Digital,EMP-1181,Pending
TXN-00058,2024-05-17,Southwest Airlines,Travel - Airfare,650,USD,invoiced,Operations,CC-003,PO-66253,INV-347820,Southwest Airlines - Travel - Airfare,EMP-1072,Pending
TXN-00059,2024-06-12,Staples,Office Supplies,150,USD,completed,Marketing,CC-002,PO-14442,INV-494379,Staples - Office Supplies,EMP-1033,Approved
TXN-00060,2025-02-15,Slack,Software - SaaS,299,USD,invoiced,Operations,CC-003,PO-21186,INV-459671,Slack - Software - SaaS,EMP-1176,Pending
TXN-00061,2024-03-06,Steelcase,Furniture - Fixed Asset,1000,USD,delivered,Finance,CC-002,PO-72617,INV-360989,Steelcase - Furniture - Fixed Asset,EMP-1164,Rejected
TXN-00062,2024-10-28,United Airlines,Travel - Airfare,850,USD,invoiced,Operations,CC-002,PO-91024,INV-340999,United Airlines - Travel - Airfare,EMP-1166,Approved
TXN-00063,2025-03-27,IKEA,Furniture - Fixed Asset,300,USD,paid,HR,CC-005,PO-96208,INV-572275,IKEA - Furniture - Fixed Asset,EMP-1152,Pending
TXN-00064,2024-03-08,Google Cloud,Software - Cloud,950,USD,pending,Finance,CC-004,PO-19301,INV-137706,Google Cloud - Software - Cloud,EMP-1103,Pending
TXN-00065,2024-08-18,Hilton Hotels,Travel - Lodging,700,USD,completed,Operations,CC-001,PO-15673,INV-300169,Hilton Hotels - Travel - Lodging,EMP-1241,Approved
TXN-00066,2024-03-31,Dell,Hardware - Equipment,500,USD,invoiced,Operations,CC-001,PO-86426,INV-689763,Dell - Hardware - Equipment,EMP-1024,Approved
TXN-00067,2024-09-09,Deloitte,Professional Services,10000,USD,delivered,Finance,CC-004,PO-78373,INV-675230,Deloitte - Professional Services,EMP-1075,Approved
TXN-00068,2025-01-22,Verizon,Utilities - Telecom,100,USD,completed,HR,CC-004,PO-28660,INV-962582,Verizon - Utilities - Telecom,EMP-1038,Rejected
TXN-00069,2025-01-20,Airbnb,Travel - Lodging,80,USD,invoiced,Operations,CC-005,PO-32503,INV-133260,Airbnb - Travel - Lodging,EMP-1003,Approved
TXN-00070,2024-03-11,Steelcase,Furniture - Fixed Asset,2500,USD,pending,Engineering,CC-003,PO-56723,INV-655759,Steelcase - Furniture - Fixed Asset,EMP-1174,Approved
TXN-00071,2024-10-04,Xero,Accounting Software,99,USD,completed,Finance,CC-003,PO-84105,INV-986320,Xero - Accounting Software,EMP-1172,Approved
TXN-00072,2024-09-16,Google Cloud,Software - Cloud,950,USD,paid,Operations,CC-005,PO-38240,INV-455503,Google Cloud - Software - Cloud,EMP-1035,Rejected
TXN-00073,2024-11-21,United Airlines,Travel - Airfare,250,USD,pending,Engineering,CC-001,PO-57227,INV-255879,United Airlines - Travel - Airfare,EMP-1048,Rejected
TXN-00074,2024-07-11,American Airlines,Travel - Airfare,300,USD,delivered,Operations,CC-002,PO-78809,INV-144683,American Airlines - Travel - Airfare,EMP-1078,Approved
TXN-00075,2024-01-04,Restaurants.com,Meals & Entertainment,80,USD,invoiced,Sales,CC-003,PO-33228,INV-731006,Restaurants.com - Meals & Entertainment,EMP-1221,Rejected
TXN-00076,2024-10-19,Staples,Office Supplies,150,USD,paid,Marketing,CC-002,PO-34086,INV-588577,Staples - Office Supplies,EMP-1149,Rejected
TXN-00077,2025-03-12,Google Ads,Marketing - Digital,5000,USD,invoiced,Finance,CC-001,PO-49277,INV-601477,Google Ads - Marketing - Digital,EMP-1046,Rejected
TXN-00078,2025-01-06,AWS,Software - Cloud,2341,USD,paid,Sales,CC-001,PO-62371,INV-421222,AWS - Software - Cloud,EMP-1170,Approved
TXN-00079,2025-03-03,LinkedIn Ads,Marketing - Digital,2500,USD,paid,Finance,CC-005,,INV-811461,LinkedIn Ads - Marketing - Digital,EMP-1130,Approved
TXN-00080,2024-12-09,GitHub,Software - Development,500,USD,paid,Operations,CC-004,PO-92950,INV-426347,GitHub - Software - Development,EMP-1209,Pending
TXN-00081,2024-11-09,QuickBooks,Accounting Software,120,USD,pending,Engineering,CC-001,PO-81270,INV-352073,QuickBooks - Accounting Software,EMP-1227,Rejected
TXN-00082,2024-02-28,Deloitte,Professional Services,25000,USD,pending,Sales,CC-002,PO-13462,INV-126266,Deloitte - Professional Services,EMP-1082,Rejected
TXN-00083,2024-02-03,Zoom,Software - SaaS,599,USD,completed,Sales,CC-004,PO-80132,INV-294524,Zoom - Software - SaaS,EMP-1162,Approved
TXN-00084,2024-05-03,Staples,Office Supplies,50,USD,invoiced,Marketing,CC-001,PO-66154,INV-463477,Staples - Office Supplies,EMP-1133,Rejected
TXN-00085,2024-09-29,Lyft,Travel - Ground,12,USD,invoiced,Finance,CC-002,PO-41984,INV-794081,Lyft - Travel - Ground,EMP-1180,Approved
TXN-00086,2024-07-28,Restaurants.com,Meals & Entertainment,150,USD,pending,Operations,CC-005,PO-74966,INV-183029,Restaurants.com - Meals & Entertainment,EMP-1187,Approved
TXN-00087,2025-02-06,Uber,Travel - Ground,15,USD,paid,Engineering,CC-004,PO-51489,INV-778932,Uber - Travel - Ground,EMP-1076,Pending
TXN-00088,2024-08-29,McKinsey,Professional Services,6000,USD,paid,Engineering,CC-001,PO-99591,INV-512153,McKinsey - Professional Services,EMP-1184,Rejected
TXN-00089,2025-02-09,Airbnb,Travel - Lodging,150,USD,paid,Marketing,CC-001,PO-77112,INV-609735,Airbnb - Travel - Lodging,EMP-1212,Approved
TXN-00090,2024-11-26,Hilton Hotels,Travel - Lodging,400,USD,completed,Engineering,CC-001,PO-68087,INV-557387,Hilton Hotels - Travel - Lodging,EMP-1115,Pending
TXN-00091,2024-09-18,Restaurants.com,Meals & Entertainment,150,USD,pending,Finance,CC-004,PO-39053,INV-278391,Restaurants.com - Meals & Entertainment,EMP-1064,Approved
TXN-00092,2024-08-31,QuickBooks,Accounting Software,120,USD,invoiced,Sales,CC-005,PO-14215,INV-405602,QuickBooks - Accounting Software,EMP-1241,Approved
TXN-00093,2024-09-14,Twilio,Software - Communications,50,USD,delivered,Finance,CC-005,,INV-475019,Twilio - Software - Communications,EMP-1193,Approved
TXN-00094,2024-02-18,Google Ads,Marketing - Digital,5000,USD,paid,Engineering,CC-003,PO-25346,INV-582211,Google Ads - Marketing - Digital,EMP-1247,Rejected
TXN-00095,2024-12-14,datadog,Software - Monitoring,1500,USD,completed,Operations,CC-005,PO-38652,INV-638997,datadog - Software - Monitoring,EMP-1041,Approved
TXN-00096,2024-12-21,United Airlines,Travel - Airfare,450,USD,paid,Operations,CC-005,,INV-168511,United Airlines - Travel - Airfare,EMP-1218,Pending
TXN-00097,2024-02-21,DHL,Shipping & Logistics,60,USD,invoiced,Sales,CC-004,PO-10409,INV-625612,DHL - Shipping & Logistics,EMP-1218,Rejected
TXN-00098,2025-03-21,HubSpot,Marketing - Software,50,USD,invoiced,HR,CC-003,PO-73764,INV-626492,HubSpot - Marketing - Software,EMP-1167,Pending
TXN-00099,2024-09-18,Office Depot,Office Supplies,200,USD,paid,Marketing,CC-005,PO-68238,INV-137616,Office Depot - Office Supplies,EMP-1056,Approved
TXN-00100,2025-03-06,Delta Airlines,Travel - Airfare,900,USD,paid,Operations,CC-001,PO-21420,INV-969239,Delta Airlines - Travel - Airfare,EMP-1199,Approved
TXN-00101,2024-12-05,Microsoft Azure,Software - Cloud,1500,USD,invoiced,Operations,CC-001,PO-65052,INV-134408,Microsoft Azure - Software - Cloud,EMP-1125,Approved
TXN-00102,2025-03-09,Lyft,Travel - Ground,60,USD,paid,Operations,CC-003,PO-22796,INV-840025,Lyft - Travel - Ground,EMP-1157,Rejected
TXN-00103,2024-07-30,Google Ads,Marketing - Digital,500,USD,delivered,Engineering,CC-003,PO-32778,INV-814286,Google Ads - Marketing - Digital,EMP-1162,Approved
TXN-00104,2024-06-29,Marriott Hotels,Travel - Lodging,800,USD,delivered,Finance,CC-002,PO-18252,INV-477989,Marriott Hotels - Travel - Lodging,EMP-1208,Approved
TXN-00105,2025-01-17,Stripe,Software - Payments,2500,USD,invoiced,Operations,CC-002,PO-55633,INV-884109,Stripe - Software - Payments,EMP-1212,Approved
TXN-00106,2024-09-01,Time Warner,Utilities - Internet,180,USD,delivered,HR,CC-003,PO-57815,INV-298466,Time Warner - Utilities - Internet,EMP-1017,Approved
TXN-00107,2024-08-03,QuickBooks,Accounting Software,300,USD,completed,HR,CC-004,PO-88441,INV-693262,QuickBooks - Accounting Software,EMP-1187,Approved
TXN-00108,2024-02-25,Amazon Business,Office Supplies,250,USD,delivered,Finance,CC-003,PO-40836,INV-819091,Amazon Business - Office Supplies,EMP-1245,Rejected
TXN-00109,2024-08-22,Southwest Airlines,Travel - Airfare,650,USD,delivered,Finance,CC-004,PO-31097,INV-169521,Southwest Airlines - Travel - Airfare,EMP-1119,Pending
TXN-00110,2024-08-11,Dell,Hardware - Equipment,1200,USD,paid,Finance,CC-001,PO-48385,INV-622356,Dell - Hardware - Equipment,EMP-1196,Approved
TXN-00111,2024-12-16,UberEats,Meals & Entertainment,100,USD,delivered,Marketing,CC-005,PO-37647,INV-425146,UberEats - Meals & Entertainment,EMP-1195,Rejected
TXN-00112,2024-07-12,HubSpot,Marketing - Software,50,USD,completed,Marketing,CC-003,PO-49753,INV-670079,HubSpot - Marketing - Software,EMP-1180,Rejected
TXN-00113,2025-02-28,DoorDash,Meals & Entertainment,50,USD,paid,Operations,CC-001,PO-67216,INV-379275,DoorDash - Meals & Entertainment,EMP-1154,Pending
TXN-00114,2024-02-09,Microsoft Azure,Software - Cloud,300,USD,paid,Operations,CC-004,PO-33215,INV-786201,Microsoft Azure - Software - Cloud,EMP-1145,Approved
TXN-00115,2024-02-01,Starbucks,Meals & Entertainment,5,USD,invoiced,Finance,CC-001,PO-82511,INV-344952,Starbucks - Meals & Entertainment,EMP-1077,Approved
TXN-00116,2024-05-26,Restaurants.com,Meals & Entertainment,150,USD,pending,Engineering,CC-002,PO-60281,INV-784173,Restaurants.com - Meals & Entertainment,EMP-1075,Pending
TXN-00117,2025-03-28,Herman Miller,Furniture - Fixed Asset,3000,USD,paid,HR,CC-001,PO-21582,INV-135763,Herman Miller - Furniture - Fixed Asset,EMP-1041,Rejected
TXN-00118,2024-12-16,Dell,Hardware - Equipment,500,USD,invoiced,Marketing,CC-005,PO-48785,INV-445094,Dell - Hardware - Equipment,EMP-1242,Pending
TXN-00119,2024-07-24,GitHub,Software - Development,231,USD,completed,Operations,CC-005,,INV-589486,GitHub - Software - Development,EMP-1129,Pending
TXN-00120,2024-11-27,American Airlines,Travel - Airfare,1500,USD,completed,HR,CC-004,PO-96797,INV-654536,American Airlines - Travel - Airfare,EMP-1122,Approved
TXN-00121,2024-11-28,McKinsey,Professional Services,6000,USD,invoiced,Sales,CC-005,PO-19846,INV-633720,McKinsey - Professional Services,EMP-1230,Approved
TXN-00122,2024-07-18,QuickBooks,Accounting Software,600,USD,delivered,Finance,CC-004,PO-47844,INV-958707,QuickBooks - Accounting Software,EMP-1056,Rejected
TXN-00123,2025-03-11,Marriott Hotels,Travel - Lodging,800,USD,pending,Marketing,CC-003,,INV-979980,Marriott Hotels - Travel - Lodging,EMP-1060,Pending
TXN-00124,2024-05-22,American Airlines,Travel - Airfare,950,USD,paid,Engineering,CC-001,PO-78406,INV-921115,American Airlines - Travel - Airfare,EMP-1148,Approved
TXN-00125,2024-08-26,LinkedIn Ads,Marketing - Digital,5000,USD,delivered,Marketing,CC-005,PO-43604,INV-190937,LinkedIn Ads - Marketing - Digital,EMP-1072,Approved
TXN-00126,2024-08-28,American Airlines,Travel - Airfare,550,USD,paid,Operations,CC-001,PO-28512,INV-839958,American Airlines - Travel - Airfare,EMP-1179,Rejected
TXN-00127,2025-02-20,Starbucks,Meals & Entertainment,15,USD,invoiced,Engineering,CC-001,PO-70534,INV-102143,Starbucks - Meals & Entertainment,EMP-1117,Pending
TXN-00128,2024-04-06,Grubhub,Meals & Entertainment,50,USD,delivered,HR,CC-001,PO-13242,INV-968306,Grubhub - Meals & Entertainment,EMP-1063,Approved
TXN-00129,2024-07-09,Slack,Software - SaaS,125,USD,paid,Sales,CC-004,PO-94998,INV-701647,Slack - Software - SaaS,EMP-1123,Rejected
TXN-00130,2024-08-22,Staples,Office Supplies,500,USD,invoiced,Engineering,CC-002,PO-79196,INV-340936,Staples - Office Supplies,EMP-1212,Rejected
TXN-00131,2024-01-20,Airbnb,Travel - Lodging,300,USD,completed,Marketing,CC-001,PO-14039,INV-316958,Airbnb - Travel - Lodging,EMP-1247,Rejected
TXN-00132,2024-07-20,Starbucks,Meals & Entertainment,5,USD,pending,HR,CC-005,PO-17455,INV-818182,Starbucks - Meals & Entertainment,EMP-1100,Rejected
TXN-00133,2024-04-24,DoorDash,Meals & Entertainment,50,USD,paid,Sales,CC-001,PO-46514,INV-656479,DoorDash - Meals & Entertainment,EMP-1070,Approved
TXN-00134,2025-03-01,GitHub,Software - Development,500,USD,pending,Finance,CC-002,PO-18864,INV-876337,GitHub - Software - Development,EMP-1108,Rejected
TXN-00135,2024-10-12,Deloitte,Professional Services,50000,USD,paid,Marketing,CC-003,PO-41659,INV-748540,Deloitte - Professional Services,EMP-1212,Rejected
TXN-00136,2024-05-19,Grubhub,Meals & Entertainment,180,USD,delivered,Operations,CC-005,PO-67666,INV-978154,Grubhub - Meals & Entertainment,EMP-1111,Approved
TXN-00137,2024-05-31,FedEx,Shipping & Logistics,45,USD,delivered,Finance,CC-002,PO-19506,INV-938980,FedEx - Shipping & Logistics,EMP-1197,Pending
TXN-00138,2024-10-09,Google Cloud,Software - Cloud,1850,USD,completed,Marketing,CC-001,PO-51409,INV-226103,Google Cloud - Software - Cloud,EMP-1092,Approved
TXN-00139,2024-08-02,Accenture,Professional Services,7000,USD,pending,Sales,CC-005,PO-29752,INV-180456,Accenture - Professional Services,EMP-1232,Pending
TXN-00140,2025-02-25,IKEA,Furniture - Fixed Asset,100,USD,completed,Sales,CC-001,PO-17168,INV-241748,IKEA - Furniture - Fixed Asset,EMP-1190,Approved
TXN-00141,2024-11-06,AWS,Software - Cloud,2341,USD,pending,HR,CC-002,PO-79182,INV-249574,AWS - Software - Cloud,EMP-1143,Rejected
TXN-00142,2024-07-21,LinkedIn Ads,Marketing - Digital,2500,USD,completed,Sales,CC-001,PO-72650,INV-767085,LinkedIn Ads - Marketing - Digital,EMP-1054,Rejected
TXN-00143,2024-06-19,Zoom,Software - SaaS,299,USD,invoiced,HR,CC-005,PO-24535,INV-627361,Zoom - Software - SaaS,EMP-1065,Rejected
TXN-00144,2024-04-12,FedEx,Shipping & Logistics,300,USD,invoiced,Finance,CC-002,PO-63354,INV-765284,FedEx - Shipping & Logistics,EMP-1099,Rejected
TXN-00145,2024-04-03,Accenture Inc,Professional Services,3000,USD,invoiced,Finance,CC-001,,INV-667051,Accenture Inc - Professional Services,EMP-1036,Pending
TXN-00146,2024-09-26,Restaurants.com,Meals & Entertainment,80,USD,delivered,Sales,CC-003,PO-27121,INV-260465,Restaurants.com - Meals & Entertainment,EMP-1100,Approved
TXN-00147,2024-06-08,Facebook Ads,Marketing - Digital,4000,USD,invoiced,Operations,CC-002,PO-97107,INV-807234,Facebook Ads - Marketing - Digital,EMP-1053,Rejected
TXN-00148,2024-02-22,Steelcase,Furniture - Fixed Asset,2500,USD,completed,Marketing,CC-002,PO-12026,INV-425680,Steelcase - Furniture - Fixed Asset,EMP-1209,Approved
TXN-00149,2024-08-27,Slack,Software - SaaS,299,USD,pending,Engineering,CC-002,PO-82321,INV-165188,Slack - Software - SaaS,EMP-1103,Approved
TXN-00150,2024-12-30,Southwest Airlines,Travel - Airfare,1000,USD,pending,Marketing,CC-003,PO-98282,INV-370906,Southwest Airlines - Travel - Airfare,EMP-1161,Approved
TXN-00151,2024-06-12,Hilton Hotels Inc,Travel - Lodging,220,USD,completed,Sales,CC-003,PO-50990,INV-408486,Hilton Hotels Inc - Travel - Lodging,EMP-1001,Approved
TXN-00152,2024-01-21,Lenovo,Hardware - Equipment,400,USD,invoiced,Engineering,CC-001,PO-58738,INV-169103,Lenovo - Hardware - Equipment,EMP-1022,Rejected
TXN-00153,2024-03-23,HubSpot,Marketing - Software,1200,USD,paid,HR,CC-003,PO-14375,INV-234516,HubSpot - Marketing - Software,EMP-1092,Rejected
TXN-00154,2024-08-30,Airbnb,Travel - Lodging,600,USD,paid,Finance,CC-002,PO-88004,INV-352526,Airbnb - Travel - Lodging,EMP-1082,Rejected
TXN-00155,2024-07-11,LinkedIn Ads,Marketing - Digital,1000,USD,paid,Engineering,CC-001,PO-35360,INV-775875,LinkedIn Ads - Marketing - Digital,EMP-1068,Rejected
TXN-00156,2024-08-30,DHL,Shipping & Logistics,30,USD,invoiced,Operations,CC-004,PO-24465,INV-193281,DHL - Shipping & Logistics,EMP-1033,Rejected
TXN-00157,2024-07-25,LinkedIn Ads,Marketing - Digital,5000,USD,invoiced,Marketing,CC-005,PO-44997,INV-108288,LinkedIn Ads - Marketing - Digital,EMP-1030,Rejected
TXN-00158,2024-08-13,Airbnb,Travel - Lodging,150,USD,pending,Finance,CC-002,PO-23510,INV-848100,Airbnb - Travel - Lodging,EMP-1175,Approved
TXN-00159,2024-10-14,Best Buy,Hardware - Equipment,100,USD,paid,HR,CC-004,PO-10486,INV-522591,Best Buy - Hardware - Equipment,EMP-1138,Pending
TXN-00160,2024-02-16,Zoom,Software - SaaS,299,USD,completed,Engineering,CC-001,PO-64174,INV-200235,Zoom - Software - SaaS,EMP-1133,Rejected
TXN-00161,2025-03-24,LawDepot Inc,Legal Services,1000,USD,paid,Operations,CC-005,PO-95966,INV-670951,LawDepot Inc - Legal Services,EMP-1146,Rejected
TXN-00162,2024-12-06,QuickBooks,Accounting Software,600,USD,paid,Engineering,CC-004,PO-46144,INV-946363,QuickBooks - Accounting Software,EMP-1116,Pending
TXN-00163,2025-03-06,Salesforce,Software - SaaS,1200,USD,delivered,HR,CC-002,,INV-310237,Salesforce - Software - SaaS,EMP-1023,Pending
TXN-00164,2024-06-07,Chipotle,Meals & Entertainment,20,USD,paid,HR,CC-005,PO-71270,INV-252375,Chipotle - Meals & Entertainment,EMP-1091,Pending
TXN-00165,2024-01-24,Uber,Travel - Ground,65,USD,paid,Sales,CC-003,PO-97623,INV-297686,Uber - Travel - Ground,EMP-1112,Pending
TXN-00166,2024-11-06,DHL,Shipping & Logistics,60,USD,paid,Engineering,CC-004,PO-60013,INV-731830,DHL - Shipping & Logistics,EMP-1157,Rejected
TXN-00167,2024-07-29,DHL,Shipping & Logistics,60,USD,delivered,Sales,CC-005,,INV-102930,DHL - Shipping & Logistics,EMP-1202,Pending
TXN-00168,2025-03-17,Herman Miller,Furniture - Fixed Asset,1200,USD,pending,Operations,CC-004,,INV-240569,Herman Miller - Furniture - Fixed Asset,EMP-1107,Rejected
TXN-00169,2024-07-07,Amazon Business,Office Supplies,100,USD,pending,Marketing,CC-001,PO-85134,INV-123317,Amazon Business - Office Supplies,EMP-1164,Approved
TXN-00170,2024-02-11,Amazon Business,Office Supplies,500,USD,invoiced,Sales,CC-004,PO-65731,INV-390959,Amazon Business - Office Supplies,EMP-1110,Approved
TXN-00171,2024-09-14,Slack,Software - SaaS,125,USD,completed,Finance,CC-002,PO-48139,INV-315568,Slack - Software - SaaS,EMP-1184,Approved
TXN-00172,2024-10-03,American Airlines,Travel - Airfare,550,USD,invoiced,Sales,CC-005,PO-38600,INV-641057,American Airlines - Travel - Airfare,EMP-1168,Rejected
TXN-00173,2024-05-17,Hilton Hotels,Travel - Lodging,220,USD,completed,Engineering,CC-004,PO-36169,INV-352964,Hilton Hotels - Travel - Lodging,EMP-1053,Pending
TXN-00174,2024-07-23,GitHub,Software - Development,500,USD,completed,Sales,CC-004,,INV-601252,GitHub - Software - Development,EMP-1094,Pending
TXN-00175,2024-02-11,Starbucks,Meals & Entertainment,10,USD,paid,HR,CC-003,PO-53904,INV-179775,Starbucks - Meals & Entertainment,EMP-1216,Rejected
TXN-00176,2024-11-28,Steelcase,Furniture - Fixed Asset,1000,USD,paid,HR,CC-002,PO-50738,INV-595388,Steelcase - Furniture - Fixed Asset,EMP-1238,Approved
TXN-00177,2024-04-13,FedEx,Shipping & Logistics,45,USD,pending,Operations,CC-002,PO-36467,INV-210052,FedEx - Shipping & Logistics,EMP-1095,Approved
TXN-00178,2024-09-05,Microsoft Azure,Software - Cloud,1500,USD,paid,HR,CC-005,,INV-513107,Microsoft Azure - Software - Cloud,EMP-1153,Approved
TXN-00179,2024-05-10,Xero,Accounting Software,99,USD,delivered,Marketing,CC-004,PO-40650,INV-850409,Xero - Accounting Software,EMP-1142,Approved
TXN-00180,2024-05-28,stripe,Software - Payments,1250,USD,delivered,Operations,CC-001,PO-63812,INV-611730,stripe - Software - Payments,EMP-1150,Rejected
TXN-00181,2024-12-03,Microsoft Azure,Software - Cloud,3000,USD,invoiced,Sales,CC-004,PO-78420,INV-741266,Microsoft Azure - Software - Cloud,EMP-1088,Approved
TXN-00182,2024-08-28,Slack,Software - SaaS,199,USD,completed,Engineering,CC-001,PO-89271,INV-608832,Slack - Software - SaaS,EMP-1205,Rejected
TXN-00183,2024-09-18,GitHub,Software - Development,500,USD,pending,Marketing,CC-004,PO-20828,INV-772899,GitHub - Software - Development,EMP-1004,Rejected
TXN-00184,2024-06-03,Twilio,Software - Communications,50,USD,completed,Finance,CC-003,PO-54917,INV-261900,Twilio - Software - Communications,EMP-1063,Pending
TXN-00185,2024-06-26,UberEats,Meals & Entertainment,100,USD,pending,Operations,CC-004,PO-90142,INV-385533,UberEats - Meals & Entertainment,EMP-1189,Approved
TXN-00186,2024-07-24,HubSpot,Marketing - Software,1200,USD,delivered,Marketing,CC-001,PO-92978,INV-507742,HubSpot - Marketing - Software,EMP-1033,Pending
TXN-00187,2024-07-18,Datadog,Software - Monitoring,800,USD,pending,Engineering,CC-003,,INV-696012,Datadog - Software - Monitoring,EMP-1147,Pending
TXN-00188,2024-09-07,Delta Airlines,Travel - Airfare,1400,USD,invoiced,Engineering,CC-002,PO-48524,INV-930120,Delta Airlines - Travel - Airfare,EMP-1225,Rejected
TXN-00189,2024-11-30,UberEats,Meals & Entertainment,100,USD,delivered,Engineering,CC-004,PO-53901,INV-816190,UberEats - Meals & Entertainment,EMP-1077,Pending
TXN-00190,2024-05-29,Office Depot,Office Supplies,75,USD,invoiced,HR,CC-001,PO-63208,INV-880185,Office Depot - Office Supplies,EMP-1053,Approved
TXN-00191,2024-12-23,Chipotle,Meals & Entertainment,25,USD,delivered,Engineering,CC-001,,INV-782721,Chipotle - Meals & Entertainment,EMP-1201,Approved
TXN-00192,2024-12-14,Accenture,Professional Services,3000,USD,completed,Operations,CC-003,PO-74992,INV-389125,Accenture - Professional Services,EMP-1226,Rejected
TXN-00193,2024-02-26,Slack,Software - SaaS,299,USD,delivered,Marketing,CC-003,PO-77971,INV-171949,Slack - Software - SaaS,EMP-1011,Rejected
TXN-00194,2024-07-08,American Airlines,Travel - Airfare,300,USD,delivered,HR,CC-001,,INV-785929,American Airlines - Travel - Airfare,EMP-1208,Pending
TXN-00195,2024-10-08,Airbnb,Travel - Lodging,80,USD,invoiced,Finance,CC-005,PO-90042,INV-856445,Airbnb - Travel - Lodging,EMP-1075,Pending
TXN-00196,2024-01-25,Apple,Hardware - Equipment,1200,USD,pending,Marketing,CC-004,PO-52977,INV-388416,Apple - Hardware - Equipment,EMP-1132,Rejected
TXN-00197,2024-06-13,Office Depot,Office Supplies,200,USD,invoiced,Sales,CC-005,,INV-941113,Office Depot - Office Supplies,EMP-1033,Pending
TXN-00198,2024-11-01,Lyft,Travel - Ground,60,USD,paid,Engineering,CC-002,PO-23052,INV-356323,Lyft - Travel - Ground,EMP-1175,Rejected
TXN-00199,2024-04-22,DHL,Shipping & Logistics,150,USD,pending,HR,CC-004,PO-25363,INV-521325,DHL - Shipping & Logistics,EMP-1099,Pending
TXN-00200,2024-02-06,Herman Miller,Furniture - Fixed Asset,1200,USD,delivered,Engineering,CC-004,PO-54917,INV-878525,Herman Miller - Furniture - Fixed Asset,EMP-1161,Rejected
TXN-00201,2024-07-14,GitHub,Software - Development,500,USD,paid,Sales,CC-003,PO-72554,INV-205967,GitHub - Software - Development,EMP-1024,Rejected
TXN-00202,2024-04-07,Herman Miller,Furniture - Fixed Asset,1500,USD,delivered,Marketing,CC-001,PO-28574,INV-953955,Herman Miller - Furniture - Fixed Asset,EMP-1075,Rejected
TXN-00203,2024-11-27,Amazon,Hardware - Equipment,99,USD,invoiced,Sales,CC-003,PO-92610,INV-320104,Amazon - Hardware - Equipment,EMP-1075,Rejected
TXN-00204,2024-04-15,UberEats,Meals & Entertainment,45,USD,pending,Marketing,CC-003,PO-69067,INV-183225,UberEats - Meals & Entertainment,EMP-1236,Rejected
TXN-00205,2024-05-11,UberEats,Meals & Entertainment,20,USD,pending,Finance,CC-002,PO-98389,INV-939285,UberEats - Meals & Entertainment,EMP-1229,Approved
TXN-00206,2024-11-05,Verizon,Utilities - Telecom,350,USD,delivered,Operations,CC-004,PO-63190,INV-736531,Verizon - Utilities - Telecom,EMP-1187,Pending
TXN-00207,2024-03-22,AT&T,Utilities - Telecom,300,USD,pending,Finance,CC-003,PO-52981,INV-414051,AT&T - Utilities - Telecom,EMP-1012,Pending
TXN-00208,2024-08-12,Amazon Business,Office Supplies,250,USD,pending,Operations,CC-001,PO-39981,INV-848678,Amazon Business - Office Supplies,EMP-1027,Approved
TXN-00209,2024-04-08,Staples,Office Supplies,50,USD,delivered,Engineering,CC-002,PO-55390,INV-869434,Staples - Office Supplies,EMP-1150,Approved
TXN-00210,2024-12-01,Time Warner,Utilities - Internet,100,USD,pending,Sales,CC-002,PO-18422,INV-895066,Time Warner - Utilities - Internet,EMP-1049,Rejected
TXN-00211,2024-01-24,Slack,Software - SaaS,299,USD,pending,Marketing,CC-003,PO-89680,INV-699698,Slack - Software - SaaS,EMP-1039,Approved
TXN-00212,2025-02-03,Google Ads,Marketing - Digital,2500,USD,paid,HR,CC-005,PO-59082,INV-291755,Google Ads - Marketing - Digital,EMP-1159,Pending
TXN-00213,2024-04-13,Apple,Hardware - Equipment,1200,USD,delivered,Finance,CC-003,PO-70268,INV-194288,Apple - Hardware - Equipment,EMP-1170,Rejected
TXN-00214,2025-01-03,QuickBooks,Accounting Software,600,USD,delivered,Marketing,CC-005,PO-92216,INV-952835,QuickBooks - Accounting Software,EMP-1239,Pending
TXN-00215,2024-12-02,Google Cloud,Software - Cloud,4000,USD,completed,Marketing,CC-002,PO-64924,INV-947422,Google Cloud - Software - Cloud,EMP-1062,Approved
TXN-00216,2025-01-21,DoorDash,Meals & Entertainment,50,USD,delivered,Engineering,CC-003,PO-10601,INV-512267,DoorDash - Meals & Entertainment,EMP-1083,Approved
TXN-00217,2024-07-30,Microsoft Azure,Software - Cloud,300,USD,pending,Operations,CC-003,PO-22010,INV-342032,Microsoft Azure - Software - Cloud,EMP-1048,Pending
TXN-00218,2024-10-15,Salesforce,Software - SaaS,600,USD,delivered,Finance,CC-002,,INV-836763,Salesforce - Software - SaaS,EMP-1042,Pending
TXN-00219,2024-06-30,Comcast,Utilities - Internet,200,USD,pending,Operations,CC-004,PO-64151,INV-350900,Comcast - Utilities - Internet,EMP-1015,Rejected
TXN-00220,2024-02-18,LinkedIn Ads,Marketing - Digital,2500,USD,delivered,Engineering,CC-004,PO-33323,INV-803184,LinkedIn Ads - Marketing - Digital,EMP-1142,Approved
TXN-00221,2024-10-23,DoorDash,Meals & Entertainment,100,USD,pending,Marketing,CC-003,PO-78937,INV-769363,DoorDash - Meals & Entertainment,EMP-1177,Approved
TXN-00222,2024-03-31,LinkedIn Ads,Marketing - Digital,1000,USD,completed,Finance,CC-005,PO-19576,INV-906203,LinkedIn Ads - Marketing - Digital,EMP-1106,Pending
TXN-00223,2024-04-06,Herman Miller,Furniture - Fixed Asset,1200,USD,invoiced,Sales,CC-004,PO-29722,INV-996530,Herman Miller - Furniture - Fixed Asset,EMP-1135,Approved
TXN-00224,2024-09-13,Deloitte,Professional Services,25000,USD,paid,Marketing,CC-002,PO-15095,INV-575090,Deloitte - Professional Services,EMP-1005,Pending
TXN-00225,2024-02-16,LinkedIn Ads,Marketing - Digital,5000,USD,completed,Marketing,CC-003,PO-27081,INV-813263,LinkedIn Ads - Marketing - Digital,EMP-1185,Pending
TXN-00226,2024-11-01,Staples,Office Supplies,500,USD,pending,Finance,CC-003,PO-81085,INV-207500,Staples - Office Supplies,EMP-1046,Rejected
TXN-00227,2024-06-03,Microsoft Azure,Software - Cloud,1500,USD,delivered,Operations,CC-003,PO-35992,INV-348083,Microsoft Azure - Software - Cloud,EMP-1075,Rejected
TXN-00228,2024-09-09,Herman Miller,Furniture - Fixed Asset,800,USD,invoiced,Marketing,CC-004,PO-80428,INV-864957,Herman Miller - Furniture - Fixed Asset,EMP-1108,Rejected
TXN-00229,2024-11-11,Best Buy,Hardware - Equipment,500,USD,invoiced,Sales,CC-002,PO-27079,INV-645714,Best Buy - Hardware - Equipment,EMP-1072,Pending
TXN-00230,2025-02-24,Hilton Hotels,Travel - Lodging,120,USD,completed,Operations,CC-004,PO-22545,INV-738843,Hilton Hotels - Travel - Lodging,EMP-1132,Approved
TXN-00231,2024-02-09,LawDepot,Legal Services,200,USD,invoiced,Engineering,CC-002,PO-42434,INV-568842,LawDepot - Legal Services,EMP-1057,Pending
TXN-00232,2024-07-28,Verizon,Utilities - Telecom,350,USD,pending,Marketing,CC-001,PO-32571,INV-840392,Verizon - Utilities - Telecom,EMP-1190,Pending
TXN-00233,2025-01-10,Twilio,Software - Communications,200,USD,paid,Sales,CC-005,PO-99581,INV-622623,Twilio - Software - Communications,EMP-1003,Rejected
TXN-00234,2025-01-21,FedEx,Shipping & Logistics,300,USD,delivered,Finance,CC-003,PO-32745,INV-928511,FedEx - Shipping & Logistics,EMP-1210,Rejected
TXN-00235,2024-07-02,Datadog,Software - Monitoring,3000,USD,pending,Finance,CC-004,PO-72733,INV-950542,Datadog - Software - Monitoring,EMP-1046,Rejected
TXN-00236,2024-07-06,Deloitte,Professional Services,25000,USD,pending,Operations,CC-005,PO-12339,INV-951671,Deloitte - Professional Services,EMP-1171,Pending
TXN-00237,2025-01-07,Herman Miller,Furniture - Fixed Asset,1500,USD,invoiced,Operations,CC-003,PO-66720,INV-643074,Herman Miller - Furniture - Fixed Asset,EMP-1221,Approved
TXN-00238,2024-12-27,Office Depot,Office Supplies,200,USD,completed,Operations,CC-005,,INV-306035,Office Depot - Office Supplies,EMP-1220,Rejected
TXN-00239,2024-09-26,LinkedIn Ads,Marketing - Digital,2500,USD,completed,Finance,CC-003,PO-63255,INV-275624,LinkedIn Ads - Marketing - Digital,EMP-1075,Approved
TXN-00240,2024-08-21,Amazon Business,Office Supplies,100,USD,pending,Engineering,CC-001,PO-59112,INV-507447,Amazon Business - Office Supplies,EMP-1168,Rejected
TXN-00241,2025-01-08,Slack,Software - SaaS,125,USD,paid,Finance,CC-004,PO-93258,INV-597523,Slack - Software - SaaS,EMP-1084,Rejected
TXN-00242,2024-06-15,IKEA,Furniture - Fixed Asset,1200,USD,completed,Engineering,CC-003,PO-39576,INV-714823,IKEA - Furniture - Fixed Asset,EMP-1142,Rejected
TXN-00243,2024-05-21,slack,Software - SaaS,299,USD,pending,Finance,CC-001,PO-26310,INV-632876,slack - Software - SaaS,EMP-1008,Rejected
TXN-00244,2024-11-01,Deloitte,Professional Services,5000,USD,pending,Engineering,CC-004,PO-17006,INV-328401,Deloitte - Professional Services,EMP-1206,Pending
TXN-00245,2025-01-25,Grubhub,Meals & Entertainment,180,USD,delivered,Finance,CC-002,PO-34826,INV-819430,Grubhub - Meals & Entertainment,EMP-1138,Rejected
TXN-00246,2024-05-30,Steelcase,Furniture - Fixed Asset,1800,USD,completed,HR,CC-001,PO-77050,INV-903973,Steelcase - Furniture - Fixed Asset,EMP-1246,Pending
TXN-00247,2024-07-07,Accenture,Professional Services,3000,USD,paid,HR,CC-001,PO-34927,INV-777368,Accenture - Professional Services,EMP-1043,Rejected
TXN-00248,2024-10-07,Xero,Accounting Software,200,USD,pending,Sales,CC-005,PO-41431,INV-411166,Xero - Accounting Software,EMP-1170,Approved
TXN-00249,2025-02-04,McKinsey,Professional Services,30000,USD,pending,Finance,CC-002,,INV-150078,McKinsey - Professional Services,EMP-1100,Approved
TXN-00250,2024-03-29,QuickBooks,Accounting Software,600,USD,completed,Marketing,CC-004,PO-62755,INV-786965,QuickBooks - Accounting Software,EMP-1108,Rejected
TXN-00251,2025-01-10,Comcast,Utilities - Internet,70,USD,invoiced,Sales,CC-005,PO-52927,INV-609615,Comcast - Utilities - Internet,EMP-1091,Approved
TXN-00252,2024-07-15,Verizon,Utilities - Telecom,200,USD,invoiced,Marketing,CC-003,PO-79508,INV-684969,Verizon - Utilities - Telecom,EMP-1012,Approved
TXN-00253,2024-12-05,Microsoft Azure,Software - Cloud,3000,USD,paid,Marketing,CC-005,PO-42395,INV-288663,Microsoft Azure - Software - Cloud,EMP-1214,Rejected
TXN-00254,2024-07-08,McKinsey,Professional Services,6000,USD,pending,Sales,CC-001,PO-37344,INV-498491,McKinsey - Professional Services,EMP-1046,Rejected
TXN-00255,2024-12-11,PwC,Professional Services,4000,USD,completed,Engineering,CC-005,PO-62015,INV-921144,PwC - Professional Services,EMP-1148,Pending
TXN-00256,2025-02-02,Xero,Accounting Software,99,USD,completed,Engineering,CC-003,PO-38868,INV-175268,Xero - Accounting Software,EMP-1098,Pending
TXN-00257,2024-02-24,Stripe,Software - Payments,2500,USD,delivered,Operations,CC-003,PO-67274,INV-444453,Stripe - Software - Payments,EMP-1210,Approved
TXN-00258,2024-06-23,Zoom,Software - SaaS,299,USD,delivered,HR,CC-005,PO-42388,INV-508720,Zoom - Software - SaaS,EMP-1159,Pending
TXN-00259,2024-12-19,LawDepot,Legal Services,200,USD,completed,HR,CC-004,PO-10801,INV-544075,LawDepot - Legal Services,EMP-1162,Approved
TXN-00260,2025-03-09,Dell,Hardware - Equipment,1200,USD,invoiced,HR,CC-005,,INV-796614,Dell - Hardware - Equipment,EMP-1109,Pending
TXN-00261,2025-03-16,Accenture,Professional Services,15000,USD,invoiced,Marketing,CC-004,,INV-171392,Accenture - Professional Services,EMP-1220,Rejected
TXN-00262,2024-10-09,Herman Miller,Furniture - Fixed Asset,800,USD,paid,Sales,CC-005,PO-13086,INV-867852,Herman Miller - Furniture - Fixed Asset,EMP-1108,Pending
TXN-00263,2024-09-20,LinkedIn Ads,Marketing - Digital,5000,USD,delivered,Engineering,CC-003,PO-88008,INV-806949,LinkedIn Ads - Marketing - Digital,EMP-1061,Rejected
TXN-00264,2024-09-05,Microsoft Azure,Software - Cloud,300,USD,completed,Engineering,CC-001,PO-19621,INV-321165,Microsoft Azure - Software - Cloud,EMP-1230,Approved
TXN-00265,2024-11-13,HubSpot,Marketing - Software,200,USD,invoiced,Finance,CC-005,PO-82496,INV-534595,HubSpot - Marketing - Software,EMP-1154,Pending
TXN-00266,2024-10-03,Marriott Hotels,Travel - Lodging,250,USD,paid,HR,CC-003,PO-26744,INV-353309,Marriott Hotels - Travel - Lodging,EMP-1065,Rejected
TXN-00267,2024-11-22,Slack Inc,Software - SaaS,125,USD,delivered,Finance,CC-004,PO-17553,INV-765993,Slack Inc - Software - SaaS,EMP-1134,Approved
TXN-00268,2024-11-16,DoorDash,Meals & Entertainment,25,USD,invoiced,Engineering,CC-003,PO-74659,INV-938741,DoorDash - Meals & Entertainment,EMP-1134,Pending
TXN-00269,2024-02-27,Salesforce,Software - SaaS,300,USD,delivered,Operations,CC-004,PO-36006,INV-775139,Salesforce - Software - SaaS,EMP-1143,Approved
TXN-00270,2024-07-28,Hilton Hotels,Travel - Lodging,700,USD,invoiced,Sales,CC-003,PO-72468,INV-808350,Hilton Hotels - Travel - Lodging,EMP-1080,Rejected
TXN-00271,2025-01-01,Office Depot,Office Supplies,350,USD,paid,HR,CC-004,PO-44952,INV-892105,Office Depot - Office Supplies,EMP-1123,Approved
TXN-00272,2024-04-29,Facebook Ads Inc,Marketing - Digital,4000,USD,completed,Finance,CC-005,PO-57992,INV-928584,Facebook Ads Inc - Marketing - Digital,EMP-1199,Approved
TXN-00273,2025-01-10,LawDepot,Legal Services,500,USD,paid,Operations,CC-001,PO-51506,INV-530905,LawDepot - Legal Services,EMP-1161,Pending
TXN-00274,2024-05-27,DoorDash,Meals & Entertainment,25,USD,pending,HR,CC-005,PO-23781,INV-972205,DoorDash - Meals & Entertainment,EMP-1247,Rejected
TXN-00275,2025-02-22,Grubhub,Meals & Entertainment,180,USD,invoiced,Engineering,CC-005,PO-63852,INV-210403,Grubhub - Meals & Entertainment,EMP-1200,Pending
TXN-00276,2024-12-02,Deloitte,Professional Services,10000,USD,delivered,Engineering,CC-003,PO-86481,INV-820635,Deloitte - Professional Services,EMP-1149,Rejected
TXN-00277,2024-04-07,Salesforce,Software - SaaS,2500,USD,pending,Engineering,CC-003,PO-34090,INV-488948,Salesforce - Software - SaaS,EMP-1142,Rejected
TXN-00278,2024-01-25,QuickBooks,Accounting Software,300,USD,invoiced,Sales,CC-001,,INV-131975,QuickBooks - Accounting Software,EMP-1006,Pending
TXN-00279,2024-03-08,United Airlines,Travel - Airfare,1200,USD,invoiced,HR,CC-005,,INV-905596,United Airlines - Travel - Airfare,EMP-1214,Approved
TXN-00280,2024-07-23,Herman Miller,Furniture - Fixed Asset,3000,USD,delivered,Engineering,CC-005,PO-84551,INV-536995,Herman Miller - Furniture - Fixed Asset,EMP-1235,Rejected
TXN-00281,2024-09-25,Zoom,Software - SaaS,299,USD,paid,Marketing,CC-005,PO-72164,INV-361186,Zoom - Software - SaaS,EMP-1182,Approved
TXN-00282,2025-02-21,LinkedIn Ads,Marketing - Digital,400,USD,invoiced,HR,CC-005,PO-42369,INV-742468,LinkedIn Ads - Marketing - Digital,EMP-1009,Pending
TXN-00283,2024-08-02,Time Warner,Utilities - Internet,60,USD,delivered,Operations,CC-002,PO-82460,INV-188441,Time Warner - Utilities - Internet,EMP-1144,Pending
TXN-00284,2025-02-10,Datadog,Software - Monitoring,3000,USD,pending,Finance,CC-005,PO-24232,INV-886312,Datadog - Software - Monitoring,EMP-1082,Pending
TXN-00285,2024-02-19,Stripe,Software - Payments,2500,USD,pending,Marketing,CC-001,PO-70130,INV-896846,Stripe - Software - Payments,EMP-1088,Pending
TXN-00286,2024-03-03,Lyft,Travel - Ground,12,USD,completed,Finance,CC-004,PO-64126,INV-856434,Lyft - Travel - Ground,EMP-1175,Rejected
TXN-00287,2024-11-24,Uber,Travel - Ground,25,USD,delivered,Operations,CC-001,PO-74244,INV-712181,Uber - Travel - Ground,EMP-1075,Pending
TXN-00288,2025-03-17,United Airlines,Travel - Airfare,250,USD,completed,Finance,CC-005,PO-98518,INV-956792,United Airlines - Travel - Airfare,EMP-1134,Pending
TXN-00289,2024-07-14,Dell,Hardware - Equipment,500,USD,pending,Engineering,CC-002,PO-53468,INV-984845,Dell - Hardware - Equipment,EMP-1167,Rejected
TXN-00290,2024-10-28,PwC,Professional Services,8000,USD,completed,Finance,CC-002,PO-62502,INV-971312,PwC - Professional Services,EMP-1154,Pending
TXN-00291,2025-03-05,Airbnb,Travel - Lodging,80,USD,invoiced,Engineering,CC-003,PO-51843,INV-642603,Airbnb - Travel - Lodging,EMP-1194,Approved
TXN-00292,2024-04-18,FedEx,Shipping & Logistics,500,USD,pending,Marketing,CC-002,PO-45646,INV-872523,FedEx - Shipping & Logistics,EMP-1214,Approved
TXN-00293,2024-07-02,Microsoft Azure,Software - Cloud,800,USD,delivered,HR,CC-002,PO-93135,INV-436098,Microsoft Azure - Software - Cloud,EMP-1160,Approved
TXN-00294,2024-11-13,AWS,Software - Cloud,2341,USD,pending,Operations,CC-002,PO-25436,INV-444226,AWS - Software - Cloud,EMP-1009,Approved
TXN-00295,2024-11-26,Herman Miller,Furniture - Fixed Asset,1200,USD,completed,Operations,CC-001,PO-52707,INV-105386,Herman Miller - Furniture - Fixed Asset,EMP-1085,Approved
TXN-00296,2025-03-15,Xero,Accounting Software,400,USD,pending,Marketing,CC-001,PO-27089,INV-294606,Xero - Accounting Software,EMP-1129,Rejected
TXN-00297,2024-06-05,Salesforce,Software - SaaS,300,USD,pending,Marketing,CC-004,PO-32821,INV-150003,Salesforce - Software - SaaS,EMP-1023,Rejected
TXN-00298,2024-04-29,Dell,Hardware - Equipment,500,USD,delivered,Marketing,CC-003,PO-28443,INV-810013,Dell - Hardware - Equipment,EMP-1230,Approved
TXN-00299,2024-12-31,Accenture,Professional Services,7000,USD,paid,Finance,CC-004,,INV-850543,Accenture - Professional Services,EMP-1031,Approved
TXN-00300,2024-06-14,Grubhub,Meals & Entertainment,100,USD,pending,HR,CC-004,PO-45746,INV-468912,Grubhub - Meals & Entertainment,EMP-1010,Approved
TXN-00301,2024-02-17,QuickBooks,Accounting Software,600,USD,pending,Sales,CC-004,,INV-611889,QuickBooks - Accounting Software,EMP-1025,Pending
TXN-00302,2024-02-06,PwC,Professional Services,8000,USD,completed,Engineering,CC-001,PO-33816,INV-268292,PwC - Professional Services,EMP-1133,Pending
TXN-00303,2025-01-29,Hilton Hotels,Travel - Lodging,220,USD,pending,HR,CC-002,PO-85116,INV-301499,Hilton Hotels - Travel - Lodging,EMP-1092,Pending
TXN-00304,2025-03-31,Office Depot,Office Supplies,200,USD,completed,Marketing,CC-004,,INV-320165,Office Depot - Office Supplies,EMP-1020,Pending
TXN-00305,2024-06-14,Lenovo,Hardware - Equipment,1000,USD,delivered,Operations,CC-001,PO-79672,INV-252724,Lenovo - Hardware - Equipment,EMP-1232,Approved
TXN-00306,2024-09-06,American Airlines,Travel - Airfare,950,USD,pending,Sales,CC-005,PO-76778,INV-762906,American Airlines - Travel - Airfare,EMP-1198,Pending
TXN-00307,2024-03-06,LinkedIn Ads,Marketing - Digital,5000,USD,invoiced,Finance,CC-002,PO-23896,INV-301397,LinkedIn Ads - Marketing - Digital,EMP-1194,Pending
TXN-00308,2024-07-21,Twilio,Software - Communications,50,USD,pending,Operations,CC-002,PO-21852,INV-331629,Twilio - Software - Communications,EMP-1077,Pending
TXN-00309,2025-01-05,Amazon,Hardware - Equipment,599,USD,paid,Marketing,CC-005,PO-57689,INV-335128,Amazon - Hardware - Equipment,EMP-1235,Rejected
TXN-00310,2024-01-24,DHL,Shipping & Logistics,30,USD,delivered,HR,CC-004,PO-11796,INV-673255,DHL - Shipping & Logistics,EMP-1090,Approved
TXN-00311,2024-07-23,Apple Inc,Hardware - Equipment,199,USD,invoiced,HR,CC-002,PO-43631,INV-728691,Apple Inc - Hardware - Equipment,EMP-1182,Pending
TXN-00312,2024-03-06,Zoom,Software - SaaS,100,USD,paid,Engineering,CC-001,PO-94153,INV-158623,Zoom - Software - SaaS,EMP-1093,Rejected
TXN-00313,2025-01-16,Accenture,Professional Services,3000,USD,delivered,Operations,CC-004,,INV-435041,Accenture - Professional Services,EMP-1069,Rejected
TXN-00314,2024-03-17,UberEats,Meals & Entertainment,185,USD,completed,Sales,CC-003,PO-97397,INV-710099,UberEats - Meals & Entertainment,EMP-1187,Rejected
TXN-00315,2024-01-08,Zoom,Software - SaaS,200,USD,invoiced,Engineering,CC-001,PO-87195,INV-844252,Zoom - Software - SaaS,EMP-1050,Pending
TXN-00316,2025-03-14,American Airlines,Travel - Airfare,950,USD,invoiced,Sales,CC-001,PO-23859,INV-669686,American Airlines - Travel - Airfare,EMP-1184,Pending
TXN-00317,2025-02-18,UberEats,Meals & Entertainment,20,USD,pending,Engineering,CC-001,PO-69239,INV-760569,UberEats - Meals & Entertainment,EMP-1128,Rejected
TXN-00318,2024-12-19,AWS,Software - Cloud,500,USD,paid,Marketing,CC-003,PO-88551,INV-748850,AWS - Software - Cloud,EMP-1144,Approved
TXN-00319,2024-06-05,Accenture,Professional Services,15000,USD,delivered,HR,CC-003,PO-11878,INV-214008,Accenture - Professional Services,EMP-1038,Rejected
TXN-00320,2024-11-13,DHL,Shipping & Logistics,30,USD,completed,Marketing,CC-003,PO-84438,INV-974496,DHL - Shipping & Logistics,EMP-1088,Approved
TXN-00321,2024-01-18,Delta Airlines,Travel - Airfare,280,USD,invoiced,HR,CC-001,PO-87951,INV-796600,Delta Airlines - Travel - Airfare,EMP-1132,Approved
TXN-00322,2024-02-21,Accenture,Professional Services,15000,USD,invoiced,Engineering,CC-001,PO-21834,INV-782685,Accenture - Professional Services,EMP-1023,Approved
TXN-00323,2024-01-12,Restaurants.com,Meals & Entertainment,300,USD,completed,Engineering,CC-003,PO-64303,INV-530261,Restaurants.com - Meals & Entertainment,EMP-1250,Pending
TXN-00324,2024-10-07,Airbnb,Travel - Lodging,150,USD,pending,Operations,CC-002,PO-70943,INV-214710,Airbnb - Travel - Lodging,EMP-1093,Rejected
TXN-00325,2024-05-12,IKEA,Furniture - Fixed Asset,1200,USD,delivered,Operations,CC-005,PO-88317,INV-916181,IKEA - Furniture - Fixed Asset,EMP-1035,Rejected
TXN-00326,2024-02-10,AT&T,Utilities - Telecom,80,USD,invoiced,Marketing,CC-005,PO-20215,INV-751237,AT&T - Utilities - Telecom,EMP-1086,Rejected
TXN-00327,2025-03-13,Steelcase,Furniture - Fixed Asset,2500,USD,completed,Finance,CC-003,PO-39741,INV-151877,Steelcase - Furniture - Fixed Asset,EMP-1003,Approved
TXN-00328,2025-02-11,Restaurants.com,Meals & Entertainment,300,USD,paid,Finance,CC-002,PO-34947,INV-271350,Restaurants.com - Meals & Entertainment,EMP-1137,Pending
TXN-00329,2024-03-12,UberEats,Meals & Entertainment,185,USD,delivered,Operations,CC-004,PO-44239,INV-871557,UberEats - Meals & Entertainment,EMP-1121,Approved
TXN-00330,2024-08-11,Delta Airlines,Travel - Airfare,280,USD,paid,Finance,CC-004,PO-34508,INV-126802,Delta Airlines - Travel - Airfare,EMP-1090,Approved
TXN-00331,2024-02-15,LawDepot,Legal Services,1000,USD,paid,Sales,CC-002,PO-87658,INV-184942,LawDepot - Legal Services,EMP-1230,Approved
TXN-00332,2024-11-15,GitHub,Software - Development,21,USD,delivered,HR,CC-001,PO-30231,INV-506608,GitHub - Software - Development,EMP-1081,Pending
TXN-00333,2024-12-24,Southwest Airlines,Travel - Airfare,1000,USD,completed,Finance,CC-005,PO-79613,INV-469221,Southwest Airlines - Travel - Airfare,EMP-1033,Approved
TXN-00334,2024-07-24,Time Warner,Utilities - Internet,100,USD,delivered,Operations,CC-005,PO-39735,INV-106755,Time Warner - Utilities - Internet,EMP-1079,Rejected
TXN-00335,2024-01-31,Xero,Accounting Software,400,USD,pending,HR,CC-004,PO-80294,INV-819503,Xero - Accounting Software,EMP-1062,Pending
TXN-00336,2024-02-08,Restaurants.com,Meals & Entertainment,300,USD,paid,Engineering,CC-004,PO-83377,INV-388733,Restaurants.com - Meals & Entertainment,EMP-1141,Approved
TXN-00337,2024-03-13,Zoom,Software - SaaS,299,USD,pending,Engineering,CC-003,PO-40105,INV-592349,Zoom - Software - SaaS,EMP-1041,Pending
TXN-00338,2024-07-21,United Airlines,Travel - Airfare,450,USD,invoiced,Operations,CC-004,,INV-381085,United Airlines - Travel - Airfare,EMP-1219,Pending
TXN-00339,2024-07-24,DHL,Shipping & Logistics,150,USD,pending,Engineering,CC-002,PO-45006,INV-825541,DHL - Shipping & Logistics,EMP-1196,Rejected
TXN-00340,2024-01-25,LinkedIn Ads,Marketing - Digital,2500,USD,pending,Engineering,CC-001,PO-96856,INV-650203,LinkedIn Ads - Marketing - Digital,EMP-1021,Approved
TXN-00341,2024-06-26,Verizon,Utilities - Telecom,100,USD,invoiced,Operations,CC-004,PO-33691,INV-166354,Verizon - Utilities - Telecom,EMP-1147,Rejected
TXN-00342,2024-01-07,McKinsey,Professional Services,15000,USD,pending,Operations,CC-002,,INV-730990,McKinsey - Professional Services,EMP-1007,Rejected
TXN-00343,2025-01-17,Chipotle,Meals & Entertainment,10,USD,paid,Marketing,CC-004,PO-40690,INV-337898,Chipotle - Meals & Entertainment,EMP-1033,Approved
TXN-00344,2024-09-22,Southwest Airlines,Travel - Airfare,1000,USD,delivered,Sales,CC-002,PO-70619,INV-433122,Southwest Airlines - Travel - Airfare,EMP-1088,Approved
TXN-00345,2024-01-29,Steelcase,Furniture - Fixed Asset,1000,USD,invoiced,Finance,CC-004,PO-30325,INV-768547,Steelcase - Furniture - Fixed Asset,EMP-1104,Pending
TXN-00346,2024-11-26,Delta Airlines,Travel - Airfare,900,USD,paid,HR,CC-005,PO-69767,INV-778772,Delta Airlines - Travel - Airfare,EMP-1075,Rejected
TXN-00347,2025-01-03,Amazon Business,Office Supplies,100,USD,pending,Operations,CC-002,PO-70169,INV-588999,Amazon Business - Office Supplies,EMP-1219,Pending
TXN-00348,2024-01-29,GitHub Inc,Software - Development,231,USD,pending,Marketing,CC-005,PO-77264,INV-162543,GitHub Inc - Software - Development,EMP-1133,Rejected
TXN-00349,2024-10-25,Lenovo,Hardware - Equipment,400,USD,completed,Sales,CC-005,PO-67664,INV-854408,Lenovo - Hardware - Equipment,EMP-1090,Rejected
TXN-00350,2024-07-16,Delta Airlines,Travel - Airfare,280,USD,delivered,Sales,CC-002,,INV-206922,Delta Airlines - Travel - Airfare,EMP-1112,Rejected
TXN-00351,2024-12-15,GitHub,Software - Development,21,USD,pending,Operations,CC-002,,INV-454667,GitHub - Software - Development,EMP-1049,Rejected
TXN-00352,2025-02-18,AT&T,Utilities - Telecom,150,USD,delivered,Operations,CC-004,PO-49977,INV-725759,AT&T - Utilities - Telecom,EMP-1177,Approved
TXN-00353,2025-02-01,Google Cloud,Software - Cloud,400,USD,delivered,Engineering,CC-003,PO-61576,INV-290329,Google Cloud - Software - Cloud,EMP-1189,Approved
TXN-00354,2024-04-04,AWS,Software - Cloud,5000,USD,pending,Finance,CC-004,,INV-902676,AWS - Software - Cloud,EMP-1104,Pending
TXN-00355,2024-07-06,Amazon,Hardware - Equipment,599,USD,completed,Engineering,CC-002,PO-16005,INV-276936,Amazon - Hardware - Equipment,EMP-1225,Rejected
TXN-00356,2025-01-20,Xero Inc,Accounting Software,200,USD,pending,Marketing,CC-005,PO-40822,INV-974077,Xero Inc - Accounting Software,EMP-1072,Approved
TXN-00357,2025-03-13,Deloitte,Professional Services,10000,USD,invoiced,Marketing,CC-005,PO-18864,INV-158074,Deloitte - Professional Services,EMP-1127,Approved
TXN-00358,2025-02-13,Starbucks,Meals & Entertainment,15,USD,invoiced,Engineering,CC-003,PO-68306,INV-418634,Starbucks - Meals & Entertainment,EMP-1245,Pending
TXN-00359,2024-08-19,Staples,Office Supplies,150,USD,completed,Operations,CC-003,,INV-483109,Staples - Office Supplies,EMP-1125,Rejected
TXN-00360,2024-12-26,FedEx,Shipping & Logistics,20,USD,pending,Engineering,CC-004,PO-45284,INV-793756,FedEx - Shipping & Logistics,EMP-1034,Rejected
TXN-00361,2024-06-12,Stripe,Software - Payments,2500,USD,paid,Engineering,CC-002,,INV-614707,Stripe - Software - Payments,EMP-1101,Rejected
TXN-00362,2024-04-18,Salesforce,Software - SaaS,300,USD,invoiced,Finance,CC-003,PO-29950,INV-158507,Salesforce - Software - SaaS,EMP-1109,Pending
TXN-00363,2024-07-06,Twilio,Software - Communications,50,USD,invoiced,Sales,CC-002,,INV-397597,Twilio - Software - Communications,EMP-1012,Pending
TXN-00364,2024-10-21,Microsoft Azure,Software - Cloud,3000,USD,pending,Operations,CC-003,PO-79407,INV-565498,Microsoft Azure - Software - Cloud,EMP-1101,Pending
TXN-00365,2025-01-04,Chipotle,Meals & Entertainment,15,USD,invoiced,Marketing,CC-005,PO-33260,INV-413221,Chipotle - Meals & Entertainment,EMP-1237,Approved
TXN-00366,2024-11-22,UPS,Shipping & Logistics,350,USD,invoiced,HR,CC-003,PO-90050,INV-505666,UPS - Shipping & Logistics,EMP-1173,Approved
TXN-00367,2024-02-16,Airbnb,Travel - Lodging,600,USD,paid,Marketing,CC-001,PO-31726,INV-593547,Airbnb - Travel - Lodging,EMP-1006,Pending
TXN-00368,2024-10-31,Amazon Business,Office Supplies,500,USD,invoiced,Marketing,CC-003,PO-36912,INV-946505,Amazon Business - Office Supplies,EMP-1221,Approved
TXN-00369,2024-05-04,Google Ads,Marketing - Digital,1000,USD,delivered,Sales,CC-003,PO-65002,INV-345162,Google Ads - Marketing - Digital,EMP-1157,Pending
TXN-00370,2024-07-05,Facebook Ads,Marketing - Digital,800,USD,delivered,Marketing,CC-003,PO-64453,INV-776107,Facebook Ads - Marketing - Digital,EMP-1136,Approved
TXN-00371,2024-11-17,Uber,Travel - Ground,120,USD,invoiced,Sales,CC-005,PO-36471,INV-304982,Uber - Travel - Ground,EMP-1118,Approved
TXN-00372,2024-06-26,Accenture,Professional Services,15000,USD,pending,Operations,CC-004,PO-36131,INV-253708,Accenture - Professional Services,EMP-1187,Rejected
TXN-00373,2024-07-25,HubSpot,Marketing - Software,200,USD,completed,HR,CC-003,PO-87946,INV-481987,HubSpot - Marketing - Software,EMP-1143,Pending
TXN-00374,2024-12-19,Amazon Business,Office Supplies,100,USD,pending,Finance,CC-002,PO-90188,INV-390650,Amazon Business - Office Supplies,EMP-1084,Approved
TXN-00375,2024-03-14,LawDepot,Legal Services,500,USD,paid,Sales,CC-001,PO-16189,INV-319053,LawDepot - Legal Services,EMP-1055,Pending
TXN-00376,2024-12-24,Xero Inc,Accounting Software,99,USD,delivered,Sales,CC-004,PO-78368,INV-866386,Xero Inc - Accounting Software,EMP-1202,Approved
TXN-00377,2024-09-20,Lenovo,Hardware - Equipment,1000,USD,completed,Operations,CC-005,PO-96411,INV-938309,Lenovo - Hardware - Equipment,EMP-1149,Rejected
TXN-00378,2024-05-14,Microsoft Azure,Software - Cloud,300,USD,invoiced,Finance,CC-002,,INV-739102,Microsoft Azure - Software - Cloud,EMP-1072,Pending
TXN-00379,2025-02-06,PwC,Professional Services,20000,USD,delivered,Operations,CC-003,PO-93644,INV-258020,PwC - Professional Services,EMP-1104,Pending
TXN-00380,2024-06-21,DELOITTE,Professional Services,50000,USD,delivered,Marketing,CC-002,PO-25465,INV-543578,DELOITTE - Professional Services,EMP-1039,Rejected
TXN-00381,2024-07-19,Amazon,Hardware - Equipment,99,USD,paid,Marketing,CC-004,PO-28649,INV-946400,Amazon - Hardware - Equipment,EMP-1060,Rejected
TXN-00382,2025-01-23,UPS,Shipping & Logistics,25,USD,invoiced,Sales,CC-001,PO-25760,INV-567838,UPS - Shipping & Logistics,EMP-1210,Pending
TXN-00383,2025-03-12,McKinsey,Professional Services,6000,USD,invoiced,Engineering,CC-002,PO-94154,INV-164315,McKinsey - Professional Services,EMP-1243,Approved
TXN-00384,2024-12-20,IKEA,Furniture - Fixed Asset,300,USD,paid,Engineering,CC-005,PO-54772,INV-822958,IKEA - Furniture - Fixed Asset,EMP-1164,Pending
TXN-00385,2024-05-30,Grubhub,Meals & Entertainment,25,USD,delivered,Finance,CC-003,PO-34646,INV-376660,Grubhub - Meals & Entertainment,EMP-1232,Rejected
TXN-00386,2024-04-13,Southwest Airlines,Travel - Airfare,1000,USD,pending,Finance,CC-002,PO-97271,INV-662919,Southwest Airlines - Travel - Airfare,EMP-1099,Rejected
TXN-00387,2024-01-05,Lyft,Travel - Ground,22,USD,pending,Operations,CC-003,PO-78241,INV-523428,Lyft - Travel - Ground,EMP-1046,Approved
TXN-00388,2025-02-10,Comcast,Utilities - Internet,200,USD,pending,Engineering,CC-002,PO-78110,INV-405497,Comcast - Utilities - Internet,EMP-1025,Pending
TXN-00389,2024-04-11,UPS,Shipping & Logistics,350,USD,delivered,Operations,CC-004,PO-48384,INV-696305,UPS - Shipping & Logistics,EMP-1042,Approved
TXN-00390,2024-04-29,QuickBooks,Accounting Software,600,USD,delivered,Operations,CC-005,,INV-345879,QuickBooks - Accounting Software,EMP-1218,Pending
TXN-00391,2024-02-14,AWS,Software - Cloud,2341,USD,paid,Marketing,CC-003,PO-24952,INV-576231,AWS - Software - Cloud,EMP-1184,Rejected
TXN-00392,2024-08-08,Microsoft Azure,Software - Cloud,800,USD,completed,HR,CC-005,PO-67290,INV-585963,Microsoft Azure - Software - Cloud,EMP-1024,Rejected
TXN-00393,2024-10-22,Comcast,Utilities - Internet,120,USD,pending,Finance,CC-002,PO-94016,INV-111943,Comcast - Utilities - Internet,EMP-1184,Rejected
TXN-00394,2025-01-06,Amazon Business,Office Supplies,100,USD,paid,Engineering,CC-002,PO-75483,INV-822163,Amazon Business - Office Supplies,EMP-1181,Approved
TXN-00395,2024-12-01,Southwest Airlines,Travel - Airfare,150,USD,invoiced,Finance,CC-003,PO-61321,INV-790467,Southwest Airlines - Travel - Airfare,EMP-1125,Rejected
TXN-00396,2024-09-04,Time Warner,Utilities - Internet,100,USD,invoiced,Engineering,CC-005,PO-99430,INV-430580,Time Warner - Utilities - Internet,EMP-1038,Pending
TXN-00397,2024-03-13,LinkedIn Ads,Marketing - Digital,5000,USD,invoiced,Sales,CC-004,PO-26789,INV-875583,LinkedIn Ads - Marketing - Digital,EMP-1021,Pending
TXN-00398,2024-05-03,Steelcase,Furniture - Fixed Asset,1800,USD,invoiced,Finance,CC-004,PO-15030,INV-156581,Steelcase - Furniture - Fixed Asset,EMP-1197,Pending
TXN-00399,2024-10-24,UPS,Shipping & Logistics,50,USD,pending,Engineering,CC-005,PO-51971,INV-303357,UPS - Shipping & Logistics,EMP-1078,Approved
TXN-00400,2024-06-08,Apple,Hardware - Equipment,1999,USD,completed,Engineering,CC-003,PO-90149,INV-423338,Apple - Hardware - Equipment,EMP-1182,Pending
TXN-00401,2024-12-24,LinkedIn Ads,Marketing - Digital,2500,USD,delivered,HR,CC-003,PO-28892,INV-284065,LinkedIn Ads - Marketing - Digital,EMP-1228,Pending
TXN-00402,2024-02-20,Chipotle,Meals & Entertainment,20,USD,invoiced,Sales,CC-004,PO-30595,INV-813970,Chipotle - Meals & Entertainment,EMP-1119,Pending
TXN-00403,2025-01-18,Office Depot,Office Supplies,350,USD,completed,HR,CC-005,PO-36781,INV-197704,Office Depot - Office Supplies,EMP-1208,Pending
TXN-00404,2024-03-29,Facebook Ads,Marketing - Digital,4000,USD,delivered,HR,CC-004,PO-90932,INV-131620,Facebook Ads - Marketing - Digital,EMP-1246,Pending
TXN-00405,2024-04-05,Best Buy,Hardware - Equipment,500,USD,pending,Marketing,CC-001,PO-58908,INV-367394,Best Buy - Hardware - Equipment,EMP-1099,Rejected
TXN-00406,2024-06-23,UberEats,Meals & Entertainment,100,USD,completed,HR,CC-002,PO-90335,INV-501761,UberEats - Meals & Entertainment,EMP-1188,Pending
TXN-00407,2024-06-21,Uber,Travel - Ground,45,USD,completed,Sales,CC-004,PO-40720,INV-947325,Uber - Travel - Ground,EMP-1212,Approved
TXN-00408,2024-02-08,Delta Airlines,Travel - Airfare,280,USD,delivered,Engineering,CC-003,PO-16508,INV-807798,Delta Airlines - Travel - Airfare,EMP-1082,Rejected
TXN-00409,2024-02-28,hubspot,Marketing - Software,50,USD,invoiced,Finance,CC-002,PO-60582,INV-500398,hubspot - Marketing - Software,EMP-1131,Approved
TXN-00410,2024-08-31,Lenovo,Hardware - Equipment,1000,USD,completed,Operations,CC-002,PO-39132,INV-861842,Lenovo - Hardware - Equipment,EMP-1137,Rejected
TXN-00411,2024-12-16,LawDepot,Legal Services,200,USD,completed,Finance,CC-001,,INV-984561,LawDepot - Legal Services,EMP-1247,Pending
TXN-00412,2025-03-19,American Airlines,Travel - Airfare,1500,USD,delivered,Finance,CC-003,PO-13290,INV-322956,American Airlines - Travel - Airfare,EMP-1189,Approved
TXN-00413,2024-08-19,Datadog,Software - Monitoring,1500,USD,completed,Operations,CC-003,PO-65850,INV-324507,Datadog - Software - Monitoring,EMP-1194,Approved
TXN-00414,2024-01-08,PwC,Professional Services,40000,USD,completed,Marketing,CC-003,PO-71542,INV-755555,PwC - Professional Services,EMP-1086,Rejected
TXN-00415,2024-05-03,UberEats,Meals & Entertainment,100,USD,delivered,Operations,CC-002,PO-76924,INV-746030,UberEats - Meals & Entertainment,EMP-1127,Rejected
TXN-00416,2024-10-06,Microsoft Azure,Software - Cloud,1500,USD,paid,HR,CC-002,PO-97650,INV-590689,Microsoft Azure - Software - Cloud,EMP-1124,Approved
TXN-00417,2024-09-18,Lyft,Travel - Ground,60,USD,completed,Finance,CC-001,PO-44112,INV-308708,Lyft - Travel - Ground,EMP-1208,Rejected
TXN-00418,2024-10-11,Best Buy,Hardware - Equipment,100,USD,completed,Sales,CC-004,,INV-940760,Best Buy - Hardware - Equipment,EMP-1207,Rejected
TXN-00419,2024-06-23,OFFICE DEPOT,Office Supplies,200,USD,delivered,Sales,CC-002,PO-56726,INV-298677,OFFICE DEPOT - Office Supplies,EMP-1175,Rejected
TXN-00420,2025-03-01,Datadog,Software - Monitoring,800,USD,completed,Finance,CC-001,PO-77410,INV-428739,Datadog - Software - Monitoring,EMP-1101,Approved
TXN-00421,2024-07-03,IKEA,Furniture - Fixed Asset,600,USD,completed,Sales,CC-003,PO-20299,INV-453046,IKEA - Furniture - Fixed Asset,EMP-1017,Pending
TXN-00422,2024-12-20,HubSpot,Marketing - Software,500,USD,pending,Marketing,CC-002,PO-51138,INV-248783,HubSpot - Marketing - Software,EMP-1210,Rejected
TXN-00423,2024-12-14,Stripe,Software - Payments,1250,USD,pending,HR,CC-001,PO-49823,INV-723317,Stripe - Software - Payments,EMP-1058,Approved
TXN-00424,2024-03-30,Slack,Software - SaaS,299,USD,invoiced,Marketing,CC-005,PO-61599,INV-996566,Slack - Software - SaaS,EMP-1050,Pending
TXN-00425,2025-03-13,Google Ads,Marketing - Digital,1000,USD,completed,Operations,CC-004,PO-66501,INV-763517,Google Ads - Marketing - Digital,EMP-1164,Pending
TXN-00426,2024-02-07,FedEx,Shipping & Logistics,20,USD,paid,Operations,CC-002,PO-51334,INV-281593,FedEx - Shipping & Logistics,EMP-1018,Approved
TXN-00427,2024-04-30,FedEx,Shipping & Logistics,500,USD,pending,Marketing,CC-002,PO-13696,INV-524380,FedEx - Shipping & Logistics,EMP-1122,Approved
TXN-00428,2025-01-15,PwC Inc,Professional Services,20000,USD,pending,Finance,CC-003,PO-29709,INV-553252,PwC Inc - Professional Services,EMP-1236,Rejected
TXN-00429,2024-06-23,Lenovo,Hardware - Equipment,400,USD,paid,Operations,CC-002,PO-42083,INV-343642,Lenovo - Hardware - Equipment,EMP-1147,Rejected
TXN-00430,2024-01-24,Best Buy,Hardware - Equipment,100,USD,paid,Engineering,CC-003,PO-36586,INV-993192,Best Buy - Hardware - Equipment,EMP-1230,Pending
TXN-00431,2025-01-18,Accenture,Professional Services,7000,USD,invoiced,Marketing,CC-004,PO-43286,INV-201940,Accenture - Professional Services,EMP-1188,Approved
TXN-00432,2024-03-26,Salesforce,Software - SaaS,2500,USD,completed,Finance,CC-001,,INV-583854,Salesforce - Software - SaaS,EMP-1143,Pending
TXN-00433,2024-04-09,United Airlines,Travel - Airfare,2500,USD,pending,Sales,CC-002,PO-70987,INV-173790,United Airlines - Travel - Airfare,EMP-1129,Approved
TXN-00434,2024-01-08,Google Cloud,Software - Cloud,950,USD,invoiced,Marketing,CC-003,PO-83929,INV-186899,Google Cloud - Software - Cloud,EMP-1014,Rejected
TXN-00435,2024-11-22,Slack,Software - SaaS,125,USD,paid,Operations,CC-001,PO-79843,INV-822771,Slack - Software - SaaS,EMP-1039,Approved
TXN-00436,2024-06-12,Staples,Office Supplies,50,USD,delivered,Sales,CC-005,PO-49637,INV-619298,Staples - Office Supplies,EMP-1141,Pending
TXN-00437,2024-11-04,Deloitte,Professional Services,50000,USD,invoiced,Marketing,CC-003,PO-70800,INV-512834,Deloitte - Professional Services,EMP-1226,Rejected
TXN-00438,2024-09-24,IKEA,Furniture - Fixed Asset,1200,USD,pending,Marketing,CC-001,PO-65473,INV-773590,IKEA - Furniture - Fixed Asset,EMP-1091,Pending
TXN-00439,2025-02-01,Twilio,Software - Communications,200,USD,invoiced,HR,CC-001,PO-34469,INV-278944,Twilio - Software - Communications,EMP-1217,Pending
TXN-00440,2024-04-13,PwC,Professional Services,4000,USD,completed,Engineering,CC-001,PO-40739,INV-606264,PwC - Professional Services,EMP-1033,Pending
TXN-00441,2024-06-06,Amazon,Hardware - Equipment,299,USD,invoiced,Finance,CC-001,PO-83440,INV-864644,Amazon - Hardware - Equipment,EMP-1215,Approved
TXN-00442,2025-02-25,Amazon Business,Office Supplies,100,USD,pending,Sales,CC-005,PO-11757,INV-939457,Amazon Business - Office Supplies,EMP-1234,Pending
TXN-00443,2024-08-29,Verizon,Utilities - Telecom,350,USD,completed,Marketing,CC-001,PO-72576,INV-503282,Verizon - Utilities - Telecom,EMP-1075,Pending
TXN-00444,2024-08-06,United Airlines,Travel - Airfare,1200,USD,pending,Sales,CC-003,PO-92750,INV-874854,United Airlines - Travel - Airfare,EMP-1091,Pending
TXN-00445,2024-06-30,UPS,Shipping & Logistics,50,USD,completed,Operations,CC-004,PO-46118,INV-891169,UPS - Shipping & Logistics,EMP-1221,Rejected
TXN-00446,2024-02-07,Salesforce,Software - SaaS,600,USD,pending,Finance,CC-002,PO-63298,INV-932576,Salesforce - Software - SaaS,EMP-1180,Rejected
TXN-00447,2024-09-30,Restaurants.com,Meals & Entertainment,40,USD,pending,Marketing,CC-002,PO-59801,INV-350950,Restaurants.com - Meals & Entertainment,EMP-1167,Pending
TXN-00448,2025-01-13,DHL,Shipping & Logistics,30,USD,pending,Sales,CC-004,PO-55543,INV-452282,DHL - Shipping & Logistics,EMP-1173,Pending
TXN-00449,2024-11-09,Accenture,Professional Services,3000,USD,completed,Operations,CC-004,PO-45241,INV-500796,Accenture - Professional Services,EMP-1044,Approved
TXN-00450,2024-08-30,DHL,Shipping & Logistics,30,USD,completed,HR,CC-001,PO-54251,INV-115997,DHL - Shipping & Logistics,EMP-1075,Approved
TXN-00451,2025-01-24,Southwest Airlines,Travel - Airfare,150,USD,delivered,Sales,CC-001,PO-88679,INV-509790,Southwest Airlines - Travel - Airfare,EMP-1202,Pending
TXN-00452,2024-10-13,Steelcase,Furniture - Fixed Asset,600,USD,delivered,Operations,CC-004,PO-30617,INV-184191,Steelcase - Furniture - Fixed Asset,EMP-1183,Pending
TXN-00453,2024-09-20,Deloitte,Professional Services,5000,USD,invoiced,Sales,CC-001,PO-48271,INV-677037,Deloitte - Professional Services,EMP-1148,Pending
TXN-00454,2025-03-25,UberEats,Meals & Entertainment,185,USD,completed,HR,CC-004,PO-67055,INV-739045,UberEats - Meals & Entertainment,EMP-1082,Rejected
TXN-00455,2024-12-03,Lenovo Inc,Hardware - Equipment,1000,USD,completed,Operations,CC-005,PO-57945,INV-673144,Lenovo Inc - Hardware - Equipment,EMP-1130,Approved
TXN-00456,2024-03-06,Restaurants.com,Meals & Entertainment,80,USD,pending,Marketing,CC-001,PO-42551,INV-764086,Restaurants.com - Meals & Entertainment,EMP-1248,Rejected
TXN-00457,2024-05-02,Verizon,Utilities - Telecom,200,USD,invoiced,Sales,CC-002,PO-25661,INV-307293,Verizon - Utilities - Telecom,EMP-1073,Pending
TXN-00458,2024-08-09,amazon,Hardware - Equipment,599,USD,delivered,Sales,CC-005,PO-76980,INV-400854,amazon - Hardware - Equipment,EMP-1024,Rejected
TXN-00459,2024-08-04,LinkedIn Ads,Marketing - Digital,400,USD,invoiced,Finance,CC-004,PO-79052,INV-671908,LinkedIn Ads - Marketing - Digital,EMP-1127,Rejected
TXN-00460,2024-11-11,Xero,Accounting Software,99,USD,paid,Sales,CC-004,PO-91442,INV-306983,Xero - Accounting Software,EMP-1112,Approved
TXN-00461,2024-06-12,Lyft,Travel - Ground,60,USD,invoiced,Marketing,CC-005,PO-66433,INV-815557,Lyft - Travel - Ground,EMP-1175,Rejected
TXN-00462,2024-03-29,Hilton Hotels,Travel - Lodging,400,USD,delivered,Engineering,CC-001,,INV-465818,Hilton Hotels - Travel - Lodging,EMP-1168,Approved
TXN-00463,2024-12-19,UPS Inc,Shipping & Logistics,50,USD,paid,Engineering,CC-003,PO-33409,INV-843033,UPS Inc - Shipping & Logistics,EMP-1055,Approved
TXN-00464,2024-05-24,Microsoft Azure,Software - Cloud,300,USD,delivered,Finance,CC-005,PO-52678,INV-970062,Microsoft Azure - Software - Cloud,EMP-1225,Pending
TXN-00465,2025-02-10,Office Depot,Office Supplies,75,USD,invoiced,Finance,CC-002,PO-57386,INV-981152,Office Depot - Office Supplies,EMP-1249,Approved
TXN-00466,2024-10-15,PwC,Professional Services,8000,USD,delivered,Marketing,CC-005,PO-17455,INV-127501,PwC - Professional Services,EMP-1200,Pending
TXN-00467,2024-03-26,Airbnb,Travel - Lodging,80,USD,delivered,Marketing,CC-002,PO-45688,INV-293996,Airbnb - Travel - Lodging,EMP-1101,Pending
TXN-00468,2024-12-12,Verizon,Utilities - Telecom,350,USD,invoiced,Operations,CC-001,PO-89582,INV-869248,Verizon - Utilities - Telecom,EMP-1099,Pending
TXN-00469,2024-02-20,GitHub,Software - Development,231,USD,delivered,HR,CC-002,PO-68284,INV-438902,GitHub - Software - Development,EMP-1242,Approved
TXN-00470,2024-02-21,Google Ads,Marketing - Digital,2500,USD,pending,HR,CC-002,PO-95267,INV-811929,Google Ads - Marketing - Digital,EMP-1098,Pending
TXN-00471,2025-01-13,McKinsey,Professional Services,6000,USD,delivered,Sales,CC-001,PO-79651,INV-709479,McKinsey - Professional Services,EMP-1093,Pending
TXN-00472,2025-01-19,Lyft,Travel - Ground,22,USD,paid,Engineering,CC-005,PO-96180,INV-587000,Lyft - Travel - Ground,EMP-1069,Approved
TXN-00473,2025-02-02,Dell,Hardware - Equipment,500,USD,paid,Engineering,CC-001,PO-67257,INV-263557,Dell - Hardware - Equipment,EMP-1115,Approved
TXN-00474,2025-03-14,Dell,Hardware - Equipment,2500,USD,invoiced,Operations,CC-003,PO-18117,INV-707504,Dell - Hardware - Equipment,EMP-1069,Approved
TXN-00475,2024-08-08,Amazon Business,Office Supplies,250,USD,paid,Finance,CC-003,PO-86794,INV-314374,Amazon Business - Office Supplies,EMP-1180,Pending
TXN-00476,2025-01-09,Stripe,Software - Payments,100,USD,paid,HR,CC-001,,INV-635176,Stripe - Software - Payments,EMP-1163,Pending
TXN-00477,2024-11-22,Lenovo,Hardware - Equipment,2000,USD,paid,HR,CC-005,PO-48288,INV-745941,Lenovo - Hardware - Equipment,EMP-1168,Rejected
TXN-00478,2024-03-12,Lyft,Travel - Ground,40,USD,invoiced,Marketing,CC-001,PO-87303,INV-122902,Lyft - Travel - Ground,EMP-1131,Approved
TXN-00479,2024-08-17,Time Warner,Utilities - Internet,60,USD,paid,Operations,CC-001,PO-75380,INV-170789,Time Warner - Utilities - Internet,EMP-1023,Rejected
TXN-00480,2025-01-23,HubSpot,Marketing - Software,500,USD,completed,Marketing,CC-005,PO-97697,INV-154420,HubSpot - Marketing - Software,EMP-1144,Approved
TXN-00481,2024-12-12,UberEats,Meals & Entertainment,20,USD,completed,Operations,CC-003,PO-84995,INV-321828,UberEats - Meals & Entertainment,EMP-1044,Rejected
TXN-00482,2024-11-02,LinkedIn Ads,Marketing - Digital,5000,USD,invoiced,Marketing,CC-002,PO-55029,INV-684712,LinkedIn Ads - Marketing - Digital,EMP-1105,Pending
TXN-00483,2025-02-19,Starbucks,Meals & Entertainment,10,USD,paid,HR,CC-005,,INV-392987,Starbucks - Meals & Entertainment,EMP-1197,Rejected
TXN-00484,2024-09-22,Office Depot,Office Supplies,200,USD,pending,Operations,CC-003,PO-30092,INV-891081,Office Depot - Office Supplies,EMP-1049,Approved
TXN-00485,2025-03-25,Grubhub,Meals & Entertainment,100,USD,completed,Sales,CC-003,PO-87951,INV-646681,Grubhub - Meals & Entertainment,EMP-1136,Pending
TXN-00486,2024-12-08,LinkedIn Ads,Marketing - Digital,400,USD,completed,Sales,CC-004,PO-20696,INV-584108,LinkedIn Ads - Marketing - Digital,EMP-1186,Approved
TXN-00487,2024-09-27,Office Depot,Office Supplies,75,USD,pending,HR,CC-001,PO-73470,INV-497599,Office Depot - Office Supplies,EMP-1115,Rejected
TXN-00488,2024-08-09,Staples,Office Supplies,50,USD,delivered,Marketing,CC-005,PO-31061,INV-246295,Staples - Office Supplies,EMP-1177,Approved
TXN-00489,2024-09-14,DHL,Shipping & Logistics,30,USD,completed,Engineering,CC-004,PO-17193,INV-802325,DHL - Shipping & Logistics,EMP-1156,Rejected
TXN-00490,2024-11-20,Comcast,Utilities - Internet,120,USD,completed,Sales,CC-001,PO-48390,INV-608101,Comcast - Utilities - Internet,EMP-1079,Pending
TXN-00491,2024-04-22,Google Cloud,Software - Cloud,1850,USD,paid,Operations,CC-004,PO-83337,INV-434494,Google Cloud - Software - Cloud,EMP-1036,Rejected
TXN-00492,2024-01-22,Grubhub,Meals & Entertainment,25,USD,paid,Sales,CC-003,PO-54981,INV-546940,Grubhub - Meals & Entertainment,EMP-1209,Pending
TXN-00493,2025-01-26,AT&T,Utilities - Telecom,150,USD,delivered,HR,CC-004,PO-33122,INV-226230,AT&T - Utilities - Telecom,EMP-1157,Rejected
TXN-00494,2024-10-22,Chipotle,Meals & Entertainment,10,USD,paid,Operations,CC-001,PO-18490,INV-623930,Chipotle - Meals & Entertainment,EMP-1113,Approved
TXN-00495,2024-01-26,Steelcase,Furniture - Fixed Asset,2500,USD,completed,Sales,CC-002,PO-34495,INV-328303,Steelcase - Furniture - Fixed Asset,EMP-1043,Approved
TXN-00496,2024-02-13,Comcast,Utilities - Internet,120,USD,paid,Sales,CC-004,PO-34540,INV-848259,Comcast - Utilities - Internet,EMP-1115,Rejected
TXN-00497,2024-02-02,Best Buy,Hardware - Equipment,500,USD,invoiced,HR,CC-002,PO-15790,INV-443668,Best Buy - Hardware - Equipment,EMP-1187,Pending
TXN-00498,2024-07-30,Stripe,Software - Payments,2500,USD,completed,Operations,CC-002,PO-56333,INV-889715,Stripe - Software - Payments,EMP-1215,Rejected
TXN-00499,2024-10-27,Airbnb,Travel - Lodging,150,USD,paid,Marketing,CC-004,PO-60543,INV-362152,Airbnb - Travel - Lodging,EMP-1099,Approved
TXN-00500,2024-12-20,Zoom,Software - SaaS,200,USD,paid,Operations,CC-001,PO-54204,INV-675040,Zoom - Software - SaaS,EMP-1223,Approved
TXN-00501,2024-10-29,Deloitte,Professional Services,5000,USD,pending,Engineering,CC-004,,INV-659567,Deloitte - Professional Services,EMP-1249,Approved
TXN-00502,2024-04-26,Office Depot,Office Supplies,200,USD,pending,Engineering,CC-005,PO-73689,INV-746770,Office Depot - Office Supplies,EMP-1185,Pending
TXN-00503,2024-08-22,Uber,Travel - Ground,120,USD,invoiced,Finance,CC-005,PO-60018,INV-957649,Uber - Travel - Ground,EMP-1147,Pending
TXN-00504,2024-07-05,DHL,Shipping & Logistics,400,USD,completed,Sales,CC-005,,INV-530823,DHL - Shipping & Logistics,EMP-1008,Approved
TXN-00505,2024-01-22,Lyft,Travel - Ground,22,USD,invoiced,Finance,CC-002,PO-49618,INV-288485,Lyft - Travel - Ground,EMP-1191,Pending
TXN-00506,2024-12-10,Zoom,Software - SaaS,299,USD,delivered,HR,CC-005,,INV-995099,Zoom - Software - SaaS,EMP-1229,Pending
TXN-00507,2024-06-15,Marriott Hotels,Travel - Lodging,800,USD,pending,HR,CC-001,PO-19033,INV-505378,Marriott Hotels - Travel - Lodging,EMP-1128,Approved
TXN-00508,2024-03-27,Slack,Software - SaaS,125,USD,invoiced,HR,CC-002,PO-98598,INV-478633,Slack - Software - SaaS,EMP-1022,Approved
TXN-00509,2024-09-15,Apple,Hardware - Equipment,1200,USD,paid,Sales,CC-001,PO-72246,INV-863286,Apple - Hardware - Equipment,EMP-1154,Approved
TXN-00510,2024-12-15,Salesforce,Software - SaaS,600,USD,pending,HR,CC-002,,INV-581419,Salesforce - Software - SaaS,EMP-1082,Approved
TXN-00511,2024-08-04,Lyft,Travel - Ground,60,USD,paid,Marketing,CC-004,PO-49499,INV-666489,Lyft - Travel - Ground,EMP-1149,Approved
TXN-00512,2024-03-25,Herman Miller,Furniture - Fixed Asset,1500,USD,pending,Marketing,CC-002,PO-47805,INV-592226,Herman Miller - Furniture - Fixed Asset,EMP-1074,Rejected
TXN-00513,2024-12-16,HubSpot,Marketing - Software,500,USD,completed,Engineering,CC-002,PO-14494,INV-882793,HubSpot - Marketing - Software,EMP-1248,Pending
TXN-00514,2024-01-20,HubSpot,Marketing - Software,1200,USD,invoiced,Marketing,CC-003,PO-82141,INV-973901,HubSpot - Marketing - Software,EMP-1206,Pending
TXN-00515,2024-05-05,Twilio,Software - Communications,1000,USD,pending,HR,CC-003,PO-43415,INV-569608,Twilio - Software - Communications,EMP-1227,Approved
TXN-00516,2025-03-29,FedEx,Shipping & Logistics,45,USD,paid,Finance,CC-004,PO-31840,INV-442751,FedEx - Shipping & Logistics,EMP-1160,Approved
TXN-00517,2024-07-31,DoorDash,Meals & Entertainment,25,USD,paid,Operations,CC-002,PO-59006,INV-216672,DoorDash - Meals & Entertainment,EMP-1219,Rejected
TXN-00518,2024-04-21,FedEx,Shipping & Logistics,300,USD,pending,Marketing,CC-001,,INV-267726,FedEx - Shipping & Logistics,EMP-1232,Approved
TXN-00519,2024-06-02,Facebook Ads,Marketing - Digital,800,USD,paid,Engineering,CC-004,PO-92339,INV-360070,Facebook Ads - Marketing - Digital,EMP-1166,Rejected
TXN-00520,2024-05-04,DoorDash,Meals & Entertainment,100,USD,delivered,Sales,CC-001,PO-36255,INV-801952,DoorDash - Meals & Entertainment,EMP-1034,Approved
TXN-00521,2024-09-10,Amazon,Hardware - Equipment,99,USD,invoiced,Marketing,CC-002,PO-56336,INV-393011,Amazon - Hardware - Equipment,EMP-1188,Approved
TXN-00522,2024-12-16,Southwest Airlines,Travel - Airfare,150,USD,delivered,Marketing,CC-005,PO-87094,INV-733597,Southwest Airlines - Travel - Airfare,EMP-1142,Rejected
TXN-00523,2025-01-07,Xero Inc,Accounting Software,400,USD,pending,HR,CC-003,,INV-625304,Xero Inc - Accounting Software,EMP-1219,Approved
TXN-00524,2024-09-05,Apple,Hardware - Equipment,1200,USD,paid,Marketing,CC-002,PO-36318,INV-294689,Apple - Hardware - Equipment,EMP-1218,Rejected
TXN-00525,2024-12-08,Slack,Software - SaaS,199,USD,delivered,Finance,CC-001,PO-87850,INV-381750,Slack - Software - SaaS,EMP-1143,Approved
TXN-00526,2024-08-24,Amazon,Hardware - Equipment,99,USD,completed,Operations,CC-003,PO-60483,INV-767729,Amazon - Hardware - Equipment,EMP-1168,Approved
TXN-00527,2024-07-14,Steelcase,Furniture - Fixed Asset,1800,USD,pending,Marketing,CC-003,PO-39737,INV-686124,Steelcase - Furniture - Fixed Asset,EMP-1153,Approved
TXN-00528,2024-03-24,Uber,Travel - Ground,120,USD,invoiced,HR,CC-005,PO-50642,INV-173067,Uber - Travel - Ground,EMP-1033,Rejected
TXN-00529,2024-04-15,American Airlines Inc,Travel - Airfare,950,USD,pending,Engineering,CC-004,PO-95307,INV-515574,American Airlines Inc - Travel - Airfare,EMP-1223,Rejected
TXN-00530,2024-09-29,AT&T,Utilities - Telecom,150,USD,pending,Marketing,CC-003,PO-14373,INV-435690,AT&T - Utilities - Telecom,EMP-1099,Rejected
TXN-00531,2024-04-10,Best Buy,Hardware - Equipment,1200,USD,invoiced,Operations,CC-003,PO-11387,INV-891054,Best Buy - Hardware - Equipment,EMP-1106,Rejected
TXN-00532,2024-08-17,AWS,Software - Cloud,10000,USD,paid,Marketing,CC-005,PO-88845,INV-114136,AWS - Software - Cloud,EMP-1140,Approved
TXN-00533,2025-01-12,HubSpot,Marketing - Software,1200,USD,delivered,Sales,CC-003,PO-43256,INV-607108,HubSpot - Marketing - Software,EMP-1247,Approved
TXN-00534,2024-06-16,American Airlines,Travel - Airfare,300,USD,paid,Engineering,CC-003,PO-13280,INV-893219,American Airlines - Travel - Airfare,EMP-1239,Rejected
TXN-00535,2025-01-12,Xero,Accounting Software,99,USD,invoiced,Sales,CC-001,PO-58901,INV-178850,Xero - Accounting Software,EMP-1041,Rejected
TXN-00536,2024-11-02,Google Cloud,Software - Cloud,950,USD,paid,Marketing,CC-004,,INV-549048,Google Cloud - Software - Cloud,EMP-1133,Approved
TXN-00537,2024-07-12,Grubhub,Meals & Entertainment,180,USD,pending,Marketing,CC-001,PO-66647,INV-382855,Grubhub - Meals & Entertainment,EMP-1016,Approved
TXN-00538,2024-10-22,Amazon Business,Office Supplies,500,USD,completed,Operations,CC-002,PO-84353,INV-803076,Amazon Business - Office Supplies,EMP-1004,Approved
TXN-00539,2024-04-03,Uber,Travel - Ground,65,USD,invoiced,Engineering,CC-001,,INV-322180,Uber - Travel - Ground,EMP-1115,Rejected
TXN-00540,2025-02-17,McKinsey,Professional Services,15000,USD,pending,Engineering,CC-001,PO-97467,INV-819318,McKinsey - Professional Services,EMP-1109,Pending
TXN-00541,2024-12-07,LawDepot,Legal Services,2500,USD,paid,Finance,CC-001,PO-35277,INV-106644,LawDepot - Legal Services,EMP-1212,Approved
TXN-00542,2024-11-15,Chipotle,Meals & Entertainment,10,USD,delivered,Engineering,CC-002,PO-40634,INV-223583,Chipotle - Meals & Entertainment,EMP-1042,Approved
TXN-00543,2024-10-05,Airbnb,Travel - Lodging,150,USD,paid,Marketing,CC-005,PO-10097,INV-149641,Airbnb - Travel - Lodging,EMP-1187,Pending
TXN-00544,2024-02-09,Google Cloud,Software - Cloud,4000,USD,delivered,HR,CC-005,PO-88064,INV-574931,Google Cloud - Software - Cloud,EMP-1216,Pending
TXN-00545,2024-08-20,Accenture,Professional Services,3000,USD,delivered,Marketing,CC-002,PO-92570,INV-212420,Accenture - Professional Services,EMP-1216,Rejected
TXN-00546,2024-10-14,LawDepot,Legal Services,2500,USD,completed,Operations,CC-004,PO-11088,INV-280692,LawDepot - Legal Services,EMP-1092,Approved
TXN-00547,2024-04-21,GitHub,Software - Development,231,USD,completed,HR,CC-005,PO-25636,INV-888839,GitHub - Software - Development,EMP-1165,Approved
TXN-00548,2024-04-16,Dell,Hardware - Equipment,500,USD,completed,HR,CC-001,PO-89282,INV-742638,Dell - Hardware - Equipment,EMP-1138,Approved
TXN-00549,2024-05-11,McKinsey,Professional Services,15000,USD,paid,HR,CC-001,PO-57437,INV-845056,McKinsey - Professional Services,EMP-1088,Pending
TXN-00550,2025-03-08,Datadog,Software - Monitoring,1500,USD,invoiced,Sales,CC-004,PO-56452,INV-680698,Datadog - Software - Monitoring,EMP-1031,Rejected
TXN-00551,2024-03-19,Grubhub,Meals & Entertainment,100,USD,paid,Engineering,CC-002,,INV-855200,Grubhub - Meals & Entertainment,EMP-1192,Rejected
TXN-00552,2024-04-08,Zoom,Software - SaaS,200,USD,paid,Engineering,CC-005,PO-26574,INV-402104,Zoom - Software - SaaS,EMP-1089,Rejected
TXN-00553,2024-05-14,Lyft,Travel - Ground,60,USD,pending,Sales,CC-005,,INV-778870,Lyft - Travel - Ground,EMP-1166,Rejected
TXN-00554,2024-12-08,LinkedIn Ads,Marketing - Digital,2500,USD,paid,HR,CC-003,,INV-423365,LinkedIn Ads - Marketing - Digital,EMP-1042,Rejected
TXN-00555,2024-05-11,HubSpot,Marketing - Software,50,USD,completed,Finance,CC-005,PO-39615,INV-837683,HubSpot - Marketing - Software,EMP-1122,Approved
TXN-00556,2024-02-26,QuickBooks,Accounting Software,120,USD,invoiced,HR,CC-001,PO-37777,INV-221917,QuickBooks - Accounting Software,EMP-1138,Pending
TXN-00557,2024-06-29,Microsoft Azure,Software - Cloud,1500,USD,completed,HR,CC-004,PO-47956,INV-733914,Microsoft Azure - Software - Cloud,EMP-1054,Pending
TXN-00558,2024-11-12,LinkedIn Ads,Marketing - Digital,5000,USD,invoiced,Marketing,CC-005,,INV-184862,LinkedIn Ads - Marketing - Digital,EMP-1248,Rejected
TXN-00559,2024-01-17,McKinsey,Professional Services,6000,USD,completed,Finance,CC-004,PO-47083,INV-565981,McKinsey - Professional Services,EMP-1045,Approved
TXN-00560,2024-08-25,Verizon,Utilities - Telecom,100,USD,delivered,Engineering,CC-003,PO-18240,INV-292115,Verizon - Utilities - Telecom,EMP-1021,Rejected
TXN-00561,2025-03-11,Verizon,Utilities - Telecom,350,USD,paid,Operations,CC-004,PO-11406,INV-776799,Verizon - Utilities - Telecom,EMP-1072,Approved
TXN-00562,2024-12-14,Xero,Accounting Software,200,USD,paid,HR,CC-002,PO-66351,INV-759111,Xero - Accounting Software,EMP-1130,Rejected
TXN-00563,2024-07-15,Google Cloud,Software - Cloud,950,USD,paid,Finance,CC-005,PO-41229,INV-516887,Google Cloud - Software - Cloud,EMP-1182,Rejected
TXN-00564,2025-01-06,Salesforce,Software - SaaS,1200,USD,delivered,Marketing,CC-004,PO-92188,INV-864457,Salesforce - Software - SaaS,EMP-1029,Approved
TXN-00565,2024-10-23,Google Cloud,Software - Cloud,950,USD,pending,Sales,CC-002,,INV-901704,Google Cloud - Software - Cloud,EMP-1038,Pending
TXN-00566,2025-03-23,FEDEX,Shipping & Logistics,100,USD,paid,Sales,CC-001,PO-85499,INV-834326,FEDEX - Shipping & Logistics,EMP-1087,Approved
TXN-00567,2024-06-10,Lenovo,Hardware - Equipment,1000,USD,pending,HR,CC-003,PO-31313,INV-375698,Lenovo - Hardware - Equipment,EMP-1247,Rejected
TXN-00568,2024-09-10,HubSpot,Marketing - Software,200,USD,delivered,HR,CC-001,PO-69504,INV-422846,HubSpot - Marketing - Software,EMP-1205,Rejected
TXN-00569,2025-03-17,AT&T,Utilities - Telecom,300,USD,paid,HR,CC-002,PO-48547,INV-261440,AT&T - Utilities - Telecom,EMP-1053,Pending
TXN-00570,2025-01-22,Airbnb,Travel - Lodging,80,USD,invoiced,Operations,CC-005,PO-58458,INV-988915,Airbnb - Travel - Lodging,EMP-1032,Rejected
TXN-00571,2024-05-27,QuickBooks,Accounting Software,300,USD,pending,Finance,CC-001,PO-91932,INV-824981,QuickBooks - Accounting Software,EMP-1173,Pending
TXN-00572,2024-12-12,FedEx,Shipping & Logistics,300,USD,paid,Sales,CC-005,PO-23676,INV-514939,FedEx - Shipping & Logistics,EMP-1112,Rejected
TXN-00573,2024-06-24,Salesforce,Software - SaaS,600,USD,completed,Finance,CC-003,PO-20716,INV-256437,Salesforce - Software - SaaS,EMP-1250,Approved
TXN-00574,2024-09-07,QuickBooks,Accounting Software,300,USD,invoiced,Marketing,CC-003,PO-66759,INV-184102,QuickBooks - Accounting Software,EMP-1246,Rejected
TXN-00575,2024-05-31,DoorDash,Meals & Entertainment,100,USD,paid,Sales,CC-004,PO-81525,INV-410456,DoorDash - Meals & Entertainment,EMP-1175,Pending
TXN-00576,2024-02-20,UberEats,Meals & Entertainment,185,USD,paid,HR,CC-003,PO-66727,INV-906797,UberEats - Meals & Entertainment,EMP-1107,Pending
TXN-00577,2025-02-10,Salesforce,Software - SaaS,2500,USD,invoiced,Sales,CC-001,PO-95783,INV-408937,Salesforce - Software - SaaS,EMP-1117,Pending
TXN-00578,2025-03-29,Steelcase,Furniture - Fixed Asset,1800,USD,invoiced,Marketing,CC-002,,INV-236521,Steelcase - Furniture - Fixed Asset,EMP-1222,Pending
TXN-00579,2024-04-28,Amazon Business,Office Supplies,100,USD,delivered,Operations,CC-002,PO-80987,INV-639131,Amazon Business - Office Supplies,EMP-1051,Pending
TXN-00580,2024-09-04,Time Warner,Utilities - Internet,60,USD,completed,Finance,CC-003,PO-29099,INV-539691,Time Warner - Utilities - Internet,EMP-1130,Pending
TXN-00581,2024-11-17,Deloitte,Professional Services,5000,USD,invoiced,Operations,CC-001,PO-56094,INV-591936,Deloitte - Professional Services,EMP-1226,Pending
TXN-00582,2024-06-07,Chipotle,Meals & Entertainment,25,USD,delivered,Marketing,CC-001,PO-15507,INV-448457,Chipotle - Meals & Entertainment,EMP-1150,Approved
TXN-00583,2024-11-07,Verizon,Utilities - Telecom,350,USD,invoiced,Engineering,CC-001,PO-38793,INV-664941,Verizon - Utilities - Telecom,EMP-1128,Rejected
TXN-00584,2024-10-09,facebook ads,Marketing - Digital,2000,USD,paid,Engineering,CC-001,PO-97258,INV-628787,facebook ads - Marketing - Digital,EMP-1122,Approved
TXN-00585,2024-06-28,Verizon,Utilities - Telecom,350,USD,invoiced,Finance,CC-003,PO-82797,INV-240339,Verizon - Utilities - Telecom,EMP-1113,Pending
TXN-00586,2024-04-17,Xero,Accounting Software,99,USD,pending,Marketing,CC-005,,INV-130002,Xero - Accounting Software,EMP-1102,Pending
TXN-00587,2024-11-03,Comcast,Utilities - Internet,70,USD,paid,Operations,CC-004,PO-40935,INV-926687,Comcast - Utilities - Internet,EMP-1033,Pending
TXN-00588,2024-10-16,Google Ads,Marketing - Digital,500,USD,paid,Marketing,CC-001,PO-62565,INV-638142,Google Ads - Marketing - Digital,EMP-1229,Pending
TXN-00589,2025-02-13,IKEA,Furniture - Fixed Asset,300,USD,delivered,Finance,CC-003,PO-30583,INV-949115,IKEA - Furniture - Fixed Asset,EMP-1108,Approved
TXN-00590,2024-09-27,IKEA,Furniture - Fixed Asset,600,USD,invoiced,Sales,CC-001,PO-92917,INV-748807,IKEA - Furniture - Fixed Asset,EMP-1105,Pending
TXN-00591,2024-08-13,Accenture,Professional Services,3000,USD,pending,Finance,CC-005,PO-84459,INV-376097,Accenture - Professional Services,EMP-1027,Pending
TXN-00592,2024-04-18,Deloitte,Professional Services,25000,USD,invoiced,Engineering,CC-002,PO-71432,INV-848591,Deloitte - Professional Services,EMP-1186,Pending
TXN-00593,2024-03-13,Delta Airlines,Travel - Airfare,500,USD,pending,HR,CC-005,PO-28079,INV-178161,Delta Airlines - Travel - Airfare,EMP-1026,Approved
TXN-00594,2024-01-14,Amazon,Hardware - Equipment,1200,USD,pending,Operations,CC-001,PO-49686,INV-596185,Amazon - Hardware - Equipment,EMP-1203,Pending
TXN-00595,2024-02-13,AT&T,Utilities - Telecom,150,USD,pending,Sales,CC-003,PO-89847,INV-137882,AT&T - Utilities - Telecom,EMP-1103,Pending
TXN-00596,2024-02-07,QuickBooks,Accounting Software,120,USD,delivered,Sales,CC-003,PO-56345,INV-944583,QuickBooks - Accounting Software,EMP-1086,Pending
TXN-00597,2024-09-22,HubSpot,Marketing - Software,200,USD,delivered,HR,CC-002,,INV-918002,HubSpot - Marketing - Software,EMP-1180,Rejected
TXN-00598,2024-09-25,Restaurants.com,Meals & Entertainment,40,USD,pending,Operations,CC-004,PO-11156,INV-220539,Restaurants.com - Meals & Entertainment,EMP-1131,Rejected
TXN-00599,2025-01-17,Amazon,Hardware - Equipment,299,USD,delivered,Sales,CC-001,PO-20677,INV-464058,Amazon - Hardware - Equipment,EMP-1161,Pending
TXN-00600,2024-09-27,Deloitte,Professional Services,5000,USD,pending,Engineering,CC-001,PO-40075,INV-727260,Deloitte - Professional Services,EMP-1152,Rejected
TXN-00601,2024-10-28,Marriott Hotels,Travel - Lodging,150,USD,paid,Marketing,CC-005,PO-12769,INV-443314,Marriott Hotels - Travel - Lodging,EMP-1072,Rejected
TXN-00602,2024-10-25,DHL,Shipping & Logistics,400,USD,delivered,HR,CC-001,PO-52815,INV-330655,DHL - Shipping & Logistics,EMP-1233,Approved
TXN-00603,2024-04-30,Time Warner,Utilities - Internet,180,USD,paid,Finance,CC-004,PO-54943,INV-619359,Time Warner - Utilities - Internet,EMP-1096,Approved
TXN-00604,2024-01-07,Amazon,Hardware - Equipment,99,USD,completed,Finance,CC-003,PO-10741,INV-183329,Amazon - Hardware - Equipment,EMP-1002,Rejected
TXN-00605,2024-02-25,AWS,Software - Cloud,2341,USD,delivered,Sales,CC-002,PO-36764,INV-469288,AWS - Software - Cloud,EMP-1160,Approved
TXN-00606,2024-05-06,Slack,Software - SaaS,99,USD,delivered,Marketing,CC-001,PO-75813,INV-592340,Slack - Software - SaaS,EMP-1089,Pending
TXN-00607,2025-02-09,AWS,Software - Cloud,2341,USD,paid,Operations,CC-005,PO-32423,INV-169139,AWS - Software - Cloud,EMP-1225,Rejected
TXN-00608,2024-10-06,Uber,Travel - Ground,45,USD,invoiced,Marketing,CC-002,PO-34554,INV-570375,Uber - Travel - Ground,EMP-1235,Approved
TXN-00609,2024-09-24,Uber,Travel - Ground,65,USD,invoiced,Engineering,CC-005,PO-77169,INV-914098,Uber - Travel - Ground,EMP-1061,Approved
TXN-00610,2024-09-01,Accenture,Professional Services,7000,USD,invoiced,Finance,CC-005,PO-36706,INV-361540,Accenture - Professional Services,EMP-1102,Pending
TXN-00611,2024-09-05,Marriott Hotels,Travel - Lodging,150,USD,paid,Marketing,CC-003,PO-50249,INV-741300,Marriott Hotels - Travel - Lodging,EMP-1031,Rejected
TXN-00612,2024-01-14,Stripe,Software - Payments,1250,USD,delivered,Engineering,CC-001,PO-43324,INV-737916,Stripe - Software - Payments,EMP-1181,Rejected
TXN-00613,2024-04-28,southwest airlines,Travel - Airfare,150,USD,completed,Engineering,CC-001,,INV-839319,southwest airlines - Travel - Airfare,EMP-1247,Pending
TXN-00614,2024-08-13,Time Warner,Utilities - Internet,100,USD,pending,Marketing,CC-002,PO-65490,INV-284399,Time Warner - Utilities - Internet,EMP-1224,Rejected
TXN-00615,2025-03-14,QuickBooks,Accounting Software,120,USD,completed,Finance,CC-002,PO-14321,INV-668480,QuickBooks - Accounting Software,EMP-1182,Approved
TXN-00616,2025-01-18,Time Warner,Utilities - Internet,100,USD,paid,Engineering,CC-003,,INV-679779,Time Warner - Utilities - Internet,EMP-1120,Pending
TXN-00617,2024-07-21,pwc,Professional Services,20000,USD,completed,Finance,CC-005,,INV-891645,pwc - Professional Services,EMP-1007,Approved
TXN-00618,2024-10-05,Best Buy,Hardware - Equipment,1200,USD,delivered,Finance,CC-004,,INV-402180,Best Buy - Hardware - Equipment,EMP-1207,Pending
TXN-00619,2025-03-18,LinkedIn Ads,Marketing - Digital,400,USD,delivered,Engineering,CC-005,PO-77886,INV-890478,LinkedIn Ads - Marketing - Digital,EMP-1157,Rejected
TXN-00620,2024-12-14,Twilio,Software - Communications,500,USD,invoiced,Engineering,CC-002,PO-59712,INV-286173,Twilio - Software - Communications,EMP-1053,Rejected
TXN-00621,2024-03-14,Stripe,Software - Payments,1250,USD,invoiced,Operations,CC-004,PO-45247,INV-532886,Stripe - Software - Payments,EMP-1034,Rejected
TXN-00622,2024-11-14,PwC,Professional Services,8000,USD,invoiced,Finance,CC-002,PO-87751,INV-402253,PwC - Professional Services,EMP-1143,Approved
TXN-00623,2024-03-16,UPS,Shipping & Logistics,120,USD,completed,HR,CC-001,PO-91785,INV-487887,UPS - Shipping & Logistics,EMP-1074,Approved
TXN-00624,2024-04-27,Marriott Hotels,Travel - Lodging,150,USD,pending,Marketing,CC-001,PO-75382,INV-433245,Marriott Hotels - Travel - Lodging,EMP-1150,Approved
TXN-00625,2025-01-13,AWS,Software - Cloud,10000,USD,delivered,HR,CC-004,PO-41667,INV-929563,AWS - Software - Cloud,EMP-1001,Rejected
TXN-00626,2024-01-19,Restaurants.com,Meals & Entertainment,80,USD,pending,Sales,CC-005,PO-99704,INV-928632,Restaurants.com - Meals & Entertainment,EMP-1011,Rejected
TXN-00627,2024-01-16,Amazon Business,Office Supplies,250,USD,pending,Operations,CC-002,PO-96541,INV-502145,Amazon Business - Office Supplies,EMP-1091,Rejected
TXN-00628,2024-02-04,Google Cloud,Software - Cloud,950,USD,pending,Sales,CC-002,,INV-283443,Google Cloud - Software - Cloud,EMP-1141,Rejected
TXN-00629,2025-03-25,AT&T,Utilities - Telecom,80,USD,paid,Engineering,CC-001,PO-99879,INV-479109,AT&T - Utilities - Telecom,EMP-1244,Pending
TXN-00630,2024-03-10,Time Warner,Utilities - Internet,100,USD,paid,Marketing,CC-004,PO-33944,INV-180180,Time Warner - Utilities - Internet,EMP-1226,Pending
TXN-00631,2024-01-08,UberEats,Meals & Entertainment,20,USD,paid,Marketing,CC-001,,INV-192762,UberEats - Meals & Entertainment,EMP-1089,Rejected
TXN-00632,2025-01-04,Comcast,Utilities - Internet,200,USD,completed,Engineering,CC-004,PO-16664,INV-281517,Comcast - Utilities - Internet,EMP-1128,Approved
TXN-00633,2025-03-07,Uber,Travel - Ground,15,USD,pending,Operations,CC-002,PO-32404,INV-190677,Uber - Travel - Ground,EMP-1151,Pending
TXN-00634,2024-10-25,Chipotle,Meals & Entertainment,15,USD,delivered,Finance,CC-004,PO-42875,INV-169021,Chipotle - Meals & Entertainment,EMP-1141,Rejected
TXN-00635,2024-01-31,Dell,Hardware - Equipment,2500,USD,delivered,HR,CC-002,PO-74724,INV-775058,Dell - Hardware - Equipment,EMP-1009,Approved
TXN-00636,2024-01-23,Facebook Ads,Marketing - Digital,4000,USD,invoiced,HR,CC-003,PO-79548,INV-567165,Facebook Ads - Marketing - Digital,EMP-1197,Pending
TXN-00637,2024-12-28,Staples,Office Supplies,150,USD,completed,Sales,CC-004,PO-68414,INV-581731,Staples - Office Supplies,EMP-1019,Rejected
TXN-00638,2024-04-02,McKinsey,Professional Services,15000,USD,paid,Operations,CC-003,PO-41714,INV-233195,McKinsey - Professional Services,EMP-1178,Pending
TXN-00639,2024-04-28,Lyft,Travel - Ground,40,USD,pending,HR,CC-002,PO-25829,INV-723315,Lyft - Travel - Ground,EMP-1143,Rejected
TXN-00640,2024-03-20,LinkedIn Ads,Marketing - Digital,5000,USD,completed,Sales,CC-003,PO-52979,INV-983073,LinkedIn Ads - Marketing - Digital,EMP-1157,Rejected
TXN-00641,2025-02-16,Chipotle,Meals & Entertainment,15,USD,delivered,HR,CC-003,,INV-381672,Chipotle - Meals & Entertainment,EMP-1026,Rejected
TXN-00642,2024-04-12,Microsoft Azure,Software - Cloud,1500,USD,completed,Marketing,CC-005,PO-88506,INV-773667,Microsoft Azure - Software - Cloud,EMP-1234,Approved
TXN-00643,2024-01-28,Restaurants.com,Meals & Entertainment,80,USD,completed,Engineering,CC-001,PO-24036,INV-277544,Restaurants.com - Meals & Entertainment,EMP-1030,Approved
TXN-00644,2024-03-03,Uber,Travel - Ground,120,USD,delivered,Operations,CC-005,PO-15142,INV-410508,Uber - Travel - Ground,EMP-1149,Rejected
TXN-00645,2024-05-03,AT&T,Utilities - Telecom,150,USD,completed,Operations,CC-002,PO-34492,INV-643302,AT&T - Utilities - Telecom,EMP-1195,Pending
TXN-00646,2024-07-23,Herman Miller,Furniture - Fixed Asset,3000,USD,completed,Operations,CC-002,PO-80855,INV-924174,Herman Miller - Furniture - Fixed Asset,EMP-1039,Rejected
TXN-00647,2025-02-22,DHL,Shipping & Logistics,400,USD,delivered,HR,CC-001,PO-54173,INV-222983,DHL - Shipping & Logistics,EMP-1196,Approved
TXN-00648,2024-09-08,Staples,Office Supplies,500,USD,pending,Marketing,CC-005,PO-66437,INV-995974,Staples - Office Supplies,EMP-1218,Rejected
TXN-00649,2024-09-10,American Airlines,Travel - Airfare,300,USD,delivered,Sales,CC-004,PO-10337,INV-321070,American Airlines - Travel - Airfare,EMP-1099,Pending
TXN-00650,2024-04-13,Marriott Hotels,Travel - Lodging,150,USD,paid,Marketing,CC-003,,INV-508797,Marriott Hotels - Travel - Lodging,EMP-1052,Pending
TXN-00651,2024-06-30,Datadog,Software - Monitoring,800,USD,invoiced,Sales,CC-005,PO-37078,INV-867524,Datadog - Software - Monitoring,EMP-1081,Approved
TXN-00652,2024-12-05,Lyft,Travel - Ground,40,USD,pending,Operations,CC-005,PO-18939,INV-384125,Lyft - Travel - Ground,EMP-1155,Approved
TXN-00653,2024-04-17,Facebook Ads,Marketing - Digital,4000,USD,delivered,Sales,CC-005,PO-75153,INV-579696,Facebook Ads - Marketing - Digital,EMP-1073,Pending
TXN-00654,2024-08-10,Office Depot,Office Supplies,200,USD,paid,Operations,CC-001,PO-97819,INV-254945,Office Depot - Office Supplies,EMP-1128,Rejected
TXN-00655,2024-11-25,Steelcase,Furniture - Fixed Asset,1000,USD,paid,Marketing,CC-003,PO-11067,INV-416472,Steelcase - Furniture - Fixed Asset,EMP-1109,Pending
TXN-00656,2025-02-17,American Airlines,Travel - Airfare,550,USD,completed,Engineering,CC-004,PO-97836,INV-101032,American Airlines - Travel - Airfare,EMP-1178,Rejected
TXN-00657,2024-11-10,QuickBooks,Accounting Software,120,USD,paid,Engineering,CC-003,PO-26167,INV-397089,QuickBooks - Accounting Software,EMP-1018,Rejected
TXN-00658,2024-12-10,Best Buy,Hardware - Equipment,1200,USD,completed,Marketing,CC-002,PO-67738,INV-277416,Best Buy - Hardware - Equipment,EMP-1248,Rejected
TXN-00659,2024-05-30,dell,Hardware - Equipment,2500,USD,delivered,Finance,CC-005,PO-55252,INV-603455,dell - Hardware - Equipment,EMP-1143,Pending
TXN-00660,2024-03-02,Uber,Travel - Ground,65,USD,paid,Finance,CC-001,PO-66565,INV-956112,Uber - Travel - Ground,EMP-1158,Rejected
TXN-00661,2024-08-25,Google Cloud,Software - Cloud,4000,USD,delivered,HR,CC-001,,INV-153884,Google Cloud - Software - Cloud,EMP-1165,Approved
TXN-00662,2024-07-18,UberEats,Meals & Entertainment,100,USD,paid,Engineering,CC-005,PO-56449,INV-345302,UberEats - Meals & Entertainment,EMP-1084,Approved
TXN-00663,2024-07-24,Chipotle,Meals & Entertainment,15,USD,pending,HR,CC-003,,INV-421018,Chipotle - Meals & Entertainment,EMP-1177,Approved
TXN-00664,2024-08-06,AWS,Software - Cloud,1000,USD,completed,HR,CC-002,PO-20582,INV-398900,AWS - Software - Cloud,EMP-1102,Rejected
TXN-00665,2024-05-17,Slack,Software - SaaS,299,USD,invoiced,Sales,CC-005,PO-89646,INV-994566,Slack - Software - SaaS,EMP-1192,Pending
TXN-00666,2025-02-24,Herman Miller,Furniture - Fixed Asset,3000,USD,completed,Operations,CC-003,PO-98049,INV-104384,Herman Miller - Furniture - Fixed Asset,EMP-1098,Pending
TXN-00667,2024-09-10,United Airlines,Travel - Airfare,1200,USD,completed,Engineering,CC-005,PO-28580,INV-464489,United Airlines - Travel - Airfare,EMP-1135,Approved
TXN-00668,2025-03-28,Steelcase,Furniture - Fixed Asset,1800,USD,paid,Finance,CC-004,PO-50927,INV-729210,Steelcase - Furniture - Fixed Asset,EMP-1116,Pending
TXN-00669,2024-08-09,Chipotle,Meals & Entertainment,15,USD,pending,Sales,CC-001,PO-11554,INV-610918,Chipotle - Meals & Entertainment,EMP-1007,Approved
TXN-00670,2024-10-10,Herman Miller,Furniture - Fixed Asset,3000,USD,paid,HR,CC-001,PO-16584,INV-265418,Herman Miller - Furniture - Fixed Asset,EMP-1222,Pending
TXN-00671,2024-03-31,McKinsey,Professional Services,30000,USD,completed,Sales,CC-001,PO-55756,INV-713653,McKinsey - Professional Services,EMP-1194,Pending
TXN-00672,2024-06-06,FedEx,Shipping & Logistics,500,USD,completed,Operations,CC-002,PO-54414,INV-903630,FedEx - Shipping & Logistics,EMP-1084,Pending
TXN-00673,2025-02-05,Starbucks,Meals & Entertainment,5,USD,invoiced,Engineering,CC-005,PO-74629,INV-422980,Starbucks - Meals & Entertainment,EMP-1210,Rejected
TXN-00674,2024-02-10,IKEA,Furniture - Fixed Asset,100,USD,paid,Finance,CC-005,PO-47500,INV-834695,IKEA - Furniture - Fixed Asset,EMP-1034,Rejected
TXN-00675,2024-01-19,Datadog,Software - Monitoring,1500,USD,pending,Marketing,CC-004,PO-72455,INV-364265,Datadog - Software - Monitoring,EMP-1027,Rejected
TXN-00676,2024-04-04,Best Buy,Hardware - Equipment,100,USD,paid,Finance,CC-001,PO-47784,INV-756527,Best Buy - Hardware - Equipment,EMP-1192,Approved
TXN-00677,2024-11-06,Herman Miller,Furniture - Fixed Asset,1500,USD,invoiced,Marketing,CC-002,PO-70070,INV-767776,Herman Miller - Furniture - Fixed Asset,EMP-1018,Rejected
TXN-00678,2024-06-24,GitHub,Software - Development,500,USD,completed,Finance,CC-001,PO-37318,INV-369782,GitHub - Software - Development,EMP-1147,Rejected
TXN-00679,2024-05-11,Restaurants.com,Meals & Entertainment,80,USD,pending,Marketing,CC-001,PO-10951,INV-451401,Restaurants.com - Meals & Entertainment,EMP-1089,Pending
TXN-00680,2025-01-16,Comcast,Utilities - Internet,120,USD,paid,Marketing,CC-003,PO-39687,INV-130983,Comcast - Utilities - Internet,EMP-1068,Pending
TXN-00681,2024-08-23,Time Warner,Utilities - Internet,60,USD,pending,Operations,CC-001,PO-94902,INV-754431,Time Warner - Utilities - Internet,EMP-1189,Rejected
TXN-00682,2024-01-13,DHL,Shipping & Logistics,30,USD,pending,HR,CC-001,PO-70002,INV-403978,DHL - Shipping & Logistics,EMP-1106,Pending
TXN-00683,2024-09-24,HubSpot,Marketing - Software,1200,USD,completed,Sales,CC-003,,INV-425376,HubSpot - Marketing - Software,EMP-1101,Pending
TXN-00684,2024-06-23,Apple,Hardware - Equipment,199,USD,pending,Engineering,CC-004,PO-57626,INV-522160,Apple - Hardware - Equipment,EMP-1178,Pending
TXN-00685,2024-04-17,IKEA,Furniture - Fixed Asset,600,USD,invoiced,Finance,CC-005,PO-92208,INV-854816,IKEA - Furniture - Fixed Asset,EMP-1022,Pending
TXN-00686,2024-08-29,AWS,Software - Cloud,500,USD,pending,Finance,CC-003,PO-96552,INV-337153,AWS - Software - Cloud,EMP-1135,Approved
TXN-00687,2025-03-30,Microsoft Azure,Software - Cloud,300,USD,paid,Engineering,CC-002,PO-11396,INV-866440,Microsoft Azure - Software - Cloud,EMP-1104,Approved
TXN-00688,2025-03-16,Datadog,Software - Monitoring,1500,USD,pending,Marketing,CC-002,PO-48014,INV-285456,Datadog - Software - Monitoring,EMP-1011,Rejected
TXN-00689,2024-05-11,Zoom,Software - SaaS,299,USD,invoiced,Finance,CC-003,PO-31043,INV-710234,Zoom - Software - SaaS,EMP-1034,Approved
TXN-00690,2025-03-10,LawDepot,Legal Services,200,USD,pending,Marketing,CC-004,PO-48660,INV-515024,LawDepot - Legal Services,EMP-1001,Rejected
TXN-00691,2024-08-09,Grubhub,Meals & Entertainment,100,USD,delivered,HR,CC-004,PO-57483,INV-382079,Grubhub - Meals & Entertainment,EMP-1176,Approved
TXN-00692,2024-06-26,Delta Airlines,Travel - Airfare,280,USD,invoiced,Engineering,CC-004,PO-11924,INV-613656,Delta Airlines - Travel - Airfare,EMP-1025,Rejected
TXN-00693,2024-05-13,United Airlines,Travel - Airfare,450,USD,pending,Engineering,CC-005,PO-54287,INV-502337,United Airlines - Travel - Airfare,EMP-1037,Approved
TXN-00694,2024-09-04,Microsoft Azure,Software - Cloud,1500,USD,delivered,Finance,CC-005,PO-80314,INV-589421,Microsoft Azure - Software - Cloud,EMP-1153,Rejected
TXN-00695,2024-10-05,American Airlines,Travel - Airfare,950,USD,paid,Operations,CC-005,PO-62903,INV-388900,American Airlines - Travel - Airfare,EMP-1010,Rejected
TXN-00696,2024-12-16,LawDepot,Legal Services,500,USD,delivered,Engineering,CC-004,PO-32848,INV-865289,LawDepot - Legal Services,EMP-1158,Pending
TXN-00697,2024-04-23,GitHub,Software - Development,500,USD,invoiced,Marketing,CC-002,PO-20322,INV-628002,GitHub - Software - Development,EMP-1035,Rejected
TXN-00698,2025-02-16,McKinsey,Professional Services,30000,USD,pending,Engineering,CC-001,PO-79808,INV-368994,McKinsey - Professional Services,EMP-1160,Approved
TXN-00699,2024-01-11,Marriott Hotels,Travel - Lodging,450,USD,paid,Engineering,CC-002,PO-64738,INV-235537,Marriott Hotels - Travel - Lodging,EMP-1098,Approved
TXN-00700,2024-09-03,Office Depot,Office Supplies,350,USD,paid,Finance,CC-001,PO-25411,INV-849799,Office Depot - Office Supplies,EMP-1179,Approved
TXN-00701,2024-02-20,Lenovo,Hardware - Equipment,1000,USD,pending,Sales,CC-005,PO-54451,INV-866411,Lenovo - Hardware - Equipment,EMP-1063,Approved
TXN-00702,2024-02-27,Lenovo,Hardware - Equipment,2000,USD,delivered,Sales,CC-005,PO-27701,INV-866692,Lenovo - Hardware - Equipment,EMP-1085,Pending
TXN-00703,2024-04-01,Slack,Software - SaaS,99,USD,pending,HR,CC-002,PO-74024,INV-945106,Slack - Software - SaaS,EMP-1137,Pending
TXN-00704,2024-05-31,FedEx,Shipping & Logistics,300,USD,delivered,Sales,CC-005,PO-69941,INV-275217,FedEx - Shipping & Logistics,EMP-1218,Pending
TXN-00705,2024-10-02,Twilio,Software - Communications,200,USD,paid,HR,CC-004,PO-35497,INV-649503,Twilio - Software - Communications,EMP-1015,Approved
TXN-00706,2024-06-17,Time Warner,Utilities - Internet,100,USD,invoiced,Operations,CC-002,,INV-620486,Time Warner - Utilities - Internet,EMP-1074,Rejected
TXN-00707,2024-09-19,AT&T,Utilities - Telecom,80,USD,completed,HR,CC-001,,INV-387563,AT&T - Utilities - Telecom,EMP-1172,Pending
TXN-00708,2024-08-22,UPS,Shipping & Logistics,120,USD,pending,Finance,CC-005,PO-42400,INV-338329,UPS - Shipping & Logistics,EMP-1128,Rejected
TXN-00709,2024-09-08,FedEx,Shipping & Logistics,500,USD,paid,Sales,CC-004,PO-72703,INV-991739,FedEx - Shipping & Logistics,EMP-1158,Approved
TXN-00710,2024-05-22,Grubhub,Meals & Entertainment,25,USD,paid,Engineering,CC-001,PO-91793,INV-531516,Grubhub - Meals & Entertainment,EMP-1004,Approved
TXN-00711,2024-06-01,Amazon Business,Office Supplies,250,USD,delivered,Finance,CC-005,PO-14233,INV-192131,Amazon Business - Office Supplies,EMP-1019,Approved
TXN-00712,2024-07-13,Salesforce,Software - SaaS,600,USD,pending,Operations,CC-004,PO-33240,INV-636542,Salesforce - Software - SaaS,EMP-1210,Rejected
TXN-00713,2024-12-22,FedEx,Shipping & Logistics,20,USD,pending,Finance,CC-005,PO-95078,INV-798157,FedEx - Shipping & Logistics,EMP-1034,Pending
TXN-00714,2024-11-08,Datadog,Software - Monitoring,3000,USD,pending,Engineering,CC-005,PO-60517,INV-411661,Datadog - Software - Monitoring,EMP-1210,Approved
TXN-00715,2024-06-08,American Airlines,Travel - Airfare,300,USD,completed,Operations,CC-004,PO-71182,INV-794302,American Airlines - Travel - Airfare,EMP-1027,Pending
TXN-00716,2025-03-10,DHL,Shipping & Logistics,30,USD,pending,HR,CC-002,PO-25471,INV-497028,DHL - Shipping & Logistics,EMP-1122,Pending
TXN-00717,2024-02-26,HubSpot,Marketing - Software,50,USD,pending,Operations,CC-005,PO-81100,INV-985297,HubSpot - Marketing - Software,EMP-1150,Pending
TXN-00718,2024-12-27,Twilio,Software - Communications,1000,USD,pending,Engineering,CC-003,,INV-527232,Twilio - Software - Communications,EMP-1152,Approved
TXN-00719,2024-10-02,Staples,Office Supplies,50,USD,delivered,Engineering,CC-003,PO-34416,INV-589146,Staples - Office Supplies,EMP-1119,Approved
TXN-00720,2024-12-11,Delta Airlines,Travel - Airfare,280,USD,delivered,HR,CC-001,PO-21059,INV-715603,Delta Airlines - Travel - Airfare,EMP-1219,Pending
TXN-00721,2024-03-30,Microsoft Azure,Software - Cloud,800,USD,pending,Operations,CC-004,PO-11368,INV-244483,Microsoft Azure - Software - Cloud,EMP-1239,Rejected
TXN-00722,2025-01-10,Slack,Software - SaaS,199,USD,paid,Engineering,CC-001,PO-19400,INV-816129,Slack - Software - SaaS,EMP-1227,Rejected
TXN-00723,2024-06-18,Verizon,Utilities - Telecom,350,USD,completed,Sales,CC-004,PO-32423,INV-481472,Verizon - Utilities - Telecom,EMP-1006,Rejected
TXN-00724,2024-07-01,Steelcase,Furniture - Fixed Asset,1000,USD,invoiced,Engineering,CC-004,PO-98893,INV-337799,Steelcase - Furniture - Fixed Asset,EMP-1143,Pending
TXN-00725,2024-08-20,United Airlines,Travel - Airfare,1200,USD,paid,Marketing,CC-002,PO-95810,INV-180235,United Airlines - Travel - Airfare,EMP-1229,Approved
TXN-00726,2024-08-26,American Airlines,Travel - Airfare,300,USD,completed,Engineering,CC-003,PO-54551,INV-249521,American Airlines - Travel - Airfare,EMP-1135,Pending
TXN-00727,2024-03-13,AT&T,Utilities - Telecom,80,USD,completed,Engineering,CC-002,PO-37074,INV-632327,AT&T - Utilities - Telecom,EMP-1231,Rejected
TXN-00728,2024-01-21,MCKINSEY,Professional Services,30000,USD,completed,Finance,CC-003,PO-42101,INV-250296,MCKINSEY - Professional Services,EMP-1117,Approved
TXN-00729,2024-08-11,Office Depot,Office Supplies,350,USD,delivered,HR,CC-001,PO-26985,INV-617495,Office Depot - Office Supplies,EMP-1226,Rejected
TXN-00730,2024-06-06,Grubhub,Meals & Entertainment,25,USD,paid,Finance,CC-001,PO-29487,INV-666163,Grubhub - Meals & Entertainment,EMP-1207,Rejected
TXN-00731,2024-06-29,Herman Miller,Furniture - Fixed Asset,1500,USD,delivered,Marketing,CC-002,,INV-363740,Herman Miller - Furniture - Fixed Asset,EMP-1157,Pending
TXN-00732,2024-03-21,IKEA,Furniture - Fixed Asset,600,USD,delivered,HR,CC-001,PO-52672,INV-316916,IKEA - Furniture - Fixed Asset,EMP-1064,Pending
TXN-00733,2024-11-26,Google Ads,Marketing - Digital,1000,USD,invoiced,Operations,CC-003,PO-79661,INV-493503,Google Ads - Marketing - Digital,EMP-1093,Pending
TXN-00734,2025-03-12,DELTA AIRLINES,Travel - Airfare,500,USD,delivered,Engineering,CC-005,PO-27318,INV-620191,DELTA AIRLINES - Travel - Airfare,EMP-1239,Approved
TXN-00735,2024-11-19,HubSpot,Marketing - Software,1200,USD,paid,Engineering,CC-005,PO-31614,INV-411878,HubSpot - Marketing - Software,EMP-1172,Pending
TXN-00736,2024-03-17,HubSpot,Marketing - Software,200,USD,pending,Operations,CC-003,PO-67671,INV-762877,HubSpot - Marketing - Software,EMP-1207,Pending
TXN-00737,2024-11-24,United Airlines,Travel - Airfare,2500,USD,pending,Sales,CC-003,,INV-418883,United Airlines - Travel - Airfare,EMP-1015,Approved
TXN-00738,2025-02-08,Twilio,Software - Communications,200,USD,paid,Marketing,CC-003,PO-13568,INV-360232,Twilio - Software - Communications,EMP-1104,Approved
TXN-00739,2024-07-22,Chipotle,Meals & Entertainment,20,USD,paid,Operations,CC-003,PO-16071,INV-849156,Chipotle - Meals & Entertainment,EMP-1072,Rejected
TXN-00740,2024-10-05,FedEx,Shipping & Logistics,100,USD,delivered,Engineering,CC-003,PO-52212,INV-456374,FedEx - Shipping & Logistics,EMP-1041,Rejected
TXN-00741,2024-10-18,PwC Inc,Professional Services,20000,USD,completed,Finance,CC-002,PO-90111,INV-588355,PwC Inc - Professional Services,EMP-1240,Pending
TXN-00742,2024-01-29,Amazon Business,Office Supplies,250,USD,invoiced,Marketing,CC-002,PO-44503,INV-254670,Amazon Business - Office Supplies,EMP-1197,Approved
TXN-00743,2024-03-26,HubSpot,Marketing - Software,500,USD,completed,Sales,CC-001,PO-77153,INV-492625,HubSpot - Marketing - Software,EMP-1092,Rejected
TXN-00744,2024-07-05,FedEx,Shipping & Logistics,100,USD,invoiced,HR,CC-005,PO-55887,INV-956787,FedEx - Shipping & Logistics,EMP-1194,Rejected
TXN-00745,2025-03-11,Hilton Hotels,Travel - Lodging,400,USD,pending,Operations,CC-005,PO-19125,INV-277190,Hilton Hotels - Travel - Lodging,EMP-1128,Rejected
TXN-00746,2025-02-04,FedEx,Shipping & Logistics,500,USD,invoiced,Engineering,CC-001,PO-78235,INV-475805,FedEx - Shipping & Logistics,EMP-1210,Pending
TXN-00747,2024-04-02,Slack,Software - SaaS,125,USD,paid,Sales,CC-002,PO-45356,INV-576290,Slack - Software - SaaS,EMP-1218,Pending
TXN-00748,2024-02-10,Steelcase,Furniture - Fixed Asset,1800,USD,delivered,Operations,CC-004,PO-60663,INV-202249,Steelcase - Furniture - Fixed Asset,EMP-1029,Approved
TXN-00749,2024-08-04,Steelcase,Furniture - Fixed Asset,1000,USD,invoiced,Operations,CC-005,PO-77705,INV-695237,Steelcase - Furniture - Fixed Asset,EMP-1217,Rejected
TXN-00750,2024-01-09,slack,Software - SaaS,99,USD,delivered,Marketing,CC-003,PO-63594,INV-504266,slack - Software - SaaS,EMP-1204,Rejected
TXN-00751,2024-07-27,Lenovo,Hardware - Equipment,2000,USD,delivered,HR,CC-005,PO-81407,INV-502966,Lenovo - Hardware - Equipment,EMP-1073,Pending
TXN-00752,2024-08-15,Grubhub,Meals & Entertainment,180,USD,delivered,Engineering,CC-003,PO-75907,INV-395455,Grubhub - Meals & Entertainment,EMP-1165,Pending
TXN-00753,2024-02-23,McKinsey,Professional Services,30000,USD,delivered,Operations,CC-003,PO-36892,INV-808325,McKinsey - Professional Services,EMP-1215,Rejected
TXN-00754,2024-12-20,Google Cloud,Software - Cloud,400,USD,completed,HR,CC-003,PO-89356,INV-649874,Google Cloud - Software - Cloud,EMP-1229,Approved
TXN-00755,2024-06-09,Deloitte,Professional Services,50000,USD,completed,Finance,CC-003,PO-52449,INV-804793,Deloitte - Professional Services,EMP-1025,Approved
TXN-00756,2025-01-01,Google Cloud,Software - Cloud,950,USD,pending,Engineering,CC-002,PO-27882,INV-950030,Google Cloud - Software - Cloud,EMP-1041,Pending
TXN-00757,2024-07-20,Accenture,Professional Services,15000,USD,invoiced,Engineering,CC-003,PO-90295,INV-107295,Accenture - Professional Services,EMP-1247,Approved
TXN-00758,2024-02-01,DoorDash,Meals & Entertainment,25,USD,pending,Marketing,CC-004,PO-72341,INV-720957,DoorDash - Meals & Entertainment,EMP-1089,Approved
TXN-00759,2024-01-24,Grubhub,Meals & Entertainment,50,USD,completed,HR,CC-003,PO-68268,INV-768323,Grubhub - Meals & Entertainment,EMP-1220,Rejected
TXN-00760,2024-01-23,Hilton Hotels,Travel - Lodging,700,USD,invoiced,HR,CC-001,PO-48186,INV-858334,Hilton Hotels - Travel - Lodging,EMP-1079,Pending
TXN-00761,2025-03-20,Uber,Travel - Ground,25,USD,completed,Operations,CC-002,PO-31672,INV-498515,Uber - Travel - Ground,EMP-1035,Rejected
TXN-00762,2025-01-12,United Airlines,Travel - Airfare,1200,USD,invoiced,Marketing,CC-003,PO-14492,INV-978853,United Airlines - Travel - Airfare,EMP-1043,Pending
TXN-00763,2024-09-14,Delta Airlines,Travel - Airfare,280,USD,paid,Sales,CC-003,PO-53681,INV-987692,Delta Airlines - Travel - Airfare,EMP-1225,Rejected
TXN-00764,2024-04-09,Herman Miller,Furniture - Fixed Asset,1500,USD,completed,Operations,CC-003,PO-43374,INV-522814,Herman Miller - Furniture - Fixed Asset,EMP-1143,Pending
TXN-00765,2025-03-29,LawDepot,Legal Services,200,USD,pending,Engineering,CC-004,PO-12119,INV-122897,LawDepot - Legal Services,EMP-1239,Approved
TXN-00766,2024-12-27,GitHub,Software - Development,231,USD,paid,Sales,CC-005,PO-10736,INV-472555,GitHub - Software - Development,EMP-1015,Approved
TXN-00767,2024-06-27,Apple,Hardware - Equipment,199,USD,pending,Sales,CC-001,,INV-878228,Apple - Hardware - Equipment,EMP-1144,Approved
TXN-00768,2024-10-24,salesforce,Software - SaaS,2500,USD,invoiced,Operations,CC-004,PO-39752,INV-391558,salesforce - Software - SaaS,EMP-1222,Rejected
TXN-00769,2024-05-04,HubSpot,Marketing - Software,1200,USD,invoiced,Finance,CC-005,PO-69057,INV-963472,HubSpot - Marketing - Software,EMP-1045,Rejected
TXN-00770,2024-10-13,Lyft,Travel - Ground,22,USD,paid,Sales,CC-005,PO-26800,INV-918921,Lyft - Travel - Ground,EMP-1168,Pending
TXN-00771,2025-03-03,Uber,Travel - Ground,120,USD,paid,Engineering,CC-004,PO-28136,INV-368970,Uber - Travel - Ground,EMP-1106,Rejected
TXN-00772,2024-02-22,Xero,Accounting Software,99,USD,pending,Engineering,CC-001,PO-66238,INV-402106,Xero - Accounting Software,EMP-1020,Pending
TXN-00773,2024-02-29,FedEx,Shipping & Logistics,100,USD,paid,Engineering,CC-001,PO-50348,INV-905040,FedEx - Shipping & Logistics,EMP-1205,Approved
TXN-00774,2024-03-10,LawDepot,Legal Services,1000,USD,completed,Operations,CC-002,PO-72848,INV-664430,LawDepot - Legal Services,EMP-1063,Approved
TXN-00775,2024-07-23,Starbucks Inc,Meals & Entertainment,7,USD,pending,Engineering,CC-002,PO-64288,INV-556790,Starbucks Inc - Meals & Entertainment,EMP-1137,Approved
TXN-00776,2025-02-24,QuickBooks,Accounting Software,120,USD,paid,HR,CC-004,PO-48156,INV-742373,QuickBooks - Accounting Software,EMP-1171,Pending
TXN-00777,2024-09-27,Datadog,Software - Monitoring,1500,USD,completed,Finance,CC-003,PO-20929,INV-200519,Datadog - Software - Monitoring,EMP-1219,Approved
TXN-00778,2024-07-22,Marriott Hotels,Travel - Lodging,250,USD,completed,Marketing,CC-003,PO-16674,INV-329595,Marriott Hotels - Travel - Lodging,EMP-1100,Pending
TXN-00779,2025-03-12,Microsoft Azure,Software - Cloud,800,USD,delivered,Sales,CC-003,PO-83375,INV-824649,Microsoft Azure - Software - Cloud,EMP-1056,Pending
TXN-00780,2024-08-26,Deloitte,Professional Services,25000,USD,completed,Marketing,CC-002,PO-10575,INV-892069,Deloitte - Professional Services,EMP-1088,Approved
TXN-00781,2025-01-28,FedEx,Shipping & Logistics,500,USD,invoiced,Sales,CC-001,PO-91596,INV-702119,FedEx - Shipping & Logistics,EMP-1022,Pending
TXN-00782,2025-02-25,Time Warner,Utilities - Internet,100,USD,delivered,Finance,CC-004,PO-49484,INV-208849,Time Warner - Utilities - Internet,EMP-1120,Pending
TXN-00783,2024-01-07,Staples,Office Supplies,50,USD,delivered,Engineering,CC-002,PO-31335,INV-500959,Staples - Office Supplies,EMP-1173,Rejected
TXN-00784,2024-09-25,Lyft,Travel - Ground,60,USD,paid,Finance,CC-004,PO-35842,INV-847877,Lyft - Travel - Ground,EMP-1163,Rejected
TXN-00785,2024-10-13,AT&T,Utilities - Telecom,80,USD,invoiced,Engineering,CC-004,PO-15280,INV-366627,AT&T - Utilities - Telecom,EMP-1215,Pending
TXN-00786,2025-02-27,Deloitte,Professional Services,50000,USD,invoiced,Finance,CC-001,PO-83780,INV-793478,Deloitte - Professional Services,EMP-1178,Pending
TXN-00787,2024-09-14,Starbucks,Meals & Entertainment,7,USD,completed,Operations,CC-001,PO-61493,INV-724737,Starbucks - Meals & Entertainment,EMP-1100,Approved
TXN-00788,2025-03-04,LawDepot,Legal Services,200,USD,delivered,HR,CC-003,PO-77897,INV-322910,LawDepot - Legal Services,EMP-1217,Pending
TXN-00789,2024-12-06,Deloitte,Professional Services,50000,USD,pending,Sales,CC-005,PO-58403,INV-522100,Deloitte - Professional Services,EMP-1184,Rejected
TXN-00790,2025-02-25,UberEats,Meals & Entertainment,185,USD,delivered,Marketing,CC-001,PO-99166,INV-279055,UberEats - Meals & Entertainment,EMP-1054,Pending
TXN-00791,2025-02-08,Office Depot,Office Supplies,200,USD,completed,Sales,CC-003,,INV-101619,Office Depot - Office Supplies,EMP-1228,Approved
TXN-00792,2024-07-25,American Airlines,Travel - Airfare,300,USD,completed,Sales,CC-001,PO-24024,INV-760576,American Airlines - Travel - Airfare,EMP-1230,Pending
TXN-00793,2025-03-08,FedEx,Shipping & Logistics,20,USD,invoiced,Finance,CC-001,PO-62549,INV-265965,FedEx - Shipping & Logistics,EMP-1070,Pending
TXN-00794,2024-05-06,Zoom,Software - SaaS,100,USD,delivered,Sales,CC-001,PO-68489,INV-504415,Zoom - Software - SaaS,EMP-1030,Approved
TXN-00795,2024-05-22,Airbnb,Travel - Lodging,600,USD,paid,Sales,CC-001,PO-65858,INV-868583,Airbnb - Travel - Lodging,EMP-1031,Approved
TXN-00796,2024-11-05,McKinsey,Professional Services,60000,USD,invoiced,Operations,CC-004,,INV-333078,McKinsey - Professional Services,EMP-1164,Rejected
TXN-00797,2025-01-25,Chipotle,Meals & Entertainment,25,USD,completed,Operations,CC-003,PO-15905,INV-894116,Chipotle - Meals & Entertainment,EMP-1239,Approved
TXN-00798,2024-08-10,Southwest Airlines,Travel - Airfare,1000,USD,completed,HR,CC-001,,INV-705492,Southwest Airlines - Travel - Airfare,EMP-1173,Approved
TXN-00799,2024-10-02,Apple,Hardware - Equipment,1200,USD,pending,Operations,CC-003,PO-86396,INV-260036,Apple - Hardware - Equipment,EMP-1232,Rejected
TXN-00800,2024-07-14,Google Ads,Marketing - Digital,5000,USD,completed,Operations,CC-001,PO-40970,INV-196508,Google Ads - Marketing - Digital,EMP-1169,Rejected
TXN-00801,2024-07-21,Accenture,Professional Services,15000,USD,paid,Operations,CC-003,,INV-650996,Accenture - Professional Services,EMP-1076,Pending
TXN-00802,2024-12-21,Facebook Ads,Marketing - Digital,300,USD,paid,HR,CC-001,PO-82657,INV-465330,Facebook Ads - Marketing - Digital,EMP-1121,Rejected
TXN-00803,2024-02-01,herman miller,Furniture - Fixed Asset,800,USD,pending,Sales,CC-001,PO-97797,INV-891392,herman miller - Furniture - Fixed Asset,EMP-1129,Approved
TXN-00804,2024-10-24,Lyft,Travel - Ground,22,USD,pending,HR,CC-002,PO-68739,INV-470144,Lyft - Travel - Ground,EMP-1156,Rejected
TXN-00805,2024-11-15,McKinsey,Professional Services,6000,USD,completed,Operations,CC-002,PO-76155,INV-649532,McKinsey - Professional Services,EMP-1121,Rejected
TXN-00806,2024-06-14,PwC Inc,Professional Services,8000,USD,paid,Finance,CC-005,PO-19718,INV-285722,PwC Inc - Professional Services,EMP-1116,Rejected
TXN-00807,2024-02-02,Office Depot,Office Supplies,75,USD,paid,Sales,CC-003,PO-97876,INV-277833,Office Depot - Office Supplies,EMP-1094,Approved
TXN-00808,2024-02-04,AWS,Software - Cloud,10000,USD,paid,HR,CC-002,PO-75117,INV-615560,AWS - Software - Cloud,EMP-1136,Approved
TXN-00809,2024-04-18,HubSpot,Marketing - Software,50,USD,delivered,Marketing,CC-005,PO-33637,INV-466674,HubSpot - Marketing - Software,EMP-1207,Approved
TXN-00810,2024-07-05,DHL,Shipping & Logistics,60,USD,pending,HR,CC-001,PO-35040,INV-957756,DHL - Shipping & Logistics,EMP-1245,Rejected
TXN-00811,2024-07-29,Slack,Software - SaaS,99,USD,pending,Engineering,CC-001,PO-56648,INV-797359,Slack - Software - SaaS,EMP-1202,Pending
TXN-00812,2024-08-05,AWS,Software - Cloud,500,USD,completed,Sales,CC-005,,INV-623132,AWS - Software - Cloud,EMP-1228,Rejected
TXN-00813,2025-01-26,McKinsey,Professional Services,15000,USD,invoiced,Sales,CC-001,PO-18492,INV-254560,McKinsey - Professional Services,EMP-1087,Pending
TXN-00814,2025-03-22,Starbucks,Meals & Entertainment,15,USD,invoiced,Sales,CC-002,PO-95153,INV-164443,Starbucks - Meals & Entertainment,EMP-1241,Pending
TXN-00815,2024-11-16,Xero Inc,Accounting Software,400,USD,pending,HR,CC-002,PO-68116,INV-436103,Xero Inc - Accounting Software,EMP-1200,Pending
TXN-00816,2024-07-20,Lyft,Travel - Ground,12,USD,completed,Sales,CC-004,PO-77792,INV-630585,Lyft - Travel - Ground,EMP-1162,Pending
TXN-00817,2024-05-23,Facebook Ads,Marketing - Digital,2000,USD,invoiced,Sales,CC-002,PO-89234,INV-361088,Facebook Ads - Marketing - Digital,EMP-1006,Pending
TXN-00818,2024-11-11,FedEx,Shipping & Logistics,500,USD,paid,Marketing,CC-002,PO-58228,INV-692462,FedEx - Shipping & Logistics,EMP-1030,Approved
TXN-00819,2025-02-23,Hilton Hotels,Travel - Lodging,700,USD,completed,Engineering,CC-003,PO-33208,INV-477933,Hilton Hotels - Travel - Lodging,EMP-1156,Pending
TXN-00820,2025-01-12,Stripe,Software - Payments,2500,USD,completed,Finance,CC-001,PO-24539,INV-185312,Stripe - Software - Payments,EMP-1013,Approved
TXN-00821,2025-03-08,Slack,Software - SaaS,99,USD,completed,Marketing,CC-002,PO-66218,INV-592691,Slack - Software - SaaS,EMP-1158,Pending
TXN-00822,2025-02-20,LawDepot,Legal Services,2500,USD,delivered,Finance,CC-003,PO-71234,INV-838182,LawDepot - Legal Services,EMP-1094,Rejected
TXN-00823,2024-07-27,Amazon,Hardware - Equipment,299,USD,paid,HR,CC-003,PO-64690,INV-956737,Amazon - Hardware - Equipment,EMP-1074,Rejected
TXN-00824,2024-10-17,Comcast,Utilities - Internet,120,USD,completed,HR,CC-002,PO-77720,INV-770147,Comcast - Utilities - Internet,EMP-1084,Approved
TXN-00825,2025-02-10,United Airlines,Travel - Airfare,250,USD,completed,Sales,CC-001,PO-10224,INV-941186,United Airlines - Travel - Airfare,EMP-1161,Pending
TXN-00826,2025-02-23,Airbnb,Travel - Lodging,300,USD,pending,Engineering,CC-004,PO-49378,INV-700292,Airbnb - Travel - Lodging,EMP-1088,Rejected
TXN-00827,2024-08-27,Best Buy,Hardware - Equipment,100,USD,delivered,Sales,CC-001,PO-18826,INV-249072,Best Buy - Hardware - Equipment,EMP-1054,Approved
TXN-00828,2024-02-10,QuickBooks,Accounting Software,600,USD,paid,Operations,CC-005,PO-61274,INV-111278,QuickBooks - Accounting Software,EMP-1111,Pending
TXN-00829,2024-08-21,Airbnb,Travel - Lodging,600,USD,invoiced,Finance,CC-002,PO-98230,INV-646694,Airbnb - Travel - Lodging,EMP-1049,Pending
TXN-00830,2024-01-08,Salesforce,Software - SaaS,1200,USD,invoiced,Sales,CC-002,PO-10914,INV-519956,Salesforce - Software - SaaS,EMP-1005,Approved
TXN-00831,2025-02-03,Southwest Airlines,Travel - Airfare,150,USD,invoiced,Operations,CC-001,PO-53106,INV-168836,Southwest Airlines - Travel - Airfare,EMP-1124,Approved
TXN-00832,2024-01-23,IKEA,Furniture - Fixed Asset,300,USD,paid,Engineering,CC-002,PO-36981,INV-832279,IKEA - Furniture - Fixed Asset,EMP-1175,Approved
TXN-00833,2024-08-25,HubSpot,Marketing - Software,200,USD,invoiced,Engineering,CC-002,,INV-965776,HubSpot - Marketing - Software,EMP-1193,Approved
TXN-00834,2024-10-13,Slack,Software - SaaS,99,USD,paid,Engineering,CC-004,PO-92108,INV-818587,Slack - Software - SaaS,EMP-1018,Approved
TXN-00835,2024-04-16,Time Warner,Utilities - Internet,100,USD,pending,Marketing,CC-003,PO-57732,INV-119929,Time Warner - Utilities - Internet,EMP-1075,Approved
TXN-00836,2024-09-27,UberEats Inc,Meals & Entertainment,185,USD,delivered,Operations,CC-003,PO-19644,INV-356357,UberEats Inc - Meals & Entertainment,EMP-1178,Rejected
TXN-00837,2024-09-02,MARRIOTT HOTELS,Travel - Lodging,450,USD,delivered,Operations,CC-005,PO-69067,INV-628970,MARRIOTT HOTELS - Travel - Lodging,EMP-1218,Rejected
TXN-00838,2024-03-11,IKEA,Furniture - Fixed Asset,600,USD,paid,Finance,CC-002,PO-66017,INV-187528,IKEA - Furniture - Fixed Asset,EMP-1035,Approved
TXN-00839,2024-10-29,xero,Accounting Software,200,USD,delivered,Engineering,CC-002,PO-25749,INV-684339,xero - Accounting Software,EMP-1039,Rejected
TXN-00840,2024-06-13,DoorDash,Meals & Entertainment,50,USD,completed,Finance,CC-005,PO-26325,INV-970827,DoorDash - Meals & Entertainment,EMP-1228,Pending
TXN-00841,2024-08-10,Lyft,Travel - Ground,12,USD,invoiced,HR,CC-004,PO-26873,INV-539778,Lyft - Travel - Ground,EMP-1125,Rejected
TXN-00842,2024-09-08,Verizon,Utilities - Telecom,200,USD,pending,HR,CC-005,PO-18510,INV-678768,Verizon - Utilities - Telecom,EMP-1044,Approved
TXN-00843,2024-03-11,Zoom,Software - SaaS,599,USD,invoiced,Sales,CC-004,PO-60961,INV-158094,Zoom - Software - SaaS,EMP-1215,Rejected
TXN-00844,2024-02-03,Marriott Hotels,Travel - Lodging,450,USD,delivered,Sales,CC-005,PO-57495,INV-802640,Marriott Hotels - Travel - Lodging,EMP-1212,Rejected
TXN-00845,2025-03-03,Herman Miller,Furniture - Fixed Asset,1200,USD,delivered,Marketing,CC-004,PO-99528,INV-758143,Herman Miller - Furniture - Fixed Asset,EMP-1218,Pending
TXN-00846,2024-05-11,UberEats,Meals & Entertainment,100,USD,paid,Finance,CC-004,,INV-711175,UberEats - Meals & Entertainment,EMP-1201,Rejected
TXN-00847,2024-08-24,Comcast,Utilities - Internet,200,USD,invoiced,Sales,CC-004,PO-24783,INV-450639,Comcast - Utilities - Internet,EMP-1164,Approved
TXN-00848,2024-02-24,UPS,Shipping & Logistics,350,USD,delivered,HR,CC-002,PO-75560,INV-344402,UPS - Shipping & Logistics,EMP-1247,Rejected
TXN-00849,2025-03-06,Facebook Ads Inc,Marketing - Digital,800,USD,completed,Operations,CC-005,PO-19026,INV-648138,Facebook Ads Inc - Marketing - Digital,EMP-1201,Approved
TXN-00850,2024-10-27,Zoom,Software - SaaS,200,USD,invoiced,Operations,CC-004,PO-59747,INV-847218,Zoom - Software - SaaS,EMP-1076,Pending
TXN-00851,2024-09-30,Google Cloud,Software - Cloud,400,USD,delivered,Operations,CC-004,PO-85159,INV-427081,Google Cloud - Software - Cloud,EMP-1057,Pending
TXN-00852,2024-03-18,Airbnb,Travel - Lodging,80,USD,completed,Marketing,CC-005,PO-26571,INV-462656,Airbnb - Travel - Lodging,EMP-1153,Pending
TXN-00853,2024-04-07,Lyft,Travel - Ground,40,USD,completed,Finance,CC-002,,INV-656671,Lyft - Travel - Ground,EMP-1130,Pending
TXN-00854,2024-09-10,Amazon Business,Office Supplies,250,USD,delivered,HR,CC-005,PO-30664,INV-845180,Amazon Business - Office Supplies,EMP-1206,Approved
TXN-00855,2024-07-13,Verizon,Utilities - Telecom,200,USD,pending,Operations,CC-005,PO-79284,INV-631189,Verizon - Utilities - Telecom,EMP-1207,Pending
TXN-00856,2024-04-05,Best Buy,Hardware - Equipment,1200,USD,paid,Engineering,CC-003,PO-50357,INV-172649,Best Buy - Hardware - Equipment,EMP-1157,Approved
TXN-00857,2024-12-20,Zoom,Software - SaaS,100,USD,paid,Finance,CC-001,,INV-574460,Zoom - Software - SaaS,EMP-1020,Rejected
TXN-00858,2024-09-19,Delta Airlines,Travel - Airfare,1400,USD,delivered,HR,CC-001,PO-91240,INV-937712,Delta Airlines - Travel - Airfare,EMP-1133,Rejected
TXN-00859,2024-01-16,IKEA,Furniture - Fixed Asset,300,USD,pending,Operations,CC-001,,INV-164254,IKEA - Furniture - Fixed Asset,EMP-1250,Rejected
TXN-00860,2024-01-16,Twilio,Software - Communications,50,USD,invoiced,Finance,CC-001,PO-55103,INV-858944,Twilio - Software - Communications,EMP-1184,Rejected
TXN-00861,2024-11-01,Uber,Travel - Ground,45,USD,paid,Sales,CC-004,,INV-519133,Uber - Travel - Ground,EMP-1106,Pending
TXN-00862,2024-06-08,Accenture,Professional Services,7000,USD,completed,Finance,CC-004,PO-85951,INV-452403,Accenture - Professional Services,EMP-1239,Rejected
TXN-00863,2024-04-11,Microsoft Azure,Software - Cloud,1500,USD,invoiced,Operations,CC-002,PO-59794,INV-558191,Microsoft Azure - Software - Cloud,EMP-1087,Rejected
TXN-00864,2024-10-21,Time Warner,Utilities - Internet,60,USD,invoiced,Engineering,CC-002,PO-68480,INV-981537,Time Warner - Utilities - Internet,EMP-1124,Rejected
TXN-00865,2024-03-27,AT&T,Utilities - Telecom,300,USD,pending,Finance,CC-002,PO-54163,INV-219786,AT&T - Utilities - Telecom,EMP-1026,Pending
TXN-00866,2025-01-07,GitHub,Software - Development,500,USD,completed,HR,CC-004,PO-46241,INV-272200,GitHub - Software - Development,EMP-1131,Pending
TXN-00867,2025-01-01,LawDepot,Legal Services,2500,USD,paid,Sales,CC-003,,INV-453017,LawDepot - Legal Services,EMP-1049,Approved
TXN-00868,2024-01-31,Time Warner,Utilities - Internet,180,USD,delivered,HR,CC-002,PO-50530,INV-870868,Time Warner - Utilities - Internet,EMP-1124,Rejected
TXN-00869,2025-01-28,Best Buy,Hardware - Equipment,500,USD,delivered,Engineering,CC-003,PO-85013,INV-644136,Best Buy - Hardware - Equipment,EMP-1053,Pending
TXN-00870,2024-12-04,AT&T,Utilities - Telecom,150,USD,invoiced,HR,CC-002,PO-37469,INV-170195,AT&T - Utilities - Telecom,EMP-1102,Rejected
TXN-00871,2024-10-30,Verizon,Utilities - Telecom,200,USD,delivered,Operations,CC-004,PO-71546,INV-849282,Verizon - Utilities - Telecom,EMP-1187,Pending
TXN-00872,2024-10-31,Comcast,Utilities - Internet,120,USD,completed,Finance,CC-003,PO-78944,INV-909971,Comcast - Utilities - Internet,EMP-1095,Rejected
TXN-00873,2024-10-14,Southwest Airlines,Travel - Airfare,1000,USD,delivered,Finance,CC-005,PO-30232,INV-500465,Southwest Airlines - Travel - Airfare,EMP-1022,Approved
TXN-00874,2024-09-06,Airbnb,Travel - Lodging,300,USD,invoiced,HR,CC-002,PO-78269,INV-129487,Airbnb - Travel - Lodging,EMP-1003,Pending
TXN-00875,2024-09-14,QuickBooks,Accounting Software,120,USD,paid,Marketing,CC-004,PO-44073,INV-370235,QuickBooks - Accounting Software,EMP-1208,Rejected
TXN-00876,2024-03-17,Microsoft Azure,Software - Cloud,800,USD,completed,Marketing,CC-001,PO-39530,INV-922582,Microsoft Azure - Software - Cloud,EMP-1047,Approved
TXN-00877,2024-12-26,Salesforce,Software - SaaS,1200,USD,pending,Marketing,CC-005,PO-50367,INV-110754,Salesforce - Software - SaaS,EMP-1242,Approved
TXN-00878,2025-03-18,Google Cloud,Software - Cloud,400,USD,completed,Engineering,CC-003,PO-85402,INV-995815,Google Cloud - Software - Cloud,EMP-1193,Approved
TXN-00879,2024-04-10,American Airlines,Travel - Airfare,1500,USD,paid,Finance,CC-002,,INV-890615,American Airlines - Travel - Airfare,EMP-1090,Rejected
TXN-00880,2024-11-02,Google Cloud,Software - Cloud,4000,USD,invoiced,Finance,CC-002,PO-78079,INV-423593,Google Cloud - Software - Cloud,EMP-1118,Rejected
TXN-00881,2024-09-24,McKinsey,Professional Services,30000,USD,completed,Sales,CC-005,PO-56878,INV-592457,McKinsey - Professional Services,EMP-1208,Rejected
TXN-00882,2025-01-22,McKinsey,Professional Services,60000,USD,paid,Marketing,CC-005,PO-94199,INV-409145,McKinsey - Professional Services,EMP-1054,Pending
TXN-00883,2024-12-10,Twilio,Software - Communications,500,USD,paid,Finance,CC-001,PO-90094,INV-966884,Twilio - Software - Communications,EMP-1101,Approved
TXN-00884,2024-08-25,American Airlines,Travel - Airfare,950,USD,pending,Operations,CC-005,,INV-739619,American Airlines - Travel - Airfare,EMP-1215,Rejected
TXN-00885,2025-01-02,Starbucks,Meals & Entertainment,7,USD,completed,Finance,CC-004,PO-22679,INV-223863,Starbucks - Meals & Entertainment,EMP-1244,Pending
TXN-00886,2024-05-15,HubSpot,Marketing - Software,50,USD,paid,HR,CC-002,PO-65303,INV-760691,HubSpot - Marketing - Software,EMP-1101,Pending
TXN-00887,2025-03-10,Xero,Accounting Software,200,USD,invoiced,Finance,CC-004,PO-24070,INV-825884,Xero - Accounting Software,EMP-1228,Approved
TXN-00888,2024-07-02,Verizon,Utilities - Telecom,200,USD,delivered,Marketing,CC-004,PO-54895,INV-402866,Verizon - Utilities - Telecom,EMP-1039,Pending
TXN-00889,2024-02-15,IKEA,Furniture - Fixed Asset,100,USD,completed,Engineering,CC-004,PO-30882,INV-947093,IKEA - Furniture - Fixed Asset,EMP-1055,Rejected
TXN-00890,2025-03-13,Slack,Software - SaaS,299,USD,pending,Finance,CC-005,PO-78171,INV-124195,Slack - Software - SaaS,EMP-1088,Rejected
TXN-00891,2024-08-29,Accenture,Professional Services,3000,USD,invoiced,Finance,CC-005,PO-95609,INV-578289,Accenture - Professional Services,EMP-1054,Rejected
TXN-00892,2025-02-11,DoorDash,Meals & Entertainment,50,USD,invoiced,HR,CC-003,PO-45479,INV-408387,DoorDash - Meals & Entertainment,EMP-1101,Rejected
TXN-00893,2024-09-12,Lenovo,Hardware - Equipment,1000,USD,completed,Engineering,CC-004,PO-14448,INV-480170,Lenovo - Hardware - Equipment,EMP-1044,Pending
TXN-00894,2024-01-05,Time Warner Inc,Utilities - Internet,100,USD,pending,HR,CC-003,PO-83717,INV-631607,Time Warner Inc - Utilities - Internet,EMP-1195,Rejected
TXN-00895,2024-08-24,Verizon,Utilities - Telecom,200,USD,paid,Marketing,CC-002,PO-17390,INV-547343,Verizon - Utilities - Telecom,EMP-1158,Approved
TXN-00896,2024-09-03,QuickBooks Inc,Accounting Software,600,USD,invoiced,Finance,CC-001,,INV-369087,QuickBooks Inc - Accounting Software,EMP-1050,Rejected
TXN-00897,2024-11-14,google cloud,Software - Cloud,4000,USD,delivered,Finance,CC-002,PO-64718,INV-995912,google cloud - Software - Cloud,EMP-1072,Pending
TXN-00898,2025-03-18,Google Ads,Marketing - Digital,500,USD,paid,Engineering,CC-001,PO-28141,INV-222894,Google Ads - Marketing - Digital,EMP-1071,Approved
TXN-00899,2024-10-16,Uber,Travel - Ground,65,USD,pending,Marketing,CC-004,PO-45845,INV-561366,Uber - Travel - Ground,EMP-1173,Approved
TXN-00900,2024-05-25,Herman Miller,Furniture - Fixed Asset,1500,USD,pending,HR,CC-005,PO-63357,INV-132429,Herman Miller - Furniture - Fixed Asset,EMP-1006,Rejected
TXN-00901,2025-02-08,herman miller,Furniture - Fixed Asset,1200,USD,delivered,Marketing,CC-001,PO-22582,INV-306460,herman miller - Furniture - Fixed Asset,EMP-1220,Pending
TXN-00902,2024-07-01,Deloitte,Professional Services,50000,USD,invoiced,HR,CC-004,PO-71297,INV-671275,Deloitte - Professional Services,EMP-1096,Pending
TXN-00903,2024-07-23,Xero,Accounting Software,200,USD,completed,Engineering,CC-002,PO-77008,INV-365584,Xero - Accounting Software,EMP-1236,Rejected
TXN-00904,2025-02-27,Twilio,Software - Communications,500,USD,delivered,Engineering,CC-005,PO-72238,INV-442917,Twilio - Software - Communications,EMP-1091,Rejected
TXN-00905,2024-09-03,Slack,Software - SaaS,125,USD,invoiced,Sales,CC-005,PO-62022,INV-805672,Slack - Software - SaaS,EMP-1155,Pending
TXN-00906,2024-09-15,Hilton Hotels,Travel - Lodging,700,USD,completed,HR,CC-001,PO-33777,INV-431789,Hilton Hotels - Travel - Lodging,EMP-1221,Approved
TXN-00907,2024-05-22,Staples,Office Supplies,500,USD,delivered,Finance,CC-005,PO-90050,INV-798970,Staples - Office Supplies,EMP-1064,Approved
TXN-00908,2024-07-25,Chipotle,Meals & Entertainment,10,USD,invoiced,Operations,CC-004,PO-10188,INV-535508,Chipotle - Meals & Entertainment,EMP-1010,Approved
TXN-00909,2024-09-20,Lenovo,Hardware - Equipment,2000,USD,completed,Operations,CC-005,PO-37937,INV-493779,Lenovo - Hardware - Equipment,EMP-1210,Pending
TXN-00910,2024-07-06,Lenovo,Hardware - Equipment,1000,USD,invoiced,HR,CC-005,PO-28976,INV-834793,Lenovo - Hardware - Equipment,EMP-1222,Approved
TXN-00911,2024-01-05,AWS,Software - Cloud,1000,USD,delivered,Operations,CC-002,PO-57438,INV-355163,AWS - Software - Cloud,EMP-1099,Rejected
TXN-00912,2024-01-16,Best Buy,Hardware - Equipment,500,USD,completed,Operations,CC-001,PO-21365,INV-331670,Best Buy - Hardware - Equipment,EMP-1101,Approved
TXN-00913,2024-04-26,Stripe,Software - Payments,2500,USD,completed,Finance,CC-004,PO-40740,INV-585415,Stripe - Software - Payments,EMP-1032,Pending
TXN-00914,2024-04-08,Staples,Office Supplies,50,USD,delivered,Engineering,CC-003,PO-98343,INV-955029,Staples - Office Supplies,EMP-1006,Approved
TXN-00915,2024-11-19,Facebook Ads,Marketing - Digital,800,USD,pending,Finance,CC-005,PO-70439,INV-347144,Facebook Ads - Marketing - Digital,EMP-1041,Rejected
TXN-00916,2024-04-11,Microsoft Azure,Software - Cloud,1500,USD,pending,Operations,CC-002,PO-40896,INV-480527,Microsoft Azure - Software - Cloud,EMP-1112,Approved
TXN-00917,2024-02-17,Deloitte,Professional Services,10000,USD,pending,Sales,CC-005,PO-13401,INV-164163,Deloitte - Professional Services,EMP-1103,Approved
TXN-00918,2024-03-24,GitHub,Software - Development,21,USD,pending,Marketing,CC-005,PO-50689,INV-393122,GitHub - Software - Development,EMP-1155,Rejected
TXN-00919,2024-11-11,Grubhub,Meals & Entertainment,25,USD,invoiced,Finance,CC-005,PO-20461,INV-532897,Grubhub - Meals & Entertainment,EMP-1224,Rejected
TXN-00920,2025-02-10,UberEats,Meals & Entertainment,100,USD,paid,Sales,CC-001,PO-12634,INV-292124,UberEats - Meals & Entertainment,EMP-1137,Rejected
TXN-00921,2024-03-06,Herman Miller,Furniture - Fixed Asset,1200,USD,completed,Finance,CC-004,PO-24206,INV-639583,Herman Miller - Furniture - Fixed Asset,EMP-1074,Rejected
TXN-00922,2025-03-15,Grubhub,Meals & Entertainment,50,USD,pending,Operations,CC-005,PO-92031,INV-575340,Grubhub - Meals & Entertainment,EMP-1144,Pending
TXN-00923,2024-08-13,american airlines,Travel - Airfare,550,USD,completed,Sales,CC-002,PO-36480,INV-418469,american airlines - Travel - Airfare,EMP-1044,Pending
TXN-00924,2025-02-08,McKinsey,Professional Services,6000,USD,completed,HR,CC-004,PO-23929,INV-264569,McKinsey - Professional Services,EMP-1124,Rejected
TXN-00925,2024-03-23,Time Warner,Utilities - Internet,100,USD,delivered,Operations,CC-002,PO-84847,INV-261524,Time Warner - Utilities - Internet,EMP-1009,Rejected
TXN-00926,2024-05-27,Accenture,Professional Services,15000,USD,paid,Sales,CC-001,PO-62743,INV-394136,Accenture - Professional Services,EMP-1195,Rejected
TXN-00927,2024-07-14,GOOGLE ADS,Marketing - Digital,500,USD,pending,Finance,CC-004,PO-38048,INV-547349,GOOGLE ADS - Marketing - Digital,EMP-1138,Approved
TXN-00928,2024-12-31,UPS,Shipping & Logistics,120,USD,paid,Finance,CC-002,PO-43869,INV-953929,UPS - Shipping & Logistics,EMP-1036,Pending
TXN-00929,2025-03-08,United Airlines,Travel - Airfare,2500,USD,pending,Sales,CC-005,,INV-982117,United Airlines - Travel - Airfare,EMP-1054,Pending
TXN-00930,2025-01-08,Office Depot,Office Supplies,200,USD,delivered,Engineering,CC-003,PO-73671,INV-122667,Office Depot - Office Supplies,EMP-1094,Pending
TXN-00931,2024-11-11,HubSpot,Marketing - Software,500,USD,invoiced,Finance,CC-002,PO-67820,INV-104841,HubSpot - Marketing - Software,EMP-1092,Pending
TXN-00932,2024-05-23,Office Depot,Office Supplies,350,USD,delivered,Sales,CC-005,PO-29708,INV-341122,Office Depot - Office Supplies,EMP-1235,Approved
TXN-00933,2024-05-07,DHL,Shipping & Logistics,150,USD,delivered,Finance,CC-002,PO-80666,INV-502868,DHL - Shipping & Logistics,EMP-1116,Pending
TXN-00934,2024-06-24,Accenture,Professional Services,35000,USD,paid,Marketing,CC-005,PO-28956,INV-961770,Accenture - Professional Services,EMP-1103,Rejected
TXN-00935,2024-08-27,Grubhub,Meals & Entertainment,50,USD,paid,HR,CC-004,PO-66438,INV-538644,Grubhub - Meals & Entertainment,EMP-1125,Approved
TXN-00936,2025-02-19,Twilio,Software - Communications,1000,USD,delivered,Sales,CC-003,PO-26692,INV-698875,Twilio - Software - Communications,EMP-1120,Rejected
TXN-00937,2025-02-15,Facebook Ads,Marketing - Digital,300,USD,paid,Finance,CC-004,PO-41341,INV-726782,Facebook Ads - Marketing - Digital,EMP-1038,Approved
TXN-00938,2024-05-24,IKEA,Furniture - Fixed Asset,600,USD,completed,Engineering,CC-003,PO-80842,INV-481504,IKEA - Furniture - Fixed Asset,EMP-1109,Pending
TXN-00939,2024-10-04,Verizon,Utilities - Telecom,350,USD,completed,HR,CC-002,PO-70549,INV-259353,Verizon - Utilities - Telecom,EMP-1071,Pending
TXN-00940,2024-05-19,UberEats,Meals & Entertainment,20,USD,invoiced,Operations,CC-003,PO-67022,INV-423099,UberEats - Meals & Entertainment,EMP-1185,Approved
TXN-00941,2024-07-15,Office Depot,Office Supplies,75,USD,pending,HR,CC-003,PO-26559,INV-156561,Office Depot - Office Supplies,EMP-1006,Pending
TXN-00942,2024-10-04,Twilio,Software - Communications,1000,USD,pending,HR,CC-003,,INV-290773,Twilio - Software - Communications,EMP-1090,Pending
TXN-00943,2024-01-09,AT&T,Utilities - Telecom,300,USD,paid,Engineering,CC-005,PO-58582,INV-523463,AT&T - Utilities - Telecom,EMP-1140,Rejected
TXN-00944,2024-07-27,Delta Airlines,Travel - Airfare,900,USD,paid,Finance,CC-002,,INV-427926,Delta Airlines - Travel - Airfare,EMP-1122,Approved
TXN-00945,2024-05-30,IKEA,Furniture - Fixed Asset,300,USD,completed,Sales,CC-005,PO-67403,INV-751801,IKEA - Furniture - Fixed Asset,EMP-1007,Approved
TXN-00946,2024-10-23,PwC,Professional Services,40000,USD,delivered,Finance,CC-001,PO-42203,INV-815581,PwC - Professional Services,EMP-1009,Rejected
TXN-00947,2024-08-16,Xero,Accounting Software,200,USD,completed,Operations,CC-002,,INV-820930,Xero - Accounting Software,EMP-1061,Rejected
TXN-00948,2024-11-10,LINKEDIN ADS,Marketing - Digital,400,USD,delivered,Marketing,CC-004,PO-89248,INV-971398,LINKEDIN ADS - Marketing - Digital,EMP-1229,Approved
TXN-00949,2024-09-01,Airbnb,Travel - Lodging,600,USD,invoiced,Sales,CC-003,PO-50078,INV-966896,Airbnb - Travel - Lodging,EMP-1083,Pending
TXN-00950,2024-12-22,Restaurants.com Inc,Meals & Entertainment,40,USD,invoiced,Engineering,CC-003,PO-65974,INV-558567,Restaurants.com Inc - Meals & Entertainment,EMP-1164,Rejected
TXN-00951,2024-01-30,AWS,Software - Cloud,5000,USD,pending,Engineering,CC-005,PO-96964,INV-151111,AWS - Software - Cloud,EMP-1080,Rejected
TXN-00952,2024-08-19,American Airlines,Travel - Airfare,1500,USD,pending,Engineering,CC-003,PO-22883,INV-492992,American Airlines - Travel - Airfare,EMP-1053,Pending
TXN-00953,2025-01-08,United Airlines,Travel - Airfare,450,USD,paid,Sales,CC-003,PO-35294,INV-359414,United Airlines - Travel - Airfare,EMP-1081,Pending
TXN-00954,2024-04-22,Apple,Hardware - Equipment,1999,USD,paid,Operations,CC-001,PO-41879,INV-896658,Apple - Hardware - Equipment,EMP-1226,Pending
TXN-00955,2024-04-05,FedEx,Shipping & Logistics,300,USD,completed,Operations,CC-001,PO-31106,INV-710237,FedEx - Shipping & Logistics,EMP-1211,Rejected
TXN-00956,2025-03-14,Datadog,Software - Monitoring,1500,USD,delivered,Marketing,CC-002,PO-78799,INV-402578,Datadog - Software - Monitoring,EMP-1027,Pending
TXN-00957,2024-03-20,Lenovo,Hardware - Equipment,1000,USD,invoiced,Engineering,CC-005,PO-59335,INV-394902,Lenovo - Hardware - Equipment,EMP-1053,Pending
TXN-00958,2024-04-04,Dell,Hardware - Equipment,2500,USD,pending,HR,CC-001,PO-76968,INV-566965,Dell - Hardware - Equipment,EMP-1098,Pending
TXN-00959,2025-02-25,Uber,Travel - Ground,15,USD,paid,Operations,CC-002,PO-25998,INV-873945,Uber - Travel - Ground,EMP-1057,Pending
TXN-00960,2024-11-03,Comcast,Utilities - Internet,70,USD,completed,HR,CC-005,PO-83989,INV-657148,Comcast - Utilities - Internet,EMP-1160,Approved
TXN-00961,2024-11-14,Microsoft Azure,Software - Cloud,3000,USD,invoiced,Marketing,CC-005,PO-58341,INV-387502,Microsoft Azure - Software - Cloud,EMP-1085,Pending
TXN-00962,2025-01-12,Xero Inc,Accounting Software,200,USD,completed,Finance,CC-005,PO-49710,INV-828886,Xero Inc - Accounting Software,EMP-1108,Pending
TXN-00963,2024-11-19,Amazon,Hardware - Equipment,299,USD,delivered,HR,CC-004,,INV-840283,Amazon - Hardware - Equipment,EMP-1160,Rejected
TXN-00964,2024-03-14,Lyft,Travel - Ground,12,USD,completed,Sales,CC-003,PO-19089,INV-411388,Lyft - Travel - Ground,EMP-1225,Approved
TXN-00965,2024-08-26,LinkedIn Ads,Marketing - Digital,2500,USD,pending,Marketing,CC-003,PO-32497,INV-842010,LinkedIn Ads - Marketing - Digital,EMP-1130,Pending
TXN-00966,2024-09-24,QuickBooks,Accounting Software,300,USD,pending,Sales,CC-001,PO-90458,INV-430998,QuickBooks - Accounting Software,EMP-1036,Pending
TXN-00967,2024-01-16,McKinsey,Professional Services,15000,USD,delivered,Finance,CC-004,PO-80443,INV-976594,McKinsey - Professional Services,EMP-1087,Rejected
TXN-00968,2024-08-06,UPS,Shipping & Logistics,350,USD,invoiced,Finance,CC-005,PO-14249,INV-856417,UPS - Shipping & Logistics,EMP-1098,Rejected
TXN-00969,2024-10-05,Slack,Software - SaaS,199,USD,delivered,Sales,CC-005,PO-88513,INV-250138,Slack - Software - SaaS,EMP-1014,Approved
TXN-00970,2024-08-06,Office Depot,Office Supplies,350,USD,completed,Engineering,CC-005,PO-85746,INV-474937,Office Depot - Office Supplies,EMP-1041,Approved
TXN-00971,2024-11-26,AWS,Software - Cloud,10000,USD,paid,Engineering,CC-004,PO-39306,INV-244225,AWS - Software - Cloud,EMP-1043,Approved
TXN-00972,2025-01-09,Zoom,Software - SaaS,299,USD,delivered,HR,CC-004,PO-58221,INV-172287,Zoom - Software - SaaS,EMP-1047,Pending
TXN-00973,2024-03-13,QuickBooks,Accounting Software,120,USD,paid,Marketing,CC-004,PO-36238,INV-848571,QuickBooks - Accounting Software,EMP-1141,Approved
TXN-00974,2024-01-17,Best Buy,Hardware - Equipment,1200,USD,completed,Engineering,CC-003,PO-79537,INV-814373,Best Buy - Hardware - Equipment,EMP-1165,Approved
TXN-00975,2025-01-04,Office Depot,Office Supplies,75,USD,invoiced,Operations,CC-004,PO-24913,INV-340140,Office Depot - Office Supplies,EMP-1004,Rejected
TXN-00976,2024-12-05,AWS,Software - Cloud,5000,USD,invoiced,HR,CC-002,PO-87310,INV-311353,AWS - Software - Cloud,EMP-1162,Pending
TXN-00977,2024-05-24,Twilio,Software - Communications,1000,USD,pending,Sales,CC-005,PO-64755,INV-142167,Twilio - Software - Communications,EMP-1132,Approved
TXN-00978,2025-03-27,Xero,Accounting Software,400,USD,paid,Sales,CC-001,PO-37056,INV-531124,Xero - Accounting Software,EMP-1093,Approved
TXN-00979,2024-06-09,Lyft,Travel - Ground,60,USD,paid,Sales,CC-002,PO-32643,INV-654513,Lyft - Travel - Ground,EMP-1025,Pending
TXN-00980,2025-02-15,American Airlines,Travel - Airfare,550,USD,paid,Operations,CC-005,PO-96642,INV-404154,American Airlines - Travel - Airfare,EMP-1020,Approved
TXN-00981,2024-08-14,Staples,Office Supplies,300,USD,paid,Engineering,CC-003,PO-85253,INV-807920,Staples - Office Supplies,EMP-1016,Pending
TXN-00982,2024-08-15,Apple,Hardware - Equipment,799,USD,delivered,Operations,CC-005,PO-72831,INV-624431,Apple - Hardware - Equipment,EMP-1077,Rejected
TXN-00983,2024-02-17,Amazon,Hardware - Equipment,99,USD,paid,Sales,CC-001,PO-52824,INV-700402,Amazon - Hardware - Equipment,EMP-1117,Rejected
TXN-00984,2024-09-17,DHL,Shipping & Logistics,400,USD,delivered,Marketing,CC-004,PO-22414,INV-673606,DHL - Shipping & Logistics,EMP-1086,Approved
TXN-00985,2024-09-27,Comcast,Utilities - Internet,70,USD,invoiced,Engineering,CC-004,PO-53420,INV-912671,Comcast - Utilities - Internet,EMP-1106,Rejected
TXN-00986,2025-02-11,HubSpot,Marketing - Software,1200,USD,paid,HR,CC-001,PO-25550,INV-785264,HubSpot - Marketing - Software,EMP-1209,Pending
TXN-00987,2024-11-05,starbucks,Meals & Entertainment,5,USD,paid,Operations,CC-005,PO-89905,INV-711209,starbucks - Meals & Entertainment,EMP-1084,Rejected
TXN-00988,2024-03-31,AWS,Software - Cloud,2341,USD,pending,HR,CC-004,PO-92452,INV-635385,AWS - Software - Cloud,EMP-1119,Rejected
TXN-00989,2024-03-17,Chipotle,Meals & Entertainment,15,USD,invoiced,HR,CC-005,PO-21491,INV-209291,Chipotle - Meals & Entertainment,EMP-1213,Approved
TXN-00990,2024-06-07,Stripe,Software - Payments,2500,USD,invoiced,Finance,CC-001,PO-17290,INV-278626,Stripe - Software - Payments,EMP-1112,Approved
TXN-00991,2024-05-24,Best Buy,Hardware - Equipment,100,USD,paid,Marketing,CC-003,PO-64862,INV-843808,Best Buy - Hardware - Equipment,EMP-1171,Pending
TXN-00992,2024-08-10,QuickBooks,Accounting Software,120,USD,pending,Finance,CC-004,PO-75821,INV-467420,QuickBooks - Accounting Software,EMP-1100,Rejected
TXN-00993,2024-04-16,AWS,Software - Cloud,500,USD,paid,HR,CC-002,PO-81925,INV-879340,AWS - Software - Cloud,EMP-1033,Pending
TXN-00994,2025-02-07,IKEA,Furniture - Fixed Asset,300,USD,invoiced,Engineering,CC-002,,INV-805633,IKEA - Furniture - Fixed Asset,EMP-1048,Rejected
TXN-00995,2025-02-25,AWS,Software - Cloud,500,USD,invoiced,Operations,CC-005,,INV-103561,AWS - Software - Cloud,EMP-1150,Approved
TXN-00996,2024-05-03,Uber,Travel - Ground,15,USD,invoiced,Marketing,CC-001,,INV-300234,Uber - Travel - Ground,EMP-1085,Pending
TXN-00997,2024-05-30,Best Buy,Hardware - Equipment,100,USD,pending,Engineering,CC-004,PO-90080,INV-957951,Best Buy - Hardware - Equipment,EMP-1234,Approved
TXN-00998,2024-08-08,Southwest Airlines,Travel - Airfare,350,USD,pending,HR,CC-003,PO-52748,INV-352123,Southwest Airlines - Travel - Airfare,EMP-1054,Approved
TXN-00999,2024-01-18,Accenture,Professional Services,7000,USD,pending,Engineering,CC-004,PO-90094,INV-635248,Accenture - Professional Services,EMP-1189,Approved
TXN-01000,2025-02-12,Delta Airlines,Travel - Airfare,900,USD,invoiced,HR,CC-001,,INV-564375,Delta Airlines - Travel - Airfare,EMP-1091,Approved
TXN-01001,2025-02-27,Uber,Travel - Ground,25,USD,pending,Marketing,CC-003,PO-51913,INV-888693,Uber - Travel - Ground,EMP-1033,Pending
TXN-01002,2024-02-06,Zoom,Software - SaaS,100,USD,delivered,Operations,CC-001,PO-88375,INV-982087,Zoom - Software - SaaS,EMP-1119,Approved
TXN-01003,2024-04-01,Lyft,Travel - Ground,40,USD,paid,Finance,CC-003,PO-16262,INV-281466,Lyft - Travel - Ground,EMP-1158,Approved
TXN-01004,2025-01-28,American Airlines,Travel - Airfare,1500,USD,invoiced,Finance,CC-005,PO-32221,INV-906793,American Airlines - Travel - Airfare,EMP-1239,Approved
TXN-01005,2024-10-03,American Airlines,Travel - Airfare,550,USD,paid,Marketing,CC-003,PO-12720,INV-460464,American Airlines - Travel - Airfare,EMP-1198,Rejected
TXN-01006,2024-01-29,Facebook Ads,Marketing - Digital,800,USD,completed,HR,CC-003,PO-66444,INV-710992,Facebook Ads - Marketing - Digital,EMP-1117,Approved
TXN-01007,2024-03-21,AWS,Software - Cloud,500,USD,invoiced,Engineering,CC-002,PO-21959,INV-135889,AWS - Software - Cloud,EMP-1139,Pending
TXN-01008,2024-03-29,Verizon,Utilities - Telecom,200,USD,completed,Operations,CC-001,PO-13238,INV-293770,Verizon - Utilities - Telecom,EMP-1162,Approved
TXN-01009,2025-01-07,Comcast,Utilities - Internet,70,USD,delivered,Operations,CC-002,PO-86023,INV-876235,Comcast - Utilities - Internet,EMP-1065,Rejected
TXN-01010,2024-10-28,DoorDash,Meals & Entertainment,25,USD,completed,Sales,CC-005,PO-96525,INV-769043,DoorDash - Meals & Entertainment,EMP-1188,Approved
TXN-01011,2024-04-21,Google Ads,Marketing - Digital,5000,USD,delivered,Engineering,CC-004,PO-34582,INV-133165,Google Ads - Marketing - Digital,EMP-1079,Approved
TXN-01012,2024-03-27,Starbucks,Meals & Entertainment,5,USD,invoiced,Operations,CC-003,PO-56463,INV-363520,Starbucks - Meals & Entertainment,EMP-1187,Rejected
TXN-01013,2024-11-22,Amazon,Hardware - Equipment,99,USD,pending,Engineering,CC-003,,INV-575966,Amazon - Hardware - Equipment,EMP-1214,Pending
TXN-01014,2024-11-15,United Airlines,Travel - Airfare,450,USD,pending,Sales,CC-003,PO-89859,INV-951101,United Airlines - Travel - Airfare,EMP-1139,Rejected
TXN-01015,2024-06-01,Grubhub,Meals & Entertainment,100,USD,paid,HR,CC-005,PO-75088,INV-982024,Grubhub - Meals & Entertainment,EMP-1115,Approved
TXN-01016,2024-03-28,LinkedIn Ads,Marketing - Digital,400,USD,delivered,Operations,CC-002,PO-47338,INV-178768,LinkedIn Ads - Marketing - Digital,EMP-1226,Pending
TXN-01017,2024-07-09,AT&T,Utilities - Telecom,300,USD,completed,Finance,CC-002,PO-86125,INV-532295,AT&T - Utilities - Telecom,EMP-1064,Pending
TXN-01018,2025-02-22,Google Ads,Marketing - Digital,5000,USD,pending,Finance,CC-001,PO-83589,INV-158175,Google Ads - Marketing - Digital,EMP-1175,Rejected
TXN-01019,2024-05-13,Facebook Ads,Marketing - Digital,2000,USD,invoiced,Operations,CC-004,PO-72784,INV-653673,Facebook Ads - Marketing - Digital,EMP-1085,Pending
TXN-01020,2024-09-13,Marriott Hotels,Travel - Lodging,150,USD,delivered,HR,CC-005,PO-78092,INV-579166,Marriott Hotels - Travel - Lodging,EMP-1214,Pending
TXN-01021,2024-11-05,Amazon Business,Office Supplies,250,USD,delivered,Sales,CC-004,PO-18946,INV-760129,Amazon Business - Office Supplies,EMP-1049,Rejected
TXN-01022,2024-05-20,McKinsey,Professional Services,60000,USD,delivered,HR,CC-003,PO-59939,INV-591756,McKinsey - Professional Services,EMP-1189,Approved
TXN-01023,2024-01-18,QuickBooks,Accounting Software,300,USD,delivered,Engineering,CC-005,PO-67644,INV-189512,QuickBooks - Accounting Software,EMP-1049,Rejected
TXN-01024,2024-06-29,McKinsey,Professional Services,15000,USD,invoiced,Sales,CC-001,PO-38569,INV-750388,McKinsey - Professional Services,EMP-1139,Pending
TXN-01025,2024-02-04,IKEA,Furniture - Fixed Asset,600,USD,pending,Operations,CC-005,PO-98274,INV-118871,IKEA - Furniture - Fixed Asset,EMP-1133,Pending
TXN-01026,2024-06-06,Hilton Hotels,Travel - Lodging,700,USD,invoiced,Sales,CC-003,,INV-509437,Hilton Hotels - Travel - Lodging,EMP-1083,Rejected
TXN-01027,2024-08-30,Datadog,Software - Monitoring,1500,USD,pending,HR,CC-001,PO-58436,INV-135852,Datadog - Software - Monitoring,EMP-1155,Rejected
TXN-01028,2024-01-19,UberEats,Meals & Entertainment,20,USD,completed,HR,CC-005,,INV-742665,UberEats - Meals & Entertainment,EMP-1179,Approved
TXN-01029,2025-02-06,Dell,Hardware - Equipment,1200,USD,invoiced,HR,CC-003,PO-37600,INV-434018,Dell - Hardware - Equipment,EMP-1140,Rejected
TXN-01030,2024-05-31,Southwest Airlines,Travel - Airfare,1000,USD,completed,Finance,CC-002,PO-56939,INV-872077,Southwest Airlines - Travel - Airfare,EMP-1051,Pending
TXN-01031,2024-04-10,American Airlines,Travel - Airfare,1500,USD,delivered,Operations,CC-004,PO-52988,INV-232062,American Airlines - Travel - Airfare,EMP-1205,Approved
TXN-01032,2025-01-14,Starbucks,Meals & Entertainment,5,USD,invoiced,Finance,CC-005,PO-68409,INV-304487,Starbucks - Meals & Entertainment,EMP-1175,Pending
TXN-01033,2025-02-25,Twilio,Software - Communications,1000,USD,delivered,Operations,CC-001,PO-19761,INV-157511,Twilio - Software - Communications,EMP-1036,Approved
TXN-01034,2025-02-24,DHL,Shipping & Logistics,400,USD,paid,Engineering,CC-004,PO-63172,INV-635158,DHL - Shipping & Logistics,EMP-1040,Approved
TXN-01035,2025-01-16,Grubhub,Meals & Entertainment,50,USD,invoiced,Finance,CC-004,,INV-458632,Grubhub - Meals & Entertainment,EMP-1246,Rejected
TXN-01036,2024-05-24,Grubhub,Meals & Entertainment,180,USD,pending,Finance,CC-003,PO-60607,INV-892505,Grubhub - Meals & Entertainment,EMP-1167,Pending
TXN-01037,2024-03-26,PwC,Professional Services,8000,USD,delivered,Engineering,CC-001,PO-14937,INV-238228,PwC - Professional Services,EMP-1182,Pending
TXN-01038,2024-05-21,Apple,Hardware - Equipment,799,USD,delivered,Operations,CC-001,PO-38564,INV-763463,Apple - Hardware - Equipment,EMP-1048,Rejected
TXN-01039,2024-02-24,Grubhub,Meals & Entertainment,25,USD,paid,Finance,CC-002,PO-38507,INV-259090,Grubhub - Meals & Entertainment,EMP-1200,Pending
TXN-01040,2024-09-26,McKinsey,Professional Services,30000,USD,delivered,Marketing,CC-001,PO-34414,INV-319933,McKinsey - Professional Services,EMP-1128,Rejected
TXN-01041,2025-03-03,United Airlines,Travel - Airfare,850,USD,completed,Engineering,CC-005,PO-12671,INV-957256,United Airlines - Travel - Airfare,EMP-1073,Approved
TXN-01042,2024-12-25,Uber Inc,Travel - Ground,25,USD,paid,Sales,CC-003,PO-10085,INV-988937,Uber Inc - Travel - Ground,EMP-1238,Pending
TXN-01043,2024-08-15,Accenture,Professional Services,7000,USD,paid,Engineering,CC-002,PO-12488,INV-536248,Accenture - Professional Services,EMP-1073,Pending
TXN-01044,2024-11-17,Amazon,Hardware - Equipment,2499,USD,delivered,Operations,CC-002,PO-46117,INV-507017,Amazon - Hardware - Equipment,EMP-1147,Approved
TXN-01045,2024-03-30,QuickBooks,Accounting Software,600,USD,paid,HR,CC-002,PO-83417,INV-909832,QuickBooks - Accounting Software,EMP-1020,Rejected
TXN-01046,2024-12-27,QuickBooks,Accounting Software,300,USD,delivered,Operations,CC-001,PO-66548,INV-732319,QuickBooks - Accounting Software,EMP-1230,Approved
TXN-01047,2024-05-07,Xero,Accounting Software,200,USD,invoiced,Marketing,CC-002,PO-93085,INV-942742,Xero - Accounting Software,EMP-1093,Approved
TXN-01048,2024-01-16,PwC,Professional Services,8000,USD,completed,Sales,CC-005,,INV-713982,PwC - Professional Services,EMP-1225,Rejected
TXN-01049,2024-09-20,Lyft,Travel - Ground,12,USD,delivered,Operations,CC-003,PO-38172,INV-347420,Lyft - Travel - Ground,EMP-1092,Approved
TXN-01050,2025-01-22,Delta Airlines Inc,Travel - Airfare,500,USD,delivered,Sales,CC-001,PO-56001,INV-190543,Delta Airlines Inc - Travel - Airfare,EMP-1025,Pending
TXN-01051,2024-11-04,Office Depot,Office Supplies,350,USD,paid,Operations,CC-001,PO-16465,INV-854345,Office Depot - Office Supplies,EMP-1235,Rejected
TXN-01052,2024-04-15,Microsoft Azure Inc,Software - Cloud,800,USD,delivered,Engineering,CC-004,,INV-906012,Microsoft Azure Inc - Software - Cloud,EMP-1249,Pending
TXN-01053,2024-06-01,AWS,Software - Cloud,500,USD,paid,Engineering,CC-004,PO-50730,INV-827391,AWS - Software - Cloud,EMP-1212,Rejected
TXN-01054,2024-03-29,Airbnb,Travel - Lodging,300,USD,pending,Engineering,CC-001,PO-40426,INV-195361,Airbnb - Travel - Lodging,EMP-1248,Rejected
TXN-01055,2025-01-01,Accenture,Professional Services,35000,USD,pending,Sales,CC-004,PO-57723,INV-531627,Accenture - Professional Services,EMP-1155,Rejected
TXN-01056,2024-06-18,Southwest Airlines,Travel - Airfare,350,USD,paid,Marketing,CC-001,PO-29965,INV-593056,Southwest Airlines - Travel - Airfare,EMP-1185,Approved
TXN-01057,2025-01-12,DoorDash,Meals & Entertainment,25,USD,paid,Marketing,CC-004,PO-91331,INV-781747,DoorDash - Meals & Entertainment,EMP-1122,Rejected
TXN-01058,2025-03-14,Comcast,Utilities - Internet,120,USD,delivered,HR,CC-001,PO-54207,INV-446559,Comcast - Utilities - Internet,EMP-1068,Rejected
TXN-01059,2024-10-03,Zoom,Software - SaaS,100,USD,paid,Finance,CC-001,PO-93941,INV-118854,Zoom - Software - SaaS,EMP-1040,Pending
TXN-01060,2024-11-16,UberEats,Meals & Entertainment,20,USD,invoiced,Marketing,CC-004,PO-77674,INV-184637,UberEats - Meals & Entertainment,EMP-1154,Approved
TXN-01061,2024-11-07,Chipotle,Meals & Entertainment,25,USD,invoiced,Operations,CC-005,,INV-181403,Chipotle - Meals & Entertainment,EMP-1181,Approved
TXN-01062,2024-04-17,Amazon,Hardware - Equipment,2499,USD,delivered,Sales,CC-001,PO-74806,INV-184272,Amazon - Hardware - Equipment,EMP-1192,Pending
TXN-01063,2024-12-04,Apple,Hardware - Equipment,799,USD,paid,Operations,CC-005,,INV-453532,Apple - Hardware - Equipment,EMP-1045,Rejected
TXN-01064,2025-01-30,Delta Airlines,Travel - Airfare,1400,USD,completed,Finance,CC-005,PO-59651,INV-143083,Delta Airlines - Travel - Airfare,EMP-1080,Pending
TXN-01065,2024-09-28,IKEA,Furniture - Fixed Asset,100,USD,paid,Sales,CC-004,PO-85230,INV-736115,IKEA - Furniture - Fixed Asset,EMP-1184,Approved
TXN-01066,2024-05-13,DoorDash,Meals & Entertainment,200,USD,invoiced,HR,CC-003,PO-24863,INV-151666,DoorDash - Meals & Entertainment,EMP-1140,Rejected
TXN-01067,2024-11-19,Twilio,Software - Communications,200,USD,completed,Marketing,CC-005,PO-17236,INV-795986,Twilio - Software - Communications,EMP-1031,Pending
TXN-01068,2024-03-31,Uber,Travel - Ground,25,USD,completed,Finance,CC-004,PO-29741,INV-177453,Uber - Travel - Ground,EMP-1225,Rejected
TXN-01069,2024-11-29,IKEA,Furniture - Fixed Asset,100,USD,invoiced,Finance,CC-003,PO-59282,INV-294743,IKEA - Furniture - Fixed Asset,EMP-1129,Pending
TXN-01070,2025-03-17,Marriott Hotels,Travel - Lodging,150,USD,pending,HR,CC-004,PO-35543,INV-914870,Marriott Hotels - Travel - Lodging,EMP-1044,Rejected
TXN-01071,2025-01-27,Xero,Accounting Software,400,USD,pending,Operations,CC-005,PO-49141,INV-955529,Xero - Accounting Software,EMP-1137,Approved
TXN-01072,2024-12-04,Best Buy,Hardware - Equipment,1200,USD,invoiced,Operations,CC-003,,INV-864051,Best Buy - Hardware - Equipment,EMP-1074,Pending
TXN-01073,2024-10-11,Twilio,Software - Communications,500,USD,pending,Engineering,CC-001,PO-58734,INV-227320,Twilio - Software - Communications,EMP-1010,Pending
TXN-01074,2024-12-08,Stripe,Software - Payments,100,USD,invoiced,Engineering,CC-004,,INV-602823,Stripe - Software - Payments,EMP-1129,Pending
TXN-01075,2024-11-21,PwC,Professional Services,4000,USD,invoiced,Operations,CC-001,PO-49108,INV-107472,PwC - Professional Services,EMP-1138,Pending
TXN-01076,2024-02-21,Restaurants.com,Meals & Entertainment,300,USD,pending,Operations,CC-001,PO-78323,INV-201372,Restaurants.com - Meals & Entertainment,EMP-1012,Pending
TXN-01077,2024-05-09,McKinsey,Professional Services,30000,USD,paid,Finance,CC-005,PO-31691,INV-389594,McKinsey - Professional Services,EMP-1032,Rejected
TXN-01078,2025-03-31,Steelcase,Furniture - Fixed Asset,2500,USD,paid,Marketing,CC-003,PO-34532,INV-917027,Steelcase - Furniture - Fixed Asset,EMP-1178,Pending
TXN-01079,2024-01-17,Lenovo,Hardware - Equipment,400,USD,delivered,Marketing,CC-002,PO-89131,INV-871356,Lenovo - Hardware - Equipment,EMP-1222,Approved
TXN-01080,2024-03-11,Office Depot,Office Supplies,75,USD,delivered,Operations,CC-002,PO-64058,INV-948835,Office Depot - Office Supplies,EMP-1072,Rejected
TXN-01081,2024-08-28,UberEats,Meals & Entertainment,20,USD,completed,Operations,CC-003,PO-85135,INV-145996,UberEats - Meals & Entertainment,EMP-1153,Approved
TXN-01082,2024-04-21,Time Warner,Utilities - Internet,100,USD,pending,Engineering,CC-005,PO-41659,INV-229918,Time Warner - Utilities - Internet,EMP-1072,Approved
TXN-01083,2025-03-14,AWS,Software - Cloud,500,USD,invoiced,Finance,CC-003,PO-32607,INV-797711,AWS - Software - Cloud,EMP-1244,Rejected
TXN-01084,2025-03-18,Slack,Software - SaaS,299,USD,invoiced,Sales,CC-003,PO-67609,INV-493735,Slack - Software - SaaS,EMP-1029,Pending
TXN-01085,2025-02-10,UPS,Shipping & Logistics,120,USD,completed,Sales,CC-002,PO-68204,INV-444137,UPS - Shipping & Logistics,EMP-1025,Rejected
TXN-01086,2024-12-27,Best Buy,Hardware - Equipment,100,USD,invoiced,HR,CC-005,PO-21598,INV-131282,Best Buy - Hardware - Equipment,EMP-1195,Rejected
TXN-01087,2025-03-02,Google Ads,Marketing - Digital,5000,USD,completed,Engineering,CC-004,PO-63075,INV-405348,Google Ads - Marketing - Digital,EMP-1114,Pending
TXN-01088,2024-10-07,Zoom,Software - SaaS,299,USD,pending,Operations,CC-001,PO-82775,INV-309859,Zoom - Software - SaaS,EMP-1143,Rejected
TXN-01089,2024-11-23,Xero,Accounting Software,200,USD,paid,Marketing,CC-005,PO-96275,INV-966354,Xero - Accounting Software,EMP-1075,Pending
TXN-01090,2024-10-17,Lyft,Travel - Ground,60,USD,pending,Finance,CC-002,PO-70037,INV-198873,Lyft - Travel - Ground,EMP-1144,Approved
TXN-01091,2024-12-16,Steelcase,Furniture - Fixed Asset,2500,USD,paid,Engineering,CC-001,PO-98308,INV-905110,Steelcase - Furniture - Fixed Asset,EMP-1074,Approved
TXN-01092,2025-01-26,United Airlines,Travel - Airfare,450,USD,invoiced,Sales,CC-004,PO-13142,INV-764341,United Airlines - Travel - Airfare,EMP-1102,Rejected
TXN-01093,2024-12-17,Apple,Hardware - Equipment,1999,USD,delivered,Marketing,CC-003,PO-82899,INV-837508,Apple - Hardware - Equipment,EMP-1068,Pending
TXN-01094,2024-11-23,Slack,Software - SaaS,125,USD,invoiced,Sales,CC-004,PO-20820,INV-885526,Slack - Software - SaaS,EMP-1162,Approved
TXN-01095,2024-10-13,DHL,Shipping & Logistics,60,USD,completed,Sales,CC-003,PO-61775,INV-983567,DHL - Shipping & Logistics,EMP-1023,Pending
TXN-01096,2024-11-26,Amazon,Hardware - Equipment,599,USD,delivered,Operations,CC-002,PO-96170,INV-707520,Amazon - Hardware - Equipment,EMP-1180,Rejected
TXN-01097,2024-08-12,Steelcase,Furniture - Fixed Asset,1800,USD,delivered,Engineering,CC-003,PO-14124,INV-248264,Steelcase - Furniture - Fixed Asset,EMP-1202,Approved
TXN-01098,2025-03-01,Deloitte,Professional Services,50000,USD,completed,Sales,CC-005,PO-61395,INV-423374,Deloitte - Professional Services,EMP-1019,Approved
TXN-01099,2024-04-01,Deloitte,Professional Services,50000,USD,paid,HR,CC-005,,INV-742746,Deloitte - Professional Services,EMP-1063,Approved
TXN-01100,2024-08-10,Amazon Business,Office Supplies,250,USD,invoiced,Engineering,CC-001,PO-71737,INV-468647,Amazon Business - Office Supplies,EMP-1046,Rejected
TXN-01101,2024-08-24,BEST BUY,Hardware - Equipment,100,USD,paid,HR,CC-001,PO-47480,INV-971201,BEST BUY - Hardware - Equipment,EMP-1005,Approved
TXN-01102,2024-09-13,Office Depot,Office Supplies,350,USD,paid,Marketing,CC-001,PO-99686,INV-970854,Office Depot - Office Supplies,EMP-1059,Pending
TXN-01103,2024-12-14,Office Depot,Office Supplies,75,USD,delivered,HR,CC-002,PO-64296,INV-835835,Office Depot - Office Supplies,EMP-1196,Rejected
TXN-01104,2024-03-12,Facebook Ads,Marketing - Digital,4000,USD,paid,Sales,CC-002,PO-19783,INV-972627,Facebook Ads - Marketing - Digital,EMP-1182,Pending
TXN-01105,2025-02-12,LinkedIn Ads,Marketing - Digital,2500,USD,delivered,HR,CC-001,PO-61166,INV-802957,LinkedIn Ads - Marketing - Digital,EMP-1090,Rejected
TXN-01106,2024-05-15,Hilton Hotels,Travel - Lodging,220,USD,completed,Sales,CC-005,PO-40214,INV-428854,Hilton Hotels - Travel - Lodging,EMP-1236,Approved
TXN-01107,2024-07-08,Uber,Travel - Ground,65,USD,pending,Marketing,CC-002,PO-80383,INV-998625,Uber - Travel - Ground,EMP-1207,Approved
TXN-01108,2024-09-25,PwC,Professional Services,40000,USD,delivered,Engineering,CC-003,PO-32759,INV-403576,PwC - Professional Services,EMP-1239,Approved
TXN-01109,2024-09-18,AWS,Software - Cloud,5000,USD,paid,Operations,CC-002,PO-48905,INV-147154,AWS - Software - Cloud,EMP-1160,Approved
TXN-01110,2024-10-12,Zoom,Software - SaaS,599,USD,delivered,Engineering,CC-003,PO-51905,INV-359804,Zoom - Software - SaaS,EMP-1176,Rejected
TXN-01111,2024-11-11,QuickBooks,Accounting Software,300,USD,invoiced,Marketing,CC-001,,INV-858914,QuickBooks - Accounting Software,EMP-1227,Approved
TXN-01112,2024-03-24,McKinsey,Professional Services,60000,USD,completed,Sales,CC-005,,INV-509951,McKinsey - Professional Services,EMP-1194,Rejected
TXN-01113,2024-03-10,American Airlines,Travel - Airfare,1500,USD,invoiced,Finance,CC-002,PO-22377,INV-264343,American Airlines - Travel - Airfare,EMP-1149,Pending
TXN-01114,2024-03-20,Chipotle,Meals & Entertainment,10,USD,pending,HR,CC-003,PO-64265,INV-782573,Chipotle - Meals & Entertainment,EMP-1009,Pending
TXN-01115,2025-01-17,airbnb,Travel - Lodging,80,USD,invoiced,Marketing,CC-002,PO-62468,INV-690768,airbnb - Travel - Lodging,EMP-1105,Pending
TXN-01116,2024-05-25,Hilton Hotels,Travel - Lodging,400,USD,completed,Engineering,CC-005,PO-34277,INV-904280,Hilton Hotels - Travel - Lodging,EMP-1023,Pending
TXN-01117,2024-07-19,FedEx,Shipping & Logistics,100,USD,invoiced,Engineering,CC-002,PO-51538,INV-844110,FedEx - Shipping & Logistics,EMP-1145,Approved
TXN-01118,2024-10-14,Steelcase,Furniture - Fixed Asset,1000,USD,pending,Finance,CC-005,,INV-147482,Steelcase - Furniture - Fixed Asset,EMP-1098,Pending
TXN-01119,2025-03-17,Restaurants.com,Meals & Entertainment,300,USD,paid,Engineering,CC-001,,INV-786777,Restaurants.com - Meals & Entertainment,EMP-1208,Approved
TXN-01120,2024-12-21,Airbnb,Travel - Lodging,80,USD,delivered,Engineering,CC-003,PO-92031,INV-495533,Airbnb - Travel - Lodging,EMP-1140,Approved
TXN-01121,2024-01-05,Stripe,Software - Payments,1250,USD,paid,Operations,CC-001,PO-97030,INV-686097,Stripe - Software - Payments,EMP-1190,Approved
TXN-01122,2024-08-25,LawDepot,Legal Services,500,USD,delivered,Engineering,CC-003,PO-13015,INV-284872,LawDepot - Legal Services,EMP-1147,Pending
TXN-01123,2024-09-15,United Airlines,Travel - Airfare,2500,USD,paid,Finance,CC-004,,INV-624615,United Airlines - Travel - Airfare,EMP-1248,Rejected
TXN-01124,2024-11-09,Comcast,Utilities - Internet,200,USD,pending,Marketing,CC-002,PO-92490,INV-196645,Comcast - Utilities - Internet,EMP-1043,Rejected
TXN-01125,2024-08-03,Google Ads,Marketing - Digital,500,USD,invoiced,HR,CC-005,PO-16115,INV-533296,Google Ads - Marketing - Digital,EMP-1044,Rejected
TXN-01126,2025-02-11,Apple,Hardware - Equipment,199,USD,paid,Engineering,CC-002,PO-29712,INV-283269,Apple - Hardware - Equipment,EMP-1205,Approved
TXN-01127,2024-05-30,Time Warner,Utilities - Internet,180,USD,paid,Operations,CC-005,PO-27743,INV-674286,Time Warner - Utilities - Internet,EMP-1245,Rejected
TXN-01128,2024-03-19,Verizon,Utilities - Telecom,100,USD,completed,Operations,CC-004,PO-84615,INV-447219,Verizon - Utilities - Telecom,EMP-1195,Pending
TXN-01129,2024-12-29,Dell,Hardware - Equipment,1200,USD,paid,HR,CC-002,PO-13792,INV-967443,Dell - Hardware - Equipment,EMP-1126,Approved
TXN-01130,2025-03-06,Delta Airlines,Travel - Airfare,280,USD,pending,Marketing,CC-005,PO-36653,INV-625717,Delta Airlines - Travel - Airfare,EMP-1020,Rejected
TXN-01131,2025-03-11,United Airlines,Travel - Airfare,850,USD,invoiced,Finance,CC-002,PO-80079,INV-659286,United Airlines - Travel - Airfare,EMP-1019,Approved
TXN-01132,2024-09-21,Herman Miller,Furniture - Fixed Asset,1200,USD,completed,Engineering,CC-005,PO-27385,INV-579760,Herman Miller - Furniture - Fixed Asset,EMP-1179,Approved
TXN-01133,2024-04-25,Office Depot,Office Supplies,350,USD,invoiced,Sales,CC-002,PO-64836,INV-870278,Office Depot - Office Supplies,EMP-1250,Pending
TXN-01134,2024-05-03,Microsoft Azure,Software - Cloud,300,USD,pending,Finance,CC-003,PO-19119,INV-916886,Microsoft Azure - Software - Cloud,EMP-1231,Rejected
TXN-01135,2025-02-01,Salesforce,Software - SaaS,600,USD,pending,Finance,CC-002,PO-62187,INV-505163,Salesforce - Software - SaaS,EMP-1184,Rejected
TXN-01136,2024-04-18,Facebook Ads,Marketing - Digital,800,USD,delivered,Marketing,CC-005,PO-48875,INV-373620,Facebook Ads - Marketing - Digital,EMP-1109,Rejected
TXN-01137,2024-03-02,Google Ads,Marketing - Digital,5000,USD,paid,HR,CC-001,PO-17762,INV-896922,Google Ads - Marketing - Digital,EMP-1048,Pending
TXN-01138,2025-02-10,Dell,Hardware - Equipment,500,USD,completed,Sales,CC-002,,INV-704973,Dell - Hardware - Equipment,EMP-1192,Pending
TXN-01139,2024-06-12,PwC,Professional Services,8000,USD,completed,Finance,CC-005,PO-20118,INV-264783,PwC - Professional Services,EMP-1211,Pending
TXN-01140,2024-07-15,AWS,Software - Cloud,1000,USD,pending,HR,CC-004,PO-94311,INV-585170,AWS - Software - Cloud,EMP-1229,Pending
TXN-01141,2024-03-08,GitHub,Software - Development,500,USD,completed,HR,CC-003,PO-95633,INV-365973,GitHub - Software - Development,EMP-1171,Pending
TXN-01142,2024-12-17,GitHub,Software - Development,500,USD,pending,Operations,CC-005,PO-73109,INV-429164,GitHub - Software - Development,EMP-1159,Approved
TXN-01143,2025-03-05,Amazon,Hardware - Equipment,99,USD,paid,Marketing,CC-003,PO-67208,INV-602634,Amazon - Hardware - Equipment,EMP-1156,Approved
TXN-01144,2024-04-30,Office Depot,Office Supplies,75,USD,pending,Operations,CC-004,PO-44335,INV-758462,Office Depot - Office Supplies,EMP-1211,Rejected
TXN-01145,2024-10-20,LawDepot,Legal Services,2500,USD,completed,Operations,CC-005,PO-75419,INV-122829,LawDepot - Legal Services,EMP-1065,Approved
TXN-01146,2024-11-11,Airbnb,Travel - Lodging,300,USD,invoiced,Marketing,CC-005,PO-72355,INV-581327,Airbnb - Travel - Lodging,EMP-1211,Rejected
TXN-01147,2024-04-26,Verizon,Utilities - Telecom,350,USD,delivered,Sales,CC-004,PO-21421,INV-109446,Verizon - Utilities - Telecom,EMP-1118,Pending
TXN-01148,2024-02-09,Time Warner,Utilities - Internet,60,USD,delivered,Sales,CC-005,PO-46281,INV-618916,Time Warner - Utilities - Internet,EMP-1219,Pending
TXN-01149,2025-02-13,PwC,Professional Services,4000,USD,completed,Marketing,CC-001,PO-16212,INV-543091,PwC - Professional Services,EMP-1164,Pending
TXN-01150,2024-05-30,Zoom,Software - SaaS,100,USD,invoiced,Sales,CC-004,PO-40452,INV-307015,Zoom - Software - SaaS,EMP-1170,Pending
TXN-01151,2024-12-25,Google Cloud,Software - Cloud,950,USD,paid,Sales,CC-004,PO-87708,INV-678990,Google Cloud - Software - Cloud,EMP-1138,Rejected
TXN-01152,2025-03-01,Airbnb,Travel - Lodging,300,USD,completed,Marketing,CC-004,PO-62210,INV-841835,Airbnb - Travel - Lodging,EMP-1240,Pending
TXN-01153,2024-04-20,Lyft,Travel - Ground,12,USD,delivered,Finance,CC-005,PO-81593,INV-642602,Lyft - Travel - Ground,EMP-1158,Rejected
TXN-01154,2024-06-13,Marriott Hotels,Travel - Lodging,150,USD,paid,Finance,CC-003,PO-87324,INV-636838,Marriott Hotels - Travel - Lodging,EMP-1116,Approved
TXN-01155,2024-03-28,Xero,Accounting Software,200,USD,invoiced,Engineering,CC-003,PO-89342,INV-134944,Xero - Accounting Software,EMP-1005,Approved
TXN-01156,2025-02-10,Best Buy,Hardware - Equipment,100,USD,completed,Operations,CC-001,PO-96911,INV-201510,Best Buy - Hardware - Equipment,EMP-1124,Rejected
TXN-01157,2024-11-23,American Airlines,Travel - Airfare,1500,USD,delivered,Marketing,CC-002,PO-13852,INV-989967,American Airlines - Travel - Airfare,EMP-1070,Approved
TXN-01158,2024-10-02,Grubhub,Meals & Entertainment,100,USD,pending,Sales,CC-005,PO-27697,INV-922473,Grubhub - Meals & Entertainment,EMP-1156,Pending
TXN-01159,2024-11-12,Delta Airlines,Travel - Airfare,1400,USD,invoiced,HR,CC-005,PO-37278,INV-323171,Delta Airlines - Travel - Airfare,EMP-1199,Approved
TXN-01160,2024-06-07,Lenovo,Hardware - Equipment,2000,USD,invoiced,Engineering,CC-001,PO-88998,INV-962980,Lenovo - Hardware - Equipment,EMP-1211,Pending
TXN-01161,2024-08-09,PwC,Professional Services,4000,USD,pending,Marketing,CC-001,PO-84717,INV-818507,PwC - Professional Services,EMP-1080,Approved
TXN-01162,2024-02-25,Steelcase,Furniture - Fixed Asset,1800,USD,completed,Finance,CC-005,PO-66837,INV-546748,Steelcase - Furniture - Fixed Asset,EMP-1201,Approved
TXN-01163,2024-06-18,Uber,Travel - Ground,25,USD,paid,Sales,CC-005,PO-68391,INV-959738,Uber - Travel - Ground,EMP-1083,Rejected
TXN-01164,2024-11-01,PwC,Professional Services,4000,USD,delivered,Operations,CC-002,PO-52835,INV-654032,PwC - Professional Services,EMP-1042,Approved
TXN-01165,2024-06-04,Herman Miller,Furniture - Fixed Asset,1200,USD,delivered,Engineering,CC-002,PO-33981,INV-125211,Herman Miller - Furniture - Fixed Asset,EMP-1240,Approved
TXN-01166,2024-10-02,Chipotle,Meals & Entertainment,25,USD,delivered,Operations,CC-002,PO-88746,INV-406846,Chipotle - Meals & Entertainment,EMP-1232,Rejected
TXN-01167,2024-10-11,Salesforce,Software - SaaS,2500,USD,paid,Sales,CC-005,PO-78317,INV-824851,Salesforce - Software - SaaS,EMP-1022,Approved
TXN-01168,2024-05-08,Delta Airlines,Travel - Airfare,1400,USD,pending,Sales,CC-005,PO-44095,INV-690962,Delta Airlines - Travel - Airfare,EMP-1233,Approved
TXN-01169,2024-06-13,Slack,Software - SaaS,299,USD,paid,Operations,CC-005,PO-21294,INV-975775,Slack - Software - SaaS,EMP-1117,Pending
TXN-01170,2024-03-29,Amazon,Hardware - Equipment,299,USD,paid,Marketing,CC-005,PO-76851,INV-263578,Amazon - Hardware - Equipment,EMP-1001,Approved
TXN-01171,2024-09-19,Zoom,Software - SaaS,200,USD,pending,Operations,CC-002,PO-67597,INV-152954,Zoom - Software - SaaS,EMP-1095,Rejected
TXN-01172,2024-08-01,FedEx,Shipping & Logistics,20,USD,completed,Engineering,CC-005,PO-71513,INV-264818,FedEx - Shipping & Logistics,EMP-1056,Rejected
TXN-01173,2024-06-26,LinkedIn Ads,Marketing - Digital,1000,USD,paid,Sales,CC-002,PO-81664,INV-591158,LinkedIn Ads - Marketing - Digital,EMP-1001,Approved
TXN-01174,2024-07-05,LawDepot,Legal Services,1000,USD,pending,Sales,CC-001,PO-15092,INV-505143,LawDepot - Legal Services,EMP-1004,Pending
TXN-01175,2025-02-12,Dell,Hardware - Equipment,2500,USD,paid,Engineering,CC-004,PO-47413,INV-305573,Dell - Hardware - Equipment,EMP-1058,Rejected
TXN-01176,2024-01-19,Office Depot,Office Supplies,200,USD,pending,HR,CC-001,PO-85159,INV-457678,Office Depot - Office Supplies,EMP-1155,Approved
TXN-01177,2024-12-19,ikea,Furniture - Fixed Asset,1200,USD,paid,Engineering,CC-002,PO-78778,INV-465058,ikea - Furniture - Fixed Asset,EMP-1057,Rejected
TXN-01178,2024-10-05,DoorDash,Meals & Entertainment,50,USD,delivered,HR,CC-002,PO-32822,INV-903000,DoorDash - Meals & Entertainment,EMP-1066,Rejected
TXN-01179,2024-03-20,Google Ads,Marketing - Digital,500,USD,pending,Sales,CC-002,PO-43673,INV-974599,Google Ads - Marketing - Digital,EMP-1118,Pending
TXN-01180,2025-03-14,Twilio,Software - Communications,500,USD,delivered,Engineering,CC-001,PO-89860,INV-649586,Twilio - Software - Communications,EMP-1047,Pending
TXN-01181,2024-04-02,Marriott Hotels,Travel - Lodging,250,USD,completed,Marketing,CC-001,PO-82215,INV-365062,Marriott Hotels - Travel - Lodging,EMP-1103,Approved
TXN-01182,2024-04-05,Dell,Hardware - Equipment,2500,USD,paid,Engineering,CC-003,PO-90117,INV-608898,Dell - Hardware - Equipment,EMP-1040,Pending
TXN-01183,2024-05-26,American Airlines,Travel - Airfare,550,USD,invoiced,Marketing,CC-004,,INV-572801,American Airlines - Travel - Airfare,EMP-1243,Pending
TXN-01184,2025-02-23,Best Buy,Hardware - Equipment,1200,USD,pending,HR,CC-005,PO-38723,INV-605939,Best Buy - Hardware - Equipment,EMP-1017,Rejected
TXN-01185,2024-08-09,GitHub,Software - Development,500,USD,delivered,Finance,CC-002,PO-76739,INV-627290,GitHub - Software - Development,EMP-1003,Pending
TXN-01186,2025-01-21,Google Ads,Marketing - Digital,5000,USD,pending,Sales,CC-005,PO-41926,INV-662430,Google Ads - Marketing - Digital,EMP-1125,Pending
TXN-01187,2024-06-15,Steelcase,Furniture - Fixed Asset,2500,USD,pending,Operations,CC-004,PO-35309,INV-378939,Steelcase - Furniture - Fixed Asset,EMP-1193,Approved
TXN-01188,2024-08-16,HubSpot,Marketing - Software,500,USD,paid,Engineering,CC-004,PO-19223,INV-917234,HubSpot - Marketing - Software,EMP-1033,Approved
TXN-01189,2025-03-24,Southwest Airlines,Travel - Airfare,650,USD,pending,HR,CC-003,PO-21841,INV-359593,Southwest Airlines - Travel - Airfare,EMP-1133,Rejected
TXN-01190,2024-08-06,Deloitte,Professional Services,5000,USD,delivered,Marketing,CC-005,PO-50981,INV-629768,Deloitte - Professional Services,EMP-1055,Pending
TXN-01191,2024-06-25,Lenovo,Hardware - Equipment,1000,USD,delivered,Finance,CC-001,PO-97995,INV-692449,Lenovo - Hardware - Equipment,EMP-1059,Pending
TXN-01192,2025-02-09,LawDepot,Legal Services,500,USD,paid,Marketing,CC-003,PO-45870,INV-459392,LawDepot - Legal Services,EMP-1192,Pending
TXN-01193,2024-06-30,Southwest Airlines,Travel - Airfare,150,USD,invoiced,Engineering,CC-002,PO-88226,INV-123800,Southwest Airlines - Travel - Airfare,EMP-1181,Rejected
TXN-01194,2024-09-28,Microsoft Azure,Software - Cloud,1500,USD,delivered,Marketing,CC-004,PO-59506,INV-440147,Microsoft Azure - Software - Cloud,EMP-1118,Pending
TXN-01195,2024-12-10,Xero,Accounting Software,400,USD,invoiced,Finance,CC-004,PO-39309,INV-238115,Xero - Accounting Software,EMP-1226,Pending
TXN-01196,2024-06-06,Salesforce,Software - SaaS,1200,USD,delivered,Operations,CC-002,PO-10853,INV-939107,Salesforce - Software - SaaS,EMP-1212,Rejected
TXN-01197,2024-01-11,Google Ads Inc,Marketing - Digital,500,USD,delivered,Operations,CC-004,PO-18374,INV-726805,Google Ads Inc - Marketing - Digital,EMP-1193,Pending
TXN-01198,2024-01-25,Apple,Hardware - Equipment,1999,USD,pending,Marketing,CC-002,PO-20113,INV-501680,Apple - Hardware - Equipment,EMP-1030,Pending
TXN-01199,2025-03-03,Verizon,Utilities - Telecom,350,USD,completed,Operations,CC-004,PO-91125,INV-856867,Verizon - Utilities - Telecom,EMP-1192,Pending
TXN-01200,2024-06-13,Lenovo,Hardware - Equipment,2000,USD,pending,Engineering,CC-005,PO-24056,INV-545041,Lenovo - Hardware - Equipment,EMP-1104,Approved
TXN-01201,2024-07-24,HubSpot,Marketing - Software,500,USD,pending,Marketing,CC-005,PO-50503,INV-199682,HubSpot - Marketing - Software,EMP-1232,Pending
TXN-01202,2024-12-08,Staples,Office Supplies,50,USD,completed,Finance,CC-001,,INV-732076,Staples - Office Supplies,EMP-1044,Approved
TXN-01203,2024-08-30,PwC,Professional Services,40000,USD,invoiced,Marketing,CC-002,PO-16816,INV-877015,PwC - Professional Services,EMP-1245,Approved
TXN-01204,2024-05-13,American Airlines,Travel - Airfare,550,USD,pending,Marketing,CC-001,PO-30257,INV-173158,American Airlines - Travel - Airfare,EMP-1210,Rejected
TXN-01205,2025-02-10,Microsoft Azure,Software - Cloud,300,USD,completed,Engineering,CC-003,PO-66388,INV-302500,Microsoft Azure - Software - Cloud,EMP-1019,Approved
TXN-01206,2024-09-16,AWS,Software - Cloud,5000,USD,invoiced,HR,CC-005,PO-23431,INV-752167,AWS - Software - Cloud,EMP-1193,Rejected
TXN-01207,2025-01-08,Google Cloud,Software - Cloud,4000,USD,pending,Marketing,CC-003,PO-11789,INV-976161,Google Cloud - Software - Cloud,EMP-1057,Pending
TXN-01208,2024-05-05,Best Buy,Hardware - Equipment,500,USD,delivered,Finance,CC-001,PO-45012,INV-563146,Best Buy - Hardware - Equipment,EMP-1167,Approved
TXN-01209,2024-04-12,LinkedIn Ads,Marketing - Digital,400,USD,pending,Engineering,CC-003,PO-49695,INV-142468,LinkedIn Ads - Marketing - Digital,EMP-1134,Rejected
TXN-01210,2024-04-21,UberEats,Meals & Entertainment,185,USD,invoiced,HR,CC-002,PO-33902,INV-437526,UberEats - Meals & Entertainment,EMP-1095,Approved
TXN-01211,2024-11-08,UPS,Shipping & Logistics,350,USD,paid,Marketing,CC-003,PO-67929,INV-857621,UPS - Shipping & Logistics,EMP-1100,Rejected
TXN-01212,2024-07-29,DoorDash,Meals & Entertainment,25,USD,pending,Engineering,CC-001,PO-96153,INV-527963,DoorDash - Meals & Entertainment,EMP-1141,Pending
TXN-01213,2024-09-07,Hilton Hotels,Travel - Lodging,120,USD,delivered,Sales,CC-003,PO-41674,INV-997112,Hilton Hotels - Travel - Lodging,EMP-1079,Approved
TXN-01214,2024-01-13,AWS,Software - Cloud,10000,USD,completed,Operations,CC-001,PO-59553,INV-352385,AWS - Software - Cloud,EMP-1074,Approved
TXN-01215,2025-01-19,HubSpot,Marketing - Software,50,USD,invoiced,Sales,CC-005,PO-34934,INV-602186,HubSpot - Marketing - Software,EMP-1145,Approved
TXN-01216,2025-01-23,Herman Miller,Furniture - Fixed Asset,800,USD,completed,Operations,CC-004,PO-18458,INV-182328,Herman Miller - Furniture - Fixed Asset,EMP-1122,Pending
TXN-01217,2024-07-06,Google Ads,Marketing - Digital,5000,USD,paid,HR,CC-002,PO-50712,INV-569644,Google Ads - Marketing - Digital,EMP-1049,Pending
TXN-01218,2024-06-25,Herman Miller,Furniture - Fixed Asset,1500,USD,pending,Operations,CC-003,PO-36065,INV-910057,Herman Miller - Furniture - Fixed Asset,EMP-1065,Pending
TXN-01219,2025-03-15,Staples,Office Supplies,50,USD,invoiced,Operations,CC-001,PO-95168,INV-741853,Staples - Office Supplies,EMP-1050,Pending
TXN-01220,2024-03-14,Google Ads,Marketing - Digital,500,USD,invoiced,Sales,CC-005,PO-88182,INV-627454,Google Ads - Marketing - Digital,EMP-1246,Approved
TXN-01221,2024-07-16,Office Depot,Office Supplies,350,USD,pending,Marketing,CC-002,PO-36618,INV-777293,Office Depot - Office Supplies,EMP-1121,Rejected
TXN-01222,2024-12-20,HubSpot,Marketing - Software,200,USD,paid,Marketing,CC-003,PO-77194,INV-568893,HubSpot - Marketing - Software,EMP-1202,Pending
TXN-01223,2025-03-14,UPS,Shipping & Logistics,120,USD,invoiced,Sales,CC-004,PO-54039,INV-621624,UPS - Shipping & Logistics,EMP-1006,Rejected
TXN-01224,2024-03-20,AWS Inc,Software - Cloud,5000,USD,paid,HR,CC-003,PO-20877,INV-326906,AWS Inc - Software - Cloud,EMP-1001,Approved
TXN-01225,2024-12-25,Hilton Hotels,Travel - Lodging,220,USD,paid,Engineering,CC-001,PO-62512,INV-135043,Hilton Hotels - Travel - Lodging,EMP-1192,Pending
TXN-01226,2024-10-12,Deloitte,Professional Services,5000,USD,invoiced,Sales,CC-005,PO-14452,INV-263756,Deloitte - Professional Services,EMP-1050,Pending
TXN-01227,2024-06-19,FedEx,Shipping & Logistics,300,USD,paid,Marketing,CC-005,PO-72179,INV-135070,FedEx - Shipping & Logistics,EMP-1155,Approved
TXN-01228,2025-01-05,HubSpot,Marketing - Software,200,USD,pending,Marketing,CC-001,PO-31369,INV-901951,HubSpot - Marketing - Software,EMP-1225,Pending
TXN-01229,2024-01-24,Airbnb,Travel - Lodging,150,USD,delivered,Marketing,CC-003,PO-14105,INV-591372,Airbnb - Travel - Lodging,EMP-1173,Pending
TXN-01230,2024-06-10,Starbucks,Meals & Entertainment,7,USD,paid,Operations,CC-001,PO-73097,INV-426353,Starbucks - Meals & Entertainment,EMP-1083,Rejected
TXN-01231,2025-03-26,QuickBooks,Accounting Software,120,USD,pending,Sales,CC-003,PO-82766,INV-514342,QuickBooks - Accounting Software,EMP-1086,Approved
TXN-01232,2025-02-21,Deloitte,Professional Services,25000,USD,delivered,Marketing,CC-003,PO-53458,INV-652956,Deloitte - Professional Services,EMP-1054,Approved
TXN-01233,2024-11-10,Facebook Ads,Marketing - Digital,800,USD,paid,Finance,CC-004,PO-60903,INV-152059,Facebook Ads - Marketing - Digital,EMP-1168,Rejected
TXN-01234,2024-11-24,Twilio,Software - Communications,50,USD,delivered,Sales,CC-005,PO-35725,INV-498174,Twilio - Software - Communications,EMP-1121,Pending
TXN-01235,2024-02-01,PwC,Professional Services,4000,USD,pending,Sales,CC-002,PO-98306,INV-452582,PwC - Professional Services,EMP-1182,Rejected
TXN-01236,2024-01-14,AWS,Software - Cloud,500,USD,invoiced,Operations,CC-001,PO-21133,INV-206529,AWS - Software - Cloud,EMP-1126,Approved
TXN-01237,2025-01-18,UPS,Shipping & Logistics,350,USD,delivered,Engineering,CC-003,PO-85599,INV-117034,UPS - Shipping & Logistics,EMP-1175,Rejected
TXN-01238,2024-06-06,Southwest Airlines,Travel - Airfare,650,USD,paid,Engineering,CC-003,PO-47790,INV-796533,Southwest Airlines - Travel - Airfare,EMP-1241,Pending
TXN-01239,2024-02-03,Restaurants.com,Meals & Entertainment,150,USD,paid,Finance,CC-005,PO-64328,INV-190342,Restaurants.com - Meals & Entertainment,EMP-1124,Rejected
TXN-01240,2024-06-07,American Airlines,Travel - Airfare,1500,USD,completed,Engineering,CC-003,PO-49567,INV-699762,American Airlines - Travel - Airfare,EMP-1162,Approved
TXN-01241,2024-06-03,Salesforce,Software - SaaS,600,USD,paid,Engineering,CC-002,PO-22174,INV-674730,Salesforce - Software - SaaS,EMP-1105,Pending
TXN-01242,2024-12-28,PwC,Professional Services,20000,USD,completed,Sales,CC-004,PO-37734,INV-710612,PwC - Professional Services,EMP-1192,Approved
TXN-01243,2024-02-26,Slack,Software - SaaS,99,USD,pending,Finance,CC-003,PO-13927,INV-482999,Slack - Software - SaaS,EMP-1003,Rejected
TXN-01244,2024-12-04,LawDepot,Legal Services,1000,USD,paid,Engineering,CC-003,PO-90012,INV-633770,LawDepot - Legal Services,EMP-1104,Approved
TXN-01245,2024-10-03,Amazon Business,Office Supplies,500,USD,invoiced,Marketing,CC-003,PO-62459,INV-687342,Amazon Business - Office Supplies,EMP-1153,Pending
TXN-01246,2024-06-15,Delta Airlines,Travel - Airfare,280,USD,delivered,HR,CC-005,PO-49407,INV-821591,Delta Airlines - Travel - Airfare,EMP-1246,Rejected
TXN-01247,2024-03-12,Slack,Software - SaaS,299,USD,pending,HR,CC-001,PO-40115,INV-161485,Slack - Software - SaaS,EMP-1144,Pending
TXN-01248,2025-03-14,Twilio,Software - Communications,50,USD,completed,Operations,CC-004,PO-98543,INV-798183,Twilio - Software - Communications,EMP-1160,Approved
TXN-01249,2025-01-01,Hilton Hotels,Travel - Lodging,220,USD,invoiced,Operations,CC-002,PO-32911,INV-718381,Hilton Hotels - Travel - Lodging,EMP-1224,Rejected
TXN-01250,2024-08-22,LinkedIn Ads,Marketing - Digital,5000,USD,invoiced,Finance,CC-005,PO-33900,INV-113682,LinkedIn Ads - Marketing - Digital,EMP-1184,Rejected
TXN-01251,2024-03-16,Airbnb,Travel - Lodging,80,USD,pending,Sales,CC-004,PO-69340,INV-971520,Airbnb - Travel - Lodging,EMP-1237,Rejected
TXN-01252,2024-09-23,Stripe Inc,Software - Payments,100,USD,pending,Engineering,CC-001,PO-72918,INV-592529,Stripe Inc - Software - Payments,EMP-1051,Pending
TXN-01253,2024-08-06,Slack,Software - SaaS,199,USD,paid,Sales,CC-005,PO-11644,INV-633445,Slack - Software - SaaS,EMP-1122,Pending
TXN-01254,2024-03-25,Comcast,Utilities - Internet,200,USD,pending,Operations,CC-001,PO-83061,INV-728958,Comcast - Utilities - Internet,EMP-1021,Pending
TXN-01255,2024-10-20,Steelcase,Furniture - Fixed Asset,2500,USD,paid,Sales,CC-002,PO-32949,INV-469153,Steelcase - Furniture - Fixed Asset,EMP-1172,Rejected
TXN-01256,2024-03-24,Salesforce,Software - SaaS,300,USD,pending,HR,CC-001,,INV-167690,Salesforce - Software - SaaS,EMP-1106,Approved
TXN-01257,2024-09-15,Steelcase,Furniture - Fixed Asset,1000,USD,paid,Marketing,CC-002,PO-18702,INV-976346,Steelcase - Furniture - Fixed Asset,EMP-1199,Approved
TXN-01258,2025-03-11,American Airlines,Travel - Airfare,1500,USD,paid,HR,CC-001,PO-24970,INV-223859,American Airlines - Travel - Airfare,EMP-1238,Rejected
TXN-01259,2024-12-29,Google Ads,Marketing - Digital,5000,USD,pending,Engineering,CC-001,PO-83759,INV-727556,Google Ads - Marketing - Digital,EMP-1051,Pending
TXN-01260,2024-08-24,Southwest Airlines,Travel - Airfare,650,USD,completed,Operations,CC-005,PO-64128,INV-346618,Southwest Airlines - Travel - Airfare,EMP-1200,Pending
TXN-01261,2024-05-24,UberEats,Meals & Entertainment,100,USD,completed,HR,CC-005,PO-31593,INV-794057,UberEats - Meals & Entertainment,EMP-1202,Rejected
TXN-01262,2025-01-15,QuickBooks,Accounting Software,600,USD,paid,Finance,CC-004,PO-64814,INV-442213,QuickBooks - Accounting Software,EMP-1098,Approved
TXN-01263,2024-07-17,Slack,Software - SaaS,125,USD,delivered,Finance,CC-001,PO-11463,INV-878283,Slack - Software - SaaS,EMP-1115,Rejected
TXN-01264,2024-07-05,UberEats,Meals & Entertainment,45,USD,invoiced,Operations,CC-002,PO-39925,INV-481326,UberEats - Meals & Entertainment,EMP-1075,Rejected
TXN-01265,2024-07-28,Best Buy,Hardware - Equipment,1200,USD,completed,HR,CC-005,PO-11844,INV-468548,Best Buy - Hardware - Equipment,EMP-1129,Pending
TXN-01266,2024-06-06,Twilio,Software - Communications,1000,USD,pending,Marketing,CC-002,PO-57921,INV-231422,Twilio - Software - Communications,EMP-1124,Rejected
TXN-01267,2024-02-09,PwC,Professional Services,20000,USD,invoiced,Sales,CC-001,,INV-322522,PwC - Professional Services,EMP-1039,Pending
TXN-01268,2024-08-09,Deloitte,Professional Services,5000,USD,delivered,HR,CC-005,PO-46602,INV-571811,Deloitte - Professional Services,EMP-1227,Rejected
TXN-01269,2024-08-04,HubSpot,Marketing - Software,500,USD,paid,Finance,CC-005,PO-49919,INV-520234,HubSpot - Marketing - Software,EMP-1250,Rejected
TXN-01270,2024-07-07,Starbucks,Meals & Entertainment,10,USD,pending,Engineering,CC-001,,INV-398659,Starbucks - Meals & Entertainment,EMP-1177,Rejected
TXN-01271,2024-09-26,Staples,Office Supplies,300,USD,paid,Engineering,CC-003,PO-43535,INV-253985,Staples - Office Supplies,EMP-1200,Rejected
TXN-01272,2024-02-11,FedEx,Shipping & Logistics,300,USD,delivered,Operations,CC-001,,INV-850050,FedEx - Shipping & Logistics,EMP-1237,Rejected
TXN-01273,2024-03-26,Comcast,Utilities - Internet,200,USD,invoiced,Operations,CC-002,PO-72308,INV-260057,Comcast - Utilities - Internet,EMP-1106,Pending
TXN-01274,2025-03-23,FedEx Inc,Shipping & Logistics,100,USD,delivered,HR,CC-003,PO-89167,INV-458723,FedEx Inc - Shipping & Logistics,EMP-1241,Rejected
TXN-01275,2024-12-08,QuickBooks,Accounting Software,120,USD,completed,HR,CC-004,,INV-174611,QuickBooks - Accounting Software,EMP-1004,Pending
TXN-01276,2024-02-04,Herman Miller,Furniture - Fixed Asset,800,USD,paid,HR,CC-005,PO-77134,INV-382490,Herman Miller - Furniture - Fixed Asset,EMP-1231,Rejected
TXN-01277,2024-08-13,Stripe,Software - Payments,500,USD,delivered,Finance,CC-003,PO-90234,INV-157317,Stripe - Software - Payments,EMP-1177,Rejected
TXN-01278,2024-11-27,Chipotle,Meals & Entertainment,25,USD,invoiced,Marketing,CC-005,PO-75908,INV-410137,Chipotle - Meals & Entertainment,EMP-1124,Pending
TXN-01279,2024-04-25,Uber,Travel - Ground,65,USD,paid,Finance,CC-003,PO-34481,INV-848736,Uber - Travel - Ground,EMP-1235,Approved
TXN-01280,2024-02-09,Marriott Hotels,Travel - Lodging,250,USD,invoiced,Engineering,CC-002,,INV-924451,Marriott Hotels - Travel - Lodging,EMP-1147,Pending
TXN-01281,2024-10-25,AWS,Software - Cloud,2341,USD,delivered,Finance,CC-002,PO-63373,INV-191620,AWS - Software - Cloud,EMP-1222,Rejected
TXN-01282,2024-05-05,American Airlines,Travel - Airfare,300,USD,delivered,Engineering,CC-001,PO-66392,INV-612905,American Airlines - Travel - Airfare,EMP-1106,Pending
TXN-01283,2024-08-02,Southwest Airlines Inc,Travel - Airfare,650,USD,pending,Sales,CC-005,PO-55669,INV-420357,Southwest Airlines Inc - Travel - Airfare,EMP-1116,Approved
TXN-01284,2024-10-28,Stripe,Software - Payments,1250,USD,paid,Operations,CC-005,PO-66542,INV-517924,Stripe - Software - Payments,EMP-1075,Rejected
TXN-01285,2024-04-12,QuickBooks,Accounting Software,300,USD,invoiced,Finance,CC-005,PO-66396,INV-295605,QuickBooks - Accounting Software,EMP-1033,Rejected
TXN-01286,2024-09-23,Salesforce,Software - SaaS,1200,USD,paid,Finance,CC-001,PO-97947,INV-260595,Salesforce - Software - SaaS,EMP-1216,Pending
TXN-01287,2024-04-21,apple,Hardware - Equipment,799,USD,paid,HR,CC-004,PO-38223,INV-137736,apple - Hardware - Equipment,EMP-1157,Rejected
TXN-01288,2024-08-05,DHL,Shipping & Logistics,60,USD,pending,Sales,CC-003,PO-58598,INV-311234,DHL - Shipping & Logistics,EMP-1028,Pending
TXN-01289,2024-05-21,AT&T,Utilities - Telecom,150,USD,delivered,Finance,CC-005,,INV-267201,AT&T - Utilities - Telecom,EMP-1066,Rejected
TXN-01290,2024-09-15,Lenovo,Hardware - Equipment,400,USD,invoiced,Finance,CC-002,PO-71805,INV-715456,Lenovo - Hardware - Equipment,EMP-1157,Pending
TXN-01291,2024-02-09,Comcast,Utilities - Internet,120,USD,pending,Sales,CC-002,PO-58908,INV-290202,Comcast - Utilities - Internet,EMP-1168,Pending
TXN-01292,2025-03-31,Delta Airlines,Travel - Airfare,900,USD,paid,Operations,CC-005,PO-37253,INV-244373,Delta Airlines - Travel - Airfare,EMP-1014,Pending
TXN-01293,2024-08-16,Datadog,Software - Monitoring,400,USD,delivered,Finance,CC-001,PO-72815,INV-764897,Datadog - Software - Monitoring,EMP-1026,Pending
TXN-01294,2024-11-10,Amazon Business,Office Supplies,500,USD,delivered,Marketing,CC-004,PO-58813,INV-208892,Amazon Business - Office Supplies,EMP-1190,Pending
TXN-01295,2024-05-09,Airbnb Inc,Travel - Lodging,600,USD,invoiced,Sales,CC-005,PO-34221,INV-635605,Airbnb Inc - Travel - Lodging,EMP-1132,Pending
TXN-01296,2025-01-21,DHL,Shipping & Logistics,150,USD,pending,Operations,CC-004,,INV-252947,DHL - Shipping & Logistics,EMP-1092,Approved
TXN-01297,2024-01-27,Datadog,Software - Monitoring,3000,USD,pending,HR,CC-004,PO-42072,INV-137017,Datadog - Software - Monitoring,EMP-1148,Pending
TXN-01298,2025-01-24,QuickBooks,Accounting Software,600,USD,invoiced,Operations,CC-002,PO-50102,INV-320120,QuickBooks - Accounting Software,EMP-1079,Rejected
TXN-01299,2024-02-25,Uber,Travel - Ground,65,USD,delivered,HR,CC-004,PO-83539,INV-917903,Uber - Travel - Ground,EMP-1197,Pending
TXN-01300,2024-03-09,Staples,Office Supplies,150,USD,completed,Engineering,CC-003,PO-91893,INV-119278,Staples - Office Supplies,EMP-1081,Rejected
TXN-01301,2024-09-28,FedEx,Shipping & Logistics,45,USD,paid,Operations,CC-005,PO-65288,INV-493950,FedEx - Shipping & Logistics,EMP-1076,Rejected
TXN-01302,2024-12-27,hilton hotels,Travel - Lodging,120,USD,completed,Finance,CC-001,PO-15207,INV-284483,hilton hotels - Travel - Lodging,EMP-1093,Pending
TXN-01303,2024-04-13,HubSpot,Marketing - Software,1200,USD,paid,Engineering,CC-002,,INV-344782,HubSpot - Marketing - Software,EMP-1165,Rejected
TXN-01304,2024-04-15,Time Warner,Utilities - Internet,100,USD,delivered,Sales,CC-003,PO-50298,INV-272808,Time Warner - Utilities - Internet,EMP-1234,Approved
TXN-01305,2024-04-29,IKEA,Furniture - Fixed Asset,1200,USD,delivered,Operations,CC-001,PO-75408,INV-774211,IKEA - Furniture - Fixed Asset,EMP-1208,Pending
TXN-01306,2024-11-22,Apple,Hardware - Equipment,199,USD,invoiced,Marketing,CC-002,PO-72629,INV-182771,Apple - Hardware - Equipment,EMP-1105,Rejected
TXN-01307,2024-02-01,GitHub,Software - Development,21,USD,invoiced,Marketing,CC-003,PO-76020,INV-666706,GitHub - Software - Development,EMP-1145,Approved
TXN-01308,2024-01-04,Datadog,Software - Monitoring,800,USD,pending,Sales,CC-001,PO-50881,INV-318239,Datadog - Software - Monitoring,EMP-1019,Pending
TXN-01309,2024-02-26,Dell,Hardware - Equipment,1200,USD,invoiced,Operations,CC-002,PO-93300,INV-331701,Dell - Hardware - Equipment,EMP-1014,Rejected
TXN-01310,2024-11-18,Staples,Office Supplies,500,USD,paid,HR,CC-005,PO-33806,INV-275753,Staples - Office Supplies,EMP-1130,Rejected
TXN-01311,2024-12-22,Office Depot,Office Supplies,75,USD,pending,Operations,CC-004,PO-21271,INV-414511,Office Depot - Office Supplies,EMP-1248,Pending
TXN-01312,2024-02-21,AWS,Software - Cloud,500,USD,paid,Finance,CC-001,PO-79569,INV-344722,AWS - Software - Cloud,EMP-1083,Pending
TXN-01313,2024-09-12,United Airlines,Travel - Airfare,450,USD,pending,Engineering,CC-003,PO-49387,INV-168852,United Airlines - Travel - Airfare,EMP-1194,Approved
TXN-01314,2024-08-29,PwC,Professional Services,4000,USD,completed,Engineering,CC-003,PO-15585,INV-778499,PwC - Professional Services,EMP-1239,Pending
TXN-01315,2024-09-03,Dell,Hardware - Equipment,500,USD,delivered,Sales,CC-005,PO-94422,INV-853739,Dell - Hardware - Equipment,EMP-1239,Rejected
TXN-01316,2025-03-14,McKinsey,Professional Services,60000,USD,completed,Sales,CC-002,PO-54368,INV-954106,McKinsey - Professional Services,EMP-1185,Pending
TXN-01317,2024-09-06,Dell,Hardware - Equipment,500,USD,paid,Engineering,CC-005,PO-36151,INV-671393,Dell - Hardware - Equipment,EMP-1054,Approved
TXN-01318,2024-04-07,IKEA,Furniture - Fixed Asset,100,USD,paid,Sales,CC-001,PO-73901,INV-228684,IKEA - Furniture - Fixed Asset,EMP-1001,Pending
TXN-01319,2024-07-01,TIME WARNER,Utilities - Internet,60,USD,pending,Finance,CC-003,PO-40024,INV-873932,TIME WARNER - Utilities - Internet,EMP-1100,Approved
TXN-01320,2024-02-17,Google Ads,Marketing - Digital,2500,USD,delivered,Engineering,CC-004,PO-14667,INV-825226,Google Ads - Marketing - Digital,EMP-1082,Pending
TXN-01321,2024-12-11,UberEats,Meals & Entertainment,45,USD,invoiced,Marketing,CC-002,PO-94408,INV-161099,UberEats - Meals & Entertainment,EMP-1140,Pending
TXN-01322,2024-11-05,American Airlines,Travel - Airfare,550,USD,delivered,Operations,CC-002,PO-33513,INV-803607,American Airlines - Travel - Airfare,EMP-1146,Rejected
TXN-01323,2024-02-16,Grubhub,Meals & Entertainment,25,USD,completed,HR,CC-001,PO-39165,INV-162605,Grubhub - Meals & Entertainment,EMP-1198,Rejected
TXN-01324,2025-03-03,Southwest Airlines,Travel - Airfare,1000,USD,paid,Operations,CC-001,PO-59202,INV-371727,Southwest Airlines - Travel - Airfare,EMP-1082,Rejected
TXN-01325,2024-03-04,Comcast,Utilities - Internet,120,USD,paid,Operations,CC-004,PO-56566,INV-216935,Comcast - Utilities - Internet,EMP-1147,Approved
TXN-01326,2024-10-03,Chipotle,Meals & Entertainment,20,USD,invoiced,Operations,CC-005,PO-54030,INV-844152,Chipotle - Meals & Entertainment,EMP-1169,Pending
TXN-01327,2024-05-05,Chipotle,Meals & Entertainment,25,USD,paid,Operations,CC-001,,INV-695164,Chipotle - Meals & Entertainment,EMP-1070,Approved
TXN-01328,2024-10-24,HubSpot,Marketing - Software,500,USD,paid,HR,CC-001,PO-53074,INV-911100,HubSpot - Marketing - Software,EMP-1092,Rejected
TXN-01329,2024-08-15,FedEx,Shipping & Logistics,100,USD,invoiced,HR,CC-002,PO-71262,INV-613856,FedEx - Shipping & Logistics,EMP-1025,Approved
TXN-01330,2024-02-10,Southwest Airlines,Travel - Airfare,650,USD,paid,Operations,CC-004,,INV-820762,Southwest Airlines - Travel - Airfare,EMP-1105,Approved
TXN-01331,2025-02-23,Zoom,Software - SaaS,100,USD,delivered,Finance,CC-005,PO-83902,INV-287632,Zoom - Software - SaaS,EMP-1017,Rejected
TXN-01332,2025-03-04,Airbnb,Travel - Lodging,600,USD,paid,Finance,CC-002,PO-54458,INV-980841,Airbnb - Travel - Lodging,EMP-1066,Rejected
TXN-01333,2025-03-27,Dell,Hardware - Equipment,500,USD,invoiced,HR,CC-005,PO-82666,INV-712008,Dell - Hardware - Equipment,EMP-1132,Pending
TXN-01334,2024-11-11,Office Depot,Office Supplies,200,USD,delivered,Finance,CC-001,PO-61319,INV-806446,Office Depot - Office Supplies,EMP-1023,Approved
TXN-01335,2024-05-16,Staples,Office Supplies,50,USD,paid,Finance,CC-001,PO-77250,INV-756909,Staples - Office Supplies,EMP-1142,Pending
TXN-01336,2024-12-27,GitHub,Software - Development,231,USD,invoiced,Marketing,CC-002,PO-95144,INV-385719,GitHub - Software - Development,EMP-1052,Pending
TXN-01337,2025-03-27,Chipotle,Meals & Entertainment,20,USD,delivered,HR,CC-005,PO-65132,INV-890281,Chipotle - Meals & Entertainment,EMP-1172,Pending
TXN-01338,2024-06-17,Southwest Airlines,Travel - Airfare,150,USD,invoiced,Finance,CC-002,PO-64752,INV-179628,Southwest Airlines - Travel - Airfare,EMP-1187,Approved
TXN-01339,2025-02-06,Xero,Accounting Software,200,USD,pending,Engineering,CC-004,PO-61250,INV-866020,Xero - Accounting Software,EMP-1095,Pending
TXN-01340,2024-11-28,UPS,Shipping & Logistics,120,USD,delivered,HR,CC-003,PO-70840,INV-116196,UPS - Shipping & Logistics,EMP-1116,Rejected
TXN-01341,2024-12-14,Deloitte,Professional Services,10000,USD,pending,HR,CC-004,PO-60370,INV-285718,Deloitte - Professional Services,EMP-1148,Pending
TXN-01342,2025-03-12,Herman Miller,Furniture - Fixed Asset,800,USD,delivered,Engineering,CC-005,PO-95854,INV-364956,Herman Miller - Furniture - Fixed Asset,EMP-1020,Approved
TXN-01343,2024-01-26,Steelcase,Furniture - Fixed Asset,600,USD,paid,HR,CC-003,PO-91134,INV-879419,Steelcase - Furniture - Fixed Asset,EMP-1040,Approved
TXN-01344,2024-12-22,Apple,Hardware - Equipment,1999,USD,invoiced,Operations,CC-004,PO-64819,INV-372155,Apple - Hardware - Equipment,EMP-1077,Rejected
TXN-01345,2024-11-14,Restaurants.com,Meals & Entertainment,40,USD,pending,Engineering,CC-003,PO-43867,INV-214690,Restaurants.com - Meals & Entertainment,EMP-1040,Rejected
TXN-01346,2024-10-29,Steelcase,Furniture - Fixed Asset,1000,USD,pending,Sales,CC-003,PO-88807,INV-802487,Steelcase - Furniture - Fixed Asset,EMP-1026,Approved
TXN-01347,2024-02-07,Office Depot,Office Supplies,200,USD,invoiced,Engineering,CC-005,PO-96037,INV-807356,Office Depot - Office Supplies,EMP-1246,Pending
TXN-01348,2024-10-28,QuickBooks,Accounting Software,300,USD,paid,Sales,CC-005,PO-43341,INV-966821,QuickBooks - Accounting Software,EMP-1159,Pending
TXN-01349,2024-07-03,Salesforce,Software - SaaS,300,USD,paid,Operations,CC-004,PO-36285,INV-243080,Salesforce - Software - SaaS,EMP-1231,Approved
TXN-01350,2024-04-09,Amazon,Hardware - Equipment,2499,USD,completed,Sales,CC-003,PO-62169,INV-765528,Amazon - Hardware - Equipment,EMP-1221,Rejected
TXN-01351,2024-01-01,AWS,Software - Cloud,500,USD,delivered,Finance,CC-002,PO-74184,INV-395598,AWS - Software - Cloud,EMP-1115,Approved
TXN-01352,2024-04-21,LinkedIn Ads,Marketing - Digital,5000,USD,invoiced,Sales,CC-005,PO-42158,INV-940411,LinkedIn Ads - Marketing - Digital,EMP-1131,Approved
TXN-01353,2025-01-31,Southwest Airlines,Travel - Airfare,150,USD,pending,HR,CC-001,PO-75224,INV-636232,Southwest Airlines - Travel - Airfare,EMP-1057,Pending
TXN-01354,2024-03-15,DHL,Shipping & Logistics,400,USD,paid,HR,CC-005,PO-38460,INV-280727,DHL - Shipping & Logistics,EMP-1064,Rejected
TXN-01355,2025-03-31,Amazon Business,Office Supplies,250,USD,invoiced,Operations,CC-004,PO-68259,INV-302496,Amazon Business - Office Supplies,EMP-1169,Pending
TXN-01356,2024-07-29,Google Cloud,Software - Cloud,950,USD,completed,Marketing,CC-003,PO-72095,INV-709846,Google Cloud - Software - Cloud,EMP-1060,Rejected
TXN-01357,2024-07-05,Grubhub,Meals & Entertainment,25,USD,delivered,Sales,CC-004,PO-26663,INV-926789,Grubhub - Meals & Entertainment,EMP-1020,Approved
TXN-01358,2024-04-11,Apple,Hardware - Equipment,199,USD,delivered,Engineering,CC-001,PO-46553,INV-993536,Apple - Hardware - Equipment,EMP-1030,Pending
TXN-01359,2024-02-25,MCKINSEY,Professional Services,60000,USD,completed,Engineering,CC-003,,INV-467209,MCKINSEY - Professional Services,EMP-1001,Rejected
TXN-01360,2024-10-28,UberEats,Meals & Entertainment,185,USD,invoiced,Operations,CC-005,PO-73482,INV-681826,UberEats - Meals & Entertainment,EMP-1125,Approved
TXN-01361,2025-02-10,Uber,Travel - Ground,15,USD,completed,Finance,CC-003,PO-74255,INV-389465,Uber - Travel - Ground,EMP-1161,Pending
TXN-01362,2024-07-10,Steelcase,Furniture - Fixed Asset,1000,USD,paid,Sales,CC-004,PO-45302,INV-681848,Steelcase - Furniture - Fixed Asset,EMP-1240,Approved
TXN-01363,2024-06-16,Zoom,Software - SaaS,100,USD,pending,Finance,CC-005,PO-95455,INV-581241,Zoom - Software - SaaS,EMP-1059,Pending
TXN-01364,2024-05-20,Time Warner,Utilities - Internet,60,USD,delivered,Sales,CC-005,,INV-717676,Time Warner - Utilities - Internet,EMP-1143,Approved
TXN-01365,2024-08-15,Comcast,Utilities - Internet,70,USD,paid,Finance,CC-005,PO-29316,INV-596360,Comcast - Utilities - Internet,EMP-1168,Rejected
TXN-01366,2024-06-15,FedEx,Shipping & Logistics,20,USD,pending,HR,CC-003,PO-77654,INV-131909,FedEx - Shipping & Logistics,EMP-1196,Pending
TXN-01367,2024-07-03,Steelcase,Furniture - Fixed Asset,1800,USD,paid,Sales,CC-001,PO-84597,INV-324412,Steelcase - Furniture - Fixed Asset,EMP-1023,Rejected
TXN-01368,2024-02-08,UPS,Shipping & Logistics,120,USD,invoiced,Engineering,CC-004,PO-75035,INV-920475,UPS - Shipping & Logistics,EMP-1090,Pending
TXN-01369,2024-01-20,QuickBooks,Accounting Software,120,USD,invoiced,Operations,CC-003,PO-68715,INV-291794,QuickBooks - Accounting Software,EMP-1023,Pending
TXN-01370,2024-03-12,Deloitte,Professional Services,5000,USD,delivered,Finance,CC-003,PO-45641,INV-239475,Deloitte - Professional Services,EMP-1183,Pending
TXN-01371,2024-02-15,United Airlines,Travel - Airfare,1200,USD,invoiced,Operations,CC-004,PO-21258,INV-815183,United Airlines - Travel - Airfare,EMP-1167,Rejected
TXN-01372,2024-08-11,Herman Miller,Furniture - Fixed Asset,3000,USD,completed,Finance,CC-002,PO-87717,INV-828910,Herman Miller - Furniture - Fixed Asset,EMP-1190,Rejected
TXN-01373,2024-07-19,AWS,Software - Cloud,500,USD,invoiced,Marketing,CC-005,PO-96013,INV-988222,AWS - Software - Cloud,EMP-1113,Pending
TXN-01374,2024-11-12,FedEx,Shipping & Logistics,20,USD,completed,Sales,CC-003,PO-82523,INV-329255,FedEx - Shipping & Logistics,EMP-1188,Rejected
TXN-01375,2024-01-18,Grubhub,Meals & Entertainment,50,USD,delivered,Finance,CC-004,PO-31246,INV-306439,Grubhub - Meals & Entertainment,EMP-1089,Approved
TXN-01376,2024-02-23,Starbucks,Meals & Entertainment,10,USD,invoiced,Finance,CC-005,,INV-785238,Starbucks - Meals & Entertainment,EMP-1181,Approved
TXN-01377,2024-01-30,Zoom,Software - SaaS,100,USD,pending,Operations,CC-001,PO-49072,INV-409084,Zoom - Software - SaaS,EMP-1075,Approved
TXN-01378,2024-11-29,GitHub,Software - Development,231,USD,completed,Operations,CC-003,PO-10850,INV-358789,GitHub - Software - Development,EMP-1221,Rejected
TXN-01379,2024-09-19,UberEats,Meals & Entertainment,20,USD,pending,Finance,CC-003,PO-97634,INV-173550,UberEats - Meals & Entertainment,EMP-1022,Approved
TXN-01380,2024-11-25,Facebook Ads,Marketing - Digital,2000,USD,delivered,HR,CC-002,PO-21994,INV-972407,Facebook Ads - Marketing - Digital,EMP-1201,Approved
TXN-01381,2025-02-07,QuickBooks,Accounting Software,600,USD,invoiced,Sales,CC-004,PO-90213,INV-265923,QuickBooks - Accounting Software,EMP-1182,Pending
TXN-01382,2025-01-22,QuickBooks,Accounting Software,600,USD,invoiced,Marketing,CC-005,PO-27205,INV-155050,QuickBooks - Accounting Software,EMP-1191,Pending
TXN-01383,2024-09-21,GitHub,Software - Development,21,USD,delivered,Operations,CC-003,PO-43517,INV-228070,GitHub - Software - Development,EMP-1011,Pending
TXN-01384,2024-03-20,Restaurants.com,Meals & Entertainment,40,USD,pending,HR,CC-004,PO-75049,INV-421686,Restaurants.com - Meals & Entertainment,EMP-1002,Rejected
TXN-01385,2024-10-30,FedEx,Shipping & Logistics,20,USD,pending,Engineering,CC-004,PO-90188,INV-252802,FedEx - Shipping & Logistics,EMP-1047,Approved
TXN-01386,2024-02-04,Starbucks,Meals & Entertainment,15,USD,delivered,Finance,CC-005,PO-66236,INV-860899,Starbucks - Meals & Entertainment,EMP-1169,Approved
TXN-01387,2025-01-25,American Airlines,Travel - Airfare,550,USD,paid,Marketing,CC-001,PO-86226,INV-923411,American Airlines - Travel - Airfare,EMP-1170,Approved
TXN-01388,2024-12-28,Google Cloud,Software - Cloud,950,USD,paid,Engineering,CC-005,PO-45295,INV-727725,Google Cloud - Software - Cloud,EMP-1230,Pending
TXN-01389,2024-11-12,DHL,Shipping & Logistics,400,USD,invoiced,Marketing,CC-001,PO-84346,INV-166122,DHL - Shipping & Logistics,EMP-1174,Rejected
TXN-01390,2024-08-26,GitHub,Software - Development,500,USD,invoiced,Marketing,CC-001,PO-19923,INV-312354,GitHub - Software - Development,EMP-1034,Approved
TXN-01391,2024-12-03,Uber,Travel - Ground,15,USD,invoiced,Engineering,CC-004,,INV-253042,Uber - Travel - Ground,EMP-1220,Pending
TXN-01392,2025-03-14,Restaurants.com,Meals & Entertainment,150,USD,paid,HR,CC-002,PO-34177,INV-462642,Restaurants.com - Meals & Entertainment,EMP-1003,Rejected
TXN-01393,2024-07-21,Best Buy,Hardware - Equipment,100,USD,pending,Engineering,CC-004,PO-18804,INV-200261,Best Buy - Hardware - Equipment,EMP-1009,Pending
TXN-01394,2024-06-25,Zoom,Software - SaaS,100,USD,delivered,Engineering,CC-003,PO-54648,INV-471799,Zoom - Software - SaaS,EMP-1151,Rejected
TXN-01395,2024-05-21,Facebook Ads,Marketing - Digital,800,USD,invoiced,Operations,CC-004,PO-25889,INV-103703,Facebook Ads - Marketing - Digital,EMP-1232,Pending
TXN-01396,2025-01-24,DoorDash,Meals & Entertainment,100,USD,completed,Sales,CC-001,,INV-516937,DoorDash - Meals & Entertainment,EMP-1164,Approved
TXN-01397,2024-09-07,UPS,Shipping & Logistics,350,USD,paid,Sales,CC-002,PO-95962,INV-908425,UPS - Shipping & Logistics,EMP-1039,Approved
TXN-01398,2024-05-09,Lyft,Travel - Ground,22,USD,paid,HR,CC-001,PO-11049,INV-377250,Lyft - Travel - Ground,EMP-1202,Rejected
TXN-01399,2025-01-24,Lyft,Travel - Ground,12,USD,completed,Operations,CC-002,PO-63253,INV-231920,Lyft - Travel - Ground,EMP-1155,Approved
TXN-01400,2025-03-03,Restaurants.com,Meals & Entertainment,40,USD,paid,HR,CC-001,PO-70082,INV-950021,Restaurants.com - Meals & Entertainment,EMP-1060,Approved
TXN-01401,2024-05-20,AT&T,Utilities - Telecom,80,USD,invoiced,Engineering,CC-004,PO-80659,INV-117774,AT&T - Utilities - Telecom,EMP-1246,Rejected
TXN-01402,2025-03-21,UPS,Shipping & Logistics,120,USD,invoiced,Finance,CC-003,PO-33535,INV-270786,UPS - Shipping & Logistics,EMP-1129,Approved
TXN-01403,2024-04-05,FedEx,Shipping & Logistics,45,USD,pending,Engineering,CC-004,PO-68891,INV-200610,FedEx - Shipping & Logistics,EMP-1034,Rejected
TXN-01404,2024-07-22,Zoom,Software - SaaS,599,USD,pending,HR,CC-004,,INV-852725,Zoom - Software - SaaS,EMP-1245,Pending
TXN-01405,2024-06-08,AT&T,Utilities - Telecom,150,USD,pending,Operations,CC-003,PO-94670,INV-168925,AT&T - Utilities - Telecom,EMP-1249,Rejected
TXN-01406,2025-03-10,AWS,Software - Cloud,10000,USD,invoiced,Operations,CC-001,PO-69499,INV-613776,AWS - Software - Cloud,EMP-1131,Approved
TXN-01407,2024-07-26,Hilton Hotels,Travel - Lodging,220,USD,pending,Engineering,CC-001,PO-77734,INV-549428,Hilton Hotels - Travel - Lodging,EMP-1149,Rejected
TXN-01408,2025-02-10,Twilio,Software - Communications,200,USD,pending,Operations,CC-002,PO-60154,INV-715580,Twilio - Software - Communications,EMP-1137,Rejected
TXN-01409,2024-12-21,Verizon,Utilities - Telecom,100,USD,paid,HR,CC-004,PO-41692,INV-389348,Verizon - Utilities - Telecom,EMP-1001,Approved
TXN-01410,2024-05-22,Slack,Software - SaaS,199,USD,completed,Finance,CC-005,PO-93778,INV-148454,Slack - Software - SaaS,EMP-1019,Pending
TXN-01411,2024-11-10,IKEA,Furniture - Fixed Asset,600,USD,delivered,HR,CC-004,PO-69895,INV-152993,IKEA - Furniture - Fixed Asset,EMP-1238,Pending
TXN-01412,2025-01-27,Amazon,Hardware - Equipment,99,USD,invoiced,Engineering,CC-004,PO-93468,INV-533903,Amazon - Hardware - Equipment,EMP-1055,Approved
TXN-01413,2024-04-25,Xero Inc,Accounting Software,200,USD,completed,Operations,CC-003,PO-78576,INV-441219,Xero Inc - Accounting Software,EMP-1205,Rejected
TXN-01414,2024-10-26,Datadog,Software - Monitoring,3000,USD,pending,Sales,CC-004,PO-70853,INV-639611,Datadog - Software - Monitoring,EMP-1197,Approved
TXN-01415,2024-02-03,Time Warner,Utilities - Internet,180,USD,pending,Marketing,CC-005,PO-79016,INV-310684,Time Warner - Utilities - Internet,EMP-1031,Pending
TXN-01416,2024-03-29,Google Cloud,Software - Cloud,400,USD,pending,Finance,CC-001,PO-23988,INV-217715,Google Cloud - Software - Cloud,EMP-1226,Rejected
TXN-01417,2024-06-28,Hilton Hotels,Travel - Lodging,120,USD,paid,Engineering,CC-003,PO-47185,INV-710598,Hilton Hotels - Travel - Lodging,EMP-1116,Rejected
TXN-01418,2025-03-26,Salesforce,Software - SaaS,2500,USD,pending,Finance,CC-004,PO-80535,INV-486221,Salesforce - Software - SaaS,EMP-1120,Approved
TXN-01419,2024-09-19,Apple,Hardware - Equipment,799,USD,invoiced,Operations,CC-004,PO-95072,INV-207627,Apple - Hardware - Equipment,EMP-1025,Pending
TXN-01420,2024-08-07,Verizon Inc,Utilities - Telecom,100,USD,invoiced,Finance,CC-003,PO-64818,INV-592120,Verizon Inc - Utilities - Telecom,EMP-1088,Rejected
TXN-01421,2024-12-13,Chipotle Inc,Meals & Entertainment,10,USD,completed,Marketing,CC-004,PO-67482,INV-208933,Chipotle Inc - Meals & Entertainment,EMP-1206,Approved
TXN-01422,2024-03-06,Google Cloud,Software - Cloud,1850,USD,invoiced,Marketing,CC-002,PO-65009,INV-545051,Google Cloud - Software - Cloud,EMP-1126,Rejected
TXN-01423,2025-02-09,LinkedIn Ads,Marketing - Digital,1000,USD,invoiced,Finance,CC-003,PO-71132,INV-166485,LinkedIn Ads - Marketing - Digital,EMP-1223,Approved
TXN-01424,2025-01-04,QuickBooks,Accounting Software,120,USD,pending,Finance,CC-002,PO-51935,INV-467964,QuickBooks - Accounting Software,EMP-1191,Pending
TXN-01425,2024-10-23,Steelcase,Furniture - Fixed Asset,2500,USD,pending,Operations,CC-001,PO-84518,INV-900351,Steelcase - Furniture - Fixed Asset,EMP-1149,Pending
TXN-01426,2025-02-04,Herman Miller,Furniture - Fixed Asset,3000,USD,pending,Sales,CC-003,PO-70223,INV-400420,Herman Miller - Furniture - Fixed Asset,EMP-1048,Rejected
TXN-01427,2024-12-24,Restaurants.com,Meals & Entertainment,150,USD,delivered,Engineering,CC-005,PO-91691,INV-697131,Restaurants.com - Meals & Entertainment,EMP-1012,Approved
TXN-01428,2025-01-16,Dell,Hardware - Equipment,500,USD,pending,Sales,CC-001,PO-70361,INV-406994,Dell - Hardware - Equipment,EMP-1218,Pending
TXN-01429,2024-09-07,Uber,Travel - Ground,45,USD,pending,Sales,CC-001,PO-59548,INV-333032,Uber - Travel - Ground,EMP-1208,Approved
TXN-01430,2024-01-31,DHL,Shipping & Logistics,150,USD,invoiced,Marketing,CC-004,PO-83318,INV-964416,DHL - Shipping & Logistics,EMP-1145,Pending
TXN-01431,2025-01-21,IKEA,Furniture - Fixed Asset,300,USD,paid,Marketing,CC-001,PO-65780,INV-359255,IKEA - Furniture - Fixed Asset,EMP-1150,Approved
TXN-01432,2024-06-18,Verizon,Utilities - Telecom,350,USD,invoiced,Engineering,CC-003,PO-20772,INV-242094,Verizon - Utilities - Telecom,EMP-1160,Approved
TXN-01433,2024-06-28,Herman Miller,Furniture - Fixed Asset,800,USD,pending,Engineering,CC-002,PO-44126,INV-575094,Herman Miller - Furniture - Fixed Asset,EMP-1209,Pending
TXN-01434,2024-08-12,Amazon,Hardware - Equipment,599,USD,delivered,Engineering,CC-002,PO-21418,INV-783901,Amazon - Hardware - Equipment,EMP-1148,Rejected
TXN-01435,2024-06-02,Apple,Hardware - Equipment,1200,USD,delivered,Engineering,CC-002,PO-15538,INV-487995,Apple - Hardware - Equipment,EMP-1073,Pending
TXN-01436,2024-06-19,AT&T,Utilities - Telecom,300,USD,paid,Engineering,CC-004,,INV-949352,AT&T - Utilities - Telecom,EMP-1161,Rejected
TXN-01437,2025-03-01,Lyft Inc,Travel - Ground,22,USD,invoiced,HR,CC-004,PO-43586,INV-691622,Lyft Inc - Travel - Ground,EMP-1035,Approved
TXN-01438,2024-08-24,Best Buy,Hardware - Equipment,1200,USD,paid,Engineering,CC-001,PO-52796,INV-774692,Best Buy - Hardware - Equipment,EMP-1202,Approved
TXN-01439,2024-12-20,Accenture,Professional Services,35000,USD,invoiced,Sales,CC-003,,INV-776376,Accenture - Professional Services,EMP-1190,Approved
TXN-01440,2024-02-14,LawDepot,Legal Services,200,USD,delivered,Engineering,CC-001,PO-14229,INV-948820,LawDepot - Legal Services,EMP-1079,Pending
TXN-01441,2025-03-28,Delta Airlines,Travel - Airfare,500,USD,invoiced,Finance,CC-005,,INV-373442,Delta Airlines - Travel - Airfare,EMP-1198,Approved
TXN-01442,2024-05-16,Amazon,Hardware - Equipment,2499,USD,delivered,HR,CC-003,PO-10611,INV-204951,Amazon - Hardware - Equipment,EMP-1235,Pending
TXN-01443,2024-06-04,PwC,Professional Services,40000,USD,invoiced,Sales,CC-001,PO-52969,INV-652781,PwC - Professional Services,EMP-1101,Rejected
TXN-01444,2024-08-29,UberEats,Meals & Entertainment,20,USD,delivered,Operations,CC-005,PO-56391,INV-917567,UberEats - Meals & Entertainment,EMP-1102,Approved
TXN-01445,2024-04-24,Stripe,Software - Payments,500,USD,pending,Engineering,CC-004,PO-45735,INV-104890,Stripe - Software - Payments,EMP-1002,Rejected
TXN-01446,2024-09-10,Datadog,Software - Monitoring,400,USD,delivered,HR,CC-002,,INV-270439,Datadog - Software - Monitoring,EMP-1021,Rejected
TXN-01447,2024-09-11,Amazon Business,Office Supplies,100,USD,pending,Operations,CC-003,PO-80306,INV-768404,Amazon Business - Office Supplies,EMP-1191,Rejected
TXN-01448,2024-03-20,Office Depot,Office Supplies,75,USD,paid,Marketing,CC-001,PO-37010,INV-636716,Office Depot - Office Supplies,EMP-1208,Rejected
TXN-01449,2024-09-09,Amazon,Hardware - Equipment,99,USD,completed,Operations,CC-001,PO-19632,INV-192457,Amazon - Hardware - Equipment,EMP-1151,Approved
TXN-01450,2024-04-25,American Airlines,Travel - Airfare,950,USD,delivered,Finance,CC-002,PO-19936,INV-392426,American Airlines - Travel - Airfare,EMP-1233,Approved
TXN-01451,2024-07-12,Microsoft Azure,Software - Cloud,800,USD,delivered,Marketing,CC-003,PO-26153,INV-797099,Microsoft Azure - Software - Cloud,EMP-1231,Pending
TXN-01452,2024-07-07,LinkedIn Ads,Marketing - Digital,2500,USD,completed,Operations,CC-002,PO-50582,INV-354634,LinkedIn Ads - Marketing - Digital,EMP-1117,Approved
TXN-01453,2024-04-02,Salesforce,Software - SaaS,600,USD,delivered,Marketing,CC-001,PO-81926,INV-980742,Salesforce - Software - SaaS,EMP-1173,Approved
TXN-01454,2024-08-04,Stripe,Software - Payments,2500,USD,delivered,Operations,CC-003,PO-28237,INV-939562,Stripe - Software - Payments,EMP-1019,Approved
TXN-01455,2024-07-03,Lyft,Travel - Ground,12,USD,delivered,Engineering,CC-002,PO-59060,INV-700190,Lyft - Travel - Ground,EMP-1012,Approved
TXN-01456,2024-04-10,McKinsey,Professional Services,60000,USD,invoiced,Engineering,CC-005,PO-68063,INV-717434,McKinsey - Professional Services,EMP-1043,Pending
TXN-01457,2024-07-13,American Airlines,Travel - Airfare,1500,USD,invoiced,Sales,CC-001,PO-39467,INV-514289,American Airlines - Travel - Airfare,EMP-1172,Rejected
TXN-01458,2024-09-24,Google Cloud,Software - Cloud,950,USD,completed,Sales,CC-004,PO-16978,INV-508036,Google Cloud - Software - Cloud,EMP-1008,Pending
TXN-01459,2024-08-31,Salesforce,Software - SaaS,2500,USD,invoiced,Marketing,CC-001,PO-85054,INV-503136,Salesforce - Software - SaaS,EMP-1194,Pending
TXN-01460,2025-01-15,Southwest Airlines,Travel - Airfare,1000,USD,completed,Operations,CC-003,PO-69147,INV-560204,Southwest Airlines - Travel - Airfare,EMP-1161,Pending
TXN-01461,2024-02-05,Steelcase,Furniture - Fixed Asset,1000,USD,pending,HR,CC-005,PO-51400,INV-915920,Steelcase - Furniture - Fixed Asset,EMP-1127,Rejected
TXN-01462,2024-06-30,LawDepot,Legal Services,1000,USD,paid,Engineering,CC-004,,INV-277580,LawDepot - Legal Services,EMP-1021,Approved
TXN-01463,2024-12-07,Salesforce,Software - SaaS,2500,USD,delivered,Engineering,CC-001,PO-93315,INV-589198,Salesforce - Software - SaaS,EMP-1067,Rejected
TXN-01464,2024-02-20,Zoom,Software - SaaS,100,USD,paid,Sales,CC-001,PO-96923,INV-635613,Zoom - Software - SaaS,EMP-1031,Rejected
TXN-01465,2024-07-18,Staples,Office Supplies,50,USD,completed,Marketing,CC-001,PO-61412,INV-253367,Staples - Office Supplies,EMP-1195,Pending
TXN-01466,2024-09-04,UberEats,Meals & Entertainment,20,USD,pending,Finance,CC-005,PO-45361,INV-461164,UberEats - Meals & Entertainment,EMP-1141,Rejected
TXN-01467,2024-07-20,Slack,Software - SaaS,299,USD,pending,Sales,CC-004,,INV-190356,Slack - Software - SaaS,EMP-1020,Pending
TXN-01468,2024-08-23,FedEx,Shipping & Logistics,20,USD,pending,Engineering,CC-002,PO-39876,INV-860832,FedEx - Shipping & Logistics,EMP-1182,Rejected
TXN-01469,2024-08-25,Marriott Hotels,Travel - Lodging,250,USD,pending,Finance,CC-002,PO-20449,INV-437126,Marriott Hotels - Travel - Lodging,EMP-1206,Approved
TXN-01470,2024-04-24,Uber,Travel - Ground,15,USD,pending,Operations,CC-002,,INV-473439,Uber - Travel - Ground,EMP-1099,Pending
TXN-01471,2024-11-15,Amazon,Hardware - Equipment,99,USD,pending,Finance,CC-002,PO-35313,INV-706217,Amazon - Hardware - Equipment,EMP-1048,Rejected
TXN-01472,2024-04-17,Stripe,Software - Payments,2500,USD,completed,HR,CC-003,,INV-924893,Stripe - Software - Payments,EMP-1234,Approved
TXN-01473,2025-02-16,GitHub,Software - Development,21,USD,delivered,HR,CC-005,PO-28727,INV-715200,GitHub - Software - Development,EMP-1104,Approved
TXN-01474,2024-11-25,Accenture,Professional Services,7000,USD,pending,Sales,CC-003,PO-20786,INV-758845,Accenture - Professional Services,EMP-1117,Approved
TXN-01475,2024-10-15,DHL,Shipping & Logistics,400,USD,paid,Finance,CC-005,PO-58690,INV-283712,DHL - Shipping & Logistics,EMP-1209,Rejected
TXN-01476,2024-09-20,United Airlines,Travel - Airfare,850,USD,pending,Operations,CC-002,PO-11923,INV-702883,United Airlines - Travel - Airfare,EMP-1069,Approved
TXN-01477,2025-01-23,Southwest Airlines,Travel - Airfare,350,USD,paid,Sales,CC-002,PO-73898,INV-635654,Southwest Airlines - Travel - Airfare,EMP-1069,Pending
TXN-01478,2025-03-11,AWS,Software - Cloud,2341,USD,paid,Sales,CC-005,PO-21540,INV-992700,AWS - Software - Cloud,EMP-1199,Pending
TXN-01479,2025-01-27,Office Depot,Office Supplies,200,USD,paid,Operations,CC-002,PO-43911,INV-281835,Office Depot - Office Supplies,EMP-1215,Approved
TXN-01480,2025-03-02,Uber,Travel - Ground,15,USD,pending,Finance,CC-005,PO-79824,INV-221648,Uber - Travel - Ground,EMP-1053,Rejected
TXN-01481,2024-11-09,AWS,Software - Cloud,500,USD,pending,Sales,CC-005,PO-42703,INV-892103,AWS - Software - Cloud,EMP-1057,Pending
TXN-01482,2024-12-01,Amazon,Hardware - Equipment,599,USD,invoiced,Sales,CC-005,PO-26395,INV-368982,Amazon - Hardware - Equipment,EMP-1052,Approved
TXN-01483,2024-05-29,Southwest Airlines,Travel - Airfare,650,USD,paid,Marketing,CC-001,PO-55228,INV-594307,Southwest Airlines - Travel - Airfare,EMP-1047,Pending
TXN-01484,2024-06-01,Delta Airlines,Travel - Airfare,500,USD,pending,Marketing,CC-001,PO-22678,INV-777649,Delta Airlines - Travel - Airfare,EMP-1061,Rejected
TXN-01485,2024-08-05,AT&T,Utilities - Telecom,300,USD,paid,Engineering,CC-005,PO-60544,INV-993196,AT&T - Utilities - Telecom,EMP-1238,Pending
TXN-01486,2024-09-24,DoorDash,Meals & Entertainment,200,USD,delivered,Operations,CC-002,PO-73171,INV-227596,DoorDash - Meals & Entertainment,EMP-1217,Approved
TXN-01487,2024-09-03,Deloitte,Professional Services,50000,USD,paid,HR,CC-001,PO-81522,INV-397626,Deloitte - Professional Services,EMP-1242,Approved
TXN-01488,2024-01-07,Staples Inc,Office Supplies,300,USD,paid,Engineering,CC-001,PO-13060,INV-670427,Staples Inc - Office Supplies,EMP-1137,Pending
TXN-01489,2024-05-26,Chipotle,Meals & Entertainment,15,USD,delivered,Finance,CC-002,PO-21380,INV-801934,Chipotle - Meals & Entertainment,EMP-1216,Approved
TXN-01490,2025-02-25,IKEA,Furniture - Fixed Asset,1200,USD,completed,Sales,CC-002,PO-11811,INV-758048,IKEA - Furniture - Fixed Asset,EMP-1208,Pending
TXN-01491,2024-04-25,Uber,Travel - Ground,120,USD,delivered,HR,CC-003,PO-42514,INV-193758,Uber - Travel - Ground,EMP-1117,Approved
TXN-01492,2024-05-28,Microsoft Azure,Software - Cloud,3000,USD,invoiced,HR,CC-002,PO-28748,INV-720008,Microsoft Azure - Software - Cloud,EMP-1013,Rejected
TXN-01493,2024-12-29,Slack,Software - SaaS,125,USD,paid,HR,CC-001,PO-26910,INV-374531,Slack - Software - SaaS,EMP-1027,Pending
TXN-01494,2024-05-31,DoorDash,Meals & Entertainment,50,USD,delivered,HR,CC-003,PO-27606,INV-398391,DoorDash - Meals & Entertainment,EMP-1153,Approved
TXN-01495,2024-06-13,United Airlines,Travel - Airfare,2500,USD,invoiced,Engineering,CC-003,PO-92567,INV-794230,United Airlines - Travel - Airfare,EMP-1034,Pending
TXN-01496,2024-01-08,Time Warner,Utilities - Internet,180,USD,pending,Operations,CC-005,PO-68855,INV-477140,Time Warner - Utilities - Internet,EMP-1186,Pending
TXN-01497,2025-03-28,Grubhub,Meals & Entertainment,100,USD,paid,Operations,CC-005,PO-43401,INV-134641,Grubhub - Meals & Entertainment,EMP-1157,Rejected
TXN-01498,2024-01-26,Microsoft Azure,Software - Cloud,800,USD,delivered,Operations,CC-005,PO-15211,INV-223516,Microsoft Azure - Software - Cloud,EMP-1131,Rejected
TXN-01499,2024-04-03,Grubhub,Meals & Entertainment,100,USD,completed,Operations,CC-001,PO-40393,INV-365821,Grubhub - Meals & Entertainment,EMP-1192,Approved
TXN-01500,2025-01-22,LinkedIn Ads,Marketing - Digital,5000,USD,invoiced,Engineering,CC-001,PO-72568,INV-869950,LinkedIn Ads - Marketing - Digital,EMP-1110,Pending
TXN-01501,2024-08-24,Time Warner,Utilities - Internet,60,USD,delivered,Sales,CC-003,PO-28846,INV-507662,Time Warner - Utilities - Internet,EMP-1209,Approved
TXN-01502,2024-03-31,Airbnb,Travel - Lodging,600,USD,completed,Operations,CC-002,,INV-222506,Airbnb - Travel - Lodging,EMP-1047,Pending
TXN-01503,2024-03-16,doordash,Meals & Entertainment,25,USD,paid,Operations,CC-002,PO-66940,INV-852261,doordash - Meals & Entertainment,EMP-1217,Approved
TXN-01504,2025-03-31,Airbnb,Travel - Lodging,600,USD,paid,Operations,CC-004,PO-20545,INV-828629,Airbnb - Travel - Lodging,EMP-1049,Pending
TXN-01505,2024-07-29,Dell,Hardware - Equipment,500,USD,invoiced,HR,CC-005,PO-90302,INV-631041,Dell - Hardware - Equipment,EMP-1247,Rejected
TXN-01506,2024-02-23,AT&T,Utilities - Telecom,80,USD,completed,Operations,CC-001,PO-99512,INV-209038,AT&T - Utilities - Telecom,EMP-1138,Pending
TXN-01507,2024-07-28,IKEA,Furniture - Fixed Asset,600,USD,completed,Sales,CC-003,PO-57569,INV-411832,IKEA - Furniture - Fixed Asset,EMP-1209,Rejected
TXN-01508,2024-02-22,Facebook Ads,Marketing - Digital,4000,USD,paid,Operations,CC-002,PO-86446,INV-570503,Facebook Ads - Marketing - Digital,EMP-1002,Pending
TXN-01509,2024-03-23,Datadog,Software - Monitoring,800,USD,invoiced,Sales,CC-004,PO-98343,INV-320220,Datadog - Software - Monitoring,EMP-1155,Rejected
TXN-01510,2024-09-25,DHL,Shipping & Logistics,30,USD,invoiced,Marketing,CC-001,PO-83339,INV-640390,DHL - Shipping & Logistics,EMP-1004,Rejected
TXN-01511,2024-01-03,Slack,Software - SaaS,299,USD,invoiced,Engineering,CC-002,PO-35434,INV-722895,Slack - Software - SaaS,EMP-1214,Pending
TXN-01512,2024-04-25,Uber,Travel - Ground,65,USD,completed,Finance,CC-002,PO-79130,INV-614788,Uber - Travel - Ground,EMP-1094,Pending
TXN-01513,2025-03-14,Hilton Hotels,Travel - Lodging,220,USD,completed,Finance,CC-004,PO-29493,INV-268755,Hilton Hotels - Travel - Lodging,EMP-1005,Rejected
TXN-01514,2025-01-04,Grubhub,Meals & Entertainment,50,USD,completed,HR,CC-005,PO-65136,INV-269250,Grubhub - Meals & Entertainment,EMP-1173,Rejected
TXN-01515,2024-01-16,Office Depot,Office Supplies,75,USD,completed,Marketing,CC-004,,INV-469405,Office Depot - Office Supplies,EMP-1083,Rejected
TXN-01516,2024-11-02,Delta Airlines,Travel - Airfare,1400,USD,pending,HR,CC-003,PO-27843,INV-432380,Delta Airlines - Travel - Airfare,EMP-1039,Rejected
TXN-01517,2024-12-28,LinkedIn Ads,Marketing - Digital,2500,USD,invoiced,Marketing,CC-005,PO-53164,INV-668623,LinkedIn Ads - Marketing - Digital,EMP-1237,Rejected
TXN-01518,2024-06-08,QuickBooks,Accounting Software,120,USD,delivered,Finance,CC-002,PO-25477,INV-504102,QuickBooks - Accounting Software,EMP-1121,Approved
TXN-01519,2025-01-14,Herman Miller,Furniture - Fixed Asset,1500,USD,pending,Sales,CC-005,PO-63054,INV-860167,Herman Miller - Furniture - Fixed Asset,EMP-1133,Rejected
TXN-01520,2024-12-19,PwC,Professional Services,20000,USD,paid,Operations,CC-002,PO-22947,INV-179975,PwC - Professional Services,EMP-1112,Rejected
TXN-01521,2024-11-03,HubSpot,Marketing - Software,50,USD,paid,Sales,CC-003,PO-17826,INV-523734,HubSpot - Marketing - Software,EMP-1046,Pending
TXN-01522,2024-03-09,QuickBooks,Accounting Software,120,USD,delivered,Marketing,CC-003,PO-67686,INV-723755,QuickBooks - Accounting Software,EMP-1060,Approved
TXN-01523,2025-01-20,AT&T,Utilities - Telecom,150,USD,pending,Sales,CC-002,PO-82840,INV-233911,AT&T - Utilities - Telecom,EMP-1082,Pending
TXN-01524,2024-04-16,Steelcase,Furniture - Fixed Asset,600,USD,delivered,HR,CC-005,,INV-335748,Steelcase - Furniture - Fixed Asset,EMP-1181,Pending
TXN-01525,2025-02-12,Lenovo,Hardware - Equipment,400,USD,completed,Sales,CC-001,PO-10953,INV-296468,Lenovo - Hardware - Equipment,EMP-1185,Approved
TXN-01526,2024-08-18,Delta Airlines,Travel - Airfare,900,USD,completed,HR,CC-005,,INV-739486,Delta Airlines - Travel - Airfare,EMP-1250,Pending
TXN-01527,2024-01-10,Slack,Software - SaaS,125,USD,pending,Finance,CC-003,PO-90971,INV-364240,Slack - Software - SaaS,EMP-1073,Rejected
TXN-01528,2024-02-27,UPS,Shipping & Logistics,50,USD,completed,Engineering,CC-003,PO-91274,INV-506529,UPS - Shipping & Logistics,EMP-1123,Rejected
TXN-01529,2024-05-13,LawDepot,Legal Services,2500,USD,paid,Finance,CC-001,PO-74141,INV-793922,LawDepot - Legal Services,EMP-1114,Pending
TXN-01530,2025-02-01,Accenture,Professional Services,7000,USD,delivered,Sales,CC-005,PO-49756,INV-212850,Accenture - Professional Services,EMP-1225,Rejected
TXN-01531,2024-05-01,Uber,Travel - Ground,120,USD,invoiced,HR,CC-004,PO-44530,INV-624720,Uber - Travel - Ground,EMP-1062,Pending
TXN-01532,2024-11-23,American Airlines Inc,Travel - Airfare,550,USD,delivered,Engineering,CC-004,PO-15326,INV-772204,American Airlines Inc - Travel - Airfare,EMP-1161,Rejected
TXN-01533,2024-12-04,Lyft,Travel - Ground,60,USD,pending,Engineering,CC-004,,INV-405826,Lyft - Travel - Ground,EMP-1224,Pending
TXN-01534,2024-04-09,Datadog,Software - Monitoring,400,USD,invoiced,Marketing,CC-002,PO-70375,INV-160090,Datadog - Software - Monitoring,EMP-1151,Approved
TXN-01535,2024-04-27,Apple,Hardware - Equipment,199,USD,pending,Engineering,CC-002,PO-72314,INV-475581,Apple - Hardware - Equipment,EMP-1212,Rejected
TXN-01536,2025-03-25,Delta Airlines,Travel - Airfare,500,USD,completed,Engineering,CC-003,PO-49004,INV-599901,Delta Airlines - Travel - Airfare,EMP-1238,Pending
TXN-01537,2024-11-15,Slack,Software - SaaS,125,USD,invoiced,Marketing,CC-004,PO-30724,INV-845320,Slack - Software - SaaS,EMP-1087,Approved
TXN-01538,2024-03-26,Stripe,Software - Payments,500,USD,pending,Sales,CC-002,PO-67139,INV-409721,Stripe - Software - Payments,EMP-1181,Pending
TXN-01539,2025-02-16,Steelcase,Furniture - Fixed Asset,600,USD,pending,Marketing,CC-003,PO-19716,INV-651849,Steelcase - Furniture - Fixed Asset,EMP-1187,Pending
TXN-01540,2025-01-18,Slack,Software - SaaS,199,USD,pending,Marketing,CC-002,,INV-129065,Slack - Software - SaaS,EMP-1184,Pending
TXN-01541,2024-02-08,Twilio,Software - Communications,1000,USD,pending,HR,CC-001,PO-79914,INV-249059,Twilio - Software - Communications,EMP-1095,Approved
TXN-01542,2024-01-15,Datadog,Software - Monitoring,400,USD,invoiced,HR,CC-005,PO-98772,INV-357066,Datadog - Software - Monitoring,EMP-1093,Approved
TXN-01543,2024-04-14,Uber,Travel - Ground,120,USD,completed,HR,CC-002,PO-18484,INV-741215,Uber - Travel - Ground,EMP-1123,Rejected
TXN-01544,2025-03-29,Amazon,Hardware - Equipment,99,USD,delivered,HR,CC-003,PO-99497,INV-581802,Amazon - Hardware - Equipment,EMP-1143,Pending
TXN-01545,2024-12-11,Best Buy,Hardware - Equipment,1200,USD,completed,HR,CC-002,PO-13151,INV-139526,Best Buy - Hardware - Equipment,EMP-1027,Approved
TXN-01546,2024-10-06,IKEA,Furniture - Fixed Asset,600,USD,delivered,Sales,CC-003,,INV-440860,IKEA - Furniture - Fixed Asset,EMP-1241,Pending
TXN-01547,2025-01-13,Amazon,Hardware - Equipment,2499,USD,invoiced,HR,CC-005,,INV-787036,Amazon - Hardware - Equipment,EMP-1104,Approved
TXN-01548,2024-03-08,QuickBooks,Accounting Software,600,USD,completed,Finance,CC-005,PO-57876,INV-593034,QuickBooks - Accounting Software,EMP-1226,Approved
TXN-01549,2025-03-14,IKEA,Furniture - Fixed Asset,100,USD,paid,Marketing,CC-002,PO-37663,INV-434748,IKEA - Furniture - Fixed Asset,EMP-1083,Rejected
TXN-01550,2024-05-24,Lenovo,Hardware - Equipment,1000,USD,paid,Engineering,CC-003,PO-64832,INV-931897,Lenovo - Hardware - Equipment,EMP-1093,Approved
TXN-01551,2025-03-31,Lenovo,Hardware - Equipment,1000,USD,paid,Operations,CC-004,,INV-279931,Lenovo - Hardware - Equipment,EMP-1005,Rejected
TXN-01552,2024-05-02,Starbucks,Meals & Entertainment,10,USD,paid,HR,CC-005,PO-93128,INV-528860,Starbucks - Meals & Entertainment,EMP-1060,Approved
TXN-01553,2024-05-03,Lyft,Travel - Ground,40,USD,delivered,Marketing,CC-003,PO-41450,INV-338103,Lyft - Travel - Ground,EMP-1248,Approved
TXN-01554,2024-12-09,Salesforce,Software - SaaS,600,USD,pending,Finance,CC-005,PO-89076,INV-742047,Salesforce - Software - SaaS,EMP-1236,Approved
TXN-01555,2025-02-25,Twilio,Software - Communications,500,USD,paid,HR,CC-005,PO-91013,INV-108331,Twilio - Software - Communications,EMP-1160,Pending
TXN-01556,2024-06-30,DHL,Shipping & Logistics,150,USD,completed,HR,CC-003,PO-23183,INV-433152,DHL - Shipping & Logistics,EMP-1085,Rejected
TXN-01557,2024-10-10,Southwest Airlines,Travel - Airfare,350,USD,invoiced,Engineering,CC-004,PO-36901,INV-485916,Southwest Airlines - Travel - Airfare,EMP-1033,Approved
TXN-01558,2024-09-14,LinkedIn Ads,Marketing - Digital,2500,USD,delivered,HR,CC-002,,INV-497726,LinkedIn Ads - Marketing - Digital,EMP-1047,Pending
TXN-01559,2024-08-29,McKinsey,Professional Services,60000,USD,invoiced,HR,CC-001,PO-69978,INV-802089,McKinsey - Professional Services,EMP-1080,Pending
TXN-01560,2025-03-17,DELOITTE,Professional Services,50000,USD,pending,Sales,CC-004,,INV-632299,DELOITTE - Professional Services,EMP-1017,Rejected
TXN-01561,2024-05-29,PwC,Professional Services,4000,USD,delivered,Sales,CC-005,PO-56736,INV-537439,PwC - Professional Services,EMP-1192,Pending
TXN-01562,2024-12-15,LawDepot,Legal Services,200,USD,delivered,Marketing,CC-004,PO-18681,INV-724552,LawDepot - Legal Services,EMP-1106,Rejected
TXN-01563,2024-10-25,Apple,Hardware - Equipment,1200,USD,paid,Operations,CC-005,PO-34519,INV-512088,Apple - Hardware - Equipment,EMP-1145,Approved
TXN-01564,2025-02-11,Amazon,Hardware - Equipment,599,USD,delivered,Marketing,CC-003,PO-75067,INV-717874,Amazon - Hardware - Equipment,EMP-1178,Pending
TXN-01565,2024-11-09,Amazon Business,Office Supplies,100,USD,paid,Engineering,CC-004,PO-72534,INV-981283,Amazon Business - Office Supplies,EMP-1171,Rejected
TXN-01566,2024-09-20,Twilio,Software - Communications,50,USD,invoiced,Operations,CC-002,PO-91628,INV-436678,Twilio - Software - Communications,EMP-1227,Approved
TXN-01567,2024-05-23,Staples,Office Supplies,300,USD,completed,Operations,CC-005,PO-43942,INV-517837,Staples - Office Supplies,EMP-1021,Rejected
TXN-01568,2024-03-02,McKinsey,Professional Services,15000,USD,delivered,Finance,CC-001,PO-23357,INV-639704,McKinsey - Professional Services,EMP-1100,Approved
TXN-01569,2024-10-26,Best Buy,Hardware - Equipment,100,USD,delivered,Finance,CC-005,,INV-760763,Best Buy - Hardware - Equipment,EMP-1070,Pending
TXN-01570,2024-05-20,Starbucks,Meals & Entertainment,5,USD,completed,HR,CC-003,PO-28356,INV-424580,Starbucks - Meals & Entertainment,EMP-1118,Pending
TXN-01571,2024-05-11,Google Cloud,Software - Cloud,400,USD,completed,HR,CC-005,PO-15269,INV-714981,Google Cloud - Software - Cloud,EMP-1044,Rejected
TXN-01572,2024-01-15,Google Ads,Marketing - Digital,1000,USD,pending,Operations,CC-002,PO-33094,INV-378045,Google Ads - Marketing - Digital,EMP-1138,Rejected
TXN-01573,2024-08-23,Office Depot,Office Supplies,350,USD,completed,Finance,CC-003,PO-28963,INV-175530,Office Depot - Office Supplies,EMP-1202,Rejected
TXN-01574,2025-02-05,Xero,Accounting Software,200,USD,invoiced,Sales,CC-003,PO-45978,INV-396586,Xero - Accounting Software,EMP-1158,Approved
TXN-01575,2024-06-28,Lenovo,Hardware - Equipment,1000,USD,completed,Operations,CC-003,PO-99247,INV-584854,Lenovo - Hardware - Equipment,EMP-1180,Rejected
TXN-01576,2024-08-12,Restaurants.com,Meals & Entertainment,40,USD,delivered,Marketing,CC-003,PO-45037,INV-930968,Restaurants.com - Meals & Entertainment,EMP-1219,Rejected
TXN-01577,2025-01-18,Time Warner,Utilities - Internet,60,USD,paid,Finance,CC-002,PO-69284,INV-502153,Time Warner - Utilities - Internet,EMP-1057,Rejected
TXN-01578,2024-04-16,Best Buy,Hardware - Equipment,1200,USD,delivered,Marketing,CC-001,PO-22932,INV-778328,Best Buy - Hardware - Equipment,EMP-1169,Approved
TXN-01579,2024-11-17,Apple,Hardware - Equipment,1999,USD,completed,Operations,CC-003,PO-39109,INV-200155,Apple - Hardware - Equipment,EMP-1114,Approved
TXN-01580,2025-03-24,Datadog,Software - Monitoring,3000,USD,pending,Finance,CC-002,PO-81865,INV-714307,Datadog - Software - Monitoring,EMP-1158,Pending
TXN-01581,2024-08-21,Salesforce,Software - SaaS,1200,USD,paid,Engineering,CC-005,PO-60297,INV-374431,Salesforce - Software - SaaS,EMP-1106,Pending
TXN-01582,2024-11-02,PwC,Professional Services,20000,USD,paid,Operations,CC-001,,INV-942113,PwC - Professional Services,EMP-1107,Pending
TXN-01583,2024-05-03,Airbnb,Travel - Lodging,300,USD,pending,Finance,CC-005,PO-94666,INV-948389,Airbnb - Travel - Lodging,EMP-1122,Pending
TXN-01584,2024-02-29,Hilton Hotels,Travel - Lodging,700,USD,paid,Engineering,CC-001,PO-20648,INV-417072,Hilton Hotels - Travel - Lodging,EMP-1165,Pending
TXN-01585,2024-03-30,Best Buy Inc,Hardware - Equipment,100,USD,invoiced,Finance,CC-003,PO-96384,INV-731361,Best Buy Inc - Hardware - Equipment,EMP-1221,Pending
TXN-01586,2024-06-26,United Airlines,Travel - Airfare,250,USD,paid,Operations,CC-003,PO-19841,INV-156247,United Airlines - Travel - Airfare,EMP-1012,Rejected
TXN-01587,2024-01-22,American Airlines,Travel - Airfare,550,USD,invoiced,Finance,CC-001,PO-71112,INV-135574,American Airlines - Travel - Airfare,EMP-1025,Rejected
TXN-01588,2024-06-16,Microsoft Azure,Software - Cloud,3000,USD,delivered,Marketing,CC-003,PO-16498,INV-832217,Microsoft Azure - Software - Cloud,EMP-1239,Approved
TXN-01589,2024-10-18,GitHub,Software - Development,231,USD,invoiced,Operations,CC-004,PO-37275,INV-479966,GitHub - Software - Development,EMP-1147,Approved
TXN-01590,2025-03-01,Marriott Hotels,Travel - Lodging,150,USD,paid,Finance,CC-004,PO-59597,INV-483372,Marriott Hotels - Travel - Lodging,EMP-1188,Approved
TXN-01591,2025-01-07,UPS,Shipping & Logistics,25,USD,paid,Marketing,CC-004,PO-39978,INV-693800,UPS - Shipping & Logistics,EMP-1026,Approved
TXN-01592,2024-12-31,Starbucks,Meals & Entertainment,15,USD,completed,HR,CC-001,PO-68242,INV-833419,Starbucks - Meals & Entertainment,EMP-1018,Pending
TXN-01593,2024-01-12,Chipotle,Meals & Entertainment,10,USD,invoiced,Marketing,CC-003,PO-65732,INV-460982,Chipotle - Meals & Entertainment,EMP-1060,Approved
TXN-01594,2024-08-11,HubSpot,Marketing - Software,1200,USD,completed,HR,CC-004,PO-31256,INV-794023,HubSpot - Marketing - Software,EMP-1140,Rejected
TXN-01595,2024-02-20,American Airlines,Travel - Airfare,1500,USD,delivered,Engineering,CC-005,PO-22163,INV-437955,American Airlines - Travel - Airfare,EMP-1134,Approved
TXN-01596,2024-02-27,LinkedIn Ads,Marketing - Digital,1000,USD,pending,Marketing,CC-004,PO-30769,INV-535340,LinkedIn Ads - Marketing - Digital,EMP-1042,Approved
TXN-01597,2024-07-12,Time Warner,Utilities - Internet,100,USD,completed,Marketing,CC-003,PO-44632,INV-496467,Time Warner - Utilities - Internet,EMP-1009,Approved
TXN-01598,2024-11-07,IKEA,Furniture - Fixed Asset,600,USD,pending,Sales,CC-004,PO-98976,INV-825805,IKEA - Furniture - Fixed Asset,EMP-1082,Approved
TXN-01599,2024-06-24,Accenture,Professional Services,7000,USD,pending,Finance,CC-004,PO-48702,INV-676157,Accenture - Professional Services,EMP-1009,Rejected
TXN-01600,2024-09-24,Amazon,Hardware - Equipment,2499,USD,pending,Sales,CC-005,PO-24610,INV-120131,Amazon - Hardware - Equipment,EMP-1193,Pending
TXN-01601,2024-07-10,DoorDash,Meals & Entertainment,25,USD,completed,Finance,CC-002,PO-85235,INV-325872,DoorDash - Meals & Entertainment,EMP-1164,Rejected
TXN-01602,2024-07-14,DoorDash,Meals & Entertainment,200,USD,completed,HR,CC-003,PO-49580,INV-902437,DoorDash - Meals & Entertainment,EMP-1143,Approved
TXN-01603,2025-03-18,McKinsey,Professional Services,60000,USD,completed,HR,CC-002,PO-60008,INV-997325,McKinsey - Professional Services,EMP-1057,Rejected
TXN-01604,2024-06-21,Accenture,Professional Services,35000,USD,pending,Finance,CC-002,PO-16643,INV-669346,Accenture - Professional Services,EMP-1180,Approved
TXN-01605,2024-09-22,Zoom,Software - SaaS,200,USD,invoiced,Finance,CC-001,PO-48564,INV-982844,Zoom - Software - SaaS,EMP-1179,Approved
TXN-01606,2024-02-24,UberEats,Meals & Entertainment,20,USD,pending,HR,CC-002,PO-82900,INV-432442,UberEats - Meals & Entertainment,EMP-1203,Approved
TXN-01607,2024-04-08,Xero,Accounting Software,400,USD,paid,Engineering,CC-001,PO-63298,INV-187384,Xero - Accounting Software,EMP-1005,Approved
TXN-01608,2025-01-31,UberEats,Meals & Entertainment,20,USD,invoiced,Finance,CC-005,PO-95049,INV-969745,UberEats - Meals & Entertainment,EMP-1175,Approved
TXN-01609,2024-03-31,Delta Airlines,Travel - Airfare,500,USD,paid,Marketing,CC-004,PO-99195,INV-323323,Delta Airlines - Travel - Airfare,EMP-1201,Pending
TXN-01610,2024-01-09,Xero,Accounting Software,400,USD,pending,HR,CC-004,PO-42023,INV-259744,Xero - Accounting Software,EMP-1189,Rejected
TXN-01611,2025-01-12,starbucks,Meals & Entertainment,7,USD,delivered,Engineering,CC-005,PO-96725,INV-478406,starbucks - Meals & Entertainment,EMP-1029,Pending
TXN-01612,2024-02-07,Hilton Hotels,Travel - Lodging,700,USD,pending,Operations,CC-005,PO-75966,INV-721791,Hilton Hotels - Travel - Lodging,EMP-1134,Pending
TXN-01613,2024-01-25,Grubhub,Meals & Entertainment,100,USD,invoiced,Marketing,CC-001,PO-85767,INV-153198,Grubhub - Meals & Entertainment,EMP-1029,Pending
TXN-01614,2024-02-17,Starbucks,Meals & Entertainment,5,USD,pending,HR,CC-001,PO-13651,INV-420181,Starbucks - Meals & Entertainment,EMP-1162,Approved
TXN-01615,2024-06-13,Grubhub,Meals & Entertainment,50,USD,completed,Sales,CC-001,PO-94452,INV-261462,Grubhub - Meals & Entertainment,EMP-1234,Approved
TXN-01616,2024-03-04,Best Buy,Hardware - Equipment,500,USD,invoiced,Engineering,CC-005,PO-83867,INV-634419,Best Buy - Hardware - Equipment,EMP-1202,Approved
TXN-01617,2025-02-14,Hilton Hotels,Travel - Lodging,220,USD,pending,HR,CC-002,PO-95140,INV-956227,Hilton Hotels - Travel - Lodging,EMP-1099,Rejected
TXN-01618,2024-03-16,Google Cloud,Software - Cloud,950,USD,completed,HR,CC-004,PO-95258,INV-231397,Google Cloud - Software - Cloud,EMP-1213,Approved
TXN-01619,2024-06-27,Lenovo,Hardware - Equipment,2000,USD,completed,Engineering,CC-001,,INV-981585,Lenovo - Hardware - Equipment,EMP-1099,Rejected
TXN-01620,2024-06-07,Best Buy,Hardware - Equipment,500,USD,invoiced,Marketing,CC-001,PO-45421,INV-631139,Best Buy - Hardware - Equipment,EMP-1137,Rejected
TXN-01621,2025-01-08,Marriott Hotels,Travel - Lodging,150,USD,invoiced,Marketing,CC-002,PO-19367,INV-158829,Marriott Hotels - Travel - Lodging,EMP-1242,Rejected
TXN-01622,2024-04-01,Dell,Hardware - Equipment,2500,USD,delivered,HR,CC-003,PO-71986,INV-296339,Dell - Hardware - Equipment,EMP-1029,Rejected
TXN-01623,2025-03-23,Best Buy,Hardware - Equipment,100,USD,pending,Sales,CC-004,PO-55470,INV-918559,Best Buy - Hardware - Equipment,EMP-1229,Rejected
TXN-01624,2024-12-25,DoorDash,Meals & Entertainment,25,USD,paid,Marketing,CC-003,PO-87677,INV-641819,DoorDash - Meals & Entertainment,EMP-1061,Approved
TXN-01625,2025-01-05,AWS,Software - Cloud,500,USD,delivered,Engineering,CC-002,PO-91191,INV-653597,AWS - Software - Cloud,EMP-1111,Pending
TXN-01626,2024-04-09,United Airlines,Travel - Airfare,2500,USD,completed,HR,CC-001,PO-75083,INV-696007,United Airlines - Travel - Airfare,EMP-1189,Rejected
TXN-01627,2025-01-10,Herman Miller,Furniture - Fixed Asset,800,USD,invoiced,Sales,CC-005,PO-51866,INV-105190,Herman Miller - Furniture - Fixed Asset,EMP-1018,Rejected
TXN-01628,2025-03-11,UPS,Shipping & Logistics,120,USD,pending,Marketing,CC-002,PO-42738,INV-680244,UPS - Shipping & Logistics,EMP-1161,Pending
TXN-01629,2024-11-11,Microsoft Azure,Software - Cloud,800,USD,paid,Marketing,CC-005,PO-25833,INV-699030,Microsoft Azure - Software - Cloud,EMP-1054,Pending
TXN-01630,2024-05-27,Office Depot,Office Supplies,200,USD,invoiced,Sales,CC-004,PO-55172,INV-176743,Office Depot - Office Supplies,EMP-1001,Pending
TXN-01631,2024-09-06,Amazon Business,Office Supplies,100,USD,delivered,Engineering,CC-002,PO-60622,INV-282467,Amazon Business - Office Supplies,EMP-1055,Pending
TXN-01632,2024-06-04,American Airlines,Travel - Airfare,550,USD,delivered,HR,CC-003,PO-58553,INV-387783,American Airlines - Travel - Airfare,EMP-1154,Rejected
TXN-01633,2024-06-23,Lyft,Travel - Ground,12,USD,invoiced,Sales,CC-002,PO-10072,INV-394233,Lyft - Travel - Ground,EMP-1078,Rejected
TXN-01634,2024-02-11,Starbucks,Meals & Entertainment,5,USD,invoiced,Marketing,CC-002,PO-33954,INV-807053,Starbucks - Meals & Entertainment,EMP-1099,Pending
TXN-01635,2024-11-04,Office Depot,Office Supplies,75,USD,paid,Engineering,CC-004,PO-37439,INV-467916,Office Depot - Office Supplies,EMP-1181,Pending
TXN-01636,2024-10-15,Lenovo,Hardware - Equipment,400,USD,delivered,Operations,CC-005,PO-12721,INV-264930,Lenovo - Hardware - Equipment,EMP-1008,Rejected
TXN-01637,2025-02-06,Microsoft Azure,Software - Cloud,3000,USD,delivered,Marketing,CC-004,PO-48051,INV-302059,Microsoft Azure - Software - Cloud,EMP-1048,Approved
TXN-01638,2025-03-26,FedEx,Shipping & Logistics,20,USD,delivered,HR,CC-003,PO-74512,INV-837384,FedEx - Shipping & Logistics,EMP-1124,Pending
TXN-01639,2024-01-30,Herman Miller,Furniture - Fixed Asset,3000,USD,pending,Engineering,CC-005,,INV-120408,Herman Miller - Furniture - Fixed Asset,EMP-1101,Rejected
TXN-01640,2024-09-30,Amazon,Hardware - Equipment,2499,USD,delivered,Marketing,CC-001,PO-72714,INV-425594,Amazon - Hardware - Equipment,EMP-1149,Pending
TXN-01641,2024-05-27,Lyft,Travel - Ground,60,USD,invoiced,Sales,CC-002,PO-16068,INV-590099,Lyft - Travel - Ground,EMP-1150,Rejected
TXN-01642,2024-03-18,McKinsey,Professional Services,6000,USD,pending,Finance,CC-001,PO-57330,INV-470816,McKinsey - Professional Services,EMP-1028,Approved
TXN-01643,2024-04-25,American Airlines,Travel - Airfare,300,USD,invoiced,Operations,CC-001,PO-10051,INV-722656,American Airlines - Travel - Airfare,EMP-1149,Approved
TXN-01644,2024-12-26,Steelcase,Furniture - Fixed Asset,1000,USD,paid,HR,CC-005,,INV-841052,Steelcase - Furniture - Fixed Asset,EMP-1250,Rejected
TXN-01645,2024-12-23,Airbnb,Travel - Lodging,600,USD,delivered,Sales,CC-004,PO-56721,INV-396437,Airbnb - Travel - Lodging,EMP-1083,Pending
TXN-01646,2024-08-18,American Airlines,Travel - Airfare,1500,USD,completed,HR,CC-001,PO-13342,INV-738522,American Airlines - Travel - Airfare,EMP-1237,Approved
TXN-01647,2024-03-16,Steelcase,Furniture - Fixed Asset,600,USD,paid,Marketing,CC-003,PO-29170,INV-207057,Steelcase - Furniture - Fixed Asset,EMP-1203,Approved
TXN-01648,2024-05-15,UPS,Shipping & Logistics,120,USD,delivered,Engineering,CC-005,,INV-416335,UPS - Shipping & Logistics,EMP-1189,Rejected
TXN-01649,2024-08-20,UPS,Shipping & Logistics,120,USD,delivered,Finance,CC-001,PO-87106,INV-709070,UPS - Shipping & Logistics,EMP-1110,Approved
TXN-01650,2025-01-30,Grubhub,Meals & Entertainment,180,USD,completed,Sales,CC-004,PO-51544,INV-632757,Grubhub - Meals & Entertainment,EMP-1078,Approved
TXN-01651,2025-03-21,GitHub Inc,Software - Development,231,USD,delivered,Finance,CC-005,,INV-254035,GitHub Inc - Software - Development,EMP-1172,Pending
TXN-01652,2024-12-07,Xero,Accounting Software,99,USD,invoiced,HR,CC-005,PO-57274,INV-899642,Xero - Accounting Software,EMP-1004,Pending
TXN-01653,2024-03-11,FedEx,Shipping & Logistics,20,USD,pending,Sales,CC-002,PO-24360,INV-943175,FedEx - Shipping & Logistics,EMP-1218,Pending
TXN-01654,2024-07-25,DoorDash,Meals & Entertainment,200,USD,invoiced,HR,CC-002,PO-24094,INV-945626,DoorDash - Meals & Entertainment,EMP-1247,Approved
TXN-01655,2024-05-09,Time Warner,Utilities - Internet,180,USD,pending,Engineering,CC-002,,INV-492193,Time Warner - Utilities - Internet,EMP-1127,Approved
TXN-01656,2024-10-30,UPS,Shipping & Logistics,50,USD,paid,Operations,CC-005,,INV-196115,UPS - Shipping & Logistics,EMP-1052,Approved
TXN-01657,2024-11-24,LawDepot,Legal Services,1000,USD,paid,Marketing,CC-003,PO-70358,INV-965373,LawDepot - Legal Services,EMP-1043,Approved
TXN-01658,2024-01-25,Verizon,Utilities - Telecom,100,USD,paid,Sales,CC-003,PO-99904,INV-570178,Verizon - Utilities - Telecom,EMP-1033,Approved
TXN-01659,2024-01-01,Accenture,Professional Services,35000,USD,completed,Marketing,CC-003,PO-62054,INV-333275,Accenture - Professional Services,EMP-1141,Approved
TXN-01660,2024-04-06,Grubhub,Meals & Entertainment,25,USD,completed,Sales,CC-002,PO-60236,INV-403029,Grubhub - Meals & Entertainment,EMP-1128,Approved
TXN-01661,2024-12-14,Herman Miller,Furniture - Fixed Asset,3000,USD,completed,Finance,CC-003,PO-15356,INV-691693,Herman Miller - Furniture - Fixed Asset,EMP-1215,Pending
TXN-01662,2024-02-14,McKinsey,Professional Services,15000,USD,pending,Finance,CC-001,PO-89731,INV-724082,McKinsey - Professional Services,EMP-1218,Pending
TXN-01663,2024-12-15,United Airlines,Travel - Airfare,2500,USD,completed,Engineering,CC-004,PO-61800,INV-559839,United Airlines - Travel - Airfare,EMP-1121,Rejected
TXN-01664,2024-03-11,Amazon Business,Office Supplies,100,USD,paid,Finance,CC-003,PO-40797,INV-620879,Amazon Business - Office Supplies,EMP-1095,Pending
TXN-01665,2024-01-19,Staples,Office Supplies,150,USD,invoiced,HR,CC-002,PO-23517,INV-892291,Staples - Office Supplies,EMP-1045,Pending
TXN-01666,2024-10-12,Zoom,Software - SaaS,599,USD,completed,Marketing,CC-001,PO-44810,INV-540742,Zoom - Software - SaaS,EMP-1238,Rejected
TXN-01667,2024-06-21,slack,Software - SaaS,125,USD,invoiced,Sales,CC-003,PO-43977,INV-427431,slack - Software - SaaS,EMP-1057,Approved
TXN-01668,2024-09-18,Staples,Office Supplies,150,USD,pending,HR,CC-005,PO-38055,INV-566801,Staples - Office Supplies,EMP-1243,Pending
TXN-01669,2025-01-20,Lyft,Travel - Ground,60,USD,invoiced,Engineering,CC-003,PO-78152,INV-504721,Lyft - Travel - Ground,EMP-1151,Rejected
TXN-01670,2024-08-20,Delta Airlines,Travel - Airfare,280,USD,pending,Finance,CC-003,PO-50050,INV-915535,Delta Airlines - Travel - Airfare,EMP-1236,Rejected
TXN-01671,2024-05-13,LYFT,Travel - Ground,60,USD,delivered,Sales,CC-004,PO-88781,INV-914781,LYFT - Travel - Ground,EMP-1244,Approved
TXN-01672,2024-09-09,Uber,Travel - Ground,120,USD,delivered,Marketing,CC-005,PO-49668,INV-962994,Uber - Travel - Ground,EMP-1098,Pending
TXN-01673,2024-12-02,American Airlines,Travel - Airfare,1500,USD,invoiced,Marketing,CC-001,PO-39219,INV-481108,American Airlines - Travel - Airfare,EMP-1073,Rejected
TXN-01674,2025-03-09,Stripe,Software - Payments,2500,USD,invoiced,Sales,CC-004,,INV-333521,Stripe - Software - Payments,EMP-1184,Rejected
TXN-01675,2024-02-18,Staples,Office Supplies,500,USD,pending,Engineering,CC-001,PO-58074,INV-719542,Staples - Office Supplies,EMP-1110,Rejected
TXN-01676,2024-02-05,HubSpot,Marketing - Software,1200,USD,delivered,Finance,CC-004,PO-70623,INV-963753,HubSpot - Marketing - Software,EMP-1207,Rejected
TXN-01677,2024-06-04,Office Depot,Office Supplies,75,USD,delivered,Finance,CC-001,PO-51116,INV-494277,Office Depot - Office Supplies,EMP-1120,Rejected
TXN-01678,2024-12-25,Stripe,Software - Payments,1250,USD,completed,Engineering,CC-005,PO-34363,INV-139359,Stripe - Software - Payments,EMP-1117,Pending
TXN-01679,2024-05-11,Starbucks,Meals & Entertainment,10,USD,paid,Operations,CC-002,PO-96142,INV-314861,Starbucks - Meals & Entertainment,EMP-1194,Pending
TXN-01680,2025-02-07,ikea,Furniture - Fixed Asset,1200,USD,completed,Finance,CC-005,,INV-268881,ikea - Furniture - Fixed Asset,EMP-1242,Pending
TXN-01681,2024-05-26,Salesforce,Software - SaaS,300,USD,pending,HR,CC-005,PO-65916,INV-700567,Salesforce - Software - SaaS,EMP-1159,Pending
TXN-01682,2024-06-27,GitHub,Software - Development,500,USD,invoiced,Sales,CC-004,PO-72839,INV-660335,GitHub - Software - Development,EMP-1153,Pending
TXN-01683,2025-03-22,mckinsey,Professional Services,30000,USD,completed,Marketing,CC-002,PO-37013,INV-419360,mckinsey - Professional Services,EMP-1032,Approved
TXN-01684,2024-11-19,Delta Airlines,Travel - Airfare,280,USD,invoiced,Sales,CC-002,PO-42617,INV-649201,Delta Airlines - Travel - Airfare,EMP-1106,Pending
TXN-01685,2025-03-15,Chipotle,Meals & Entertainment,10,USD,delivered,Engineering,CC-002,PO-49558,INV-927624,Chipotle - Meals & Entertainment,EMP-1065,Rejected
TXN-01686,2024-11-03,AWS,Software - Cloud,10000,USD,pending,Operations,CC-004,PO-87495,INV-967290,AWS - Software - Cloud,EMP-1084,Approved
TXN-01687,2024-08-16,Office Depot,Office Supplies,75,USD,paid,Engineering,CC-002,PO-59069,INV-840904,Office Depot - Office Supplies,EMP-1062,Approved
TXN-01688,2025-01-10,Amazon Business,Office Supplies,500,USD,completed,HR,CC-004,PO-51656,INV-296892,Amazon Business - Office Supplies,EMP-1183,Approved
TXN-01689,2024-04-19,IKEA,Furniture - Fixed Asset,600,USD,pending,HR,CC-001,PO-89438,INV-199334,IKEA - Furniture - Fixed Asset,EMP-1129,Approved
TXN-01690,2024-09-05,Deloitte,Professional Services,25000,USD,delivered,Operations,CC-003,PO-63528,INV-680900,Deloitte - Professional Services,EMP-1166,Rejected
TXN-01691,2025-03-03,UPS,Shipping & Logistics,350,USD,invoiced,Engineering,CC-002,PO-73797,INV-810784,UPS - Shipping & Logistics,EMP-1176,Pending
TXN-01692,2024-10-06,PwC,Professional Services,4000,USD,completed,Sales,CC-005,PO-20968,INV-934029,PwC - Professional Services,EMP-1115,Pending
TXN-01693,2025-01-15,AT&T,Utilities - Telecom,80,USD,completed,Finance,CC-005,PO-94986,INV-546971,AT&T - Utilities - Telecom,EMP-1030,Rejected
TXN-01694,2024-10-30,Deloitte,Professional Services,25000,USD,paid,Sales,CC-005,PO-85529,INV-462115,Deloitte - Professional Services,EMP-1068,Pending
TXN-01695,2024-06-02,Time Warner,Utilities - Internet,180,USD,pending,HR,CC-003,PO-80633,INV-446394,Time Warner - Utilities - Internet,EMP-1007,Pending
TXN-01696,2024-04-16,DoorDash,Meals & Entertainment,25,USD,paid,HR,CC-004,PO-78704,INV-247411,DoorDash - Meals & Entertainment,EMP-1033,Rejected
TXN-01697,2024-06-13,Best Buy,Hardware - Equipment,100,USD,invoiced,Marketing,CC-003,PO-61804,INV-335711,Best Buy - Hardware - Equipment,EMP-1065,Pending
TXN-01698,2024-09-04,DoorDash,Meals & Entertainment,50,USD,paid,Sales,CC-005,PO-74397,INV-438359,DoorDash - Meals & Entertainment,EMP-1148,Rejected
TXN-01699,2024-01-17,Verizon,Utilities - Telecom,200,USD,completed,Operations,CC-003,PO-35540,INV-964053,Verizon - Utilities - Telecom,EMP-1161,Approved
TXN-01700,2024-10-20,FedEx,Shipping & Logistics,500,USD,paid,Finance,CC-003,PO-63267,INV-152244,FedEx - Shipping & Logistics,EMP-1089,Rejected
TXN-01701,2024-05-12,Microsoft Azure,Software - Cloud,1500,USD,completed,Sales,CC-004,PO-69611,INV-476773,Microsoft Azure - Software - Cloud,EMP-1099,Rejected
TXN-01702,2024-02-27,Time Warner,Utilities - Internet,180,USD,completed,Sales,CC-001,PO-88783,INV-987834,Time Warner - Utilities - Internet,EMP-1074,Pending
TXN-01703,2024-03-02,Accenture,Professional Services,3000,USD,pending,Operations,CC-005,PO-51805,INV-941327,Accenture - Professional Services,EMP-1180,Rejected
TXN-01704,2024-09-13,Chipotle,Meals & Entertainment,10,USD,paid,HR,CC-002,PO-15953,INV-733772,Chipotle - Meals & Entertainment,EMP-1222,Approved
TXN-01705,2025-03-08,Amazon,Hardware - Equipment,99,USD,delivered,Marketing,CC-004,PO-13464,INV-212943,Amazon - Hardware - Equipment,EMP-1004,Approved
TXN-01706,2024-04-29,Verizon,Utilities - Telecom,350,USD,paid,Sales,CC-005,PO-75589,INV-180565,Verizon - Utilities - Telecom,EMP-1114,Rejected
TXN-01707,2024-10-13,United Airlines,Travel - Airfare,2500,USD,invoiced,HR,CC-005,PO-10285,INV-656438,United Airlines - Travel - Airfare,EMP-1204,Rejected
TXN-01708,2024-09-20,Stripe,Software - Payments,1250,USD,completed,Marketing,CC-003,,INV-378679,Stripe - Software - Payments,EMP-1124,Approved
TXN-01709,2024-04-06,Amazon,Hardware - Equipment,299,USD,delivered,Engineering,CC-002,PO-70337,INV-525290,Amazon - Hardware - Equipment,EMP-1195,Pending
TXN-01710,2024-08-13,LinkedIn Ads,Marketing - Digital,2500,USD,delivered,Marketing,CC-003,PO-75340,INV-795678,LinkedIn Ads - Marketing - Digital,EMP-1233,Rejected
TXN-01711,2024-05-02,COMCAST,Utilities - Internet,70,USD,invoiced,Finance,CC-001,PO-54294,INV-655264,COMCAST - Utilities - Internet,EMP-1071,Rejected
TXN-01712,2024-03-30,Herman Miller,Furniture - Fixed Asset,1200,USD,paid,Finance,CC-005,PO-83891,INV-959237,Herman Miller - Furniture - Fixed Asset,EMP-1056,Rejected
TXN-01713,2024-09-17,Deloitte,Professional Services,25000,USD,paid,HR,CC-004,PO-30065,INV-560623,Deloitte - Professional Services,EMP-1139,Pending
TXN-01714,2025-03-24,Verizon,Utilities - Telecom,200,USD,completed,Sales,CC-003,PO-51353,INV-691695,Verizon - Utilities - Telecom,EMP-1241,Rejected
TXN-01715,2024-10-11,Lenovo,Hardware - Equipment,1000,USD,pending,Marketing,CC-004,PO-22224,INV-430391,Lenovo - Hardware - Equipment,EMP-1236,Pending
TXN-01716,2024-08-28,PwC,Professional Services,20000,USD,pending,Sales,CC-002,PO-95724,INV-641088,PwC - Professional Services,EMP-1044,Rejected
TXN-01717,2024-08-30,FedEx,Shipping & Logistics,300,USD,completed,Sales,CC-004,PO-58069,INV-775951,FedEx - Shipping & Logistics,EMP-1075,Rejected
TXN-01718,2024-10-19,Hilton Hotels,Travel - Lodging,120,USD,paid,Operations,CC-002,PO-46303,INV-483123,Hilton Hotels - Travel - Lodging,EMP-1022,Pending
TXN-01719,2024-03-23,QuickBooks,Accounting Software,120,USD,completed,Engineering,CC-004,PO-62341,INV-304614,QuickBooks - Accounting Software,EMP-1207,Pending
TXN-01720,2024-04-30,Stripe,Software - Payments,1250,USD,pending,Operations,CC-003,PO-63519,INV-631175,Stripe - Software - Payments,EMP-1053,Rejected
TXN-01721,2024-02-23,Southwest Airlines,Travel - Airfare,1000,USD,pending,Finance,CC-002,PO-66886,INV-381800,Southwest Airlines - Travel - Airfare,EMP-1168,Rejected
TXN-01722,2024-02-25,McKinsey Inc,Professional Services,15000,USD,paid,Operations,CC-004,PO-94664,INV-554064,McKinsey Inc - Professional Services,EMP-1133,Pending
TXN-01723,2024-03-14,Microsoft Azure,Software - Cloud,3000,USD,delivered,Sales,CC-005,,INV-815693,Microsoft Azure - Software - Cloud,EMP-1168,Approved
TXN-01724,2024-03-04,HubSpot,Marketing - Software,1200,USD,invoiced,HR,CC-005,PO-80369,INV-495434,HubSpot - Marketing - Software,EMP-1131,Pending
TXN-01725,2024-01-05,HubSpot,Marketing - Software,50,USD,invoiced,Operations,CC-005,PO-15461,INV-694504,HubSpot - Marketing - Software,EMP-1113,Approved
TXN-01726,2024-05-19,Dell,Hardware - Equipment,1200,USD,delivered,Sales,CC-002,PO-84509,INV-217077,Dell - Hardware - Equipment,EMP-1079,Pending
TXN-01727,2024-09-15,Uber,Travel - Ground,65,USD,completed,Engineering,CC-004,PO-21459,INV-537477,Uber - Travel - Ground,EMP-1216,Pending
TXN-01728,2024-06-16,United Airlines,Travel - Airfare,2500,USD,completed,Finance,CC-002,PO-41543,INV-566830,United Airlines - Travel - Airfare,EMP-1063,Pending
TXN-01729,2024-06-16,Lenovo,Hardware - Equipment,400,USD,paid,HR,CC-003,PO-19688,INV-601657,Lenovo - Hardware - Equipment,EMP-1128,Rejected
TXN-01730,2024-03-05,Microsoft Azure,Software - Cloud,800,USD,paid,Marketing,CC-002,PO-65900,INV-421481,Microsoft Azure - Software - Cloud,EMP-1033,Rejected
TXN-01731,2024-03-09,Grubhub,Meals & Entertainment,180,USD,pending,Engineering,CC-005,PO-66782,INV-255442,Grubhub - Meals & Entertainment,EMP-1238,Rejected
TXN-01732,2024-04-19,PwC,Professional Services,8000,USD,completed,Marketing,CC-003,PO-35037,INV-918168,PwC - Professional Services,EMP-1028,Pending
TXN-01733,2024-06-04,Twilio,Software - Communications,1000,USD,paid,HR,CC-002,PO-97248,INV-694789,Twilio - Software - Communications,EMP-1110,Rejected
TXN-01734,2024-05-29,Dell,Hardware - Equipment,500,USD,completed,Finance,CC-005,PO-77387,INV-101511,Dell - Hardware - Equipment,EMP-1036,Approved
TXN-01735,2024-10-31,Airbnb,Travel - Lodging,80,USD,paid,Sales,CC-001,PO-26843,INV-242435,Airbnb - Travel - Lodging,EMP-1238,Approved
TXN-01736,2024-04-21,LawDepot,Legal Services,200,USD,pending,Engineering,CC-005,PO-65401,INV-629376,LawDepot - Legal Services,EMP-1213,Rejected
TXN-01737,2025-01-22,GitHub,Software - Development,231,USD,invoiced,Operations,CC-004,PO-98257,INV-943148,GitHub - Software - Development,EMP-1160,Pending
TXN-01738,2024-12-11,Steelcase,Furniture - Fixed Asset,1000,USD,pending,Marketing,CC-004,PO-84321,INV-930538,Steelcase - Furniture - Fixed Asset,EMP-1076,Pending
TXN-01739,2024-10-14,Stripe,Software - Payments,1250,USD,paid,HR,CC-005,PO-10133,INV-980821,Stripe - Software - Payments,EMP-1116,Approved
TXN-01740,2024-07-01,Office Depot,Office Supplies,350,USD,delivered,Operations,CC-005,PO-96615,INV-480742,Office Depot - Office Supplies,EMP-1107,Pending
TXN-01741,2024-05-22,Time Warner,Utilities - Internet,100,USD,paid,Marketing,CC-001,PO-71079,INV-248237,Time Warner - Utilities - Internet,EMP-1244,Approved
TXN-01742,2024-07-26,Facebook Ads,Marketing - Digital,300,USD,delivered,HR,CC-002,PO-19152,INV-179660,Facebook Ads - Marketing - Digital,EMP-1061,Pending
TXN-01743,2025-02-20,Apple,Hardware - Equipment,1999,USD,invoiced,Operations,CC-004,PO-18033,INV-865500,Apple - Hardware - Equipment,EMP-1194,Rejected
TXN-01744,2024-09-09,Lenovo,Hardware - Equipment,1000,USD,pending,Finance,CC-002,PO-76638,INV-849753,Lenovo - Hardware - Equipment,EMP-1197,Rejected
TXN-01745,2024-09-10,Facebook Ads,Marketing - Digital,2000,USD,pending,Engineering,CC-004,PO-23437,INV-412516,Facebook Ads - Marketing - Digital,EMP-1012,Approved
TXN-01746,2025-03-07,PWC,Professional Services,8000,USD,delivered,Sales,CC-005,,INV-759959,PWC - Professional Services,EMP-1199,Rejected
TXN-01747,2025-03-21,McKinsey,Professional Services,30000,USD,delivered,Engineering,CC-004,PO-30583,INV-587575,McKinsey - Professional Services,EMP-1163,Pending
TXN-01748,2024-04-05,PwC,Professional Services,8000,USD,pending,Finance,CC-001,PO-43905,INV-884630,PwC - Professional Services,EMP-1038,Rejected
TXN-01749,2024-12-07,Amazon Business,Office Supplies,250,USD,paid,Finance,CC-004,PO-82792,INV-242257,Amazon Business - Office Supplies,EMP-1176,Pending
TXN-01750,2024-10-12,Starbucks,Meals & Entertainment,15,USD,pending,Engineering,CC-003,PO-54598,INV-863573,Starbucks - Meals & Entertainment,EMP-1012,Pending
TXN-01751,2024-04-24,Delta Airlines,Travel - Airfare,1400,USD,pending,Finance,CC-005,PO-14161,INV-254425,Delta Airlines - Travel - Airfare,EMP-1172,Approved
TXN-01752,2024-02-01,GitHub,Software - Development,500,USD,completed,Finance,CC-001,PO-25952,INV-545924,GitHub - Software - Development,EMP-1228,Rejected
TXN-01753,2024-07-13,doordash,Meals & Entertainment,100,USD,completed,Sales,CC-001,PO-15676,INV-375134,doordash - Meals & Entertainment,EMP-1242,Pending
TXN-01754,2024-12-25,IKEA,Furniture - Fixed Asset,600,USD,completed,Operations,CC-003,PO-90302,INV-142830,IKEA - Furniture - Fixed Asset,EMP-1199,Approved
TXN-01755,2024-12-21,Amazon,Hardware - Equipment,299,USD,paid,Finance,CC-004,PO-57827,INV-377565,Amazon - Hardware - Equipment,EMP-1053,Pending
TXN-01756,2024-09-10,Google Ads,Marketing - Digital,1000,USD,delivered,HR,CC-001,PO-45470,INV-941420,Google Ads - Marketing - Digital,EMP-1106,Pending
TXN-01757,2024-04-16,Staples,Office Supplies,500,USD,invoiced,Sales,CC-004,,INV-768953,Staples - Office Supplies,EMP-1059,Approved
TXN-01758,2024-04-30,Marriott Hotels,Travel - Lodging,450,USD,pending,Operations,CC-002,PO-45209,INV-466919,Marriott Hotels - Travel - Lodging,EMP-1090,Pending
TXN-01759,2024-02-28,Slack,Software - SaaS,125,USD,pending,Operations,CC-004,PO-79969,INV-396957,Slack - Software - SaaS,EMP-1015,Approved
TXN-01760,2024-01-10,Office Depot,Office Supplies,75,USD,invoiced,Finance,CC-004,PO-55039,INV-702879,Office Depot - Office Supplies,EMP-1141,Rejected
TXN-01761,2024-09-24,Hilton Hotels,Travel - Lodging,400,USD,invoiced,Finance,CC-002,,INV-944128,Hilton Hotels - Travel - Lodging,EMP-1189,Rejected
TXN-01762,2024-12-29,Dell,Hardware - Equipment,500,USD,pending,Sales,CC-002,PO-66544,INV-152945,Dell - Hardware - Equipment,EMP-1108,Rejected
TXN-01763,2025-01-13,FedEx,Shipping & Logistics,45,USD,completed,HR,CC-005,PO-48685,INV-224210,FedEx - Shipping & Logistics,EMP-1083,Pending
TXN-01764,2024-01-05,Salesforce,Software - SaaS,2500,USD,delivered,Sales,CC-001,PO-94226,INV-473941,Salesforce - Software - SaaS,EMP-1084,Rejected
TXN-01765,2024-01-07,Amazon Business,Office Supplies,100,USD,pending,Sales,CC-005,PO-85045,INV-252271,Amazon Business - Office Supplies,EMP-1069,Pending
TXN-01766,2024-10-15,Twilio,Software - Communications,200,USD,completed,Sales,CC-002,PO-67514,INV-764895,Twilio - Software - Communications,EMP-1227,Approved
TXN-01767,2024-07-28,Grubhub,Meals & Entertainment,100,USD,delivered,HR,CC-003,PO-71979,INV-514276,Grubhub - Meals & Entertainment,EMP-1106,Approved
TXN-01768,2025-03-26,Apple,Hardware - Equipment,1999,USD,completed,Sales,CC-005,PO-47675,INV-387046,Apple - Hardware - Equipment,EMP-1006,Rejected
TXN-01769,2025-01-06,Starbucks,Meals & Entertainment,7,USD,invoiced,Finance,CC-003,PO-20070,INV-757648,Starbucks - Meals & Entertainment,EMP-1119,Pending
TXN-01770,2024-03-03,Staples,Office Supplies,150,USD,delivered,Operations,CC-003,PO-44209,INV-816633,Staples - Office Supplies,EMP-1209,Pending
TXN-01771,2024-05-13,Chipotle,Meals & Entertainment,20,USD,invoiced,Operations,CC-001,PO-74238,INV-939760,Chipotle - Meals & Entertainment,EMP-1234,Rejected
TXN-01772,2024-01-09,Google Ads,Marketing - Digital,500,USD,paid,Engineering,CC-003,PO-12237,INV-906757,Google Ads - Marketing - Digital,EMP-1205,Approved
TXN-01773,2025-01-31,Salesforce,Software - SaaS,600,USD,completed,HR,CC-004,PO-89938,INV-497365,Salesforce - Software - SaaS,EMP-1144,Pending
TXN-01774,2024-10-17,LawDepot,Legal Services,500,USD,pending,Finance,CC-001,PO-86390,INV-180231,LawDepot - Legal Services,EMP-1107,Pending
TXN-01775,2024-12-05,McKinsey,Professional Services,30000,USD,pending,Sales,CC-004,,INV-317753,McKinsey - Professional Services,EMP-1047,Rejected
TXN-01776,2024-01-20,UPS,Shipping & Logistics,25,USD,completed,Finance,CC-002,PO-85585,INV-668185,UPS - Shipping & Logistics,EMP-1146,Approved
TXN-01777,2024-06-07,Google Cloud,Software - Cloud,1850,USD,pending,Finance,CC-003,PO-48194,INV-185757,Google Cloud - Software - Cloud,EMP-1143,Approved
TXN-01778,2024-07-22,McKinsey,Professional Services,30000,USD,completed,Sales,CC-005,PO-87861,INV-192419,McKinsey - Professional Services,EMP-1061,Rejected
TXN-01779,2024-11-05,Chipotle,Meals & Entertainment,10,USD,completed,Finance,CC-005,,INV-893662,Chipotle - Meals & Entertainment,EMP-1217,Pending
TXN-01780,2024-10-22,Microsoft Azure,Software - Cloud,300,USD,invoiced,HR,CC-003,PO-33117,INV-646882,Microsoft Azure - Software - Cloud,EMP-1052,Rejected
TXN-01781,2024-11-09,Herman Miller,Furniture - Fixed Asset,3000,USD,delivered,Engineering,CC-004,PO-44046,INV-756694,Herman Miller - Furniture - Fixed Asset,EMP-1100,Approved
TXN-01782,2024-11-29,Twilio,Software - Communications,50,USD,paid,Sales,CC-004,PO-89358,INV-308860,Twilio - Software - Communications,EMP-1054,Rejected
TXN-01783,2025-03-20,Lenovo,Hardware - Equipment,400,USD,paid,Finance,CC-005,PO-61281,INV-500176,Lenovo - Hardware - Equipment,EMP-1089,Rejected
TXN-01784,2024-09-24,Amazon Business,Office Supplies,100,USD,completed,Finance,CC-004,PO-61308,INV-695602,Amazon Business - Office Supplies,EMP-1041,Rejected
TXN-01785,2024-09-30,Lyft,Travel - Ground,60,USD,delivered,Finance,CC-005,PO-69920,INV-865493,Lyft - Travel - Ground,EMP-1249,Rejected
TXN-01786,2025-02-21,QuickBooks,Accounting Software,120,USD,paid,Marketing,CC-001,PO-55901,INV-763778,QuickBooks - Accounting Software,EMP-1209,Approved
TXN-01787,2024-09-30,Microsoft Azure,Software - Cloud,1500,USD,invoiced,Finance,CC-004,PO-58420,INV-747322,Microsoft Azure - Software - Cloud,EMP-1147,Approved
TXN-01788,2024-01-09,Amazon Business,Office Supplies,100,USD,completed,Engineering,CC-003,PO-63257,INV-449293,Amazon Business - Office Supplies,EMP-1107,Rejected
TXN-01789,2024-11-02,GitHub,Software - Development,500,USD,paid,Operations,CC-001,,INV-790238,GitHub - Software - Development,EMP-1024,Pending
TXN-01790,2024-01-29,Southwest Airlines,Travel - Airfare,650,USD,completed,Engineering,CC-002,PO-18897,INV-996486,Southwest Airlines - Travel - Airfare,EMP-1125,Pending
TXN-01791,2025-02-13,Slack,Software - SaaS,125,USD,completed,Engineering,CC-002,PO-40056,INV-501050,Slack - Software - SaaS,EMP-1082,Rejected
TXN-01792,2024-12-09,Marriott Hotels,Travel - Lodging,250,USD,paid,Sales,CC-004,PO-37997,INV-195506,Marriott Hotels - Travel - Lodging,EMP-1125,Pending
TXN-01793,2024-06-29,UberEats,Meals & Entertainment,185,USD,invoiced,Marketing,CC-005,PO-66220,INV-286688,UberEats - Meals & Entertainment,EMP-1061,Approved
TXN-01794,2025-01-04,Twilio,Software - Communications,200,USD,invoiced,Engineering,CC-005,PO-40768,INV-271748,Twilio - Software - Communications,EMP-1233,Approved
TXN-01795,2024-11-29,Grubhub,Meals & Entertainment,50,USD,delivered,Marketing,CC-003,PO-21823,INV-261303,Grubhub - Meals & Entertainment,EMP-1192,Rejected
TXN-01796,2024-04-21,DoorDash,Meals & Entertainment,25,USD,delivered,Marketing,CC-002,PO-77635,INV-402612,DoorDash - Meals & Entertainment,EMP-1158,Pending
TXN-01797,2024-01-26,Google Cloud,Software - Cloud,1850,USD,invoiced,Engineering,CC-002,PO-91691,INV-128992,Google Cloud - Software - Cloud,EMP-1132,Pending
TXN-01798,2024-07-28,Datadog,Software - Monitoring,3000,USD,invoiced,Operations,CC-003,PO-64291,INV-824183,Datadog - Software - Monitoring,EMP-1247,Approved
TXN-01799,2024-03-08,QuickBooks,Accounting Software,600,USD,invoiced,HR,CC-003,PO-76502,INV-167678,QuickBooks - Accounting Software,EMP-1228,Approved
TXN-01800,2024-08-11,AWS,Software - Cloud,500,USD,invoiced,Operations,CC-004,PO-61152,INV-144780,AWS - Software - Cloud,EMP-1242,Rejected
TXN-01801,2025-03-31,DoorDash,Meals & Entertainment,200,USD,invoiced,Sales,CC-004,PO-66698,INV-495557,DoorDash - Meals & Entertainment,EMP-1221,Approved
TXN-01802,2024-08-10,Uber Inc,Travel - Ground,65,USD,completed,Sales,CC-002,PO-80963,INV-623891,Uber Inc - Travel - Ground,EMP-1099,Pending
TXN-01803,2024-05-09,Hilton Hotels,Travel - Lodging,700,USD,completed,Marketing,CC-004,PO-72183,INV-431624,Hilton Hotels - Travel - Lodging,EMP-1117,Pending
TXN-01804,2025-01-20,Chipotle,Meals & Entertainment,15,USD,completed,HR,CC-002,PO-66030,INV-702822,Chipotle - Meals & Entertainment,EMP-1130,Rejected
TXN-01805,2025-01-20,American Airlines,Travel - Airfare,950,USD,completed,Sales,CC-005,PO-86171,INV-634892,American Airlines - Travel - Airfare,EMP-1228,Approved
TXN-01806,2024-12-07,Lenovo,Hardware - Equipment,400,USD,delivered,Sales,CC-002,PO-38668,INV-694528,Lenovo - Hardware - Equipment,EMP-1039,Rejected
TXN-01807,2024-10-07,UPS,Shipping & Logistics,120,USD,completed,Sales,CC-002,PO-16821,INV-256045,UPS - Shipping & Logistics,EMP-1098,Pending
TXN-01808,2025-01-02,Steelcase,Furniture - Fixed Asset,1800,USD,paid,HR,CC-004,PO-21303,INV-398760,Steelcase - Furniture - Fixed Asset,EMP-1139,Approved
TXN-01809,2024-11-04,Southwest Airlines,Travel - Airfare,650,USD,delivered,Finance,CC-002,PO-30882,INV-571349,Southwest Airlines - Travel - Airfare,EMP-1151,Rejected
TXN-01810,2024-08-31,Dell,Hardware - Equipment,2500,USD,invoiced,Operations,CC-002,PO-68547,INV-758950,Dell - Hardware - Equipment,EMP-1146,Approved
TXN-01811,2025-03-01,FedEx,Shipping & Logistics,500,USD,pending,HR,CC-002,PO-65778,INV-164357,FedEx - Shipping & Logistics,EMP-1054,Approved
TXN-01812,2024-08-17,Amazon,Hardware - Equipment,299,USD,invoiced,Finance,CC-002,,INV-327781,Amazon - Hardware - Equipment,EMP-1060,Rejected
TXN-01813,2025-03-28,DHL,Shipping & Logistics,30,USD,paid,Operations,CC-005,PO-51518,INV-383670,DHL - Shipping & Logistics,EMP-1004,Rejected
TXN-01814,2024-01-23,DHL,Shipping & Logistics,60,USD,pending,Operations,CC-005,,INV-646641,DHL - Shipping & Logistics,EMP-1120,Pending
TXN-01815,2024-05-27,Microsoft Azure,Software - Cloud,1500,USD,pending,Engineering,CC-002,PO-89608,INV-856855,Microsoft Azure - Software - Cloud,EMP-1156,Pending
TXN-01816,2024-03-26,AT&T,Utilities - Telecom,150,USD,completed,HR,CC-002,PO-68264,INV-175652,AT&T - Utilities - Telecom,EMP-1040,Pending
TXN-01817,2024-04-23,AT&T,Utilities - Telecom,150,USD,pending,Marketing,CC-004,PO-37039,INV-615061,AT&T - Utilities - Telecom,EMP-1076,Approved
TXN-01818,2024-05-19,FedEx,Shipping & Logistics,45,USD,completed,Sales,CC-002,,INV-363236,FedEx - Shipping & Logistics,EMP-1231,Approved
TXN-01819,2024-05-29,Airbnb,Travel - Lodging,300,USD,paid,Operations,CC-005,PO-26360,INV-573113,Airbnb - Travel - Lodging,EMP-1110,Approved
TXN-01820,2025-03-18,PwC,Professional Services,4000,USD,delivered,Finance,CC-002,PO-86059,INV-553149,PwC - Professional Services,EMP-1076,Rejected
TXN-01821,2024-02-19,IKEA,Furniture - Fixed Asset,600,USD,paid,Sales,CC-001,PO-73574,INV-496672,IKEA - Furniture - Fixed Asset,EMP-1060,Pending
TXN-01822,2024-01-30,Verizon,Utilities - Telecom,200,USD,pending,Sales,CC-005,PO-24393,INV-147507,Verizon - Utilities - Telecom,EMP-1107,Pending
TXN-01823,2024-06-11,Datadog,Software - Monitoring,800,USD,completed,HR,CC-003,PO-96580,INV-181908,Datadog - Software - Monitoring,EMP-1147,Rejected
TXN-01824,2024-09-29,QuickBooks,Accounting Software,300,USD,pending,Finance,CC-004,PO-41408,INV-243324,QuickBooks - Accounting Software,EMP-1201,Pending
TXN-01825,2025-01-12,Amazon Business,Office Supplies,100,USD,delivered,Marketing,CC-002,PO-59980,INV-404041,Amazon Business - Office Supplies,EMP-1196,Rejected
TXN-01826,2024-08-20,LinkedIn Ads,Marketing - Digital,5000,USD,paid,HR,CC-002,PO-62948,INV-839554,LinkedIn Ads - Marketing - Digital,EMP-1152,Rejected
TXN-01827,2024-07-20,Grubhub,Meals & Entertainment,25,USD,pending,Marketing,CC-002,PO-51263,INV-584452,Grubhub - Meals & Entertainment,EMP-1140,Approved
TXN-01828,2024-10-25,Apple,Hardware - Equipment,1200,USD,delivered,Engineering,CC-003,PO-87502,INV-928002,Apple - Hardware - Equipment,EMP-1066,Pending
TXN-01829,2024-07-01,Marriott Hotels,Travel - Lodging,150,USD,delivered,Operations,CC-002,PO-41310,INV-351123,Marriott Hotels - Travel - Lodging,EMP-1194,Rejected
TXN-01830,2024-07-02,IKEA,Furniture - Fixed Asset,300,USD,delivered,Operations,CC-002,PO-18346,INV-957083,IKEA - Furniture - Fixed Asset,EMP-1040,Rejected
TXN-01831,2024-12-28,Google Ads,Marketing - Digital,1000,USD,paid,Sales,CC-001,PO-89792,INV-832193,Google Ads - Marketing - Digital,EMP-1067,Rejected
TXN-01832,2024-10-24,Delta Airlines,Travel - Airfare,280,USD,delivered,Engineering,CC-005,PO-43524,INV-674166,Delta Airlines - Travel - Airfare,EMP-1158,Pending
TXN-01833,2024-06-30,United Airlines,Travel - Airfare,1200,USD,delivered,Operations,CC-002,PO-34892,INV-120869,United Airlines - Travel - Airfare,EMP-1083,Approved
TXN-01834,2024-02-19,Verizon,Utilities - Telecom,350,USD,invoiced,Marketing,CC-003,PO-66923,INV-196843,Verizon - Utilities - Telecom,EMP-1072,Approved
TXN-01835,2024-04-06,UPS,Shipping & Logistics,350,USD,completed,Engineering,CC-003,,INV-182248,UPS - Shipping & Logistics,EMP-1246,Rejected
TXN-01836,2024-02-26,American Airlines,Travel - Airfare,550,USD,invoiced,Sales,CC-002,PO-62156,INV-556169,American Airlines - Travel - Airfare,EMP-1170,Pending
TXN-01837,2024-10-31,Accenture,Professional Services,15000,USD,pending,HR,CC-005,PO-12208,INV-469638,Accenture - Professional Services,EMP-1207,Approved
TXN-01838,2024-04-28,Chipotle,Meals & Entertainment,20,USD,delivered,Marketing,CC-005,PO-71383,INV-922805,Chipotle - Meals & Entertainment,EMP-1043,Rejected
TXN-01839,2024-03-12,Time Warner,Utilities - Internet,180,USD,paid,Finance,CC-002,PO-34818,INV-582191,Time Warner - Utilities - Internet,EMP-1147,Rejected
TXN-01840,2024-10-23,UberEats,Meals & Entertainment,20,USD,invoiced,Operations,CC-005,PO-63997,INV-506021,UberEats - Meals & Entertainment,EMP-1209,Pending
TXN-01841,2024-02-14,Lenovo,Hardware - Equipment,400,USD,pending,HR,CC-003,PO-18972,INV-849761,Lenovo - Hardware - Equipment,EMP-1130,Approved
TXN-01842,2024-01-02,Google Ads Inc,Marketing - Digital,5000,USD,completed,Operations,CC-004,PO-82441,INV-163834,Google Ads Inc - Marketing - Digital,EMP-1107,Approved
TXN-01843,2024-07-27,Starbucks,Meals & Entertainment,15,USD,pending,Engineering,CC-003,PO-78825,INV-190404,Starbucks - Meals & Entertainment,EMP-1182,Rejected
TXN-01844,2024-12-08,Uber,Travel - Ground,45,USD,completed,HR,CC-003,PO-54819,INV-536082,Uber - Travel - Ground,EMP-1115,Rejected
TXN-01845,2024-03-15,Time Warner,Utilities - Internet,180,USD,completed,HR,CC-001,PO-42993,INV-335329,Time Warner - Utilities - Internet,EMP-1147,Pending
TXN-01846,2025-02-18,Google Ads,Marketing - Digital,500,USD,completed,Marketing,CC-003,PO-53348,INV-633112,Google Ads - Marketing - Digital,EMP-1052,Pending
TXN-01847,2024-11-21,Amazon Business,Office Supplies,100,USD,invoiced,Finance,CC-002,PO-20152,INV-910013,Amazon Business - Office Supplies,EMP-1144,Approved
TXN-01848,2024-03-12,American Airlines,Travel - Airfare,300,USD,invoiced,Sales,CC-005,PO-95810,INV-416413,American Airlines - Travel - Airfare,EMP-1019,Rejected
TXN-01849,2024-09-26,UPS,Shipping & Logistics,350,USD,completed,HR,CC-005,PO-64086,INV-808001,UPS - Shipping & Logistics,EMP-1018,Pending
TXN-01850,2024-07-02,AWS,Software - Cloud,1000,USD,invoiced,Marketing,CC-001,,INV-672459,AWS - Software - Cloud,EMP-1196,Pending
TXN-01851,2024-07-05,Chipotle,Meals & Entertainment,25,USD,completed,Engineering,CC-001,PO-44798,INV-202413,Chipotle - Meals & Entertainment,EMP-1025,Approved
TXN-01852,2025-02-22,Zoom,Software - SaaS,200,USD,delivered,HR,CC-004,PO-56094,INV-374693,Zoom - Software - SaaS,EMP-1174,Pending
TXN-01853,2024-01-05,DHL,Shipping & Logistics,150,USD,completed,Finance,CC-001,PO-57109,INV-122326,DHL - Shipping & Logistics,EMP-1226,Approved
TXN-01854,2024-11-20,LawDepot,Legal Services,200,USD,paid,Sales,CC-003,PO-38133,INV-923584,LawDepot - Legal Services,EMP-1064,Rejected
TXN-01855,2024-03-26,Google Cloud,Software - Cloud,1850,USD,completed,Operations,CC-001,PO-68824,INV-966847,Google Cloud - Software - Cloud,EMP-1200,Rejected
TXN-01856,2024-10-03,Accenture Inc,Professional Services,3000,USD,invoiced,Engineering,CC-002,PO-83902,INV-875726,Accenture Inc - Professional Services,EMP-1070,Rejected
TXN-01857,2024-05-03,United Airlines,Travel - Airfare,250,USD,invoiced,Operations,CC-004,,INV-425968,United Airlines - Travel - Airfare,EMP-1173,Approved
TXN-01858,2024-12-31,QuickBooks,Accounting Software,600,USD,invoiced,HR,CC-005,PO-76672,INV-689465,QuickBooks - Accounting Software,EMP-1112,Rejected
TXN-01859,2025-01-05,Delta Airlines,Travel - Airfare,1400,USD,pending,HR,CC-005,PO-63742,INV-280419,Delta Airlines - Travel - Airfare,EMP-1159,Rejected
TXN-01860,2025-03-28,Uber,Travel - Ground,15,USD,delivered,Operations,CC-004,PO-91356,INV-344275,Uber - Travel - Ground,EMP-1210,Rejected
TXN-01861,2024-04-02,UberEats,Meals & Entertainment,100,USD,completed,Sales,CC-002,PO-85479,INV-778854,UberEats - Meals & Entertainment,EMP-1099,Pending
TXN-01862,2024-02-11,PwC,Professional Services,4000,USD,invoiced,Engineering,CC-004,PO-92994,INV-431798,PwC - Professional Services,EMP-1250,Pending
TXN-01863,2024-07-05,GITHUB,Software - Development,231,USD,completed,Finance,CC-002,PO-15549,INV-429020,GITHUB - Software - Development,EMP-1148,Rejected
TXN-01864,2024-07-03,Lyft,Travel - Ground,40,USD,invoiced,Finance,CC-003,PO-29494,INV-750326,Lyft - Travel - Ground,EMP-1042,Rejected
TXN-01865,2024-12-04,SOUTHWEST AIRLINES,Travel - Airfare,350,USD,invoiced,Marketing,CC-003,PO-59448,INV-277292,SOUTHWEST AIRLINES - Travel - Airfare,EMP-1099,Pending
TXN-01866,2024-10-03,Apple,Hardware - Equipment,1200,USD,delivered,HR,CC-003,PO-62830,INV-942686,Apple - Hardware - Equipment,EMP-1001,Pending
TXN-01867,2025-03-25,Microsoft Azure,Software - Cloud,300,USD,paid,Finance,CC-005,PO-75613,INV-696595,Microsoft Azure - Software - Cloud,EMP-1001,Rejected
TXN-01868,2024-02-16,United Airlines,Travel - Airfare,2500,USD,paid,HR,CC-003,,INV-408533,United Airlines - Travel - Airfare,EMP-1063,Pending
TXN-01869,2024-10-25,Hilton Hotels,Travel - Lodging,700,USD,completed,HR,CC-003,PO-47863,INV-529267,Hilton Hotels - Travel - Lodging,EMP-1005,Pending
TXN-01870,2024-09-06,LawDepot,Legal Services,200,USD,invoiced,Operations,CC-001,PO-64441,INV-647003,LawDepot - Legal Services,EMP-1244,Pending
TXN-01871,2024-05-25,QuickBooks,Accounting Software,120,USD,delivered,Operations,CC-002,PO-18819,INV-151114,QuickBooks - Accounting Software,EMP-1006,Pending
TXN-01872,2024-03-08,HubSpot,Marketing - Software,50,USD,completed,Sales,CC-003,PO-56957,INV-814315,HubSpot - Marketing - Software,EMP-1249,Pending
TXN-01873,2024-07-03,Facebook Ads,Marketing - Digital,2000,USD,delivered,Engineering,CC-002,PO-70621,INV-755510,Facebook Ads - Marketing - Digital,EMP-1068,Pending
TXN-01874,2024-09-19,Staples,Office Supplies,300,USD,completed,Finance,CC-001,PO-78508,INV-996070,Staples - Office Supplies,EMP-1062,Approved
TXN-01875,2024-04-15,Office Depot,Office Supplies,200,USD,invoiced,HR,CC-001,PO-40224,INV-166222,Office Depot - Office Supplies,EMP-1090,Approved
TXN-01876,2024-04-25,United Airlines,Travel - Airfare,850,USD,delivered,Operations,CC-004,,INV-130362,United Airlines - Travel - Airfare,EMP-1226,Pending
TXN-01877,2024-06-29,Lyft,Travel - Ground,12,USD,invoiced,Marketing,CC-003,PO-67694,INV-729284,Lyft - Travel - Ground,EMP-1043,Rejected
TXN-01878,2024-07-21,Datadog,Software - Monitoring,800,USD,invoiced,Finance,CC-003,PO-47689,INV-632711,Datadog - Software - Monitoring,EMP-1001,Rejected
TXN-01879,2024-11-23,Best Buy,Hardware - Equipment,100,USD,completed,Finance,CC-003,PO-67057,INV-180530,Best Buy - Hardware - Equipment,EMP-1048,Pending
TXN-01880,2024-09-16,UberEats,Meals & Entertainment,45,USD,completed,Marketing,CC-002,PO-23183,INV-309965,UberEats - Meals & Entertainment,EMP-1219,Rejected
TXN-01881,2024-02-17,QuickBooks,Accounting Software,120,USD,completed,Engineering,CC-003,PO-67896,INV-357829,QuickBooks - Accounting Software,EMP-1098,Approved
TXN-01882,2024-10-10,Zoom,Software - SaaS,100,USD,paid,Marketing,CC-005,PO-33643,INV-881831,Zoom - Software - SaaS,EMP-1135,Approved
TXN-01883,2024-12-30,FedEx,Shipping & Logistics,100,USD,invoiced,Operations,CC-003,PO-90252,INV-272378,FedEx - Shipping & Logistics,EMP-1201,Approved
TXN-01884,2024-01-25,Amazon,Hardware - Equipment,299,USD,delivered,Operations,CC-001,PO-60990,INV-933114,Amazon - Hardware - Equipment,EMP-1025,Rejected
TXN-01885,2024-08-27,Southwest Airlines,Travel - Airfare,650,USD,paid,Finance,CC-003,PO-73138,INV-737490,Southwest Airlines - Travel - Airfare,EMP-1200,Rejected
TXN-01886,2024-04-26,Microsoft Azure,Software - Cloud,3000,USD,delivered,Finance,CC-005,PO-67860,INV-158339,Microsoft Azure - Software - Cloud,EMP-1111,Approved
TXN-01887,2024-02-20,Delta Airlines,Travel - Airfare,1400,USD,delivered,HR,CC-004,PO-11662,INV-742119,Delta Airlines - Travel - Airfare,EMP-1203,Rejected
TXN-01888,2024-07-27,AT&T,Utilities - Telecom,300,USD,invoiced,Operations,CC-004,PO-18874,INV-907201,AT&T - Utilities - Telecom,EMP-1126,Rejected
TXN-01889,2024-11-12,GitHub,Software - Development,21,USD,pending,Marketing,CC-002,PO-13281,INV-296968,GitHub - Software - Development,EMP-1224,Approved
TXN-01890,2025-01-03,Herman Miller,Furniture - Fixed Asset,3000,USD,paid,HR,CC-002,PO-35299,INV-661760,Herman Miller - Furniture - Fixed Asset,EMP-1040,Approved
TXN-01891,2024-05-17,Accenture,Professional Services,35000,USD,delivered,Engineering,CC-002,PO-43914,INV-949087,Accenture - Professional Services,EMP-1068,Pending
TXN-01892,2024-04-14,Slack,Software - SaaS,299,USD,delivered,Finance,CC-003,PO-77820,INV-155703,Slack - Software - SaaS,EMP-1126,Approved
TXN-01893,2024-04-13,Stripe,Software - Payments,1250,USD,completed,HR,CC-002,PO-89973,INV-753438,Stripe - Software - Payments,EMP-1201,Rejected
TXN-01894,2024-03-31,Restaurants.com,Meals & Entertainment,300,USD,pending,Engineering,CC-002,PO-21811,INV-498776,Restaurants.com - Meals & Entertainment,EMP-1202,Approved
TXN-01895,2024-08-20,Southwest Airlines,Travel - Airfare,350,USD,delivered,Operations,CC-005,,INV-855371,Southwest Airlines - Travel - Airfare,EMP-1057,Rejected
TXN-01896,2024-01-11,Verizon,Utilities - Telecom,200,USD,paid,Engineering,CC-002,PO-77488,INV-678680,Verizon - Utilities - Telecom,EMP-1031,Pending
TXN-01897,2024-08-13,uber,Travel - Ground,65,USD,completed,Sales,CC-005,PO-99062,INV-234627,uber - Travel - Ground,EMP-1135,Pending
TXN-01898,2024-08-07,Comcast,Utilities - Internet,70,USD,invoiced,HR,CC-001,PO-29938,INV-538324,Comcast - Utilities - Internet,EMP-1061,Rejected
TXN-01899,2025-03-01,Google Cloud,Software - Cloud,400,USD,delivered,Operations,CC-004,PO-31325,INV-827015,Google Cloud - Software - Cloud,EMP-1076,Pending
TXN-01900,2024-04-25,DoorDash,Meals & Entertainment,50,USD,delivered,Marketing,CC-001,PO-59114,INV-464103,DoorDash - Meals & Entertainment,EMP-1041,Approved
TXN-01901,2024-07-16,GitHub,Software - Development,500,USD,completed,Operations,CC-001,PO-76635,INV-814193,GitHub - Software - Development,EMP-1050,Approved
TXN-01902,2024-04-28,American Airlines,Travel - Airfare,300,USD,delivered,HR,CC-003,PO-24345,INV-549441,American Airlines - Travel - Airfare,EMP-1073,Approved
TXN-01903,2024-11-09,Chipotle,Meals & Entertainment,10,USD,paid,Finance,CC-005,PO-47659,INV-944994,Chipotle - Meals & Entertainment,EMP-1175,Pending
TXN-01904,2024-05-06,Grubhub Inc,Meals & Entertainment,100,USD,completed,HR,CC-002,PO-70866,INV-666833,Grubhub Inc - Meals & Entertainment,EMP-1099,Rejected
TXN-01905,2024-07-08,Lyft,Travel - Ground,22,USD,pending,Sales,CC-002,,INV-161516,Lyft - Travel - Ground,EMP-1234,Approved
TXN-01906,2024-02-11,Deloitte,Professional Services,10000,USD,paid,Sales,CC-001,PO-25936,INV-314976,Deloitte - Professional Services,EMP-1066,Approved
TXN-01907,2025-02-07,Starbucks,Meals & Entertainment,15,USD,invoiced,HR,CC-004,PO-11284,INV-535161,Starbucks - Meals & Entertainment,EMP-1164,Approved
TXN-01908,2024-12-16,Chipotle,Meals & Entertainment,15,USD,paid,Marketing,CC-005,PO-48156,INV-838878,Chipotle - Meals & Entertainment,EMP-1073,Approved
TXN-01909,2024-11-25,Accenture,Professional Services,7000,USD,paid,Engineering,CC-005,PO-19642,INV-960911,Accenture - Professional Services,EMP-1047,Pending
TXN-01910,2024-04-04,Hilton Hotels,Travel - Lodging,220,USD,delivered,Operations,CC-004,,INV-832798,Hilton Hotels - Travel - Lodging,EMP-1200,Approved
TXN-01911,2024-11-11,Deloitte,Professional Services,5000,USD,completed,Finance,CC-001,PO-28275,INV-586556,Deloitte - Professional Services,EMP-1142,Approved
TXN-01912,2024-10-22,United Airlines,Travel - Airfare,450,USD,delivered,Marketing,CC-004,PO-33027,INV-707677,United Airlines - Travel - Airfare,EMP-1076,Approved
TXN-01913,2025-01-01,American Airlines,Travel - Airfare,550,USD,completed,Finance,CC-005,PO-76967,INV-666621,American Airlines - Travel - Airfare,EMP-1040,Rejected
TXN-01914,2024-03-17,Steelcase,Furniture - Fixed Asset,2500,USD,delivered,Sales,CC-002,PO-30397,INV-893969,Steelcase - Furniture - Fixed Asset,EMP-1040,Rejected
TXN-01915,2024-11-22,LawDepot,Legal Services,2500,USD,paid,Operations,CC-003,PO-42810,INV-241692,LawDepot - Legal Services,EMP-1104,Approved
TXN-01916,2025-03-17,Twilio,Software - Communications,1000,USD,pending,HR,CC-001,PO-57515,INV-462614,Twilio - Software - Communications,EMP-1099,Rejected
TXN-01917,2025-01-20,Steelcase,Furniture - Fixed Asset,600,USD,invoiced,Operations,CC-002,PO-32097,INV-274849,Steelcase - Furniture - Fixed Asset,EMP-1071,Approved
TXN-01918,2024-03-30,IKEA,Furniture - Fixed Asset,600,USD,invoiced,Marketing,CC-005,PO-84566,INV-554376,IKEA - Furniture - Fixed Asset,EMP-1166,Rejected
TXN-01919,2025-02-17,Google Cloud,Software - Cloud,4000,USD,pending,Engineering,CC-004,,INV-430338,Google Cloud - Software - Cloud,EMP-1115,Approved
TXN-01920,2024-03-30,Accenture,Professional Services,3000,USD,invoiced,HR,CC-005,,INV-303998,Accenture - Professional Services,EMP-1122,Rejected
TXN-01921,2025-01-13,United Airlines,Travel - Airfare,450,USD,paid,HR,CC-003,PO-35796,INV-613241,United Airlines - Travel - Airfare,EMP-1235,Approved
TXN-01922,2024-03-13,Lenovo,Hardware - Equipment,400,USD,pending,Operations,CC-002,PO-36753,INV-877644,Lenovo - Hardware - Equipment,EMP-1178,Pending
TXN-01923,2024-10-16,Twilio,Software - Communications,500,USD,invoiced,Operations,CC-003,PO-39733,INV-935948,Twilio - Software - Communications,EMP-1111,Rejected
TXN-01924,2024-04-30,Grubhub,Meals & Entertainment,180,USD,invoiced,Sales,CC-001,PO-74091,INV-399821,Grubhub - Meals & Entertainment,EMP-1070,Pending
TXN-01925,2024-01-21,Amazon Business,Office Supplies,100,USD,delivered,HR,CC-003,PO-26840,INV-982068,Amazon Business - Office Supplies,EMP-1095,Pending
TXN-01926,2024-04-20,Uber,Travel - Ground,65,USD,completed,Sales,CC-005,PO-68597,INV-617554,Uber - Travel - Ground,EMP-1127,Rejected
TXN-01927,2025-01-01,United Airlines,Travel - Airfare,1200,USD,invoiced,Marketing,CC-005,PO-50279,INV-694502,United Airlines - Travel - Airfare,EMP-1062,Rejected
TXN-01928,2025-02-01,UberEats,Meals & Entertainment,100,USD,invoiced,Marketing,CC-005,,INV-530583,UberEats - Meals & Entertainment,EMP-1138,Approved
TXN-01929,2024-06-17,Accenture,Professional Services,15000,USD,paid,HR,CC-002,,INV-668129,Accenture - Professional Services,EMP-1045,Pending
TXN-01930,2025-01-27,Datadog,Software - Monitoring,800,USD,delivered,Operations,CC-005,PO-76365,INV-837530,Datadog - Software - Monitoring,EMP-1186,Rejected
TXN-01931,2024-10-04,PwC,Professional Services,20000,USD,pending,Engineering,CC-003,PO-14001,INV-285665,PwC - Professional Services,EMP-1238,Pending
TXN-01932,2024-06-05,github,Software - Development,21,USD,invoiced,HR,CC-001,PO-44237,INV-959264,github - Software - Development,EMP-1214,Rejected
TXN-01933,2024-11-16,Amazon,Hardware - Equipment,99,USD,delivered,Engineering,CC-001,PO-18328,INV-603231,Amazon - Hardware - Equipment,EMP-1106,Approved
TXN-01934,2024-04-14,Hilton Hotels,Travel - Lodging,120,USD,invoiced,Marketing,CC-003,PO-79504,INV-835956,Hilton Hotels - Travel - Lodging,EMP-1170,Rejected
TXN-01935,2024-06-22,Hilton Hotels,Travel - Lodging,120,USD,invoiced,Marketing,CC-003,PO-33680,INV-639943,Hilton Hotels - Travel - Lodging,EMP-1065,Rejected
TXN-01936,2025-03-27,Chipotle,Meals & Entertainment,10,USD,invoiced,Marketing,CC-002,PO-96051,INV-939733,Chipotle - Meals & Entertainment,EMP-1104,Rejected
TXN-01937,2024-06-20,PwC,Professional Services,8000,USD,delivered,Engineering,CC-004,PO-75227,INV-446118,PwC - Professional Services,EMP-1209,Pending
TXN-01938,2024-03-27,Airbnb,Travel - Lodging,80,USD,invoiced,HR,CC-003,PO-82783,INV-205781,Airbnb - Travel - Lodging,EMP-1048,Pending
TXN-01939,2025-03-06,IKEA,Furniture - Fixed Asset,600,USD,pending,Sales,CC-003,PO-84244,INV-320868,IKEA - Furniture - Fixed Asset,EMP-1060,Approved
TXN-01940,2024-04-04,LinkedIn Ads,Marketing - Digital,1000,USD,paid,Sales,CC-001,PO-77983,INV-153078,LinkedIn Ads - Marketing - Digital,EMP-1106,Pending
TXN-01941,2024-09-13,Starbucks,Meals & Entertainment,5,USD,pending,Marketing,CC-001,PO-87994,INV-215421,Starbucks - Meals & Entertainment,EMP-1177,Pending
TXN-01942,2025-01-19,hubspot,Marketing - Software,50,USD,invoiced,Operations,CC-005,PO-65702,INV-552858,hubspot - Marketing - Software,EMP-1009,Pending
TXN-01943,2024-09-04,IKEA,Furniture - Fixed Asset,600,USD,pending,Marketing,CC-004,,INV-559418,IKEA - Furniture - Fixed Asset,EMP-1192,Rejected
TXN-01944,2024-06-07,Chipotle,Meals & Entertainment,20,USD,invoiced,Marketing,CC-005,PO-71502,INV-706004,Chipotle - Meals & Entertainment,EMP-1067,Rejected
TXN-01945,2024-02-29,Accenture,Professional Services,35000,USD,invoiced,HR,CC-005,PO-20561,INV-587569,Accenture - Professional Services,EMP-1207,Rejected
TXN-01946,2024-11-03,Marriott Hotels,Travel - Lodging,450,USD,completed,Marketing,CC-001,PO-79246,INV-131458,Marriott Hotels - Travel - Lodging,EMP-1235,Pending
TXN-01947,2025-03-30,GITHUB,Software - Development,231,USD,paid,Engineering,CC-004,PO-17367,INV-228479,GITHUB - Software - Development,EMP-1176,Rejected
TXN-01948,2024-10-22,Best Buy,Hardware - Equipment,100,USD,delivered,Marketing,CC-002,PO-35730,INV-159254,Best Buy - Hardware - Equipment,EMP-1151,Pending
TXN-01949,2024-10-31,Facebook Ads,Marketing - Digital,2000,USD,delivered,Operations,CC-002,PO-69922,INV-104922,Facebook Ads - Marketing - Digital,EMP-1135,Approved
TXN-01950,2024-09-06,McKinsey,Professional Services,15000,USD,invoiced,Sales,CC-001,PO-31198,INV-430621,McKinsey - Professional Services,EMP-1245,Approved
TXN-01951,2024-10-11,Steelcase,Furniture - Fixed Asset,600,USD,pending,Operations,CC-004,PO-51519,INV-457278,Steelcase - Furniture - Fixed Asset,EMP-1032,Pending
TXN-01952,2024-01-07,Uber,Travel - Ground,15,USD,pending,HR,CC-002,PO-28834,INV-127073,Uber - Travel - Ground,EMP-1215,Approved
TXN-01953,2024-05-29,Lenovo,Hardware - Equipment,400,USD,invoiced,Sales,CC-005,,INV-310515,Lenovo - Hardware - Equipment,EMP-1018,Approved
TXN-01954,2024-05-11,American Airlines,Travel - Airfare,1500,USD,completed,Sales,CC-003,PO-78453,INV-898471,American Airlines - Travel - Airfare,EMP-1229,Approved
TXN-01955,2024-11-29,Southwest Airlines,Travel - Airfare,1000,USD,pending,Finance,CC-005,PO-85708,INV-562738,Southwest Airlines - Travel - Airfare,EMP-1148,Pending
TXN-01956,2025-03-28,Restaurants.com,Meals & Entertainment,80,USD,pending,Finance,CC-001,PO-53758,INV-535306,Restaurants.com - Meals & Entertainment,EMP-1111,Pending
TXN-01957,2024-10-31,PwC,Professional Services,4000,USD,completed,Finance,CC-002,PO-44591,INV-456332,PwC - Professional Services,EMP-1055,Approved
TXN-01958,2024-01-19,Uber,Travel - Ground,15,USD,delivered,Engineering,CC-002,,INV-509846,Uber - Travel - Ground,EMP-1249,Approved
TXN-01959,2025-02-14,QuickBooks,Accounting Software,120,USD,completed,Marketing,CC-004,PO-88847,INV-358401,QuickBooks - Accounting Software,EMP-1182,Approved
TXN-01960,2024-10-21,Uber,Travel - Ground,25,USD,invoiced,HR,CC-001,PO-68627,INV-336709,Uber - Travel - Ground,EMP-1146,Pending
TXN-01961,2024-10-27,GitHub,Software - Development,21,USD,paid,HR,CC-003,PO-72563,INV-442552,GitHub - Software - Development,EMP-1080,Approved
TXN-01962,2024-08-16,Dell,Hardware - Equipment,500,USD,delivered,Sales,CC-005,PO-10493,INV-378807,Dell - Hardware - Equipment,EMP-1190,Approved
TXN-01963,2025-01-19,Herman Miller,Furniture - Fixed Asset,1500,USD,delivered,Finance,CC-004,PO-52596,INV-878204,Herman Miller - Furniture - Fixed Asset,EMP-1015,Approved
TXN-01964,2024-02-20,PwC,Professional Services,4000,USD,paid,Finance,CC-002,PO-41013,INV-107324,PwC - Professional Services,EMP-1003,Pending
TXN-01965,2024-05-14,Xero,Accounting Software,200,USD,invoiced,Operations,CC-002,PO-53424,INV-428274,Xero - Accounting Software,EMP-1247,Approved
TXN-01966,2025-02-07,Xero,Accounting Software,200,USD,completed,HR,CC-005,PO-49925,INV-527942,Xero - Accounting Software,EMP-1235,Rejected
TXN-01967,2024-08-15,Best Buy,Hardware - Equipment,1200,USD,completed,Finance,CC-002,PO-11943,INV-671571,Best Buy - Hardware - Equipment,EMP-1242,Pending
TXN-01968,2025-02-03,AWS,Software - Cloud,2341,USD,invoiced,Engineering,CC-001,PO-85670,INV-632931,AWS - Software - Cloud,EMP-1058,Pending
TXN-01969,2024-01-14,Accenture,Professional Services,7000,USD,completed,Finance,CC-003,PO-93495,INV-216063,Accenture - Professional Services,EMP-1118,Rejected
TXN-01970,2024-06-29,Uber,Travel - Ground,15,USD,completed,Engineering,CC-001,PO-88796,INV-336059,Uber - Travel - Ground,EMP-1203,Approved
TXN-01971,2024-09-17,Google Cloud,Software - Cloud,4000,USD,pending,Engineering,CC-004,PO-99446,INV-863378,Google Cloud - Software - Cloud,EMP-1188,Pending
TXN-01972,2024-11-05,Apple,Hardware - Equipment,1999,USD,completed,Marketing,CC-003,PO-42783,INV-204490,Apple - Hardware - Equipment,EMP-1183,Approved
TXN-01973,2025-01-16,Airbnb,Travel - Lodging,300,USD,delivered,Finance,CC-005,PO-54642,INV-762634,Airbnb - Travel - Lodging,EMP-1153,Pending
TXN-01974,2025-03-11,Xero,Accounting Software,200,USD,delivered,Sales,CC-001,PO-73605,INV-103229,Xero - Accounting Software,EMP-1031,Pending
TXN-01975,2025-03-03,AT&T,Utilities - Telecom,80,USD,completed,Marketing,CC-001,PO-66832,INV-728484,AT&T - Utilities - Telecom,EMP-1099,Rejected
TXN-01976,2024-12-30,Best Buy,Hardware - Equipment,500,USD,paid,Sales,CC-001,PO-29761,INV-121079,Best Buy - Hardware - Equipment,EMP-1078,Rejected
TXN-01977,2024-07-16,verizon,Utilities - Telecom,200,USD,pending,Operations,CC-003,PO-14166,INV-981327,verizon - Utilities - Telecom,EMP-1052,Approved
TXN-01978,2024-10-24,Facebook Ads,Marketing - Digital,4000,USD,pending,Engineering,CC-003,PO-31892,INV-751319,Facebook Ads - Marketing - Digital,EMP-1003,Approved
TXN-01979,2024-12-09,Airbnb,Travel - Lodging,150,USD,delivered,Finance,CC-005,PO-40235,INV-436686,Airbnb - Travel - Lodging,EMP-1026,Rejected
TXN-01980,2025-01-31,Slack,Software - SaaS,99,USD,pending,Finance,CC-001,PO-38122,INV-505966,Slack - Software - SaaS,EMP-1170,Pending
TXN-01981,2024-02-26,Dell,Hardware - Equipment,2500,USD,paid,HR,CC-003,PO-32902,INV-615492,Dell - Hardware - Equipment,EMP-1073,Pending
TXN-01982,2024-04-13,Accenture,Professional Services,15000,USD,invoiced,HR,CC-003,PO-71535,INV-589171,Accenture - Professional Services,EMP-1174,Approved
TXN-01983,2025-03-08,Amazon,Hardware - Equipment,99,USD,invoiced,Finance,CC-005,PO-45202,INV-338302,Amazon - Hardware - Equipment,EMP-1112,Pending
TXN-01984,2024-01-16,Best Buy,Hardware - Equipment,100,USD,pending,Operations,CC-004,PO-29619,INV-662792,Best Buy - Hardware - Equipment,EMP-1124,Pending
TXN-01985,2024-10-17,Uber,Travel - Ground,65,USD,invoiced,Sales,CC-005,PO-79021,INV-249431,Uber - Travel - Ground,EMP-1031,Pending
TXN-01986,2024-12-08,Twilio,Software - Communications,500,USD,completed,HR,CC-005,PO-61929,INV-521221,Twilio - Software - Communications,EMP-1132,Approved
TXN-01987,2024-11-15,GitHub Inc,Software - Development,21,USD,invoiced,HR,CC-002,PO-51586,INV-754262,GitHub Inc - Software - Development,EMP-1035,Pending
TXN-01988,2024-01-02,Dell,Hardware - Equipment,2500,USD,pending,Engineering,CC-003,PO-96314,INV-576647,Dell - Hardware - Equipment,EMP-1231,Approved
TXN-01989,2024-06-16,FedEx,Shipping & Logistics,45,USD,delivered,Marketing,CC-005,PO-72393,INV-692207,FedEx - Shipping & Logistics,EMP-1210,Rejected
TXN-01990,2024-03-18,Southwest Airlines,Travel - Airfare,650,USD,invoiced,Operations,CC-002,PO-45438,INV-554078,Southwest Airlines - Travel - Airfare,EMP-1230,Approved
TXN-01991,2024-12-25,Herman Miller,Furniture - Fixed Asset,1500,USD,delivered,Finance,CC-001,PO-61834,INV-237435,Herman Miller - Furniture - Fixed Asset,EMP-1223,Rejected
TXN-01992,2024-12-15,Stripe,Software - Payments,1250,USD,pending,Marketing,CC-004,,INV-580738,Stripe - Software - Payments,EMP-1157,Approved
TXN-01993,2025-01-27,GitHub,Software - Development,500,USD,invoiced,HR,CC-002,PO-52113,INV-159673,GitHub - Software - Development,EMP-1162,Approved
TXN-01994,2024-10-20,Google Cloud,Software - Cloud,4000,USD,paid,Operations,CC-003,PO-45183,INV-101052,Google Cloud - Software - Cloud,EMP-1121,Approved
TXN-01995,2024-11-25,AT&T,Utilities - Telecom,150,USD,completed,Sales,CC-005,PO-40052,INV-842987,AT&T - Utilities - Telecom,EMP-1151,Approved
TXN-01996,2024-03-20,Comcast,Utilities - Internet,200,USD,pending,Sales,CC-001,PO-74167,INV-172802,Comcast - Utilities - Internet,EMP-1112,Approved
TXN-01997,2024-07-20,FedEx,Shipping & Logistics,300,USD,invoiced,HR,CC-001,PO-64074,INV-357941,FedEx - Shipping & Logistics,EMP-1084,Rejected
TXN-01998,2024-05-05,Apple,Hardware - Equipment,1200,USD,paid,Finance,CC-003,PO-89387,INV-904977,Apple - Hardware - Equipment,EMP-1076,Pending
TXN-01999,2024-02-08,Comcast,Utilities - Internet,120,USD,paid,HR,CC-001,PO-39052,INV-164731,Comcast - Utilities - Internet,EMP-1062,Approved
TXN-02000,2025-01-12,IKEA,Furniture - Fixed Asset,600,USD,delivered,Finance,CC-002,PO-80027,INV-948879,IKEA - Furniture - Fixed Asset,EMP-1166,Approved
TXN-02001,2024-07-23,American Airlines,Travel - Airfare,300,USD,paid,Finance,CC-004,PO-91047,INV-405451,American Airlines - Travel - Airfare,EMP-1168,Rejected
TXN-02002,2024-12-24,Chipotle,Meals & Entertainment,10,USD,paid,Finance,CC-001,PO-34052,INV-395974,Chipotle - Meals & Entertainment,EMP-1126,Rejected
TXN-02003,2024-06-15,United Airlines,Travel - Airfare,450,USD,invoiced,Marketing,CC-004,PO-91436,INV-561397,United Airlines - Travel - Airfare,EMP-1182,Approved
TXN-02004,2025-01-14,Google Cloud,Software - Cloud,400,USD,invoiced,HR,CC-001,PO-47197,INV-649409,Google Cloud - Software - Cloud,EMP-1241,Approved
TXN-02005,2024-11-03,Restaurants.com,Meals & Entertainment,300,USD,pending,Marketing,CC-005,PO-12774,INV-372987,Restaurants.com - Meals & Entertainment,EMP-1011,Pending
TXN-02006,2024-01-15,Starbucks,Meals & Entertainment,7,USD,delivered,Marketing,CC-005,PO-52583,INV-531315,Starbucks - Meals & Entertainment,EMP-1102,Rejected
TXN-02007,2025-03-10,McKinsey,Professional Services,30000,USD,invoiced,Finance,CC-003,PO-23506,INV-263652,McKinsey - Professional Services,EMP-1222,Rejected
TXN-02008,2024-07-19,Lenovo,Hardware - Equipment,2000,USD,delivered,Sales,CC-001,PO-24589,INV-189415,Lenovo - Hardware - Equipment,EMP-1203,Pending
TXN-02009,2024-10-21,Uber,Travel - Ground,120,USD,pending,Operations,CC-003,PO-19192,INV-363485,Uber - Travel - Ground,EMP-1235,Rejected
TXN-02010,2024-12-25,Dell,Hardware - Equipment,2500,USD,pending,Sales,CC-003,PO-46783,INV-954360,Dell - Hardware - Equipment,EMP-1019,Rejected
TXN-02011,2024-03-06,Herman Miller,Furniture - Fixed Asset,800,USD,delivered,Sales,CC-001,PO-59032,INV-164020,Herman Miller - Furniture - Fixed Asset,EMP-1026,Pending
TXN-02012,2024-01-02,United Airlines,Travel - Airfare,2500,USD,paid,Operations,CC-003,PO-30768,INV-490221,United Airlines - Travel - Airfare,EMP-1116,Rejected
TXN-02013,2024-05-14,Stripe,Software - Payments,2500,USD,invoiced,Sales,CC-005,PO-98931,INV-417426,Stripe - Software - Payments,EMP-1051,Pending
TXN-02014,2024-09-22,HubSpot,Marketing - Software,500,USD,delivered,Sales,CC-001,PO-31791,INV-694782,HubSpot - Marketing - Software,EMP-1008,Pending
TXN-02015,2025-02-23,American Airlines,Travel - Airfare,1500,USD,delivered,Finance,CC-005,PO-33863,INV-711141,American Airlines - Travel - Airfare,EMP-1161,Approved
TXN-02016,2024-08-01,Time Warner,Utilities - Internet,100,USD,invoiced,Engineering,CC-005,PO-25609,INV-213210,Time Warner - Utilities - Internet,EMP-1094,Pending
TXN-02017,2024-07-11,Southwest Airlines,Travel - Airfare,350,USD,completed,Marketing,CC-005,,INV-133486,Southwest Airlines - Travel - Airfare,EMP-1136,Approved
TXN-02018,2024-11-21,AT&T,Utilities - Telecom,80,USD,pending,Engineering,CC-005,PO-97236,INV-556394,AT&T - Utilities - Telecom,EMP-1140,Pending
TXN-02019,2024-10-02,UPS,Shipping & Logistics,50,USD,delivered,HR,CC-004,PO-40139,INV-654341,UPS - Shipping & Logistics,EMP-1096,Pending
TXN-02020,2024-06-25,Verizon,Utilities - Telecom,100,USD,delivered,Engineering,CC-005,PO-79306,INV-717756,Verizon - Utilities - Telecom,EMP-1173,Pending
TXN-02021,2025-03-31,Grubhub,Meals & Entertainment,180,USD,invoiced,Sales,CC-004,PO-80251,INV-555564,Grubhub - Meals & Entertainment,EMP-1009,Rejected
TXN-02022,2024-06-14,Grubhub,Meals & Entertainment,50,USD,paid,Operations,CC-002,PO-13968,INV-685199,Grubhub - Meals & Entertainment,EMP-1039,Approved
TXN-02023,2024-07-13,Airbnb,Travel - Lodging,600,USD,paid,Engineering,CC-003,PO-20591,INV-710978,Airbnb - Travel - Lodging,EMP-1187,Pending
TXN-02024,2024-01-13,Slack,Software - SaaS,299,USD,completed,Marketing,CC-003,PO-28208,INV-696228,Slack - Software - SaaS,EMP-1095,Pending
TXN-02025,2024-02-08,IKEA,Furniture - Fixed Asset,300,USD,delivered,Engineering,CC-001,PO-21713,INV-114367,IKEA - Furniture - Fixed Asset,EMP-1084,Approved
TXN-02026,2025-02-01,Facebook Ads,Marketing - Digital,800,USD,paid,Engineering,CC-002,PO-14908,INV-197310,Facebook Ads - Marketing - Digital,EMP-1083,Rejected
TXN-02027,2024-04-03,Stripe,Software - Payments,2500,USD,invoiced,Sales,CC-001,PO-74152,INV-684985,Stripe - Software - Payments,EMP-1103,Approved
TXN-02028,2024-02-01,LENOVO,Hardware - Equipment,2000,USD,paid,Sales,CC-003,PO-61753,INV-436186,LENOVO - Hardware - Equipment,EMP-1072,Rejected
TXN-02029,2024-12-13,Twilio,Software - Communications,50,USD,completed,Finance,CC-005,PO-75717,INV-510389,Twilio - Software - Communications,EMP-1100,Pending
TXN-02030,2024-12-08,Apple,Hardware - Equipment,799,USD,pending,Engineering,CC-005,PO-90270,INV-462982,Apple - Hardware - Equipment,EMP-1107,Rejected
TXN-02031,2024-03-09,McKinsey,Professional Services,6000,USD,invoiced,Sales,CC-003,PO-30071,INV-994875,McKinsey - Professional Services,EMP-1167,Rejected
TXN-02032,2024-08-17,Facebook Ads,Marketing - Digital,4000,USD,pending,Sales,CC-004,PO-18602,INV-369663,Facebook Ads - Marketing - Digital,EMP-1007,Approved
TXN-02033,2024-05-31,Delta Airlines,Travel - Airfare,500,USD,pending,Operations,CC-004,PO-52317,INV-124044,Delta Airlines - Travel - Airfare,EMP-1240,Rejected
TXN-02034,2024-03-12,Google Cloud,Software - Cloud,1850,USD,delivered,Marketing,CC-002,,INV-592966,Google Cloud - Software - Cloud,EMP-1205,Rejected
TXN-02035,2024-06-29,Staples,Office Supplies,50,USD,delivered,Engineering,CC-004,PO-98940,INV-597284,Staples - Office Supplies,EMP-1249,Pending
TXN-02036,2025-02-10,American Airlines,Travel - Airfare,950,USD,completed,Operations,CC-002,PO-72024,INV-968715,American Airlines - Travel - Airfare,EMP-1189,Rejected
TXN-02037,2024-09-17,Stripe,Software - Payments,100,USD,delivered,Operations,CC-003,PO-16265,INV-454367,Stripe - Software - Payments,EMP-1158,Approved
TXN-02038,2025-03-13,Time Warner,Utilities - Internet,60,USD,pending,Operations,CC-001,PO-75315,INV-782174,Time Warner - Utilities - Internet,EMP-1142,Approved
TXN-02039,2024-10-14,Stripe,Software - Payments,1250,USD,completed,Finance,CC-005,PO-69711,INV-339255,Stripe - Software - Payments,EMP-1091,Pending
TXN-02040,2024-07-06,LinkedIn Ads,Marketing - Digital,1000,USD,delivered,Finance,CC-003,PO-11057,INV-496218,LinkedIn Ads - Marketing - Digital,EMP-1175,Approved
TXN-02041,2025-03-09,Microsoft Azure,Software - Cloud,1500,USD,delivered,Sales,CC-001,PO-90818,INV-736180,Microsoft Azure - Software - Cloud,EMP-1103,Approved
TXN-02042,2024-02-08,LawDepot,Legal Services,200,USD,completed,Marketing,CC-002,PO-94631,INV-534257,LawDepot - Legal Services,EMP-1227,Approved
TXN-02043,2024-04-08,DoorDash,Meals & Entertainment,200,USD,delivered,Operations,CC-004,PO-53379,INV-403494,DoorDash - Meals & Entertainment,EMP-1117,Approved
TXN-02044,2024-05-19,Microsoft Azure,Software - Cloud,800,USD,delivered,Engineering,CC-005,PO-79298,INV-119001,Microsoft Azure - Software - Cloud,EMP-1027,Rejected
TXN-02045,2024-03-31,Comcast,Utilities - Internet,200,USD,pending,HR,CC-004,PO-87446,INV-400649,Comcast - Utilities - Internet,EMP-1143,Rejected
TXN-02046,2024-04-19,Marriott Hotels,Travel - Lodging,150,USD,delivered,HR,CC-004,PO-50560,INV-786849,Marriott Hotels - Travel - Lodging,EMP-1221,Approved
TXN-02047,2024-03-06,Lenovo,Hardware - Equipment,1000,USD,completed,Sales,CC-001,PO-47992,INV-838308,Lenovo - Hardware - Equipment,EMP-1208,Pending
TXN-02048,2024-02-09,Facebook Ads,Marketing - Digital,4000,USD,invoiced,Operations,CC-004,PO-31807,INV-911776,Facebook Ads - Marketing - Digital,EMP-1035,Approved
TXN-02049,2024-12-04,QuickBooks,Accounting Software,600,USD,invoiced,Sales,CC-004,PO-55781,INV-252331,QuickBooks - Accounting Software,EMP-1244,Rejected
TXN-02050,2024-05-06,Deloitte,Professional Services,10000,USD,invoiced,Sales,CC-005,,INV-160075,Deloitte - Professional Services,EMP-1069,Pending
TXN-02051,2024-01-09,McKinsey,Professional Services,30000,USD,paid,Marketing,CC-005,PO-98096,INV-550714,McKinsey - Professional Services,EMP-1112,Rejected
TXN-02052,2024-07-25,Xero,Accounting Software,400,USD,paid,Marketing,CC-001,PO-81614,INV-536845,Xero - Accounting Software,EMP-1071,Rejected
TXN-02053,2024-06-01,Airbnb,Travel - Lodging,600,USD,pending,Marketing,CC-003,PO-83177,INV-853523,Airbnb - Travel - Lodging,EMP-1212,Pending
TXN-02054,2024-10-11,Amazon Business Inc,Office Supplies,100,USD,pending,Engineering,CC-005,PO-54873,INV-604212,Amazon Business Inc - Office Supplies,EMP-1202,Approved
TXN-02055,2025-03-25,AWS,Software - Cloud,1000,USD,pending,Engineering,CC-002,PO-22191,INV-439601,AWS - Software - Cloud,EMP-1185,Approved
TXN-02056,2024-07-27,Dell,Hardware - Equipment,2500,USD,pending,Sales,CC-004,PO-81296,INV-417864,Dell - Hardware - Equipment,EMP-1218,Rejected
TXN-02057,2024-10-11,Herman Miller,Furniture - Fixed Asset,1200,USD,invoiced,Operations,CC-004,PO-63805,INV-760737,Herman Miller - Furniture - Fixed Asset,EMP-1238,Pending
TXN-02058,2024-08-07,Southwest Airlines,Travel - Airfare,1000,USD,pending,Marketing,CC-005,PO-52328,INV-784355,Southwest Airlines - Travel - Airfare,EMP-1180,Rejected
TXN-02059,2024-10-17,FedEx,Shipping & Logistics,45,USD,completed,Finance,CC-004,PO-72612,INV-482907,FedEx - Shipping & Logistics,EMP-1034,Rejected
TXN-02060,2024-04-02,Datadog,Software - Monitoring,800,USD,pending,Engineering,CC-005,PO-63284,INV-107318,Datadog - Software - Monitoring,EMP-1040,Approved
TXN-02061,2024-03-14,Microsoft Azure,Software - Cloud,300,USD,delivered,Sales,CC-001,PO-47019,INV-297320,Microsoft Azure - Software - Cloud,EMP-1149,Rejected
TXN-02062,2024-08-24,Apple,Hardware - Equipment,799,USD,completed,Operations,CC-001,PO-29031,INV-428955,Apple - Hardware - Equipment,EMP-1015,Rejected
TXN-02063,2024-06-13,Slack,Software - SaaS,299,USD,pending,Sales,CC-003,PO-23220,INV-642865,Slack - Software - SaaS,EMP-1003,Pending
TXN-02064,2024-08-10,Office Depot,Office Supplies,75,USD,delivered,Marketing,CC-001,,INV-394765,Office Depot - Office Supplies,EMP-1035,Approved
TXN-02065,2024-02-24,DHL,Shipping & Logistics,60,USD,paid,Engineering,CC-001,PO-33256,INV-879448,DHL - Shipping & Logistics,EMP-1132,Pending
TXN-02066,2024-02-02,Google Ads,Marketing - Digital,1000,USD,invoiced,Sales,CC-004,PO-18699,INV-366682,Google Ads - Marketing - Digital,EMP-1042,Rejected
TXN-02067,2024-06-23,Lyft,Travel - Ground,12,USD,paid,Finance,CC-004,PO-92893,INV-922077,Lyft - Travel - Ground,EMP-1060,Approved
TXN-02068,2024-04-26,DoorDash,Meals & Entertainment,25,USD,invoiced,Finance,CC-004,PO-98367,INV-597429,DoorDash - Meals & Entertainment,EMP-1082,Pending
TXN-02069,2025-02-03,Uber,Travel - Ground,65,USD,pending,Engineering,CC-003,PO-67174,INV-611190,Uber - Travel - Ground,EMP-1246,Pending
TXN-02070,2024-04-07,Datadog,Software - Monitoring,3000,USD,pending,Finance,CC-002,PO-36776,INV-104574,Datadog - Software - Monitoring,EMP-1219,Pending
TXN-02071,2024-01-21,Delta Airlines,Travel - Airfare,280,USD,paid,Engineering,CC-004,PO-76899,INV-407436,Delta Airlines - Travel - Airfare,EMP-1035,Approved
TXN-02072,2024-11-25,Xero,Accounting Software,99,USD,paid,Sales,CC-001,PO-87578,INV-849907,Xero - Accounting Software,EMP-1122,Approved
TXN-02073,2024-08-14,Zoom,Software - SaaS,200,USD,invoiced,Engineering,CC-003,,INV-739036,Zoom - Software - SaaS,EMP-1008,Rejected
TXN-02074,2024-04-23,Xero,Accounting Software,99,USD,delivered,Finance,CC-002,PO-30539,INV-341916,Xero - Accounting Software,EMP-1248,Pending
TXN-02075,2025-01-03,Comcast,Utilities - Internet,120,USD,pending,Marketing,CC-005,PO-27496,INV-667772,Comcast - Utilities - Internet,EMP-1046,Pending
TXN-02076,2024-02-08,Facebook Ads,Marketing - Digital,2000,USD,completed,Engineering,CC-005,PO-38495,INV-266583,Facebook Ads - Marketing - Digital,EMP-1099,Pending
TXN-02077,2024-09-01,Facebook Ads,Marketing - Digital,800,USD,completed,Sales,CC-001,PO-17933,INV-521346,Facebook Ads - Marketing - Digital,EMP-1148,Pending
TXN-02078,2024-10-07,Deloitte,Professional Services,5000,USD,invoiced,HR,CC-003,PO-87691,INV-964273,Deloitte - Professional Services,EMP-1053,Pending
TXN-02079,2024-08-01,Lyft,Travel - Ground,40,USD,invoiced,Operations,CC-003,PO-56299,INV-116855,Lyft - Travel - Ground,EMP-1107,Pending
TXN-02080,2024-09-30,Office Depot,Office Supplies,75,USD,paid,Marketing,CC-004,PO-46003,INV-741446,Office Depot - Office Supplies,EMP-1164,Rejected
TXN-02081,2024-01-20,AT&T,Utilities - Telecom,150,USD,invoiced,HR,CC-002,PO-16068,INV-670429,AT&T - Utilities - Telecom,EMP-1027,Approved
TXN-02082,2024-07-25,PwC,Professional Services,8000,USD,paid,Engineering,CC-004,PO-21596,INV-880454,PwC - Professional Services,EMP-1142,Pending
TXN-02083,2025-02-12,Salesforce,Software - SaaS,600,USD,invoiced,Sales,CC-003,PO-49009,INV-162393,Salesforce - Software - SaaS,EMP-1059,Rejected
TXN-02084,2024-11-29,UPS,Shipping & Logistics,25,USD,paid,Sales,CC-005,,INV-827019,UPS - Shipping & Logistics,EMP-1135,Approved
TXN-02085,2024-04-07,Zoom,Software - SaaS,299,USD,paid,Engineering,CC-005,PO-94677,INV-664390,Zoom - Software - SaaS,EMP-1124,Approved
TXN-02086,2024-12-03,FedEx,Shipping & Logistics,45,USD,paid,Operations,CC-001,PO-44005,INV-273824,FedEx - Shipping & Logistics,EMP-1114,Approved
TXN-02087,2024-05-01,Zoom,Software - SaaS,599,USD,pending,HR,CC-003,PO-42242,INV-690045,Zoom - Software - SaaS,EMP-1244,Pending
TXN-02088,2025-02-15,Southwest Airlines,Travel - Airfare,1000,USD,completed,HR,CC-002,PO-78379,INV-307446,Southwest Airlines - Travel - Airfare,EMP-1213,Pending
TXN-02089,2024-06-05,Southwest Airlines,Travel - Airfare,150,USD,invoiced,Sales,CC-003,PO-96183,INV-920059,Southwest Airlines - Travel - Airfare,EMP-1090,Pending
TXN-02090,2024-11-12,Airbnb,Travel - Lodging,80,USD,completed,Engineering,CC-003,PO-52103,INV-509897,Airbnb - Travel - Lodging,EMP-1049,Approved
TXN-02091,2024-12-15,Amazon,Hardware - Equipment,99,USD,paid,Sales,CC-005,PO-39820,INV-552234,Amazon - Hardware - Equipment,EMP-1237,Approved
TXN-02092,2024-07-25,Google Ads,Marketing - Digital,2500,USD,paid,Operations,CC-005,PO-13888,INV-373578,Google Ads - Marketing - Digital,EMP-1043,Approved
TXN-02093,2024-02-08,Amazon Business,Office Supplies,500,USD,invoiced,Sales,CC-005,PO-49231,INV-216155,Amazon Business - Office Supplies,EMP-1119,Rejected
TXN-02094,2024-01-11,LinkedIn Ads,Marketing - Digital,1000,USD,completed,Engineering,CC-002,PO-95655,INV-567273,LinkedIn Ads - Marketing - Digital,EMP-1125,Rejected
TXN-02095,2024-01-22,Apple,Hardware - Equipment,1999,USD,paid,Finance,CC-004,PO-63673,INV-576421,Apple - Hardware - Equipment,EMP-1191,Pending
TXN-02096,2024-03-01,Facebook Ads,Marketing - Digital,800,USD,pending,Sales,CC-001,PO-31834,INV-632130,Facebook Ads - Marketing - Digital,EMP-1042,Approved
TXN-02097,2025-01-27,AT&T,Utilities - Telecom,80,USD,delivered,Marketing,CC-001,PO-27527,INV-446033,AT&T - Utilities - Telecom,EMP-1182,Pending
TXN-02098,2025-01-03,Xero,Accounting Software,99,USD,completed,Engineering,CC-003,PO-50536,INV-382172,Xero - Accounting Software,EMP-1185,Pending
TXN-02099,2024-01-10,LinkedIn Ads,Marketing - Digital,2500,USD,delivered,Engineering,CC-002,PO-84811,INV-394278,LinkedIn Ads - Marketing - Digital,EMP-1213,Approved
TXN-02100,2024-06-06,Office Depot,Office Supplies,200,USD,pending,Engineering,CC-001,PO-53108,INV-308606,Office Depot - Office Supplies,EMP-1228,Approved
TXN-02101,2024-12-10,Best Buy,Hardware - Equipment,500,USD,pending,Marketing,CC-002,PO-21201,INV-560312,Best Buy - Hardware - Equipment,EMP-1169,Rejected
TXN-02102,2024-10-17,FedEx,Shipping & Logistics,45,USD,delivered,Engineering,CC-001,PO-65549,INV-869228,FedEx - Shipping & Logistics,EMP-1213,Rejected
TXN-02103,2024-11-14,Twilio,Software - Communications,200,USD,invoiced,Sales,CC-001,,INV-556341,Twilio - Software - Communications,EMP-1206,Rejected
TXN-02104,2024-03-13,Herman Miller,Furniture - Fixed Asset,1500,USD,invoiced,Sales,CC-003,PO-79244,INV-438091,Herman Miller - Furniture - Fixed Asset,EMP-1218,Rejected
TXN-02105,2024-03-29,Amazon,Hardware - Equipment,599,USD,invoiced,Finance,CC-001,PO-68885,INV-355893,Amazon - Hardware - Equipment,EMP-1206,Pending
TXN-02106,2024-05-08,Restaurants.com,Meals & Entertainment,40,USD,pending,Finance,CC-001,PO-67506,INV-523290,Restaurants.com - Meals & Entertainment,EMP-1021,Rejected
TXN-02107,2025-03-29,IKEA,Furniture - Fixed Asset,100,USD,invoiced,Finance,CC-001,PO-44824,INV-886232,IKEA - Furniture - Fixed Asset,EMP-1179,Pending
TXN-02108,2025-03-10,Marriott Hotels,Travel - Lodging,800,USD,completed,Operations,CC-003,PO-54760,INV-580059,Marriott Hotels - Travel - Lodging,EMP-1074,Approved
TXN-02109,2024-09-01,Dell,Hardware - Equipment,1200,USD,paid,Sales,CC-001,,INV-493380,Dell - Hardware - Equipment,EMP-1060,Pending
TXN-02110,2025-01-22,Airbnb,Travel - Lodging,300,USD,paid,Finance,CC-001,PO-22110,INV-473034,Airbnb - Travel - Lodging,EMP-1144,Approved
TXN-02111,2024-10-31,Comcast,Utilities - Internet,70,USD,pending,Operations,CC-005,PO-80060,INV-763545,Comcast - Utilities - Internet,EMP-1086,Pending
TXN-02112,2024-03-10,LinkedIn Ads,Marketing - Digital,400,USD,pending,Marketing,CC-003,PO-31662,INV-274847,LinkedIn Ads - Marketing - Digital,EMP-1088,Pending
TXN-02113,2025-02-18,HubSpot,Marketing - Software,500,USD,pending,Finance,CC-003,PO-61404,INV-729783,HubSpot - Marketing - Software,EMP-1145,Rejected
TXN-02114,2024-12-25,Marriott Hotels,Travel - Lodging,800,USD,invoiced,Marketing,CC-001,PO-15936,INV-810515,Marriott Hotels - Travel - Lodging,EMP-1224,Rejected
TXN-02115,2025-01-12,PwC,Professional Services,4000,USD,delivered,Operations,CC-002,PO-79014,INV-835336,PwC - Professional Services,EMP-1040,Pending
TXN-02116,2024-01-29,FedEx,Shipping & Logistics,20,USD,invoiced,HR,CC-005,,INV-936598,FedEx - Shipping & Logistics,EMP-1111,Approved
TXN-02117,2024-11-30,Facebook Ads,Marketing - Digital,800,USD,delivered,Engineering,CC-002,PO-71914,INV-870573,Facebook Ads - Marketing - Digital,EMP-1095,Approved
TXN-02118,2024-01-20,HubSpot,Marketing - Software,200,USD,invoiced,Marketing,CC-002,PO-50108,INV-760093,HubSpot - Marketing - Software,EMP-1018,Pending
TXN-02119,2025-02-05,Restaurants.com,Meals & Entertainment,40,USD,invoiced,HR,CC-005,PO-93584,INV-689921,Restaurants.com - Meals & Entertainment,EMP-1097,Pending
TXN-02120,2024-10-06,AWS,Software - Cloud,5000,USD,completed,Finance,CC-001,PO-59343,INV-661942,AWS - Software - Cloud,EMP-1168,Approved
TXN-02121,2024-03-16,AT&T,Utilities - Telecom,80,USD,completed,HR,CC-005,PO-50781,INV-762699,AT&T - Utilities - Telecom,EMP-1184,Rejected
TXN-02122,2024-09-19,Southwest Airlines,Travel - Airfare,150,USD,pending,Marketing,CC-004,PO-95087,INV-131575,Southwest Airlines - Travel - Airfare,EMP-1074,Approved
TXN-02123,2024-04-21,Marriott Hotels,Travel - Lodging,450,USD,completed,Engineering,CC-001,PO-50202,INV-269233,Marriott Hotels - Travel - Lodging,EMP-1242,Pending
TXN-02124,2024-11-27,AT&T,Utilities - Telecom,150,USD,paid,Marketing,CC-001,PO-38216,INV-916952,AT&T - Utilities - Telecom,EMP-1056,Rejected
TXN-02125,2024-12-18,Datadog,Software - Monitoring,1500,USD,pending,Finance,CC-001,PO-69876,INV-891726,Datadog - Software - Monitoring,EMP-1076,Rejected
TXN-02126,2024-09-19,Starbucks,Meals & Entertainment,10,USD,delivered,Sales,CC-005,PO-29902,INV-109010,Starbucks - Meals & Entertainment,EMP-1115,Approved
TXN-02127,2024-08-15,Grubhub,Meals & Entertainment,25,USD,completed,Marketing,CC-001,PO-44059,INV-549104,Grubhub - Meals & Entertainment,EMP-1156,Rejected
TXN-02128,2024-04-17,twilio,Software - Communications,1000,USD,completed,HR,CC-005,PO-18532,INV-470078,twilio - Software - Communications,EMP-1150,Rejected
TXN-02129,2024-06-15,Restaurants.com,Meals & Entertainment,300,USD,invoiced,Engineering,CC-002,PO-30005,INV-171685,Restaurants.com - Meals & Entertainment,EMP-1075,Rejected
TXN-02130,2024-04-03,Uber,Travel - Ground,120,USD,delivered,HR,CC-001,PO-40472,INV-369394,Uber - Travel - Ground,EMP-1156,Approved
TXN-02131,2024-10-12,Dell,Hardware - Equipment,1200,USD,completed,Finance,CC-004,PO-98410,INV-597432,Dell - Hardware - Equipment,EMP-1129,Pending
TXN-02132,2024-09-16,UPS,Shipping & Logistics,50,USD,completed,Sales,CC-002,,INV-887010,UPS - Shipping & Logistics,EMP-1031,Approved
TXN-02133,2024-10-04,Chipotle,Meals & Entertainment,15,USD,pending,Marketing,CC-003,PO-43034,INV-114460,Chipotle - Meals & Entertainment,EMP-1094,Rejected
TXN-02134,2024-12-08,Time Warner,Utilities - Internet,100,USD,invoiced,HR,CC-003,PO-72345,INV-327143,Time Warner - Utilities - Internet,EMP-1196,Rejected
TXN-02135,2024-11-26,Amazon Business Inc,Office Supplies,500,USD,completed,Marketing,CC-002,PO-62192,INV-977798,Amazon Business Inc - Office Supplies,EMP-1164,Approved
TXN-02136,2024-02-05,Stripe,Software - Payments,500,USD,invoiced,Sales,CC-005,PO-57021,INV-556385,Stripe - Software - Payments,EMP-1160,Pending
TXN-02137,2025-01-31,Comcast,Utilities - Internet,120,USD,delivered,Finance,CC-003,PO-31333,INV-307565,Comcast - Utilities - Internet,EMP-1132,Rejected
TXN-02138,2024-06-19,Dell,Hardware - Equipment,500,USD,paid,Marketing,CC-003,PO-90516,INV-247354,Dell - Hardware - Equipment,EMP-1151,Approved
TXN-02139,2024-10-17,Staples,Office Supplies,300,USD,paid,Finance,CC-001,,INV-340237,Staples - Office Supplies,EMP-1134,Rejected
TXN-02140,2024-04-17,Deloitte Inc,Professional Services,50000,USD,pending,Sales,CC-001,PO-99975,INV-378247,Deloitte Inc - Professional Services,EMP-1229,Rejected
TXN-02141,2024-04-18,IKEA,Furniture - Fixed Asset,600,USD,completed,Finance,CC-004,PO-72696,INV-722036,IKEA - Furniture - Fixed Asset,EMP-1109,Approved
TXN-02142,2025-03-10,Salesforce,Software - SaaS,300,USD,invoiced,Sales,CC-002,PO-63402,INV-677386,Salesforce - Software - SaaS,EMP-1201,Rejected
TXN-02143,2024-07-13,Google Cloud,Software - Cloud,400,USD,pending,Marketing,CC-005,,INV-947719,Google Cloud - Software - Cloud,EMP-1215,Rejected
TXN-02144,2024-02-08,Facebook Ads,Marketing - Digital,800,USD,completed,HR,CC-005,PO-48236,INV-502004,Facebook Ads - Marketing - Digital,EMP-1249,Rejected
TXN-02145,2024-06-06,FedEx,Shipping & Logistics,100,USD,delivered,Engineering,CC-002,PO-50200,INV-800709,FedEx - Shipping & Logistics,EMP-1174,Approved
TXN-02146,2024-11-21,United Airlines,Travel - Airfare,2500,USD,paid,Sales,CC-002,PO-99801,INV-687934,United Airlines - Travel - Airfare,EMP-1093,Pending
TXN-02147,2025-02-10,Marriott Hotels Inc,Travel - Lodging,250,USD,delivered,Engineering,CC-004,PO-60531,INV-402656,Marriott Hotels Inc - Travel - Lodging,EMP-1017,Rejected
TXN-02148,2025-01-23,Salesforce,Software - SaaS,2500,USD,completed,Engineering,CC-003,PO-59216,INV-780479,Salesforce - Software - SaaS,EMP-1169,Rejected
TXN-02149,2025-03-31,Delta Airlines,Travel - Airfare,1400,USD,invoiced,Operations,CC-004,PO-38593,INV-646392,Delta Airlines - Travel - Airfare,EMP-1033,Pending
TXN-02150,2024-08-14,Lyft,Travel - Ground,22,USD,completed,Marketing,CC-003,PO-91900,INV-284218,Lyft - Travel - Ground,EMP-1229,Approved
TXN-02151,2025-02-09,Delta Airlines,Travel - Airfare,280,USD,invoiced,Operations,CC-003,PO-49694,INV-795590,Delta Airlines - Travel - Airfare,EMP-1234,Rejected
TXN-02152,2024-02-19,UPS,Shipping & Logistics,120,USD,delivered,Sales,CC-003,PO-78322,INV-432548,UPS - Shipping & Logistics,EMP-1046,Pending
TXN-02153,2024-08-23,Dell,Hardware - Equipment,500,USD,delivered,Marketing,CC-003,PO-69825,INV-457792,Dell - Hardware - Equipment,EMP-1106,Rejected
TXN-02154,2025-03-24,Starbucks,Meals & Entertainment,7,USD,completed,Finance,CC-001,PO-83303,INV-941539,Starbucks - Meals & Entertainment,EMP-1239,Pending
TXN-02155,2024-01-12,Twilio,Software - Communications,1000,USD,pending,Finance,CC-004,PO-89767,INV-934867,Twilio - Software - Communications,EMP-1189,Approved
TXN-02156,2025-02-23,UPS,Shipping & Logistics,25,USD,invoiced,Marketing,CC-002,,INV-670126,UPS - Shipping & Logistics,EMP-1153,Rejected
TXN-02157,2024-11-22,Deloitte,Professional Services,50000,USD,completed,Marketing,CC-002,PO-30429,INV-839901,Deloitte - Professional Services,EMP-1089,Approved
TXN-02158,2024-02-27,MCKINSEY,Professional Services,15000,USD,pending,Finance,CC-001,PO-31660,INV-890340,MCKINSEY - Professional Services,EMP-1188,Approved
TXN-02159,2025-02-09,Delta Airlines,Travel - Airfare,900,USD,pending,Operations,CC-001,PO-98571,INV-270249,Delta Airlines - Travel - Airfare,EMP-1112,Rejected
TXN-02160,2024-02-13,Herman Miller,Furniture - Fixed Asset,1200,USD,delivered,Sales,CC-004,PO-31452,INV-237337,Herman Miller - Furniture - Fixed Asset,EMP-1219,Pending
TXN-02161,2025-03-19,Comcast,Utilities - Internet,120,USD,completed,Operations,CC-002,PO-41959,INV-418325,Comcast - Utilities - Internet,EMP-1162,Rejected
TXN-02162,2024-03-31,McKinsey,Professional Services,6000,USD,pending,Engineering,CC-004,PO-88243,INV-730435,McKinsey - Professional Services,EMP-1204,Pending
TXN-02163,2024-12-12,Salesforce,Software - SaaS,300,USD,invoiced,Operations,CC-002,,INV-451909,Salesforce - Software - SaaS,EMP-1145,Rejected
TXN-02164,2024-08-27,Southwest Airlines,Travel - Airfare,1000,USD,delivered,Operations,CC-001,PO-26718,INV-692443,Southwest Airlines - Travel - Airfare,EMP-1245,Approved
TXN-02165,2024-06-03,UPS,Shipping & Logistics,350,USD,delivered,Engineering,CC-002,PO-54267,INV-756937,UPS - Shipping & Logistics,EMP-1082,Approved
TXN-02166,2024-12-04,DoorDash,Meals & Entertainment,100,USD,paid,Sales,CC-004,PO-55782,INV-787676,DoorDash - Meals & Entertainment,EMP-1117,Rejected
TXN-02167,2024-03-06,DHL,Shipping & Logistics,150,USD,delivered,Marketing,CC-001,PO-60452,INV-998755,DHL - Shipping & Logistics,EMP-1111,Approved
TXN-02168,2024-02-29,FedEx,Shipping & Logistics,300,USD,paid,Marketing,CC-004,PO-80984,INV-692596,FedEx - Shipping & Logistics,EMP-1134,Pending
TXN-02169,2024-08-03,HubSpot,Marketing - Software,50,USD,delivered,Marketing,CC-003,PO-71632,INV-103840,HubSpot - Marketing - Software,EMP-1030,Approved
TXN-02170,2024-06-29,United Airlines,Travel - Airfare,250,USD,paid,HR,CC-002,,INV-258418,United Airlines - Travel - Airfare,EMP-1099,Approved
TXN-02171,2024-07-23,Southwest Airlines,Travel - Airfare,650,USD,invoiced,HR,CC-005,PO-94483,INV-130019,Southwest Airlines - Travel - Airfare,EMP-1046,Approved
TXN-02172,2024-08-19,Microsoft Azure,Software - Cloud,800,USD,paid,HR,CC-004,PO-37154,INV-367984,Microsoft Azure - Software - Cloud,EMP-1155,Approved
TXN-02173,2024-12-25,Comcast,Utilities - Internet,120,USD,invoiced,Sales,CC-002,PO-48300,INV-865599,Comcast - Utilities - Internet,EMP-1145,Approved
TXN-02174,2024-01-24,Starbucks,Meals & Entertainment,15,USD,completed,HR,CC-002,PO-18196,INV-991041,Starbucks - Meals & Entertainment,EMP-1003,Rejected
TXN-02175,2025-01-21,PwC,Professional Services,4000,USD,delivered,Sales,CC-003,PO-28637,INV-962607,PwC - Professional Services,EMP-1098,Pending
TXN-02176,2024-02-07,Amazon Business,Office Supplies,100,USD,paid,Finance,CC-001,PO-53962,INV-578173,Amazon Business - Office Supplies,EMP-1105,Rejected
TXN-02177,2025-01-02,Dell,Hardware - Equipment,500,USD,pending,HR,CC-002,PO-44778,INV-865613,Dell - Hardware - Equipment,EMP-1043,Rejected
TXN-02178,2024-08-14,American Airlines,Travel - Airfare,950,USD,pending,Sales,CC-004,PO-29222,INV-558699,American Airlines - Travel - Airfare,EMP-1165,Rejected
TXN-02179,2024-02-01,Accenture,Professional Services,35000,USD,delivered,Finance,CC-005,PO-32027,INV-918218,Accenture - Professional Services,EMP-1023,Pending
TXN-02180,2024-11-15,Delta Airlines,Travel - Airfare,1400,USD,paid,Operations,CC-003,PO-20252,INV-203677,Delta Airlines - Travel - Airfare,EMP-1033,Approved
TXN-02181,2024-02-07,Restaurants.com,Meals & Entertainment,150,USD,pending,Engineering,CC-002,PO-24057,INV-542462,Restaurants.com - Meals & Entertainment,EMP-1041,Rejected
TXN-02182,2024-07-08,Restaurants.com,Meals & Entertainment,300,USD,completed,HR,CC-001,PO-78169,INV-201745,Restaurants.com - Meals & Entertainment,EMP-1188,Approved
TXN-02183,2024-04-13,Hilton Hotels,Travel - Lodging,700,USD,completed,Finance,CC-002,PO-22027,INV-147154,Hilton Hotels - Travel - Lodging,EMP-1176,Pending
TXN-02184,2024-03-05,Slack,Software - SaaS,125,USD,completed,HR,CC-001,PO-31850,INV-535885,Slack - Software - SaaS,EMP-1119,Pending
TXN-02185,2024-02-26,Marriott Hotels,Travel - Lodging,250,USD,pending,Marketing,CC-005,PO-63436,INV-405786,Marriott Hotels - Travel - Lodging,EMP-1060,Approved
TXN-02186,2024-03-14,Dell,Hardware - Equipment,2500,USD,paid,Sales,CC-004,PO-88869,INV-749176,Dell - Hardware - Equipment,EMP-1210,Rejected
TXN-02187,2024-12-20,Airbnb,Travel - Lodging,600,USD,paid,Operations,CC-002,PO-92981,INV-396196,Airbnb - Travel - Lodging,EMP-1124,Pending
TXN-02188,2024-07-10,GitHub,Software - Development,21,USD,pending,HR,CC-005,PO-23396,INV-928094,GitHub - Software - Development,EMP-1153,Approved
TXN-02189,2024-08-01,Restaurants.com,Meals & Entertainment,150,USD,pending,Marketing,CC-002,PO-66521,INV-335573,Restaurants.com - Meals & Entertainment,EMP-1089,Pending
TXN-02190,2024-11-06,Deloitte,Professional Services,25000,USD,completed,Finance,CC-004,PO-57432,INV-969585,Deloitte - Professional Services,EMP-1003,Pending
TXN-02191,2024-07-12,LinkedIn Ads,Marketing - Digital,5000,USD,completed,Sales,CC-002,PO-15465,INV-851892,LinkedIn Ads - Marketing - Digital,EMP-1116,Rejected
TXN-02192,2025-02-12,Amazon Business,Office Supplies,500,USD,completed,HR,CC-001,PO-96114,INV-864751,Amazon Business - Office Supplies,EMP-1049,Pending
TXN-02193,2024-07-15,Amazon,Hardware - Equipment,1200,USD,completed,Engineering,CC-002,PO-71852,INV-878555,Amazon - Hardware - Equipment,EMP-1247,Pending
TXN-02194,2024-07-14,Best Buy,Hardware - Equipment,100,USD,pending,Operations,CC-001,PO-10075,INV-247699,Best Buy - Hardware - Equipment,EMP-1039,Pending
TXN-02195,2024-11-22,American Airlines,Travel - Airfare,1500,USD,pending,HR,CC-002,PO-78862,INV-919089,American Airlines - Travel - Airfare,EMP-1227,Approved
TXN-02196,2024-10-24,Lenovo,Hardware - Equipment,2000,USD,invoiced,Operations,CC-004,,INV-110707,Lenovo - Hardware - Equipment,EMP-1059,Pending
TXN-02197,2025-03-29,Hilton Hotels,Travel - Lodging,400,USD,delivered,HR,CC-002,PO-34902,INV-916552,Hilton Hotels - Travel - Lodging,EMP-1076,Rejected
TXN-02198,2025-02-20,Restaurants.com,Meals & Entertainment,40,USD,completed,Marketing,CC-004,,INV-579389,Restaurants.com - Meals & Entertainment,EMP-1031,Rejected
TXN-02199,2024-08-20,Best Buy,Hardware - Equipment,1200,USD,invoiced,HR,CC-001,PO-65413,INV-589999,Best Buy - Hardware - Equipment,EMP-1212,Rejected
TXN-02200,2025-02-16,Stripe,Software - Payments,1250,USD,invoiced,Finance,CC-003,PO-35407,INV-743131,Stripe - Software - Payments,EMP-1069,Approved
TXN-02201,2024-12-16,Hilton Hotels,Travel - Lodging,220,USD,pending,Engineering,CC-003,PO-34033,INV-205037,Hilton Hotels - Travel - Lodging,EMP-1210,Approved
TXN-02202,2024-02-26,Grubhub,Meals & Entertainment,25,USD,delivered,Marketing,CC-001,PO-47374,INV-594982,Grubhub - Meals & Entertainment,EMP-1221,Rejected
TXN-02203,2024-06-14,Uber,Travel - Ground,45,USD,invoiced,Sales,CC-004,PO-67077,INV-381012,Uber - Travel - Ground,EMP-1033,Rejected
TXN-02204,2024-11-03,Amazon Business,Office Supplies,250,USD,invoiced,Engineering,CC-003,PO-32696,INV-828518,Amazon Business - Office Supplies,EMP-1221,Rejected
TXN-02205,2024-02-25,Deloitte,Professional Services,5000,USD,paid,Finance,CC-004,PO-33200,INV-761700,Deloitte - Professional Services,EMP-1017,Pending
TXN-02206,2024-12-15,Accenture,Professional Services,15000,USD,completed,Marketing,CC-005,,INV-272798,Accenture - Professional Services,EMP-1072,Approved
TXN-02207,2024-01-02,Office Depot,Office Supplies,350,USD,paid,Operations,CC-001,PO-99180,INV-495351,Office Depot - Office Supplies,EMP-1007,Rejected
TXN-02208,2024-01-05,Marriott Hotels,Travel - Lodging,450,USD,pending,Finance,CC-001,PO-58422,INV-269510,Marriott Hotels - Travel - Lodging,EMP-1095,Pending
TXN-02209,2025-02-26,IKEA,Furniture - Fixed Asset,300,USD,paid,Operations,CC-003,PO-76973,INV-101718,IKEA - Furniture - Fixed Asset,EMP-1188,Pending
TXN-02210,2024-10-07,Airbnb,Travel - Lodging,80,USD,delivered,Operations,CC-001,,INV-211908,Airbnb - Travel - Lodging,EMP-1232,Approved
TXN-02211,2024-07-13,Herman Miller,Furniture - Fixed Asset,1500,USD,invoiced,HR,CC-005,PO-61698,INV-798865,Herman Miller - Furniture - Fixed Asset,EMP-1145,Rejected
TXN-02212,2024-01-04,LawDepot,Legal Services,200,USD,delivered,HR,CC-002,PO-78684,INV-627039,LawDepot - Legal Services,EMP-1171,Pending
TXN-02213,2024-06-10,Staples,Office Supplies,300,USD,delivered,Finance,CC-005,PO-68203,INV-855160,Staples - Office Supplies,EMP-1089,Approved
TXN-02214,2024-04-29,Zoom,Software - SaaS,299,USD,invoiced,Engineering,CC-002,PO-23370,INV-758192,Zoom - Software - SaaS,EMP-1081,Rejected
TXN-02215,2025-03-20,Accenture,Professional Services,7000,USD,delivered,Engineering,CC-005,PO-38320,INV-570819,Accenture - Professional Services,EMP-1238,Rejected
TXN-02216,2024-06-03,LawDepot,Legal Services,500,USD,paid,Operations,CC-005,,INV-823117,LawDepot - Legal Services,EMP-1014,Approved
TXN-02217,2024-12-19,Slack,Software - SaaS,299,USD,completed,Sales,CC-004,PO-16550,INV-403799,Slack - Software - SaaS,EMP-1060,Approved
TXN-02218,2024-06-22,Dell,Hardware - Equipment,2500,USD,delivered,HR,CC-004,PO-11041,INV-234929,Dell - Hardware - Equipment,EMP-1043,Rejected
TXN-02219,2024-03-08,Lyft,Travel - Ground,60,USD,pending,Operations,CC-003,PO-19406,INV-346401,Lyft - Travel - Ground,EMP-1154,Approved
TXN-02220,2025-01-25,Starbucks,Meals & Entertainment,10,USD,delivered,Engineering,CC-005,PO-95245,INV-501107,Starbucks - Meals & Entertainment,EMP-1131,Rejected
TXN-02221,2024-01-29,Accenture,Professional Services,35000,USD,paid,HR,CC-004,PO-61614,INV-702833,Accenture - Professional Services,EMP-1152,Pending
TXN-02222,2025-03-12,UberEats,Meals & Entertainment,45,USD,completed,Operations,CC-002,PO-13092,INV-153264,UberEats - Meals & Entertainment,EMP-1210,Approved
TXN-02223,2024-09-10,AT&T,Utilities - Telecom,150,USD,paid,Marketing,CC-002,,INV-406061,AT&T - Utilities - Telecom,EMP-1146,Rejected
TXN-02224,2024-09-19,Amazon Business,Office Supplies,500,USD,completed,Finance,CC-001,PO-44856,INV-658023,Amazon Business - Office Supplies,EMP-1194,Rejected
TXN-02225,2024-03-23,Office Depot,Office Supplies,350,USD,paid,Sales,CC-003,PO-19181,INV-125352,Office Depot - Office Supplies,EMP-1198,Approved
TXN-02226,2024-05-26,Marriott Hotels,Travel - Lodging,800,USD,invoiced,Finance,CC-002,PO-63484,INV-966535,Marriott Hotels - Travel - Lodging,EMP-1091,Pending
TXN-02227,2025-03-15,Salesforce,Software - SaaS,1200,USD,completed,Finance,CC-004,PO-40686,INV-562468,Salesforce - Software - SaaS,EMP-1163,Approved
TXN-02228,2024-09-27,Amazon Business,Office Supplies,100,USD,invoiced,HR,CC-001,PO-33077,INV-470428,Amazon Business - Office Supplies,EMP-1242,Approved
TXN-02229,2024-12-19,Google Ads,Marketing - Digital,2500,USD,paid,HR,CC-003,PO-19110,INV-244231,Google Ads - Marketing - Digital,EMP-1021,Pending
TXN-02230,2025-01-30,LinkedIn Ads,Marketing - Digital,2500,USD,completed,Engineering,CC-003,PO-42902,INV-979289,LinkedIn Ads - Marketing - Digital,EMP-1247,Approved
TXN-02231,2024-01-03,Apple,Hardware - Equipment,1999,USD,paid,Marketing,CC-005,PO-43284,INV-765117,Apple - Hardware - Equipment,EMP-1086,Approved
TXN-02232,2024-07-25,American Airlines,Travel - Airfare,550,USD,invoiced,Marketing,CC-005,PO-42664,INV-393123,American Airlines - Travel - Airfare,EMP-1144,Pending
TXN-02233,2025-01-03,GitHub,Software - Development,500,USD,completed,Finance,CC-005,PO-69277,INV-870107,GitHub - Software - Development,EMP-1213,Approved
TXN-02234,2024-07-26,DoorDash,Meals & Entertainment,100,USD,pending,Finance,CC-004,PO-78831,INV-456927,DoorDash - Meals & Entertainment,EMP-1231,Pending
TXN-02235,2025-02-23,AT&T,Utilities - Telecom,80,USD,delivered,Sales,CC-005,PO-94894,INV-954014,AT&T - Utilities - Telecom,EMP-1131,Rejected
TXN-02236,2024-11-11,Verizon,Utilities - Telecom,350,USD,paid,Sales,CC-003,PO-33626,INV-381548,Verizon - Utilities - Telecom,EMP-1140,Pending
TXN-02237,2024-07-17,mckinsey,Professional Services,60000,USD,completed,HR,CC-004,PO-24133,INV-828288,mckinsey - Professional Services,EMP-1065,Approved
TXN-02238,2024-06-25,Apple,Hardware - Equipment,199,USD,completed,Engineering,CC-004,PO-15098,INV-299596,Apple - Hardware - Equipment,EMP-1044,Pending
TXN-02239,2024-02-25,United Airlines,Travel - Airfare,1200,USD,pending,HR,CC-001,PO-63179,INV-817041,United Airlines - Travel - Airfare,EMP-1054,Pending
TXN-02240,2024-08-14,UberEats,Meals & Entertainment,185,USD,pending,Operations,CC-002,,INV-160976,UberEats - Meals & Entertainment,EMP-1064,Pending
TXN-02241,2024-10-29,Southwest Airlines,Travel - Airfare,1000,USD,delivered,Marketing,CC-002,PO-40442,INV-358044,Southwest Airlines - Travel - Airfare,EMP-1228,Rejected
TXN-02242,2025-03-20,Staples,Office Supplies,150,USD,invoiced,Engineering,CC-001,PO-52418,INV-702914,Staples - Office Supplies,EMP-1127,Pending
TXN-02243,2025-02-02,UPS,Shipping & Logistics,120,USD,invoiced,Finance,CC-002,PO-58579,INV-530283,UPS - Shipping & Logistics,EMP-1221,Approved
TXN-02244,2025-03-31,Google Cloud,Software - Cloud,950,USD,pending,Marketing,CC-002,PO-63200,INV-620230,Google Cloud - Software - Cloud,EMP-1008,Approved
TXN-02245,2024-03-10,Facebook Ads,Marketing - Digital,4000,USD,paid,Sales,CC-003,PO-51476,INV-396446,Facebook Ads - Marketing - Digital,EMP-1145,Pending
TXN-02246,2024-04-01,United Airlines,Travel - Airfare,2500,USD,invoiced,Operations,CC-002,PO-28119,INV-114260,United Airlines - Travel - Airfare,EMP-1046,Rejected
TXN-02247,2024-10-23,Dell,Hardware - Equipment,500,USD,pending,Sales,CC-004,PO-72843,INV-238471,Dell - Hardware - Equipment,EMP-1242,Pending
TXN-02248,2024-01-30,Amazon,Hardware - Equipment,599,USD,completed,Operations,CC-002,PO-30357,INV-352088,Amazon - Hardware - Equipment,EMP-1205,Approved
TXN-02249,2024-10-22,Hilton Hotels,Travel - Lodging,700,USD,completed,Engineering,CC-005,PO-73387,INV-309307,Hilton Hotels - Travel - Lodging,EMP-1167,Pending
TXN-02250,2024-06-17,Lenovo,Hardware - Equipment,1000,USD,invoiced,Marketing,CC-004,,INV-104365,Lenovo - Hardware - Equipment,EMP-1034,Pending
TXN-02251,2024-08-13,UberEats,Meals & Entertainment,20,USD,completed,Engineering,CC-004,PO-20317,INV-633098,UberEats - Meals & Entertainment,EMP-1158,Approved
TXN-02252,2024-12-16,DHL,Shipping & Logistics,400,USD,completed,HR,CC-004,PO-80625,INV-690905,DHL - Shipping & Logistics,EMP-1158,Approved
TXN-02253,2024-08-02,IKEA,Furniture - Fixed Asset,1200,USD,completed,Engineering,CC-004,PO-58914,INV-649524,IKEA - Furniture - Fixed Asset,EMP-1014,Pending
TXN-02254,2024-04-18,Airbnb,Travel - Lodging,600,USD,paid,Marketing,CC-001,PO-29633,INV-477108,Airbnb - Travel - Lodging,EMP-1112,Approved
TXN-02255,2024-06-08,Hilton Hotels,Travel - Lodging,120,USD,paid,HR,CC-002,,INV-501959,Hilton Hotels - Travel - Lodging,EMP-1051,Rejected
TXN-02256,2024-06-02,Dell,Hardware - Equipment,500,USD,pending,Engineering,CC-001,,INV-591420,Dell - Hardware - Equipment,EMP-1142,Rejected
TXN-02257,2024-02-25,Airbnb,Travel - Lodging,300,USD,paid,Sales,CC-005,PO-18094,INV-279186,Airbnb - Travel - Lodging,EMP-1233,Approved
TXN-02258,2025-03-21,UberEats,Meals & Entertainment,185,USD,delivered,Operations,CC-005,PO-97881,INV-936290,UberEats - Meals & Entertainment,EMP-1059,Approved
TXN-02259,2025-02-03,Marriott Hotels,Travel - Lodging,800,USD,delivered,HR,CC-005,PO-73992,INV-104324,Marriott Hotels - Travel - Lodging,EMP-1070,Rejected
TXN-02260,2024-08-08,Amazon Business,Office Supplies,100,USD,invoiced,HR,CC-005,PO-70292,INV-225973,Amazon Business - Office Supplies,EMP-1206,Rejected
TXN-02261,2024-06-26,Amazon Business,Office Supplies,500,USD,completed,HR,CC-005,PO-66630,INV-857936,Amazon Business - Office Supplies,EMP-1180,Pending
TXN-02262,2024-03-23,Office Depot,Office Supplies,200,USD,paid,Marketing,CC-002,,INV-593899,Office Depot - Office Supplies,EMP-1051,Pending
TXN-02263,2025-02-22,Marriott Hotels,Travel - Lodging,450,USD,pending,HR,CC-005,PO-92202,INV-469915,Marriott Hotels - Travel - Lodging,EMP-1134,Rejected
TXN-02264,2024-11-24,Datadog,Software - Monitoring,800,USD,pending,Operations,CC-002,PO-43224,INV-842706,Datadog - Software - Monitoring,EMP-1210,Pending
TXN-02265,2024-05-25,Lyft,Travel - Ground,40,USD,delivered,Marketing,CC-004,PO-24619,INV-779790,Lyft - Travel - Ground,EMP-1204,Approved
TXN-02266,2025-02-27,Amazon Business,Office Supplies,100,USD,completed,Finance,CC-001,,INV-902315,Amazon Business - Office Supplies,EMP-1052,Pending
TXN-02267,2024-05-11,Southwest Airlines,Travel - Airfare,350,USD,invoiced,HR,CC-002,,INV-344346,Southwest Airlines - Travel - Airfare,EMP-1167,Approved
TXN-02268,2024-06-15,Deloitte,Professional Services,5000,USD,pending,Finance,CC-001,PO-36305,INV-412079,Deloitte - Professional Services,EMP-1071,Rejected
TXN-02269,2025-01-11,Salesforce,Software - SaaS,300,USD,completed,Sales,CC-002,PO-36496,INV-884202,Salesforce - Software - SaaS,EMP-1085,Approved
TXN-02270,2024-11-02,Airbnb,Travel - Lodging,600,USD,invoiced,Operations,CC-003,PO-12692,INV-378093,Airbnb - Travel - Lodging,EMP-1171,Rejected
TXN-02271,2024-03-27,GitHub,Software - Development,21,USD,paid,Sales,CC-005,,INV-177534,GitHub - Software - Development,EMP-1157,Approved
TXN-02272,2024-11-18,Lenovo,Hardware - Equipment,400,USD,invoiced,Sales,CC-002,PO-27686,INV-442014,Lenovo - Hardware - Equipment,EMP-1215,Approved
TXN-02273,2024-05-02,Deloitte,Professional Services,25000,USD,completed,Operations,CC-005,PO-53426,INV-993962,Deloitte - Professional Services,EMP-1078,Approved
TXN-02274,2024-09-09,starbucks,Meals & Entertainment,7,USD,delivered,Engineering,CC-005,PO-74238,INV-561080,starbucks - Meals & Entertainment,EMP-1098,Rejected
TXN-02275,2025-01-24,Xero,Accounting Software,99,USD,invoiced,Finance,CC-004,PO-13707,INV-878406,Xero - Accounting Software,EMP-1073,Rejected
TXN-02276,2024-06-05,Starbucks,Meals & Entertainment,15,USD,completed,Engineering,CC-003,PO-17804,INV-727261,Starbucks - Meals & Entertainment,EMP-1076,Rejected
TXN-02277,2024-03-23,Time Warner,Utilities - Internet,180,USD,completed,Marketing,CC-002,PO-31814,INV-523465,Time Warner - Utilities - Internet,EMP-1163,Approved
TXN-02278,2024-11-07,Amazon Business,Office Supplies,500,USD,pending,Operations,CC-002,PO-75752,INV-736439,Amazon Business - Office Supplies,EMP-1185,Approved
TXN-02279,2024-02-18,Apple,Hardware - Equipment,1200,USD,completed,HR,CC-005,PO-93790,INV-964509,Apple - Hardware - Equipment,EMP-1211,Approved
TXN-02280,2024-10-23,Delta Airlines,Travel - Airfare,900,USD,delivered,Sales,CC-003,PO-47913,INV-564689,Delta Airlines - Travel - Airfare,EMP-1093,Rejected
TXN-02281,2024-08-08,QuickBooks,Accounting Software,120,USD,paid,HR,CC-002,PO-94656,INV-903604,QuickBooks - Accounting Software,EMP-1222,Pending
TXN-02282,2024-12-10,Herman Miller,Furniture - Fixed Asset,1200,USD,completed,Engineering,CC-002,PO-32134,INV-765299,Herman Miller - Furniture - Fixed Asset,EMP-1094,Approved
TXN-02283,2024-02-10,Dell,Hardware - Equipment,500,USD,paid,Marketing,CC-003,PO-85984,INV-623203,Dell - Hardware - Equipment,EMP-1018,Approved
TXN-02284,2024-03-31,Zoom,Software - SaaS,599,USD,invoiced,HR,CC-004,PO-90405,INV-293967,Zoom - Software - SaaS,EMP-1195,Approved
TXN-02285,2024-05-19,DoorDash,Meals & Entertainment,100,USD,paid,Marketing,CC-005,,INV-715172,DoorDash - Meals & Entertainment,EMP-1212,Pending
TXN-02286,2024-09-05,Best Buy,Hardware - Equipment,1200,USD,paid,HR,CC-002,PO-76515,INV-750022,Best Buy - Hardware - Equipment,EMP-1101,Rejected
TXN-02287,2024-10-13,github,Software - Development,500,USD,delivered,Operations,CC-002,PO-59234,INV-239446,github - Software - Development,EMP-1246,Pending
TXN-02288,2024-04-18,McKinsey,Professional Services,30000,USD,invoiced,HR,CC-001,PO-70690,INV-503490,McKinsey - Professional Services,EMP-1139,Pending
TXN-02289,2024-08-09,Stripe,Software - Payments,2500,USD,invoiced,Sales,CC-005,PO-74594,INV-214092,Stripe - Software - Payments,EMP-1020,Pending
TXN-02290,2025-01-18,Starbucks,Meals & Entertainment,15,USD,paid,Operations,CC-004,PO-96252,INV-831921,Starbucks - Meals & Entertainment,EMP-1240,Pending
TXN-02291,2025-02-18,Xero,Accounting Software,99,USD,paid,HR,CC-002,PO-66610,INV-354099,Xero - Accounting Software,EMP-1041,Approved
TXN-02292,2025-03-27,Time Warner,Utilities - Internet,100,USD,paid,Finance,CC-002,PO-63428,INV-563691,Time Warner - Utilities - Internet,EMP-1091,Pending
TXN-02293,2024-08-08,IKEA,Furniture - Fixed Asset,100,USD,pending,Finance,CC-003,PO-95327,INV-251618,IKEA - Furniture - Fixed Asset,EMP-1031,Approved
TXN-02294,2024-06-01,DoorDash,Meals & Entertainment,50,USD,completed,Sales,CC-003,PO-58846,INV-671393,DoorDash - Meals & Entertainment,EMP-1004,Approved
TXN-02295,2025-01-14,Chipotle Inc,Meals & Entertainment,20,USD,invoiced,Engineering,CC-003,PO-69451,INV-808701,Chipotle Inc - Meals & Entertainment,EMP-1161,Pending
TXN-02296,2024-04-02,Slack,Software - SaaS,125,USD,completed,HR,CC-005,PO-70422,INV-537377,Slack - Software - SaaS,EMP-1005,Pending
TXN-02297,2024-09-25,Twilio,Software - Communications,200,USD,paid,Engineering,CC-002,PO-47522,INV-542204,Twilio - Software - Communications,EMP-1159,Pending
TXN-02298,2025-03-10,Delta Airlines,Travel - Airfare,900,USD,pending,Finance,CC-004,PO-93229,INV-438656,Delta Airlines - Travel - Airfare,EMP-1227,Rejected
TXN-02299,2024-09-01,Uber,Travel - Ground,120,USD,completed,Sales,CC-003,PO-31654,INV-241580,Uber - Travel - Ground,EMP-1106,Pending
TXN-02300,2024-10-29,Restaurants.com,Meals & Entertainment,40,USD,paid,Marketing,CC-002,PO-62998,INV-811469,Restaurants.com - Meals & Entertainment,EMP-1223,Approved
TXN-02301,2025-02-17,Microsoft Azure,Software - Cloud,300,USD,paid,Operations,CC-003,,INV-913691,Microsoft Azure - Software - Cloud,EMP-1074,Rejected
TXN-02302,2025-01-31,Salesforce,Software - SaaS,300,USD,delivered,Engineering,CC-003,PO-50325,INV-386827,Salesforce - Software - SaaS,EMP-1237,Approved
TXN-02303,2024-08-23,Accenture,Professional Services,7000,USD,completed,Finance,CC-002,PO-32276,INV-941986,Accenture - Professional Services,EMP-1050,Pending
TXN-02304,2024-04-07,Chipotle,Meals & Entertainment,15,USD,delivered,Operations,CC-004,PO-12906,INV-246217,Chipotle - Meals & Entertainment,EMP-1216,Approved
TXN-02305,2025-02-19,Time Warner,Utilities - Internet,100,USD,paid,Operations,CC-003,PO-10621,INV-736011,Time Warner - Utilities - Internet,EMP-1158,Approved
TXN-02306,2024-04-05,Uber,Travel - Ground,45,USD,paid,Marketing,CC-001,PO-64692,INV-405200,Uber - Travel - Ground,EMP-1220,Approved
TXN-02307,2024-06-18,UPS,Shipping & Logistics,25,USD,paid,Finance,CC-004,PO-13356,INV-431899,UPS - Shipping & Logistics,EMP-1088,Rejected
TXN-02308,2024-05-14,Marriott Hotels,Travel - Lodging,150,USD,completed,Marketing,CC-002,PO-51674,INV-602139,Marriott Hotels - Travel - Lodging,EMP-1103,Rejected
TXN-02309,2024-03-22,LawDepot,Legal Services,200,USD,completed,Finance,CC-005,PO-84810,INV-523742,LawDepot - Legal Services,EMP-1213,Rejected
TXN-02310,2024-06-12,Accenture,Professional Services,15000,USD,invoiced,Marketing,CC-004,PO-33707,INV-955347,Accenture - Professional Services,EMP-1187,Pending
TXN-02311,2024-10-08,dhl,Shipping & Logistics,60,USD,pending,Sales,CC-005,PO-86457,INV-820212,dhl - Shipping & Logistics,EMP-1154,Approved
TXN-02312,2024-12-29,Apple,Hardware - Equipment,1999,USD,paid,Engineering,CC-003,PO-83926,INV-752117,Apple - Hardware - Equipment,EMP-1242,Rejected
TXN-02313,2024-01-17,Accenture,Professional Services,3000,USD,completed,Finance,CC-004,PO-18001,INV-367416,Accenture - Professional Services,EMP-1127,Pending
TXN-02314,2024-07-02,FedEx,Shipping & Logistics,500,USD,completed,Operations,CC-004,PO-61698,INV-361839,FedEx - Shipping & Logistics,EMP-1220,Approved
TXN-02315,2024-06-12,Steelcase,Furniture - Fixed Asset,1000,USD,invoiced,HR,CC-003,PO-46848,INV-991049,Steelcase - Furniture - Fixed Asset,EMP-1002,Approved
TXN-02316,2025-01-27,HubSpot,Marketing - Software,1200,USD,paid,Finance,CC-004,PO-26555,INV-464347,HubSpot - Marketing - Software,EMP-1010,Pending
TXN-02317,2024-02-10,Facebook Ads,Marketing - Digital,300,USD,invoiced,Finance,CC-005,PO-27067,INV-262103,Facebook Ads - Marketing - Digital,EMP-1029,Approved
TXN-02318,2025-03-03,Amazon Inc,Hardware - Equipment,1200,USD,paid,HR,CC-005,PO-58089,INV-327376,Amazon Inc - Hardware - Equipment,EMP-1052,Approved
TXN-02319,2025-01-16,DHL,Shipping & Logistics,60,USD,delivered,Engineering,CC-001,PO-53738,INV-136079,DHL - Shipping & Logistics,EMP-1158,Rejected
TXN-02320,2025-01-14,FedEx,Shipping & Logistics,20,USD,invoiced,Sales,CC-003,PO-83168,INV-693171,FedEx - Shipping & Logistics,EMP-1172,Pending
TXN-02321,2025-03-21,UPS,Shipping & Logistics,350,USD,delivered,Engineering,CC-001,PO-44149,INV-916427,UPS - Shipping & Logistics,EMP-1185,Pending
TXN-02322,2024-09-16,UberEats,Meals & Entertainment,45,USD,paid,Marketing,CC-001,PO-94797,INV-968031,UberEats - Meals & Entertainment,EMP-1163,Pending
TXN-02323,2024-07-23,Herman Miller,Furniture - Fixed Asset,3000,USD,completed,HR,CC-001,PO-25143,INV-767836,Herman Miller - Furniture - Fixed Asset,EMP-1232,Approved
TXN-02324,2024-05-16,Staples,Office Supplies,500,USD,invoiced,HR,CC-005,PO-63080,INV-322975,Staples - Office Supplies,EMP-1167,Pending
TXN-02325,2024-06-28,QuickBooks,Accounting Software,300,USD,delivered,Operations,CC-002,PO-63787,INV-559780,QuickBooks - Accounting Software,EMP-1197,Approved
TXN-02326,2025-03-17,Comcast,Utilities - Internet,70,USD,paid,Finance,CC-001,PO-45735,INV-372275,Comcast - Utilities - Internet,EMP-1189,Rejected
TXN-02327,2024-11-19,Datadog,Software - Monitoring,1500,USD,completed,Engineering,CC-001,PO-37381,INV-685609,Datadog - Software - Monitoring,EMP-1043,Rejected
TXN-02328,2024-08-24,Lenovo,Hardware - Equipment,400,USD,completed,Sales,CC-002,PO-28386,INV-619324,Lenovo - Hardware - Equipment,EMP-1205,Pending
TXN-02329,2024-10-10,PwC,Professional Services,8000,USD,completed,Sales,CC-003,PO-91563,INV-935784,PwC - Professional Services,EMP-1242,Rejected
TXN-02330,2024-06-08,Office Depot,Office Supplies,75,USD,paid,HR,CC-005,PO-10663,INV-497042,Office Depot - Office Supplies,EMP-1061,Rejected
TXN-02331,2025-01-13,Slack,Software - SaaS,299,USD,delivered,Engineering,CC-004,PO-59295,INV-963609,Slack - Software - SaaS,EMP-1128,Rejected
TXN-02332,2024-07-05,Lyft,Travel - Ground,22,USD,completed,Finance,CC-001,PO-87900,INV-358677,Lyft - Travel - Ground,EMP-1207,Approved
TXN-02333,2024-12-07,American Airlines,Travel - Airfare,300,USD,pending,Marketing,CC-003,PO-72466,INV-783518,American Airlines - Travel - Airfare,EMP-1081,Rejected
TXN-02334,2024-10-06,American Airlines,Travel - Airfare,300,USD,pending,Engineering,CC-004,PO-57778,INV-157483,American Airlines - Travel - Airfare,EMP-1122,Approved
TXN-02335,2024-04-21,Southwest Airlines,Travel - Airfare,1000,USD,completed,Finance,CC-002,PO-89578,INV-922881,Southwest Airlines - Travel - Airfare,EMP-1097,Approved
TXN-02336,2024-07-25,Google Cloud,Software - Cloud,400,USD,invoiced,Operations,CC-001,,INV-747440,Google Cloud - Software - Cloud,EMP-1067,Rejected
TXN-02337,2025-01-13,Comcast,Utilities - Internet,70,USD,completed,Operations,CC-004,PO-61552,INV-946772,Comcast - Utilities - Internet,EMP-1157,Pending
TXN-02338,2024-07-04,Datadog,Software - Monitoring,3000,USD,delivered,Sales,CC-005,PO-89866,INV-221463,Datadog - Software - Monitoring,EMP-1159,Approved
TXN-02339,2024-10-18,Facebook Ads,Marketing - Digital,800,USD,invoiced,Engineering,CC-002,PO-48992,INV-384743,Facebook Ads - Marketing - Digital,EMP-1219,Rejected
TXN-02340,2024-02-28,Stripe,Software - Payments,100,USD,pending,Engineering,CC-004,PO-47022,INV-621948,Stripe - Software - Payments,EMP-1161,Rejected
TXN-02341,2025-02-27,Google Ads,Marketing - Digital,500,USD,completed,Finance,CC-001,PO-97752,INV-194422,Google Ads - Marketing - Digital,EMP-1124,Pending
TXN-02342,2024-06-08,Amazon,Hardware - Equipment,2499,USD,invoiced,Finance,CC-003,PO-55260,INV-429047,Amazon - Hardware - Equipment,EMP-1157,Rejected
TXN-02343,2024-05-20,Slack,Software - SaaS,99,USD,invoiced,Sales,CC-001,PO-51211,INV-915822,Slack - Software - SaaS,EMP-1189,Pending
TXN-02344,2024-04-28,Stripe,Software - Payments,1250,USD,pending,Sales,CC-004,PO-35771,INV-603591,Stripe - Software - Payments,EMP-1147,Approved
TXN-02345,2024-02-27,Restaurants.com,Meals & Entertainment,80,USD,pending,Engineering,CC-005,PO-14231,INV-861084,Restaurants.com - Meals & Entertainment,EMP-1057,Rejected
TXN-02346,2024-02-14,Accenture,Professional Services,35000,USD,invoiced,Engineering,CC-005,PO-15351,INV-421109,Accenture - Professional Services,EMP-1007,Approved
TXN-02347,2024-09-17,Lyft,Travel - Ground,40,USD,completed,Engineering,CC-005,PO-73450,INV-998535,Lyft - Travel - Ground,EMP-1148,Pending
TXN-02348,2024-11-02,Deloitte,Professional Services,10000,USD,completed,Finance,CC-003,,INV-547394,Deloitte - Professional Services,EMP-1247,Rejected
TXN-02349,2025-02-14,Best Buy,Hardware - Equipment,100,USD,completed,Operations,CC-005,PO-70995,INV-544219,Best Buy - Hardware - Equipment,EMP-1246,Rejected
TXN-02350,2025-03-12,Staples,Office Supplies,50,USD,pending,Operations,CC-005,,INV-944117,Staples - Office Supplies,EMP-1008,Approved
TXN-02351,2024-10-29,Grubhub,Meals & Entertainment,180,USD,invoiced,Finance,CC-001,PO-73985,INV-677500,Grubhub - Meals & Entertainment,EMP-1086,Pending
TXN-02352,2024-03-01,Zoom,Software - SaaS,100,USD,pending,Sales,CC-005,PO-19911,INV-608518,Zoom - Software - SaaS,EMP-1249,Approved
TXN-02353,2024-05-05,Herman Miller,Furniture - Fixed Asset,800,USD,pending,Finance,CC-003,PO-54850,INV-964002,Herman Miller - Furniture - Fixed Asset,EMP-1140,Approved
TXN-02354,2024-03-28,DHL,Shipping & Logistics,60,USD,delivered,HR,CC-003,PO-98436,INV-386442,DHL - Shipping & Logistics,EMP-1161,Approved
TXN-02355,2024-01-22,HubSpot,Marketing - Software,500,USD,invoiced,Sales,CC-001,PO-97237,INV-404515,HubSpot - Marketing - Software,EMP-1098,Rejected
TXN-02356,2024-08-14,Facebook Ads,Marketing - Digital,2000,USD,delivered,Marketing,CC-003,PO-82508,INV-148945,Facebook Ads - Marketing - Digital,EMP-1095,Rejected
TXN-02357,2024-11-06,Starbucks,Meals & Entertainment,15,USD,delivered,HR,CC-005,PO-73385,INV-570547,Starbucks - Meals & Entertainment,EMP-1102,Pending
TXN-02358,2024-12-20,United Airlines,Travel - Airfare,450,USD,completed,Operations,CC-001,PO-98737,INV-420464,United Airlines - Travel - Airfare,EMP-1164,Approved
TXN-02359,2024-09-16,Apple,Hardware - Equipment,199,USD,invoiced,Sales,CC-001,,INV-545512,Apple - Hardware - Equipment,EMP-1228,Rejected
TXN-02360,2024-01-10,LinkedIn Ads,Marketing - Digital,2500,USD,completed,HR,CC-005,PO-21420,INV-521928,LinkedIn Ads - Marketing - Digital,EMP-1132,Rejected
TXN-02361,2024-05-15,Airbnb,Travel - Lodging,600,USD,completed,Marketing,CC-002,PO-82347,INV-457126,Airbnb - Travel - Lodging,EMP-1141,Pending
TXN-02362,2024-03-15,CHIPOTLE,Meals & Entertainment,25,USD,completed,Engineering,CC-003,PO-89619,INV-811470,CHIPOTLE - Meals & Entertainment,EMP-1031,Rejected
TXN-02363,2024-08-15,LawDepot,Legal Services,2500,USD,pending,Sales,CC-003,PO-38995,INV-577728,LawDepot - Legal Services,EMP-1204,Approved
TXN-02364,2025-01-20,Apple,Hardware - Equipment,799,USD,pending,HR,CC-001,PO-40829,INV-723486,Apple - Hardware - Equipment,EMP-1027,Approved
TXN-02365,2024-02-23,DHL,Shipping & Logistics,400,USD,paid,HR,CC-002,PO-96571,INV-742735,DHL - Shipping & Logistics,EMP-1091,Rejected
TXN-02366,2025-01-29,DoorDash,Meals & Entertainment,50,USD,invoiced,HR,CC-003,PO-78596,INV-915659,DoorDash - Meals & Entertainment,EMP-1218,Rejected
TXN-02367,2025-03-11,Uber,Travel - Ground,45,USD,completed,Sales,CC-001,PO-65902,INV-333307,Uber - Travel - Ground,EMP-1118,Approved
TXN-02368,2024-08-23,Verizon,Utilities - Telecom,350,USD,pending,Engineering,CC-001,PO-30350,INV-392549,Verizon - Utilities - Telecom,EMP-1001,Pending
TXN-02369,2024-11-12,Lyft,Travel - Ground,22,USD,delivered,Engineering,CC-005,PO-11339,INV-489886,Lyft - Travel - Ground,EMP-1121,Pending
TXN-02370,2024-02-14,Xero,Accounting Software,200,USD,invoiced,Finance,CC-005,PO-14177,INV-264211,Xero - Accounting Software,EMP-1072,Approved
TXN-02371,2024-08-03,Xero Inc,Accounting Software,400,USD,invoiced,HR,CC-005,,INV-637911,Xero Inc - Accounting Software,EMP-1218,Rejected
TXN-02372,2024-11-01,United Airlines,Travel - Airfare,250,USD,invoiced,Engineering,CC-004,PO-28366,INV-300661,United Airlines - Travel - Airfare,EMP-1162,Rejected
TXN-02373,2024-01-25,FedEx,Shipping & Logistics,500,USD,invoiced,Sales,CC-005,PO-72235,INV-948949,FedEx - Shipping & Logistics,EMP-1116,Approved
TXN-02374,2025-01-17,Hilton Hotels,Travel - Lodging,220,USD,pending,Operations,CC-005,PO-31234,INV-254200,Hilton Hotels - Travel - Lodging,EMP-1050,Pending
TXN-02375,2024-08-08,Starbucks,Meals & Entertainment,5,USD,paid,Sales,CC-004,PO-73781,INV-782000,Starbucks - Meals & Entertainment,EMP-1139,Pending
TXN-02376,2024-07-24,GitHub,Software - Development,231,USD,delivered,Finance,CC-003,PO-39950,INV-181796,GitHub - Software - Development,EMP-1127,Approved
TXN-02377,2024-04-18,Lenovo,Hardware - Equipment,400,USD,delivered,HR,CC-003,PO-37268,INV-419065,Lenovo - Hardware - Equipment,EMP-1211,Rejected
TXN-02378,2024-05-03,Deloitte,Professional Services,50000,USD,pending,Sales,CC-002,PO-61923,INV-326442,Deloitte - Professional Services,EMP-1046,Pending
TXN-02379,2024-03-15,best buy,Hardware - Equipment,1200,USD,invoiced,Operations,CC-004,PO-37603,INV-342249,best buy - Hardware - Equipment,EMP-1144,Approved
TXN-02380,2024-01-15,McKinsey,Professional Services,30000,USD,delivered,Finance,CC-001,PO-37862,INV-841854,McKinsey - Professional Services,EMP-1136,Approved
TXN-02381,2024-05-19,Accenture,Professional Services,35000,USD,delivered,Operations,CC-004,PO-65150,INV-839490,Accenture - Professional Services,EMP-1073,Approved
TXN-02382,2024-05-10,United Airlines,Travel - Airfare,250,USD,delivered,Engineering,CC-005,PO-39660,INV-920476,United Airlines - Travel - Airfare,EMP-1212,Approved
TXN-02383,2024-07-16,Lyft,Travel - Ground,40,USD,completed,Engineering,CC-005,PO-89532,INV-446592,Lyft - Travel - Ground,EMP-1166,Approved
TXN-02384,2025-03-15,Zoom,Software - SaaS,100,USD,delivered,Engineering,CC-005,PO-52842,INV-486824,Zoom - Software - SaaS,EMP-1161,Approved
TXN-02385,2024-08-18,Starbucks,Meals & Entertainment,7,USD,invoiced,Engineering,CC-005,PO-26901,INV-545306,Starbucks - Meals & Entertainment,EMP-1205,Rejected
TXN-02386,2024-03-28,Herman Miller,Furniture - Fixed Asset,1500,USD,delivered,Engineering,CC-001,PO-73814,INV-812344,Herman Miller - Furniture - Fixed Asset,EMP-1234,Pending
TXN-02387,2024-09-14,Datadog,Software - Monitoring,800,USD,completed,Engineering,CC-002,PO-73165,INV-471156,Datadog - Software - Monitoring,EMP-1124,Approved
TXN-02388,2024-10-04,DHL,Shipping & Logistics,60,USD,paid,Sales,CC-005,PO-38058,INV-857667,DHL - Shipping & Logistics,EMP-1195,Approved
TXN-02389,2024-03-11,Datadog,Software - Monitoring,3000,USD,pending,Marketing,CC-003,PO-18078,INV-475600,Datadog - Software - Monitoring,EMP-1070,Approved
TXN-02390,2024-01-19,Dell,Hardware - Equipment,2500,USD,invoiced,Engineering,CC-002,PO-19624,INV-973626,Dell - Hardware - Equipment,EMP-1053,Pending
TXN-02391,2024-05-02,Staples,Office Supplies,150,USD,completed,HR,CC-003,,INV-733860,Staples - Office Supplies,EMP-1157,Approved
TXN-02392,2024-10-22,American Airlines,Travel - Airfare,1500,USD,delivered,Finance,CC-003,PO-96775,INV-209733,American Airlines - Travel - Airfare,EMP-1161,Approved
TXN-02393,2024-10-15,Starbucks,Meals & Entertainment,15,USD,completed,Marketing,CC-003,PO-19898,INV-426365,Starbucks - Meals & Entertainment,EMP-1106,Pending
TXN-02394,2024-07-30,Office Depot,Office Supplies,350,USD,delivered,Operations,CC-002,PO-78985,INV-981032,Office Depot - Office Supplies,EMP-1119,Approved
TXN-02395,2024-12-11,American Airlines,Travel - Airfare,1500,USD,paid,Finance,CC-005,PO-95712,INV-250093,American Airlines - Travel - Airfare,EMP-1077,Pending
TXN-02396,2024-07-21,Best Buy,Hardware - Equipment,500,USD,pending,HR,CC-005,PO-98589,INV-779200,Best Buy - Hardware - Equipment,EMP-1241,Rejected
TXN-02397,2024-09-09,DHL,Shipping & Logistics,400,USD,invoiced,Marketing,CC-004,,INV-485374,DHL - Shipping & Logistics,EMP-1202,Rejected
TXN-02398,2024-09-16,Amazon,Hardware - Equipment,299,USD,delivered,Marketing,CC-001,PO-24673,INV-347374,Amazon - Hardware - Equipment,EMP-1142,Rejected
TXN-02399,2025-03-16,FedEx,Shipping & Logistics,500,USD,pending,HR,CC-001,PO-65072,INV-618756,FedEx - Shipping & Logistics,EMP-1109,Rejected
TXN-02400,2025-01-05,DoorDash,Meals & Entertainment,50,USD,invoiced,Engineering,CC-004,PO-15448,INV-196311,DoorDash - Meals & Entertainment,EMP-1244,Rejected
TXN-02401,2024-07-25,Hilton Hotels,Travel - Lodging,700,USD,paid,Engineering,CC-001,PO-50109,INV-289889,Hilton Hotels - Travel - Lodging,EMP-1129,Pending
TXN-02402,2024-03-30,QuickBooks,Accounting Software,300,USD,pending,HR,CC-004,PO-43029,INV-720662,QuickBooks - Accounting Software,EMP-1175,Pending
TXN-02403,2024-09-26,QuickBooks,Accounting Software,120,USD,completed,HR,CC-005,PO-27755,INV-185834,QuickBooks - Accounting Software,EMP-1245,Pending
TXN-02404,2024-02-07,Accenture,Professional Services,7000,USD,invoiced,Finance,CC-001,,INV-587343,Accenture - Professional Services,EMP-1040,Pending
TXN-02405,2024-10-20,Stripe,Software - Payments,2500,USD,completed,Marketing,CC-005,PO-63930,INV-746611,Stripe - Software - Payments,EMP-1008,Approved
TXN-02406,2024-09-30,verizon,Utilities - Telecom,350,USD,pending,Operations,CC-004,PO-77675,INV-440349,verizon - Utilities - Telecom,EMP-1188,Pending
TXN-02407,2024-12-16,Deloitte,Professional Services,50000,USD,completed,Operations,CC-005,PO-85349,INV-746697,Deloitte - Professional Services,EMP-1229,Rejected
TXN-02408,2024-09-21,DHL,Shipping & Logistics,400,USD,pending,Finance,CC-001,PO-20512,INV-322016,DHL - Shipping & Logistics,EMP-1221,Approved
TXN-02409,2025-02-12,Delta Airlines,Travel - Airfare,1400,USD,completed,Finance,CC-004,PO-72890,INV-493372,Delta Airlines - Travel - Airfare,EMP-1106,Pending
TXN-02410,2024-05-18,Stripe,Software - Payments,500,USD,invoiced,Sales,CC-005,PO-66742,INV-153353,Stripe - Software - Payments,EMP-1151,Pending
TXN-02411,2024-07-21,McKinsey,Professional Services,60000,USD,completed,Engineering,CC-004,,INV-223659,McKinsey - Professional Services,EMP-1099,Pending
TXN-02412,2024-12-29,Facebook Ads,Marketing - Digital,800,USD,paid,Finance,CC-005,,INV-275023,Facebook Ads - Marketing - Digital,EMP-1006,Rejected
TXN-02413,2024-10-21,Google Ads,Marketing - Digital,1000,USD,completed,Marketing,CC-002,PO-49040,INV-590986,Google Ads - Marketing - Digital,EMP-1011,Pending
TXN-02414,2024-10-27,QuickBooks,Accounting Software,120,USD,completed,Marketing,CC-001,PO-86320,INV-127717,QuickBooks - Accounting Software,EMP-1066,Approved
TXN-02415,2024-02-07,Amazon Business,Office Supplies,250,USD,completed,Marketing,CC-001,PO-92080,INV-924470,Amazon Business - Office Supplies,EMP-1220,Pending
TXN-02416,2024-01-08,Restaurants.com,Meals & Entertainment,300,USD,completed,Marketing,CC-002,PO-89957,INV-610322,Restaurants.com - Meals & Entertainment,EMP-1116,Pending
TXN-02417,2024-03-22,Best Buy,Hardware - Equipment,500,USD,invoiced,Marketing,CC-003,,INV-228705,Best Buy - Hardware - Equipment,EMP-1103,Pending
TXN-02418,2024-06-01,Hilton Hotels,Travel - Lodging,400,USD,pending,Finance,CC-003,PO-31088,INV-488356,Hilton Hotels - Travel - Lodging,EMP-1203,Pending
TXN-02419,2024-02-07,UPS,Shipping & Logistics,120,USD,invoiced,Marketing,CC-003,PO-21675,INV-900676,UPS - Shipping & Logistics,EMP-1010,Pending
TXN-02420,2024-08-17,Herman Miller,Furniture - Fixed Asset,800,USD,pending,Marketing,CC-002,PO-49975,INV-169732,Herman Miller - Furniture - Fixed Asset,EMP-1067,Pending
TXN-02421,2024-02-22,Time Warner,Utilities - Internet,100,USD,invoiced,Marketing,CC-004,PO-18539,INV-642959,Time Warner - Utilities - Internet,EMP-1247,Pending
TXN-02422,2024-05-23,Amazon Business,Office Supplies,250,USD,delivered,Sales,CC-002,PO-38938,INV-763455,Amazon Business - Office Supplies,EMP-1136,Pending
TXN-02423,2024-07-13,UPS,Shipping & Logistics,120,USD,invoiced,Finance,CC-005,PO-90124,INV-131380,UPS - Shipping & Logistics,EMP-1161,Rejected
TXN-02424,2024-08-03,Twilio,Software - Communications,50,USD,invoiced,HR,CC-003,PO-79071,INV-889282,Twilio - Software - Communications,EMP-1250,Rejected
TXN-02425,2024-07-19,Apple Inc,Hardware - Equipment,799,USD,paid,Engineering,CC-005,PO-47149,INV-250661,Apple Inc - Hardware - Equipment,EMP-1163,Pending
TXN-02426,2024-11-27,Marriott Hotels,Travel - Lodging,800,USD,completed,Marketing,CC-001,PO-33928,INV-684090,Marriott Hotels - Travel - Lodging,EMP-1134,Pending
TXN-02427,2024-05-21,Marriott Hotels,Travel - Lodging,150,USD,paid,Marketing,CC-002,PO-52952,INV-228473,Marriott Hotels - Travel - Lodging,EMP-1167,Pending
TXN-02428,2025-03-12,UberEats,Meals & Entertainment,100,USD,pending,Sales,CC-001,PO-91780,INV-147053,UberEats - Meals & Entertainment,EMP-1186,Approved
TXN-02429,2024-06-19,DHL,Shipping & Logistics,30,USD,invoiced,Sales,CC-003,PO-61190,INV-370641,DHL - Shipping & Logistics,EMP-1107,Pending
TXN-02430,2024-09-15,Deloitte,Professional Services,5000,USD,delivered,Finance,CC-002,PO-17872,INV-534451,Deloitte - Professional Services,EMP-1141,Rejected
TXN-02431,2024-11-19,American Airlines,Travel - Airfare,950,USD,delivered,Engineering,CC-005,PO-57089,INV-523108,American Airlines - Travel - Airfare,EMP-1115,Rejected
TXN-02432,2024-02-19,QuickBooks,Accounting Software,600,USD,pending,Marketing,CC-003,PO-98999,INV-513962,QuickBooks - Accounting Software,EMP-1139,Rejected
TXN-02433,2024-04-08,restaurants.com,Meals & Entertainment,80,USD,delivered,HR,CC-003,PO-20857,INV-492346,restaurants.com - Meals & Entertainment,EMP-1127,Approved
TXN-02434,2024-07-13,HubSpot,Marketing - Software,500,USD,completed,Operations,CC-005,PO-77050,INV-613745,HubSpot - Marketing - Software,EMP-1038,Pending
TXN-02435,2024-10-07,Office Depot,Office Supplies,75,USD,invoiced,Sales,CC-003,PO-95845,INV-575123,Office Depot - Office Supplies,EMP-1235,Rejected
TXN-02436,2024-11-02,UPS,Shipping & Logistics,50,USD,completed,Finance,CC-005,PO-75089,INV-414250,UPS - Shipping & Logistics,EMP-1226,Rejected
TXN-02437,2025-03-01,Airbnb,Travel - Lodging,80,USD,pending,Sales,CC-001,PO-59739,INV-771670,Airbnb - Travel - Lodging,EMP-1153,Pending
TXN-02438,2025-01-19,Salesforce,Software - SaaS,600,USD,pending,Finance,CC-003,PO-12050,INV-903138,Salesforce - Software - SaaS,EMP-1217,Rejected
TXN-02439,2024-05-17,UberEats,Meals & Entertainment,45,USD,completed,Sales,CC-005,PO-74287,INV-933612,UberEats - Meals & Entertainment,EMP-1156,Rejected
TXN-02440,2024-06-20,Microsoft Azure,Software - Cloud,1500,USD,delivered,Finance,CC-004,PO-41601,INV-480840,Microsoft Azure - Software - Cloud,EMP-1027,Pending
TXN-02441,2024-10-25,DHL,Shipping & Logistics,30,USD,paid,Sales,CC-004,,INV-990830,DHL - Shipping & Logistics,EMP-1069,Pending
TXN-02442,2024-04-29,AT&T,Utilities - Telecom,150,USD,completed,Engineering,CC-005,PO-62035,INV-618154,AT&T - Utilities - Telecom,EMP-1164,Pending
TXN-02443,2024-01-12,IKEA,Furniture - Fixed Asset,600,USD,invoiced,Engineering,CC-002,PO-93725,INV-353598,IKEA - Furniture - Fixed Asset,EMP-1115,Approved
TXN-02444,2024-03-16,HubSpot,Marketing - Software,1200,USD,delivered,Finance,CC-002,PO-14716,INV-475132,HubSpot - Marketing - Software,EMP-1208,Approved
TXN-02445,2025-01-13,Steelcase,Furniture - Fixed Asset,2500,USD,paid,Finance,CC-004,PO-95414,INV-270135,Steelcase - Furniture - Fixed Asset,EMP-1076,Pending
TXN-02446,2025-02-20,QuickBooks,Accounting Software,300,USD,pending,Operations,CC-001,PO-16885,INV-893327,QuickBooks - Accounting Software,EMP-1041,Rejected
TXN-02447,2024-02-05,Southwest Airlines,Travel - Airfare,1000,USD,paid,Operations,CC-001,PO-93544,INV-582802,Southwest Airlines - Travel - Airfare,EMP-1121,Pending
TXN-02448,2025-01-05,Comcast,Utilities - Internet,120,USD,invoiced,Engineering,CC-005,PO-61189,INV-614145,Comcast - Utilities - Internet,EMP-1154,Pending
TXN-02449,2024-02-20,Marriott Hotels,Travel - Lodging,250,USD,pending,Finance,CC-005,PO-38471,INV-917253,Marriott Hotels - Travel - Lodging,EMP-1090,Rejected
TXN-02450,2024-02-15,Starbucks,Meals & Entertainment,15,USD,delivered,Finance,CC-001,PO-17498,INV-279051,Starbucks - Meals & Entertainment,EMP-1099,Pending
TXN-02451,2024-08-28,United Airlines,Travel - Airfare,2500,USD,paid,Finance,CC-004,PO-20853,INV-535495,United Airlines - Travel - Airfare,EMP-1006,Approved
TXN-02452,2025-03-30,Airbnb,Travel - Lodging,80,USD,completed,Finance,CC-004,PO-92329,INV-102041,Airbnb - Travel - Lodging,EMP-1084,Pending
TXN-02453,2024-05-27,Time Warner,Utilities - Internet,180,USD,delivered,Engineering,CC-001,PO-28633,INV-352422,Time Warner - Utilities - Internet,EMP-1138,Pending
TXN-02454,2025-02-16,Lenovo,Hardware - Equipment,400,USD,pending,HR,CC-002,PO-37489,INV-866113,Lenovo - Hardware - Equipment,EMP-1050,Pending
TXN-02455,2024-06-18,PwC,Professional Services,8000,USD,invoiced,Sales,CC-001,PO-40343,INV-585705,PwC - Professional Services,EMP-1004,Pending
TXN-02456,2025-03-27,DoorDash,Meals & Entertainment,50,USD,paid,Sales,CC-004,PO-96458,INV-865952,DoorDash - Meals & Entertainment,EMP-1084,Rejected
TXN-02457,2024-07-28,LYFT,Travel - Ground,12,USD,invoiced,Finance,CC-004,PO-61571,INV-437115,LYFT - Travel - Ground,EMP-1078,Approved
TXN-02458,2024-10-17,Lyft,Travel - Ground,22,USD,delivered,Sales,CC-002,PO-19837,INV-256136,Lyft - Travel - Ground,EMP-1119,Rejected
TXN-02459,2024-06-30,Stripe,Software - Payments,2500,USD,pending,Marketing,CC-002,PO-78010,INV-102388,Stripe - Software - Payments,EMP-1241,Approved
TXN-02460,2024-08-19,LawDepot,Legal Services,2500,USD,completed,HR,CC-004,PO-33452,INV-508865,LawDepot - Legal Services,EMP-1121,Rejected
TXN-02461,2024-06-08,Comcast,Utilities - Internet,120,USD,delivered,Finance,CC-005,PO-50943,INV-865721,Comcast - Utilities - Internet,EMP-1207,Rejected
TXN-02462,2024-10-28,office depot,Office Supplies,75,USD,completed,HR,CC-004,PO-63214,INV-437489,office depot - Office Supplies,EMP-1195,Approved
TXN-02463,2024-11-05,LawDepot,Legal Services,1000,USD,paid,Finance,CC-003,PO-98419,INV-288245,LawDepot - Legal Services,EMP-1137,Rejected
TXN-02464,2024-04-01,Apple,Hardware - Equipment,1200,USD,invoiced,Finance,CC-001,PO-97208,INV-541802,Apple - Hardware - Equipment,EMP-1094,Approved
TXN-02465,2024-04-08,Google Ads,Marketing - Digital,5000,USD,invoiced,Engineering,CC-004,PO-47954,INV-515729,Google Ads - Marketing - Digital,EMP-1212,Rejected
TXN-02466,2024-10-30,Deloitte,Professional Services,5000,USD,invoiced,Marketing,CC-001,PO-55646,INV-844591,Deloitte - Professional Services,EMP-1224,Approved
TXN-02467,2024-03-04,Restaurants.com,Meals & Entertainment,40,USD,completed,Sales,CC-002,PO-63023,INV-154455,Restaurants.com - Meals & Entertainment,EMP-1211,Rejected
TXN-02468,2025-01-09,Slack,Software - SaaS,125,USD,pending,Operations,CC-004,PO-22391,INV-365001,Slack - Software - SaaS,EMP-1074,Rejected
TXN-02469,2025-03-25,Best Buy,Hardware - Equipment,1200,USD,completed,HR,CC-005,PO-78667,INV-326954,Best Buy - Hardware - Equipment,EMP-1093,Rejected
TXN-02470,2024-09-14,AWS,Software - Cloud,5000,USD,completed,Operations,CC-005,,INV-241508,AWS - Software - Cloud,EMP-1146,Rejected
TXN-02471,2024-03-03,Grubhub,Meals & Entertainment,100,USD,delivered,Finance,CC-002,PO-31931,INV-890070,Grubhub - Meals & Entertainment,EMP-1009,Rejected
TXN-02472,2025-02-24,LawDepot,Legal Services,500,USD,pending,Marketing,CC-004,PO-34240,INV-693969,LawDepot - Legal Services,EMP-1201,Rejected
TXN-02473,2024-10-31,Chipotle,Meals & Entertainment,10,USD,paid,Sales,CC-003,,INV-824238,Chipotle - Meals & Entertainment,EMP-1119,Rejected
TXN-02474,2024-01-18,Slack,Software - SaaS,299,USD,paid,HR,CC-004,PO-91154,INV-221674,Slack - Software - SaaS,EMP-1191,Pending
TXN-02475,2024-01-02,DoorDash,Meals & Entertainment,200,USD,pending,Marketing,CC-004,PO-95980,INV-808098,DoorDash - Meals & Entertainment,EMP-1213,Rejected
TXN-02476,2024-04-24,Uber,Travel - Ground,15,USD,pending,Finance,CC-004,PO-24668,INV-634557,Uber - Travel - Ground,EMP-1046,Approved
TXN-02477,2024-07-28,AT&T,Utilities - Telecom,150,USD,delivered,Operations,CC-001,PO-38854,INV-985676,AT&T - Utilities - Telecom,EMP-1151,Pending
TXN-02478,2024-01-01,Zoom,Software - SaaS,100,USD,pending,Marketing,CC-004,PO-42847,INV-155684,Zoom - Software - SaaS,EMP-1193,Approved
TXN-02479,2024-12-28,LawDepot,Legal Services,200,USD,paid,Engineering,CC-004,PO-77037,INV-677239,LawDepot - Legal Services,EMP-1024,Rejected
TXN-02480,2025-03-23,Google Cloud,Software - Cloud,1850,USD,delivered,HR,CC-004,PO-86354,INV-909389,Google Cloud - Software - Cloud,EMP-1203,Rejected
TXN-02481,2024-12-31,AWS,Software - Cloud,2341,USD,paid,HR,CC-001,PO-80483,INV-524818,AWS - Software - Cloud,EMP-1079,Approved
TXN-02482,2025-01-23,Southwest Airlines,Travel - Airfare,350,USD,completed,Finance,CC-005,PO-83246,INV-263940,Southwest Airlines - Travel - Airfare,EMP-1229,Pending
TXN-02483,2024-07-17,Amazon Business,Office Supplies,100,USD,invoiced,Operations,CC-001,PO-12833,INV-589400,Amazon Business - Office Supplies,EMP-1136,Rejected
TXN-02484,2025-02-02,Uber,Travel - Ground,45,USD,delivered,HR,CC-005,PO-87654,INV-635983,Uber - Travel - Ground,EMP-1024,Approved
TXN-02485,2024-11-07,IKEA,Furniture - Fixed Asset,300,USD,delivered,Operations,CC-001,PO-56482,INV-326374,IKEA - Furniture - Fixed Asset,EMP-1087,Approved
TXN-02486,2025-03-10,Marriott Hotels,Travel - Lodging,250,USD,delivered,Sales,CC-002,PO-75129,INV-235274,Marriott Hotels - Travel - Lodging,EMP-1237,Approved
TXN-02487,2025-03-02,Best Buy,Hardware - Equipment,500,USD,delivered,Sales,CC-004,PO-43114,INV-896048,Best Buy - Hardware - Equipment,EMP-1178,Pending
TXN-02488,2024-02-23,Salesforce,Software - SaaS,300,USD,invoiced,Sales,CC-002,PO-49612,INV-847658,Salesforce - Software - SaaS,EMP-1132,Pending
TXN-02489,2024-08-08,HubSpot,Marketing - Software,200,USD,completed,Operations,CC-005,PO-52266,INV-141779,HubSpot - Marketing - Software,EMP-1034,Pending
TXN-02490,2024-06-29,UberEats,Meals & Entertainment,100,USD,delivered,Finance,CC-001,PO-86167,INV-844423,UberEats - Meals & Entertainment,EMP-1035,Rejected
TXN-02491,2024-08-02,Slack,Software - SaaS,99,USD,completed,Marketing,CC-001,,INV-411210,Slack - Software - SaaS,EMP-1007,Pending
TXN-02492,2024-02-22,Starbucks,Meals & Entertainment,10,USD,delivered,Finance,CC-003,PO-59817,INV-805140,Starbucks - Meals & Entertainment,EMP-1152,Rejected
TXN-02493,2024-05-03,PwC,Professional Services,8000,USD,pending,Marketing,CC-005,PO-21643,INV-239966,PwC - Professional Services,EMP-1072,Rejected
TXN-02494,2024-07-18,Slack,Software - SaaS,125,USD,delivered,HR,CC-002,PO-11091,INV-898185,Slack - Software - SaaS,EMP-1052,Pending
TXN-02495,2025-03-17,Staples,Office Supplies,50,USD,invoiced,Marketing,CC-004,PO-10856,INV-440827,Staples - Office Supplies,EMP-1103,Approved
TXN-02496,2024-09-26,HubSpot,Marketing - Software,1200,USD,completed,Engineering,CC-002,,INV-576329,HubSpot - Marketing - Software,EMP-1111,Pending
TXN-02497,2024-06-09,Accenture,Professional Services,3000,USD,paid,Sales,CC-005,PO-29535,INV-763511,Accenture - Professional Services,EMP-1064,Pending
TXN-02498,2024-03-31,LawDepot,Legal Services,2500,USD,completed,HR,CC-004,PO-74498,INV-532053,LawDepot - Legal Services,EMP-1047,Approved
TXN-02499,2025-01-15,Lyft,Travel - Ground,22,USD,delivered,Marketing,CC-001,,INV-262983,Lyft - Travel - Ground,EMP-1191,Approved
TXN-02500,2024-04-27,DHL,Shipping & Logistics,60,USD,paid,Engineering,CC-002,PO-50777,INV-324562,DHL - Shipping & Logistics,EMP-1142,Rejected
TXN-02501,2024-01-01,Amazon,Hardware - Equipment,2499,USD,paid,HR,CC-001,PO-55483,INV-560748,Amazon - Hardware - Equipment,EMP-1232,Rejected
TXN-02502,2024-12-15,Accenture Inc,Professional Services,15000,USD,completed,Finance,CC-001,PO-12664,INV-307483,Accenture Inc - Professional Services,EMP-1062,Pending
TXN-02503,2024-07-05,Zoom,Software - SaaS,200,USD,paid,HR,CC-002,PO-99548,INV-211572,Zoom - Software - SaaS,EMP-1199,Approved
TXN-02504,2024-12-05,GitHub,Software - Development,21,USD,paid,HR,CC-004,PO-95405,INV-931276,GitHub - Software - Development,EMP-1232,Rejected
TXN-02505,2024-01-23,Salesforce,Software - SaaS,300,USD,completed,Operations,CC-004,PO-55792,INV-736883,Salesforce - Software - SaaS,EMP-1184,Rejected
TXN-02506,2024-12-25,Best Buy,Hardware - Equipment,1200,USD,invoiced,Sales,CC-002,PO-90348,INV-434106,Best Buy - Hardware - Equipment,EMP-1057,Approved
TXN-02507,2024-09-06,Amazon Business,Office Supplies,500,USD,pending,Engineering,CC-003,PO-72256,INV-580681,Amazon Business - Office Supplies,EMP-1162,Pending
TXN-02508,2024-07-30,AT&T,Utilities - Telecom,300,USD,pending,Sales,CC-001,,INV-156203,AT&T - Utilities - Telecom,EMP-1067,Approved
TXN-02509,2025-03-23,Accenture,Professional Services,7000,USD,delivered,Finance,CC-002,PO-97950,INV-601687,Accenture - Professional Services,EMP-1047,Rejected
TXN-02510,2024-06-09,Amazon,Hardware - Equipment,299,USD,delivered,Operations,CC-005,PO-59730,INV-373783,Amazon - Hardware - Equipment,EMP-1078,Rejected
TXN-02511,2024-09-23,UPS,Shipping & Logistics,25,USD,pending,Operations,CC-005,PO-15516,INV-176259,UPS - Shipping & Logistics,EMP-1048,Approved
TXN-02512,2024-03-24,LinkedIn Ads,Marketing - Digital,5000,USD,completed,Operations,CC-002,PO-85087,INV-393692,LinkedIn Ads - Marketing - Digital,EMP-1012,Pending
TXN-02513,2025-03-14,AT&T,Utilities - Telecom,300,USD,delivered,Marketing,CC-005,PO-11449,INV-895907,AT&T - Utilities - Telecom,EMP-1146,Pending
TXN-02514,2024-03-18,Datadog,Software - Monitoring,400,USD,paid,Engineering,CC-004,PO-43104,INV-339629,Datadog - Software - Monitoring,EMP-1064,Rejected
TXN-02515,2024-11-05,Hilton Hotels,Travel - Lodging,220,USD,pending,Marketing,CC-001,PO-13626,INV-467004,Hilton Hotels - Travel - Lodging,EMP-1075,Rejected
TXN-02516,2024-08-29,Verizon,Utilities - Telecom,350,USD,invoiced,HR,CC-004,PO-44816,INV-450931,Verizon - Utilities - Telecom,EMP-1046,Approved
TXN-02517,2024-04-05,Datadog,Software - Monitoring,400,USD,delivered,Finance,CC-002,PO-95420,INV-238508,Datadog - Software - Monitoring,EMP-1053,Approved
TXN-02518,2024-06-29,Accenture,Professional Services,7000,USD,pending,Marketing,CC-003,,INV-509620,Accenture - Professional Services,EMP-1015,Rejected
TXN-02519,2024-11-09,Lyft,Travel - Ground,60,USD,delivered,Sales,CC-004,PO-80672,INV-416931,Lyft - Travel - Ground,EMP-1168,Rejected
TXN-02520,2024-03-12,United Airlines,Travel - Airfare,250,USD,pending,Operations,CC-001,,INV-271396,United Airlines - Travel - Airfare,EMP-1152,Approved
TXN-02521,2025-01-16,American Airlines Inc,Travel - Airfare,550,USD,pending,Operations,CC-005,PO-90419,INV-888782,American Airlines Inc - Travel - Airfare,EMP-1027,Pending
TXN-02522,2024-10-11,Time Warner,Utilities - Internet,180,USD,delivered,Operations,CC-003,PO-54420,INV-280955,Time Warner - Utilities - Internet,EMP-1096,Pending
TXN-02523,2024-12-28,Best Buy,Hardware - Equipment,1200,USD,delivered,Marketing,CC-004,PO-93934,INV-137259,Best Buy - Hardware - Equipment,EMP-1034,Pending
TXN-02524,2024-06-19,Herman Miller,Furniture - Fixed Asset,800,USD,completed,Engineering,CC-001,PO-65334,INV-483147,Herman Miller - Furniture - Fixed Asset,EMP-1149,Pending
TXN-02525,2025-03-14,Google Cloud,Software - Cloud,1850,USD,pending,Sales,CC-005,PO-33806,INV-685948,Google Cloud - Software - Cloud,EMP-1132,Rejected
TXN-02526,2025-01-11,Salesforce,Software - SaaS,600,USD,paid,Finance,CC-005,PO-85022,INV-270220,Salesforce - Software - SaaS,EMP-1217,Rejected
TXN-02527,2024-01-21,Amazon Business,Office Supplies,250,USD,pending,Finance,CC-004,PO-74597,INV-279931,Amazon Business - Office Supplies,EMP-1199,Rejected
TXN-02528,2024-07-16,AWS,Software - Cloud,500,USD,pending,Engineering,CC-005,PO-34379,INV-802154,AWS - Software - Cloud,EMP-1233,Rejected
TXN-02529,2025-02-07,Apple,Hardware - Equipment,199,USD,delivered,Marketing,CC-004,,INV-399092,Apple - Hardware - Equipment,EMP-1023,Approved
TXN-02530,2024-05-16,hubspot,Marketing - Software,50,USD,pending,Marketing,CC-003,PO-92087,INV-335557,hubspot - Marketing - Software,EMP-1200,Approved
TXN-02531,2024-01-04,UPS,Shipping & Logistics,50,USD,delivered,Finance,CC-001,PO-40354,INV-748949,UPS - Shipping & Logistics,EMP-1118,Pending
TXN-02532,2024-12-02,Marriott Hotels,Travel - Lodging,450,USD,delivered,Finance,CC-003,PO-57695,INV-751729,Marriott Hotels - Travel - Lodging,EMP-1152,Pending
TXN-02533,2024-03-28,UBER,Travel - Ground,15,USD,paid,Finance,CC-004,PO-19173,INV-270249,UBER - Travel - Ground,EMP-1189,Pending
TXN-02534,2024-11-19,PwC,Professional Services,40000,USD,completed,HR,CC-004,PO-43785,INV-293016,PwC - Professional Services,EMP-1120,Approved
TXN-02535,2025-03-25,Deloitte,Professional Services,5000,USD,delivered,Marketing,CC-003,PO-85661,INV-184071,Deloitte - Professional Services,EMP-1052,Approved
TXN-02536,2025-03-29,Stripe,Software - Payments,100,USD,pending,Engineering,CC-005,PO-70470,INV-407370,Stripe - Software - Payments,EMP-1113,Pending
TXN-02537,2024-05-22,Lyft,Travel - Ground,60,USD,delivered,Finance,CC-005,PO-94643,INV-138536,Lyft - Travel - Ground,EMP-1171,Rejected
TXN-02538,2024-06-21,Staples,Office Supplies,50,USD,invoiced,Engineering,CC-001,PO-20553,INV-304893,Staples - Office Supplies,EMP-1018,Rejected
TXN-02539,2024-02-27,Grubhub,Meals & Entertainment,180,USD,paid,Marketing,CC-003,PO-56226,INV-388823,Grubhub - Meals & Entertainment,EMP-1001,Approved
TXN-02540,2024-09-01,Twilio,Software - Communications,1000,USD,invoiced,Operations,CC-004,PO-61722,INV-178289,Twilio - Software - Communications,EMP-1113,Rejected
TXN-02541,2025-03-24,Hilton Hotels,Travel - Lodging,400,USD,invoiced,Operations,CC-004,PO-32612,INV-346954,Hilton Hotels - Travel - Lodging,EMP-1003,Pending
TXN-02542,2025-01-30,HUBSPOT,Marketing - Software,200,USD,completed,Marketing,CC-004,PO-96004,INV-232858,HUBSPOT - Marketing - Software,EMP-1135,Pending
TXN-02543,2024-05-03,Xero,Accounting Software,99,USD,pending,Finance,CC-005,PO-41492,INV-124507,Xero - Accounting Software,EMP-1080,Rejected
TXN-02544,2024-12-09,Grubhub,Meals & Entertainment,180,USD,paid,Operations,CC-002,PO-14326,INV-473733,Grubhub - Meals & Entertainment,EMP-1128,Pending
TXN-02545,2024-10-12,IKEA,Furniture - Fixed Asset,100,USD,invoiced,HR,CC-003,PO-67752,INV-145457,IKEA - Furniture - Fixed Asset,EMP-1110,Rejected
TXN-02546,2024-10-03,Steelcase,Furniture - Fixed Asset,600,USD,completed,Engineering,CC-002,PO-19911,INV-189017,Steelcase - Furniture - Fixed Asset,EMP-1191,Rejected
TXN-02547,2024-01-26,Lyft,Travel - Ground,12,USD,completed,Engineering,CC-005,PO-15096,INV-802664,Lyft - Travel - Ground,EMP-1176,Rejected
TXN-02548,2025-01-26,Google Cloud,Software - Cloud,4000,USD,invoiced,HR,CC-002,PO-60003,INV-689673,Google Cloud - Software - Cloud,EMP-1248,Pending
TXN-02549,2024-09-06,Microsoft Azure,Software - Cloud,800,USD,pending,Operations,CC-003,PO-47548,INV-892081,Microsoft Azure - Software - Cloud,EMP-1034,Approved
TXN-02550,2024-11-25,Delta Airlines,Travel - Airfare,1400,USD,delivered,Engineering,CC-001,PO-58572,INV-719656,Delta Airlines - Travel - Airfare,EMP-1087,Pending
TXN-02551,2024-01-27,United Airlines,Travel - Airfare,850,USD,delivered,HR,CC-002,PO-62864,INV-884836,United Airlines - Travel - Airfare,EMP-1143,Rejected
TXN-02552,2024-02-02,UPS Inc,Shipping & Logistics,50,USD,pending,Sales,CC-003,PO-71898,INV-318148,UPS Inc - Shipping & Logistics,EMP-1098,Rejected
TXN-02553,2024-04-19,LawDepot,Legal Services,500,USD,completed,Marketing,CC-005,PO-63302,INV-990896,LawDepot - Legal Services,EMP-1104,Rejected
TXN-02554,2025-03-21,Amazon,Hardware - Equipment,2499,USD,pending,Sales,CC-001,PO-31944,INV-451778,Amazon - Hardware - Equipment,EMP-1123,Approved
TXN-02555,2024-11-16,Time Warner,Utilities - Internet,180,USD,invoiced,HR,CC-004,PO-72621,INV-435658,Time Warner - Utilities - Internet,EMP-1115,Rejected
TXN-02556,2025-03-31,DoorDash,Meals & Entertainment,100,USD,invoiced,Marketing,CC-001,PO-34798,INV-666016,DoorDash - Meals & Entertainment,EMP-1060,Rejected
TXN-02557,2024-07-14,United Airlines,Travel - Airfare,250,USD,invoiced,Sales,CC-005,PO-52242,INV-309302,United Airlines - Travel - Airfare,EMP-1193,Pending
TXN-02558,2024-03-14,Lyft,Travel - Ground,22,USD,paid,Operations,CC-001,PO-69940,INV-976223,Lyft - Travel - Ground,EMP-1219,Rejected
TXN-02559,2024-11-18,Xero,Accounting Software,99,USD,delivered,Engineering,CC-002,PO-47015,INV-252600,Xero - Accounting Software,EMP-1109,Rejected
TXN-02560,2024-04-22,Twilio,Software - Communications,1000,USD,delivered,Operations,CC-003,,INV-329166,Twilio - Software - Communications,EMP-1007,Approved
TXN-02561,2024-12-12,Restaurants.com,Meals & Entertainment,80,USD,invoiced,Operations,CC-005,,INV-636026,Restaurants.com - Meals & Entertainment,EMP-1221,Rejected
TXN-02562,2024-03-23,Best Buy,Hardware - Equipment,100,USD,completed,Finance,CC-005,PO-12043,INV-977819,Best Buy - Hardware - Equipment,EMP-1193,Pending
TXN-02563,2024-03-19,FedEx,Shipping & Logistics,300,USD,completed,Finance,CC-001,PO-77348,INV-187281,FedEx - Shipping & Logistics,EMP-1191,Rejected
TXN-02564,2024-09-15,Starbucks,Meals & Entertainment,5,USD,invoiced,Finance,CC-005,PO-42222,INV-356999,Starbucks - Meals & Entertainment,EMP-1201,Pending
TXN-02565,2024-01-23,Restaurants.com,Meals & Entertainment,300,USD,completed,Engineering,CC-001,,INV-370483,Restaurants.com - Meals & Entertainment,EMP-1116,Rejected
TXN-02566,2024-09-26,Salesforce,Software - SaaS,1200,USD,delivered,Engineering,CC-003,PO-81507,INV-315711,Salesforce - Software - SaaS,EMP-1128,Pending
TXN-02567,2024-05-26,Amazon Business,Office Supplies,100,USD,pending,Sales,CC-001,PO-93586,INV-898501,Amazon Business - Office Supplies,EMP-1176,Approved
TXN-02568,2024-01-20,Google Cloud,Software - Cloud,950,USD,pending,Marketing,CC-003,PO-20857,INV-101463,Google Cloud - Software - Cloud,EMP-1230,Rejected
TXN-02569,2024-10-05,AWS,Software - Cloud,2341,USD,completed,Sales,CC-003,,INV-154270,AWS - Software - Cloud,EMP-1220,Rejected
TXN-02570,2024-06-01,Southwest Airlines,Travel - Airfare,350,USD,invoiced,Operations,CC-002,PO-65136,INV-541093,Southwest Airlines - Travel - Airfare,EMP-1137,Pending
TXN-02571,2024-03-06,Herman Miller,Furniture - Fixed Asset,1500,USD,pending,Marketing,CC-003,PO-42648,INV-510124,Herman Miller - Furniture - Fixed Asset,EMP-1232,Pending
TXN-02572,2024-04-18,UPS,Shipping & Logistics,120,USD,invoiced,Operations,CC-003,PO-51600,INV-902653,UPS - Shipping & Logistics,EMP-1162,Rejected
TXN-02573,2024-05-10,microsoft azure,Software - Cloud,3000,USD,pending,Operations,CC-005,PO-87413,INV-134382,microsoft azure - Software - Cloud,EMP-1064,Approved
TXN-02574,2024-01-31,Southwest Airlines,Travel - Airfare,150,USD,invoiced,Sales,CC-004,PO-17453,INV-572049,Southwest Airlines - Travel - Airfare,EMP-1213,Pending
TXN-02575,2024-08-19,Apple,Hardware - Equipment,1200,USD,invoiced,Sales,CC-003,PO-92267,INV-736040,Apple - Hardware - Equipment,EMP-1036,Pending
TXN-02576,2025-03-01,Deloitte,Professional Services,50000,USD,pending,Operations,CC-001,PO-97820,INV-589915,Deloitte - Professional Services,EMP-1063,Approved
TXN-02577,2024-10-30,GitHub,Software - Development,231,USD,completed,HR,CC-005,PO-91483,INV-864093,GitHub - Software - Development,EMP-1176,Rejected
TXN-02578,2024-02-06,Uber,Travel - Ground,45,USD,completed,Finance,CC-002,PO-86646,INV-218729,Uber - Travel - Ground,EMP-1105,Rejected
TXN-02579,2024-06-14,Facebook Ads,Marketing - Digital,300,USD,delivered,HR,CC-003,PO-36595,INV-226030,Facebook Ads - Marketing - Digital,EMP-1194,Approved
TXN-02580,2025-01-27,STEELCASE,Furniture - Fixed Asset,1000,USD,pending,Engineering,CC-002,PO-35212,INV-442529,STEELCASE - Furniture - Fixed Asset,EMP-1114,Rejected
TXN-02581,2024-06-22,Google Cloud,Software - Cloud,4000,USD,invoiced,Engineering,CC-001,PO-17405,INV-431338,Google Cloud - Software - Cloud,EMP-1091,Rejected
TXN-02582,2024-03-10,QuickBooks,Accounting Software,300,USD,invoiced,Engineering,CC-003,,INV-364287,QuickBooks - Accounting Software,EMP-1084,Rejected
TXN-02583,2024-03-11,Best Buy,Hardware - Equipment,1200,USD,paid,Sales,CC-003,PO-57286,INV-132615,Best Buy - Hardware - Equipment,EMP-1114,Approved
TXN-02584,2024-12-13,DHL,Shipping & Logistics,150,USD,invoiced,Finance,CC-005,PO-23803,INV-547514,DHL - Shipping & Logistics,EMP-1097,Pending
TXN-02585,2024-06-12,Verizon,Utilities - Telecom,200,USD,invoiced,Sales,CC-005,PO-42650,INV-832506,Verizon - Utilities - Telecom,EMP-1232,Rejected
TXN-02586,2024-06-15,Twilio,Software - Communications,1000,USD,delivered,Sales,CC-004,PO-63146,INV-179605,Twilio - Software - Communications,EMP-1204,Approved
TXN-02587,2024-02-08,Marriott Hotels,Travel - Lodging,150,USD,invoiced,Marketing,CC-003,PO-58219,INV-295755,Marriott Hotels - Travel - Lodging,EMP-1131,Rejected
TXN-02588,2024-04-27,Comcast,Utilities - Internet,200,USD,invoiced,Engineering,CC-003,PO-62831,INV-883921,Comcast - Utilities - Internet,EMP-1008,Approved
TXN-02589,2024-06-10,Southwest Airlines,Travel - Airfare,1000,USD,pending,Operations,CC-005,PO-47372,INV-808899,Southwest Airlines - Travel - Airfare,EMP-1038,Rejected
TXN-02590,2024-04-21,Apple Inc,Hardware - Equipment,1200,USD,invoiced,Sales,CC-003,PO-89609,INV-273380,Apple Inc - Hardware - Equipment,EMP-1042,Pending
TXN-02591,2024-05-13,Apple,Hardware - Equipment,1999,USD,delivered,Operations,CC-003,PO-85877,INV-982996,Apple - Hardware - Equipment,EMP-1030,Rejected
TXN-02592,2024-01-14,HubSpot,Marketing - Software,1200,USD,paid,Engineering,CC-003,PO-46506,INV-133460,HubSpot - Marketing - Software,EMP-1121,Pending
TXN-02593,2024-06-06,Starbucks,Meals & Entertainment,7,USD,paid,Sales,CC-004,PO-66895,INV-101388,Starbucks - Meals & Entertainment,EMP-1035,Rejected
TXN-02594,2024-04-14,Deloitte,Professional Services,25000,USD,invoiced,Finance,CC-003,PO-79915,INV-691089,Deloitte - Professional Services,EMP-1233,Pending
TXN-02595,2025-02-27,Microsoft Azure,Software - Cloud,300,USD,pending,Finance,CC-005,,INV-774204,Microsoft Azure - Software - Cloud,EMP-1094,Rejected
TXN-02596,2025-01-21,Chipotle,Meals & Entertainment,20,USD,paid,Marketing,CC-002,PO-36701,INV-874211,Chipotle - Meals & Entertainment,EMP-1167,Approved
TXN-02597,2025-01-21,UberEats,Meals & Entertainment,45,USD,delivered,Operations,CC-001,PO-44796,INV-258750,UberEats - Meals & Entertainment,EMP-1021,Rejected
TXN-02598,2025-02-11,DHL,Shipping & Logistics,400,USD,paid,Sales,CC-003,PO-22918,INV-299273,DHL - Shipping & Logistics,EMP-1069,Pending
TXN-02599,2025-01-11,Verizon,Utilities - Telecom,350,USD,paid,HR,CC-005,PO-63168,INV-103695,Verizon - Utilities - Telecom,EMP-1101,Pending
TXN-02600,2025-01-09,AT&T,Utilities - Telecom,80,USD,invoiced,Sales,CC-001,PO-74890,INV-778611,AT&T - Utilities - Telecom,EMP-1123,Approved
TXN-02601,2024-07-23,Delta Airlines,Travel - Airfare,900,USD,invoiced,Sales,CC-001,PO-21554,INV-668471,Delta Airlines - Travel - Airfare,EMP-1239,Pending
TXN-02602,2024-09-28,Restaurants.com,Meals & Entertainment,80,USD,completed,HR,CC-002,PO-45964,INV-992171,Restaurants.com - Meals & Entertainment,EMP-1083,Rejected
TXN-02603,2024-07-18,Starbucks,Meals & Entertainment,10,USD,pending,Marketing,CC-001,PO-75589,INV-486418,Starbucks - Meals & Entertainment,EMP-1015,Approved
TXN-02604,2024-09-01,Time Warner,Utilities - Internet,100,USD,pending,Engineering,CC-004,PO-37039,INV-708095,Time Warner - Utilities - Internet,EMP-1147,Rejected
TXN-02605,2024-03-16,Southwest Airlines,Travel - Airfare,150,USD,invoiced,Marketing,CC-004,PO-90917,INV-224785,Southwest Airlines - Travel - Airfare,EMP-1232,Rejected
TXN-02606,2024-11-07,Comcast,Utilities - Internet,70,USD,completed,Finance,CC-002,,INV-662796,Comcast - Utilities - Internet,EMP-1176,Pending
TXN-02607,2025-02-21,McKinsey,Professional Services,15000,USD,invoiced,Sales,CC-004,PO-83048,INV-358349,McKinsey - Professional Services,EMP-1007,Rejected
TXN-02608,2024-03-30,UberEats,Meals & Entertainment,45,USD,pending,HR,CC-005,PO-62819,INV-221532,UberEats - Meals & Entertainment,EMP-1078,Pending
TXN-02609,2025-01-08,LawDepot,Legal Services,1000,USD,paid,Finance,CC-002,PO-45117,INV-844102,LawDepot - Legal Services,EMP-1239,Approved
TXN-02610,2024-10-19,AT&T,Utilities - Telecom,80,USD,invoiced,Finance,CC-001,PO-24569,INV-862202,AT&T - Utilities - Telecom,EMP-1202,Rejected
TXN-02611,2024-12-14,PwC,Professional Services,4000,USD,pending,Engineering,CC-004,PO-17577,INV-467073,PwC - Professional Services,EMP-1187,Approved
TXN-02612,2024-07-11,DHL,Shipping & Logistics,400,USD,paid,Operations,CC-005,PO-45439,INV-158738,DHL - Shipping & Logistics,EMP-1235,Approved
TXN-02613,2024-03-09,Delta Airlines,Travel - Airfare,280,USD,invoiced,Sales,CC-005,,INV-920982,Delta Airlines - Travel - Airfare,EMP-1004,Pending
TXN-02614,2024-05-06,Slack,Software - SaaS,299,USD,completed,Engineering,CC-005,PO-11293,INV-389606,Slack - Software - SaaS,EMP-1238,Rejected
TXN-02615,2024-04-21,Amazon Business,Office Supplies,500,USD,invoiced,Operations,CC-004,,INV-749297,Amazon Business - Office Supplies,EMP-1233,Approved
TXN-02616,2025-01-21,HubSpot Inc,Marketing - Software,50,USD,pending,Sales,CC-003,PO-93170,INV-129739,HubSpot Inc - Marketing - Software,EMP-1069,Rejected
TXN-02617,2024-09-30,Lenovo,Hardware - Equipment,2000,USD,invoiced,Engineering,CC-005,PO-47390,INV-982261,Lenovo - Hardware - Equipment,EMP-1065,Approved
TXN-02618,2024-02-09,Stripe,Software - Payments,100,USD,delivered,Operations,CC-001,PO-29229,INV-472993,Stripe - Software - Payments,EMP-1003,Approved
TXN-02619,2024-10-30,DoorDash,Meals & Entertainment,50,USD,invoiced,Marketing,CC-003,PO-87506,INV-328329,DoorDash - Meals & Entertainment,EMP-1121,Pending
TXN-02620,2024-10-05,Staples,Office Supplies,300,USD,pending,HR,CC-004,PO-12414,INV-369525,Staples - Office Supplies,EMP-1043,Approved
TXN-02621,2025-01-18,Facebook Ads,Marketing - Digital,800,USD,pending,Sales,CC-003,PO-25457,INV-984099,Facebook Ads - Marketing - Digital,EMP-1230,Rejected
TXN-02622,2024-06-02,UPS,Shipping & Logistics,350,USD,delivered,Engineering,CC-004,PO-25812,INV-487908,UPS - Shipping & Logistics,EMP-1168,Approved
TXN-02623,2024-09-29,Delta Airlines,Travel - Airfare,500,USD,completed,HR,CC-003,PO-71419,INV-702721,Delta Airlines - Travel - Airfare,EMP-1202,Rejected
TXN-02624,2024-08-04,PwC,Professional Services,4000,USD,invoiced,Marketing,CC-005,PO-68427,INV-343883,PwC - Professional Services,EMP-1217,Pending
TXN-02625,2024-11-13,Delta Airlines,Travel - Airfare,500,USD,delivered,Operations,CC-003,PO-40123,INV-743592,Delta Airlines - Travel - Airfare,EMP-1059,Pending
TXN-02626,2024-01-24,DHL,Shipping & Logistics,400,USD,paid,HR,CC-002,PO-48358,INV-563202,DHL - Shipping & Logistics,EMP-1143,Approved
TXN-02627,2025-01-13,Uber,Travel - Ground,120,USD,invoiced,Engineering,CC-004,PO-50188,INV-595560,Uber - Travel - Ground,EMP-1023,Pending
TXN-02628,2025-03-22,Chipotle,Meals & Entertainment,25,USD,completed,Finance,CC-003,PO-95073,INV-592279,Chipotle - Meals & Entertainment,EMP-1201,Rejected
TXN-02629,2024-01-18,Grubhub,Meals & Entertainment,50,USD,delivered,Finance,CC-005,PO-72383,INV-172286,Grubhub - Meals & Entertainment,EMP-1242,Pending
TXN-02630,2025-01-16,American Airlines,Travel - Airfare,300,USD,pending,Sales,CC-003,PO-15814,INV-596224,American Airlines - Travel - Airfare,EMP-1169,Pending
TXN-02631,2024-06-12,Lenovo,Hardware - Equipment,2000,USD,invoiced,Marketing,CC-004,,INV-638396,Lenovo - Hardware - Equipment,EMP-1125,Rejected
TXN-02632,2024-02-07,Staples,Office Supplies,300,USD,completed,Operations,CC-002,,INV-858717,Staples - Office Supplies,EMP-1079,Approved
TXN-02633,2025-03-30,Delta Airlines,Travel - Airfare,280,USD,pending,Engineering,CC-004,PO-54492,INV-892926,Delta Airlines - Travel - Airfare,EMP-1197,Rejected
TXN-02634,2024-08-28,PwC,Professional Services,20000,USD,completed,Sales,CC-001,PO-42361,INV-970401,PwC - Professional Services,EMP-1143,Rejected
TXN-02635,2024-04-29,United Airlines,Travel - Airfare,850,USD,invoiced,Engineering,CC-002,PO-25982,INV-832584,United Airlines - Travel - Airfare,EMP-1078,Pending
TXN-02636,2024-10-11,Time Warner,Utilities - Internet,60,USD,pending,Engineering,CC-001,PO-48030,INV-609563,Time Warner - Utilities - Internet,EMP-1057,Rejected
TXN-02637,2024-09-21,Xero,Accounting Software,99,USD,delivered,Engineering,CC-001,PO-67352,INV-810070,Xero - Accounting Software,EMP-1231,Rejected
TXN-02638,2024-03-28,Amazon,Hardware - Equipment,2499,USD,completed,Engineering,CC-005,PO-17685,INV-264064,Amazon - Hardware - Equipment,EMP-1220,Pending
TXN-02639,2024-03-29,Amazon,Hardware - Equipment,1200,USD,delivered,HR,CC-005,PO-62712,INV-501660,Amazon - Hardware - Equipment,EMP-1211,Pending
TXN-02640,2024-09-21,LawDepot,Legal Services,2500,USD,completed,Marketing,CC-004,PO-59009,INV-903006,LawDepot - Legal Services,EMP-1149,Pending
TXN-02641,2024-09-29,FedEx Inc,Shipping & Logistics,45,USD,invoiced,Engineering,CC-002,PO-34643,INV-138990,FedEx Inc - Shipping & Logistics,EMP-1054,Pending
TXN-02642,2024-07-22,AT&T,Utilities - Telecom,300,USD,delivered,HR,CC-002,PO-76983,INV-236461,AT&T - Utilities - Telecom,EMP-1135,Approved
TXN-02643,2024-04-08,DHL,Shipping & Logistics,30,USD,paid,Operations,CC-003,PO-39272,INV-766596,DHL - Shipping & Logistics,EMP-1125,Pending
TXN-02644,2024-06-21,GitHub,Software - Development,21,USD,pending,Marketing,CC-003,PO-79422,INV-435005,GitHub - Software - Development,EMP-1101,Approved
TXN-02645,2024-08-30,PwC,Professional Services,4000,USD,delivered,Sales,CC-005,PO-43587,INV-816815,PwC - Professional Services,EMP-1194,Pending
TXN-02646,2025-01-17,Staples,Office Supplies,50,USD,pending,Marketing,CC-003,,INV-154053,Staples - Office Supplies,EMP-1244,Pending
TXN-02647,2024-10-12,Amazon,Hardware - Equipment,1200,USD,pending,Sales,CC-004,PO-51556,INV-979674,Amazon - Hardware - Equipment,EMP-1125,Rejected
TXN-02648,2024-05-03,Comcast,Utilities - Internet,200,USD,delivered,Marketing,CC-001,PO-86497,INV-656313,Comcast - Utilities - Internet,EMP-1035,Rejected
TXN-02649,2024-01-10,Apple,Hardware - Equipment,1999,USD,delivered,HR,CC-002,PO-94970,INV-532624,Apple - Hardware - Equipment,EMP-1121,Approved
TXN-02650,2024-11-18,GitHub,Software - Development,500,USD,invoiced,Finance,CC-004,PO-49822,INV-153217,GitHub - Software - Development,EMP-1089,Approved
TXN-02651,2024-12-08,Deloitte,Professional Services,25000,USD,completed,Marketing,CC-001,PO-85048,INV-791032,Deloitte - Professional Services,EMP-1176,Approved
TXN-02652,2024-02-05,Accenture,Professional Services,3000,USD,pending,HR,CC-004,PO-56422,INV-882069,Accenture - Professional Services,EMP-1049,Pending
TXN-02653,2024-08-01,Stripe,Software - Payments,500,USD,delivered,Finance,CC-002,PO-82460,INV-124405,Stripe - Software - Payments,EMP-1207,Rejected
TXN-02654,2024-04-04,Airbnb,Travel - Lodging,80,USD,paid,Operations,CC-002,PO-39919,INV-542825,Airbnb - Travel - Lodging,EMP-1033,Pending
TXN-02655,2024-09-18,Herman Miller,Furniture - Fixed Asset,3000,USD,paid,Engineering,CC-001,PO-48932,INV-337892,Herman Miller - Furniture - Fixed Asset,EMP-1052,Rejected
TXN-02656,2024-03-29,Twilio,Software - Communications,50,USD,delivered,HR,CC-001,PO-94046,INV-170924,Twilio - Software - Communications,EMP-1039,Rejected
TXN-02657,2024-06-13,DHL,Shipping & Logistics,60,USD,delivered,Finance,CC-003,PO-89883,INV-948155,DHL - Shipping & Logistics,EMP-1230,Approved
TXN-02658,2024-10-09,United Airlines,Travel - Airfare,450,USD,paid,Operations,CC-001,PO-64982,INV-295809,United Airlines - Travel - Airfare,EMP-1084,Pending
TXN-02659,2024-03-24,Restaurants.com,Meals & Entertainment,40,USD,invoiced,Operations,CC-005,PO-97541,INV-995084,Restaurants.com - Meals & Entertainment,EMP-1133,Pending
TXN-02660,2024-02-05,Staples,Office Supplies,500,USD,paid,Marketing,CC-004,PO-67198,INV-737443,Staples - Office Supplies,EMP-1161,Pending
TXN-02661,2024-08-01,Airbnb,Travel - Lodging,600,USD,invoiced,Engineering,CC-005,PO-89056,INV-768652,Airbnb - Travel - Lodging,EMP-1035,Approved
TXN-02662,2024-05-29,Time Warner,Utilities - Internet,100,USD,invoiced,Operations,CC-001,PO-45985,INV-407297,Time Warner - Utilities - Internet,EMP-1124,Pending
TXN-02663,2024-01-02,American Airlines,Travel - Airfare,950,USD,completed,Finance,CC-004,PO-32945,INV-923414,American Airlines - Travel - Airfare,EMP-1235,Approved
TXN-02664,2025-03-27,Zoom,Software - SaaS,299,USD,paid,Marketing,CC-003,PO-32477,INV-896443,Zoom - Software - SaaS,EMP-1060,Rejected
TXN-02665,2024-09-01,stripe,Software - Payments,100,USD,completed,Sales,CC-005,PO-76681,INV-784505,stripe - Software - Payments,EMP-1248,Rejected
TXN-02666,2024-01-18,Amazon Business,Office Supplies,250,USD,completed,HR,CC-005,PO-50633,INV-171372,Amazon Business - Office Supplies,EMP-1112,Approved
TXN-02667,2024-04-01,Facebook Ads,Marketing - Digital,800,USD,completed,Sales,CC-004,PO-47028,INV-295204,Facebook Ads - Marketing - Digital,EMP-1166,Rejected
TXN-02668,2024-10-17,ACCENTURE,Professional Services,7000,USD,paid,HR,CC-001,PO-57736,INV-346221,ACCENTURE - Professional Services,EMP-1094,Rejected
TXN-02669,2024-12-05,Lenovo,Hardware - Equipment,2000,USD,paid,Operations,CC-001,PO-19591,INV-695614,Lenovo - Hardware - Equipment,EMP-1198,Pending
TXN-02670,2025-03-09,AWS,Software - Cloud,500,USD,delivered,Marketing,CC-002,,INV-629874,AWS - Software - Cloud,EMP-1158,Pending
TXN-02671,2024-09-17,Microsoft Azure,Software - Cloud,800,USD,delivered,Operations,CC-005,PO-28298,INV-235516,Microsoft Azure - Software - Cloud,EMP-1032,Approved
TXN-02672,2024-08-05,AT&T,Utilities - Telecom,300,USD,delivered,Engineering,CC-003,PO-89857,INV-207148,AT&T - Utilities - Telecom,EMP-1130,Pending
TXN-02673,2024-07-28,DHL,Shipping & Logistics,150,USD,paid,HR,CC-004,PO-55206,INV-372934,DHL - Shipping & Logistics,EMP-1024,Approved
TXN-02674,2024-01-19,Google Ads,Marketing - Digital,2500,USD,pending,Marketing,CC-002,PO-60944,INV-668423,Google Ads - Marketing - Digital,EMP-1162,Pending
TXN-02675,2024-02-26,Amazon Business Inc,Office Supplies,250,USD,paid,HR,CC-003,PO-92047,INV-364234,Amazon Business Inc - Office Supplies,EMP-1208,Pending
TXN-02676,2024-09-16,Google Cloud,Software - Cloud,950,USD,paid,Marketing,CC-004,PO-32724,INV-807503,Google Cloud - Software - Cloud,EMP-1220,Approved
TXN-02677,2024-09-10,AT&T,Utilities - Telecom,300,USD,delivered,Sales,CC-005,PO-58209,INV-276003,AT&T - Utilities - Telecom,EMP-1214,Pending
TXN-02678,2024-01-14,AWS,Software - Cloud,2341,USD,pending,Sales,CC-004,PO-24093,INV-995344,AWS - Software - Cloud,EMP-1046,Approved
TXN-02679,2024-01-04,PwC,Professional Services,4000,USD,completed,Finance,CC-003,,INV-585431,PwC - Professional Services,EMP-1003,Approved
TXN-02680,2025-03-29,American Airlines,Travel - Airfare,550,USD,completed,Marketing,CC-001,PO-90886,INV-665596,American Airlines - Travel - Airfare,EMP-1058,Rejected
TXN-02681,2024-03-18,AWS,Software - Cloud,500,USD,completed,Sales,CC-002,PO-27191,INV-549129,AWS - Software - Cloud,EMP-1140,Approved
TXN-02682,2024-03-31,TWILIO,Software - Communications,50,USD,completed,Finance,CC-003,PO-75116,INV-205629,TWILIO - Software - Communications,EMP-1046,Rejected
TXN-02683,2024-06-26,PwC,Professional Services,4000,USD,invoiced,Sales,CC-002,PO-42913,INV-511781,PwC - Professional Services,EMP-1063,Approved
TXN-02684,2024-03-09,American Airlines,Travel - Airfare,1500,USD,pending,Engineering,CC-002,PO-84879,INV-955504,American Airlines - Travel - Airfare,EMP-1157,Rejected
TXN-02685,2025-03-24,Slack,Software - SaaS,99,USD,pending,Marketing,CC-002,PO-94667,INV-610338,Slack - Software - SaaS,EMP-1085,Pending
TXN-02686,2024-02-23,Facebook Ads,Marketing - Digital,300,USD,invoiced,Finance,CC-001,PO-80926,INV-179358,Facebook Ads - Marketing - Digital,EMP-1096,Rejected
TXN-02687,2024-04-02,Best Buy,Hardware - Equipment,1200,USD,pending,HR,CC-004,PO-86826,INV-774047,Best Buy - Hardware - Equipment,EMP-1111,Pending
TXN-02688,2025-03-27,lyft,Travel - Ground,12,USD,delivered,HR,CC-002,PO-86372,INV-890002,lyft - Travel - Ground,EMP-1188,Rejected
TXN-02689,2024-07-15,AWS,Software - Cloud,2341,USD,pending,Sales,CC-003,,INV-216963,AWS - Software - Cloud,EMP-1078,Pending
TXN-02690,2024-12-27,Zoom,Software - SaaS,100,USD,completed,Engineering,CC-002,PO-89863,INV-184268,Zoom - Software - SaaS,EMP-1098,Rejected
TXN-02691,2024-10-04,Starbucks,Meals & Entertainment,15,USD,paid,Sales,CC-005,PO-87536,INV-246352,Starbucks - Meals & Entertainment,EMP-1236,Pending
TXN-02692,2025-01-20,Herman Miller,Furniture - Fixed Asset,1200,USD,delivered,Operations,CC-001,PO-13589,INV-227413,Herman Miller - Furniture - Fixed Asset,EMP-1154,Pending
TXN-02693,2024-04-12,DHL,Shipping & Logistics,150,USD,invoiced,Engineering,CC-001,PO-48680,INV-844192,DHL - Shipping & Logistics,EMP-1193,Rejected
TXN-02694,2024-01-26,Southwest Airlines,Travel - Airfare,350,USD,paid,Sales,CC-004,PO-34534,INV-897701,Southwest Airlines - Travel - Airfare,EMP-1129,Rejected
TXN-02695,2024-03-07,Grubhub,Meals & Entertainment,100,USD,delivered,HR,CC-003,PO-48417,INV-383285,Grubhub - Meals & Entertainment,EMP-1121,Pending
TXN-02696,2024-10-07,Xero,Accounting Software,200,USD,paid,Finance,CC-001,PO-87674,INV-368107,Xero - Accounting Software,EMP-1103,Approved
TXN-02697,2024-10-07,FedEx,Shipping & Logistics,20,USD,paid,Sales,CC-004,PO-10226,INV-529768,FedEx - Shipping & Logistics,EMP-1193,Pending
TXN-02698,2025-01-06,Marriott Hotels,Travel - Lodging,250,USD,delivered,Sales,CC-003,PO-66945,INV-142439,Marriott Hotels - Travel - Lodging,EMP-1122,Rejected
TXN-02699,2024-08-17,PwC,Professional Services,20000,USD,invoiced,Finance,CC-003,,INV-602337,PwC - Professional Services,EMP-1166,Rejected
TXN-02700,2024-08-27,Amazon Business,Office Supplies,500,USD,completed,Engineering,CC-003,PO-62270,INV-808879,Amazon Business - Office Supplies,EMP-1192,Approved
TXN-02701,2024-09-19,Staples,Office Supplies,50,USD,pending,Marketing,CC-001,PO-55379,INV-972815,Staples - Office Supplies,EMP-1229,Pending
TXN-02702,2024-01-13,Starbucks,Meals & Entertainment,10,USD,paid,Operations,CC-002,PO-52528,INV-325380,Starbucks - Meals & Entertainment,EMP-1136,Pending
TXN-02703,2024-12-03,Comcast,Utilities - Internet,70,USD,completed,Engineering,CC-003,PO-75160,INV-454151,Comcast - Utilities - Internet,EMP-1207,Rejected
TXN-02704,2025-03-28,Amazon,Hardware - Equipment,299,USD,invoiced,Marketing,CC-003,,INV-540832,Amazon - Hardware - Equipment,EMP-1175,Pending
TXN-02705,2024-12-31,UPS,Shipping & Logistics,350,USD,delivered,Engineering,CC-002,PO-56254,INV-953675,UPS - Shipping & Logistics,EMP-1100,Pending
TXN-02706,2024-03-05,Apple,Hardware - Equipment,199,USD,completed,Operations,CC-005,PO-90513,INV-782082,Apple - Hardware - Equipment,EMP-1229,Approved
TXN-02707,2024-10-19,Grubhub,Meals & Entertainment,100,USD,pending,Engineering,CC-005,PO-67245,INV-541230,Grubhub - Meals & Entertainment,EMP-1110,Approved
TXN-02708,2025-01-06,Amazon,Hardware - Equipment,299,USD,paid,Engineering,CC-004,PO-89132,INV-959979,Amazon - Hardware - Equipment,EMP-1182,Rejected
TXN-02709,2024-09-08,Chipotle,Meals & Entertainment,15,USD,delivered,Marketing,CC-005,PO-59955,INV-779902,Chipotle - Meals & Entertainment,EMP-1036,Rejected
TXN-02710,2024-03-31,GitHub Inc,Software - Development,231,USD,paid,Operations,CC-005,,INV-246926,GitHub Inc - Software - Development,EMP-1001,Pending
TXN-02711,2025-03-01,Microsoft Azure,Software - Cloud,800,USD,invoiced,Engineering,CC-003,PO-67671,INV-235716,Microsoft Azure - Software - Cloud,EMP-1020,Approved
TXN-02712,2024-02-11,Lyft,Travel - Ground,60,USD,completed,Sales,CC-001,PO-56933,INV-642453,Lyft - Travel - Ground,EMP-1060,Rejected
TXN-02713,2025-02-03,UberEats,Meals & Entertainment,100,USD,paid,Operations,CC-004,PO-53965,INV-576981,UberEats - Meals & Entertainment,EMP-1077,Rejected
TXN-02714,2024-12-07,Datadog,Software - Monitoring,400,USD,completed,Operations,CC-004,PO-78789,INV-315469,Datadog - Software - Monitoring,EMP-1182,Approved
TXN-02715,2025-02-19,Slack,Software - SaaS,99,USD,delivered,HR,CC-005,PO-87665,INV-356075,Slack - Software - SaaS,EMP-1095,Pending
TXN-02716,2024-07-24,Apple,Hardware - Equipment,799,USD,completed,Engineering,CC-002,PO-10692,INV-957312,Apple - Hardware - Equipment,EMP-1114,Rejected
TXN-02717,2025-02-12,IKEA,Furniture - Fixed Asset,100,USD,invoiced,Operations,CC-001,PO-48898,INV-939390,IKEA - Furniture - Fixed Asset,EMP-1199,Rejected
TXN-02718,2024-05-12,Staples,Office Supplies,300,USD,completed,Marketing,CC-002,PO-91685,INV-224323,Staples - Office Supplies,EMP-1211,Pending
TXN-02719,2025-03-08,AWS,Software - Cloud,10000,USD,completed,Operations,CC-005,PO-86358,INV-966265,AWS - Software - Cloud,EMP-1142,Approved
TXN-02720,2024-03-02,Deloitte,Professional Services,10000,USD,completed,Engineering,CC-001,PO-48873,INV-714077,Deloitte - Professional Services,EMP-1041,Pending
TXN-02721,2024-09-15,Stripe Inc,Software - Payments,500,USD,invoiced,Engineering,CC-001,PO-83464,INV-613615,Stripe Inc - Software - Payments,EMP-1060,Pending
TXN-02722,2024-09-28,QuickBooks,Accounting Software,600,USD,invoiced,Marketing,CC-002,PO-77763,INV-441977,QuickBooks - Accounting Software,EMP-1180,Approved
TXN-02723,2024-06-14,FedEx,Shipping & Logistics,500,USD,paid,Engineering,CC-003,PO-70682,INV-898232,FedEx - Shipping & Logistics,EMP-1119,Approved
TXN-02724,2024-05-18,DHL,Shipping & Logistics,150,USD,invoiced,HR,CC-003,PO-61109,INV-230187,DHL - Shipping & Logistics,EMP-1025,Approved
TXN-02725,2024-07-21,United Airlines,Travel - Airfare,250,USD,delivered,Operations,CC-001,PO-91237,INV-688246,United Airlines - Travel - Airfare,EMP-1001,Approved
TXN-02726,2024-04-03,Grubhub,Meals & Entertainment,50,USD,delivered,Operations,CC-003,PO-48804,INV-642821,Grubhub - Meals & Entertainment,EMP-1192,Pending
TXN-02727,2024-08-28,Comcast,Utilities - Internet,70,USD,delivered,Marketing,CC-004,PO-17808,INV-593128,Comcast - Utilities - Internet,EMP-1173,Pending
TXN-02728,2024-12-29,Staples Inc,Office Supplies,300,USD,invoiced,Finance,CC-004,PO-25832,INV-430737,Staples Inc - Office Supplies,EMP-1090,Approved
TXN-02729,2024-01-24,Best Buy,Hardware - Equipment,100,USD,completed,Engineering,CC-001,PO-76307,INV-888008,Best Buy - Hardware - Equipment,EMP-1096,Approved
TXN-02730,2024-12-28,Datadog,Software - Monitoring,400,USD,paid,Finance,CC-005,PO-71560,INV-349862,Datadog - Software - Monitoring,EMP-1017,Pending
TXN-02731,2024-06-30,AWS,Software - Cloud,2341,USD,pending,Sales,CC-001,PO-83012,INV-469633,AWS - Software - Cloud,EMP-1107,Rejected
TXN-02732,2024-04-03,Xero,Accounting Software,200,USD,delivered,Engineering,CC-001,PO-31908,INV-865508,Xero - Accounting Software,EMP-1207,Rejected
TXN-02733,2024-01-20,Lenovo,Hardware - Equipment,1000,USD,delivered,Finance,CC-005,PO-22274,INV-406671,Lenovo - Hardware - Equipment,EMP-1018,Approved
TXN-02734,2024-08-06,Chipotle,Meals & Entertainment,15,USD,completed,Operations,CC-001,PO-67437,INV-515824,Chipotle - Meals & Entertainment,EMP-1144,Rejected
TXN-02735,2024-06-05,Comcast,Utilities - Internet,200,USD,paid,Engineering,CC-003,PO-87181,INV-943821,Comcast - Utilities - Internet,EMP-1131,Pending
TXN-02736,2024-04-03,LinkedIn Ads,Marketing - Digital,1000,USD,completed,Engineering,CC-002,PO-24571,INV-644703,LinkedIn Ads - Marketing - Digital,EMP-1054,Rejected
TXN-02737,2024-09-15,twilio,Software - Communications,1000,USD,pending,Engineering,CC-002,PO-17648,INV-401991,twilio - Software - Communications,EMP-1188,Pending
TXN-02738,2025-03-16,Deloitte,Professional Services,10000,USD,paid,Engineering,CC-004,PO-89534,INV-942313,Deloitte - Professional Services,EMP-1073,Pending
TXN-02739,2025-03-27,GitHub,Software - Development,21,USD,completed,Marketing,CC-005,PO-88753,INV-964232,GitHub - Software - Development,EMP-1110,Rejected
TXN-02740,2024-12-31,Best Buy,Hardware - Equipment,100,USD,completed,HR,CC-003,PO-36125,INV-889981,Best Buy - Hardware - Equipment,EMP-1096,Approved
TXN-02741,2024-11-07,Slack,Software - SaaS,299,USD,paid,Operations,CC-003,PO-79713,INV-481992,Slack - Software - SaaS,EMP-1141,Pending
TXN-02742,2024-11-04,Grubhub,Meals & Entertainment,100,USD,pending,Sales,CC-001,PO-53391,INV-850728,Grubhub - Meals & Entertainment,EMP-1054,Rejected
TXN-02743,2024-06-21,Grubhub,Meals & Entertainment,180,USD,paid,HR,CC-001,PO-94930,INV-266372,Grubhub - Meals & Entertainment,EMP-1072,Approved
TXN-02744,2024-03-05,Stripe,Software - Payments,100,USD,invoiced,Finance,CC-004,,INV-831932,Stripe - Software - Payments,EMP-1156,Approved
TXN-02745,2024-06-21,HubSpot,Marketing - Software,1200,USD,paid,Marketing,CC-004,PO-10005,INV-949242,HubSpot - Marketing - Software,EMP-1116,Approved
TXN-02746,2024-03-02,grubhub,Meals & Entertainment,50,USD,delivered,Sales,CC-002,PO-87839,INV-157837,grubhub - Meals & Entertainment,EMP-1136,Pending
TXN-02747,2025-03-20,Lyft,Travel - Ground,60,USD,delivered,HR,CC-002,PO-99794,INV-771894,Lyft - Travel - Ground,EMP-1140,Approved
TXN-02748,2024-10-25,American Airlines,Travel - Airfare,1500,USD,pending,Marketing,CC-005,PO-34191,INV-895697,American Airlines - Travel - Airfare,EMP-1247,Rejected
TXN-02749,2024-04-15,Southwest Airlines,Travel - Airfare,1000,USD,invoiced,Operations,CC-003,PO-99963,INV-289371,Southwest Airlines - Travel - Airfare,EMP-1006,Pending
TXN-02750,2024-07-01,Accenture,Professional Services,7000,USD,pending,Operations,CC-002,PO-22219,INV-579067,Accenture - Professional Services,EMP-1119,Pending
TXN-02751,2024-09-29,Amazon Business,Office Supplies,250,USD,paid,HR,CC-001,PO-40843,INV-360842,Amazon Business - Office Supplies,EMP-1226,Approved
TXN-02752,2024-12-18,McKinsey,Professional Services,15000,USD,paid,HR,CC-003,PO-20009,INV-837054,McKinsey - Professional Services,EMP-1106,Rejected
TXN-02753,2024-01-08,Delta Airlines,Travel - Airfare,280,USD,invoiced,Operations,CC-005,PO-70005,INV-796494,Delta Airlines - Travel - Airfare,EMP-1069,Rejected
TXN-02754,2024-11-13,Apple,Hardware - Equipment,1200,USD,pending,Operations,CC-005,,INV-519307,Apple - Hardware - Equipment,EMP-1073,Rejected
TXN-02755,2024-12-09,Salesforce,Software - SaaS,2500,USD,delivered,Finance,CC-003,PO-95261,INV-398751,Salesforce - Software - SaaS,EMP-1190,Rejected
TXN-02756,2025-01-26,Uber,Travel - Ground,15,USD,pending,Sales,CC-003,,INV-205286,Uber - Travel - Ground,EMP-1136,Approved
TXN-02757,2024-03-23,Time Warner,Utilities - Internet,60,USD,invoiced,Engineering,CC-001,,INV-511400,Time Warner - Utilities - Internet,EMP-1009,Approved
TXN-02758,2025-01-27,Stripe,Software - Payments,100,USD,delivered,Finance,CC-005,PO-95671,INV-754186,Stripe - Software - Payments,EMP-1132,Approved
TXN-02759,2025-03-09,Southwest Airlines,Travel - Airfare,650,USD,delivered,Finance,CC-003,PO-87804,INV-957281,Southwest Airlines - Travel - Airfare,EMP-1206,Approved
TXN-02760,2024-12-18,STAPLES,Office Supplies,500,USD,pending,Engineering,CC-004,PO-92287,INV-306597,STAPLES - Office Supplies,EMP-1116,Approved
TXN-02761,2024-04-16,DoorDash,Meals & Entertainment,25,USD,completed,Sales,CC-002,PO-39753,INV-183091,DoorDash - Meals & Entertainment,EMP-1136,Pending
TXN-02762,2025-01-27,pwc,Professional Services,8000,USD,completed,Operations,CC-003,PO-17478,INV-889220,pwc - Professional Services,EMP-1149,Rejected
TXN-02763,2025-02-21,Apple Inc,Hardware - Equipment,1999,USD,paid,HR,CC-005,PO-50099,INV-137973,Apple Inc - Hardware - Equipment,EMP-1075,Rejected
TXN-02764,2024-06-23,Best Buy,Hardware - Equipment,500,USD,pending,Sales,CC-005,PO-58838,INV-465346,Best Buy - Hardware - Equipment,EMP-1184,Approved
TXN-02765,2024-06-10,Slack,Software - SaaS,125,USD,pending,Operations,CC-005,PO-89852,INV-765191,Slack - Software - SaaS,EMP-1128,Rejected
TXN-02766,2025-01-23,AWS,Software - Cloud,1000,USD,paid,Operations,CC-005,PO-65989,INV-997773,AWS - Software - Cloud,EMP-1029,Pending
TXN-02767,2024-08-21,Apple,Hardware - Equipment,199,USD,invoiced,Engineering,CC-001,,INV-834080,Apple - Hardware - Equipment,EMP-1028,Rejected
TXN-02768,2024-01-03,Airbnb,Travel - Lodging,150,USD,completed,Marketing,CC-003,PO-47924,INV-130600,Airbnb - Travel - Lodging,EMP-1068,Pending
TXN-02769,2024-03-28,HubSpot,Marketing - Software,50,USD,invoiced,Finance,CC-004,PO-63287,INV-518530,HubSpot - Marketing - Software,EMP-1233,Pending
TXN-02770,2024-08-29,Twilio,Software - Communications,50,USD,delivered,Finance,CC-001,PO-58805,INV-908189,Twilio - Software - Communications,EMP-1203,Rejected
TXN-02771,2024-12-12,Uber Inc,Travel - Ground,65,USD,delivered,Finance,CC-001,PO-89651,INV-826399,Uber Inc - Travel - Ground,EMP-1163,Pending
TXN-02772,2025-03-21,GitHub,Software - Development,231,USD,paid,Engineering,CC-002,PO-89419,INV-765304,GitHub - Software - Development,EMP-1001,Approved
TXN-02773,2024-01-15,McKinsey,Professional Services,60000,USD,invoiced,Sales,CC-001,PO-63847,INV-409267,McKinsey - Professional Services,EMP-1185,Rejected
TXN-02774,2024-10-16,Office Depot,Office Supplies,75,USD,delivered,HR,CC-003,PO-87924,INV-110363,Office Depot - Office Supplies,EMP-1156,Pending
TXN-02775,2024-05-27,Time Warner,Utilities - Internet,100,USD,delivered,Marketing,CC-002,PO-39179,INV-870435,Time Warner - Utilities - Internet,EMP-1250,Approved
TXN-02776,2025-01-19,UPS,Shipping & Logistics,25,USD,completed,Operations,CC-004,PO-62587,INV-558131,UPS - Shipping & Logistics,EMP-1201,Pending
TXN-02777,2025-02-28,Zoom,Software - SaaS,100,USD,pending,Engineering,CC-002,PO-94594,INV-282972,Zoom - Software - SaaS,EMP-1036,Rejected
TXN-02778,2025-03-06,LawDepot,Legal Services,500,USD,invoiced,Finance,CC-005,PO-35161,INV-182669,LawDepot - Legal Services,EMP-1060,Rejected
TXN-02779,2024-09-05,McKinsey,Professional Services,60000,USD,pending,Operations,CC-001,PO-38688,INV-711272,McKinsey - Professional Services,EMP-1141,Pending
TXN-02780,2024-06-08,Steelcase,Furniture - Fixed Asset,1800,USD,delivered,Engineering,CC-001,PO-26763,INV-306379,Steelcase - Furniture - Fixed Asset,EMP-1040,Pending
TXN-02781,2024-10-20,Grubhub,Meals & Entertainment,180,USD,completed,Operations,CC-004,PO-80374,INV-672001,Grubhub - Meals & Entertainment,EMP-1133,Pending
TXN-02782,2024-05-16,McKinsey,Professional Services,30000,USD,pending,Operations,CC-003,PO-93747,INV-480343,McKinsey - Professional Services,EMP-1154,Approved
TXN-02783,2024-09-05,Zoom,Software - SaaS,200,USD,delivered,Operations,CC-004,PO-74951,INV-515015,Zoom - Software - SaaS,EMP-1132,Approved
TXN-02784,2025-03-05,Lenovo,Hardware - Equipment,2000,USD,delivered,HR,CC-001,PO-59228,INV-403332,Lenovo - Hardware - Equipment,EMP-1016,Rejected
TXN-02785,2024-03-22,Time Warner,Utilities - Internet,100,USD,pending,Marketing,CC-005,,INV-571394,Time Warner - Utilities - Internet,EMP-1229,Approved
TXN-02786,2024-02-14,Hilton Hotels,Travel - Lodging,220,USD,paid,HR,CC-003,PO-49842,INV-806980,Hilton Hotels - Travel - Lodging,EMP-1078,Approved
TXN-02787,2024-08-25,UberEats,Meals & Entertainment,185,USD,invoiced,Sales,CC-002,PO-80720,INV-684722,UberEats - Meals & Entertainment,EMP-1112,Approved
TXN-02788,2024-12-15,United Airlines,Travel - Airfare,450,USD,completed,Engineering,CC-001,PO-93244,INV-356346,United Airlines - Travel - Airfare,EMP-1131,Approved
TXN-02789,2024-10-25,Google Cloud,Software - Cloud,400,USD,paid,Operations,CC-001,PO-60594,INV-243073,Google Cloud - Software - Cloud,EMP-1063,Approved
TXN-02790,2025-03-04,Restaurants.com,Meals & Entertainment,300,USD,invoiced,Marketing,CC-002,,INV-438022,Restaurants.com - Meals & Entertainment,EMP-1115,Rejected
TXN-02791,2024-02-11,DHL,Shipping & Logistics,150,USD,invoiced,Operations,CC-003,PO-59000,INV-624500,DHL - Shipping & Logistics,EMP-1168,Pending
TXN-02792,2024-07-28,Deloitte,Professional Services,5000,USD,completed,Operations,CC-003,PO-16279,INV-770208,Deloitte - Professional Services,EMP-1151,Approved
TXN-02793,2024-07-19,Amazon,Hardware - Equipment,299,USD,completed,HR,CC-005,PO-25559,INV-942341,Amazon - Hardware - Equipment,EMP-1183,Rejected
TXN-02794,2024-12-01,QuickBooks,Accounting Software,600,USD,invoiced,Finance,CC-004,,INV-565923,QuickBooks - Accounting Software,EMP-1171,Approved
TXN-02795,2024-03-01,Salesforce,Software - SaaS,1200,USD,invoiced,Marketing,CC-004,PO-19961,INV-865172,Salesforce - Software - SaaS,EMP-1211,Approved
TXN-02796,2024-04-20,Xero,Accounting Software,200,USD,completed,HR,CC-003,PO-98634,INV-774291,Xero - Accounting Software,EMP-1061,Rejected
TXN-02797,2024-12-27,accenture,Professional Services,3000,USD,pending,Operations,CC-001,PO-83339,INV-257605,accenture - Professional Services,EMP-1035,Rejected
TXN-02798,2024-01-30,Verizon,Utilities - Telecom,200,USD,pending,Engineering,CC-004,PO-42667,INV-798325,Verizon - Utilities - Telecom,EMP-1164,Rejected
TXN-02799,2024-11-05,AT&T,Utilities - Telecom,80,USD,delivered,Operations,CC-002,PO-39502,INV-585014,AT&T - Utilities - Telecom,EMP-1118,Approved
TXN-02800,2025-02-28,Amazon Business,Office Supplies,250,USD,paid,Marketing,CC-005,PO-77541,INV-284111,Amazon Business - Office Supplies,EMP-1180,Approved
TXN-02801,2024-05-20,Deloitte,Professional Services,50000,USD,pending,Finance,CC-003,PO-51497,INV-503367,Deloitte - Professional Services,EMP-1199,Pending
TXN-02802,2024-09-24,Amazon,Hardware - Equipment,299,USD,completed,Engineering,CC-005,PO-97033,INV-600001,Amazon - Hardware - Equipment,EMP-1020,Rejected
TXN-02803,2024-04-04,GitHub,Software - Development,231,USD,invoiced,HR,CC-005,,INV-841670,GitHub - Software - Development,EMP-1232,Approved
TXN-02804,2024-11-09,Accenture,Professional Services,35000,USD,invoiced,Marketing,CC-005,PO-53571,INV-443007,Accenture - Professional Services,EMP-1041,Rejected
TXN-02805,2024-11-08,Twilio,Software - Communications,200,USD,invoiced,HR,CC-003,PO-13181,INV-818232,Twilio - Software - Communications,EMP-1056,Rejected
TXN-02806,2024-01-25,Delta Airlines,Travel - Airfare,1400,USD,completed,Marketing,CC-003,PO-48831,INV-941721,Delta Airlines - Travel - Airfare,EMP-1103,Approved
TXN-02807,2024-05-23,Herman Miller,Furniture - Fixed Asset,3000,USD,paid,Marketing,CC-003,PO-43605,INV-858712,Herman Miller - Furniture - Fixed Asset,EMP-1033,Approved
TXN-02808,2024-11-15,Restaurants.com,Meals & Entertainment,80,USD,paid,Engineering,CC-001,PO-13438,INV-425059,Restaurants.com - Meals & Entertainment,EMP-1024,Approved
TXN-02809,2024-11-29,LawDepot,Legal Services,200,USD,paid,Sales,CC-001,,INV-423279,LawDepot - Legal Services,EMP-1120,Rejected
TXN-02810,2024-04-29,Stripe,Software - Payments,1250,USD,delivered,Finance,CC-001,PO-19450,INV-487391,Stripe - Software - Payments,EMP-1089,Rejected
TXN-02811,2024-07-18,Comcast,Utilities - Internet,200,USD,invoiced,Finance,CC-001,,INV-830811,Comcast - Utilities - Internet,EMP-1116,Pending
TXN-02812,2024-10-11,American Airlines,Travel - Airfare,550,USD,completed,HR,CC-002,PO-52785,INV-207111,American Airlines - Travel - Airfare,EMP-1086,Approved
TXN-02813,2024-09-17,Time Warner,Utilities - Internet,100,USD,paid,Engineering,CC-003,PO-41548,INV-676183,Time Warner - Utilities - Internet,EMP-1192,Approved
TXN-02814,2024-11-02,Xero,Accounting Software,99,USD,completed,Marketing,CC-001,PO-71725,INV-372987,Xero - Accounting Software,EMP-1156,Rejected
TXN-02815,2025-02-03,DoorDash,Meals & Entertainment,25,USD,delivered,Engineering,CC-003,,INV-730391,DoorDash - Meals & Entertainment,EMP-1150,Approved
TXN-02816,2024-12-01,Google Ads,Marketing - Digital,5000,USD,delivered,HR,CC-004,,INV-314613,Google Ads - Marketing - Digital,EMP-1033,Rejected
TXN-02817,2024-04-05,UPS,Shipping & Logistics,350,USD,paid,Sales,CC-005,PO-28461,INV-616358,UPS - Shipping & Logistics,EMP-1249,Rejected
TXN-02818,2024-03-10,HubSpot,Marketing - Software,50,USD,paid,Operations,CC-002,PO-38648,INV-436442,HubSpot - Marketing - Software,EMP-1060,Pending
TXN-02819,2024-12-06,Verizon,Utilities - Telecom,200,USD,completed,Operations,CC-002,,INV-220116,Verizon - Utilities - Telecom,EMP-1209,Rejected
TXN-02820,2025-01-23,DoorDash,Meals & Entertainment,50,USD,completed,Marketing,CC-005,PO-74775,INV-909336,DoorDash - Meals & Entertainment,EMP-1050,Pending
TXN-02821,2024-09-05,Airbnb,Travel - Lodging,80,USD,invoiced,Engineering,CC-004,PO-85409,INV-138099,Airbnb - Travel - Lodging,EMP-1154,Pending
TXN-02822,2024-11-28,IKEA,Furniture - Fixed Asset,300,USD,pending,Finance,CC-002,PO-86668,INV-636672,IKEA - Furniture - Fixed Asset,EMP-1201,Pending
TXN-02823,2024-07-09,Slack,Software - SaaS,99,USD,pending,HR,CC-004,,INV-160435,Slack - Software - SaaS,EMP-1019,Pending
TXN-02824,2025-02-22,Staples,Office Supplies,150,USD,invoiced,Sales,CC-001,PO-33726,INV-695196,Staples - Office Supplies,EMP-1238,Pending
TXN-02825,2024-05-05,UPS,Shipping & Logistics,350,USD,pending,Finance,CC-004,PO-65903,INV-873755,UPS - Shipping & Logistics,EMP-1121,Approved
TXN-02826,2025-01-31,Chipotle,Meals & Entertainment,25,USD,pending,Sales,CC-002,PO-64805,INV-263906,Chipotle - Meals & Entertainment,EMP-1097,Pending
TXN-02827,2024-03-02,Apple,Hardware - Equipment,799,USD,pending,Finance,CC-004,PO-69491,INV-270601,Apple - Hardware - Equipment,EMP-1149,Approved
TXN-02828,2024-04-30,FedEx,Shipping & Logistics,45,USD,invoiced,HR,CC-005,PO-95390,INV-318106,FedEx - Shipping & Logistics,EMP-1188,Rejected
TXN-02829,2024-11-02,Marriott Hotels,Travel - Lodging,250,USD,paid,Engineering,CC-004,PO-54515,INV-481353,Marriott Hotels - Travel - Lodging,EMP-1120,Rejected
TXN-02830,2025-02-21,Microsoft Azure,Software - Cloud,800,USD,delivered,Finance,CC-002,PO-69082,INV-852868,Microsoft Azure - Software - Cloud,EMP-1031,Approved
TXN-02831,2024-10-17,Chipotle,Meals & Entertainment,20,USD,completed,Engineering,CC-005,PO-87574,INV-393651,Chipotle - Meals & Entertainment,EMP-1135,Pending
TXN-02832,2024-02-11,Xero,Accounting Software,99,USD,invoiced,Engineering,CC-002,PO-41230,INV-289345,Xero - Accounting Software,EMP-1188,Rejected
TXN-02833,2024-10-08,McKinsey,Professional Services,60000,USD,paid,Marketing,CC-001,PO-99856,INV-423039,McKinsey - Professional Services,EMP-1104,Pending
TXN-02834,2024-02-27,Google Ads,Marketing - Digital,1000,USD,paid,Operations,CC-003,PO-48501,INV-410926,Google Ads - Marketing - Digital,EMP-1196,Pending
TXN-02835,2025-01-18,Amazon Business,Office Supplies,500,USD,pending,Operations,CC-004,PO-19426,INV-287913,Amazon Business - Office Supplies,EMP-1005,Approved
TXN-02836,2024-09-13,Hilton Hotels,Travel - Lodging,220,USD,pending,HR,CC-005,PO-52721,INV-145094,Hilton Hotels - Travel - Lodging,EMP-1181,Rejected
TXN-02837,2025-02-26,UberEats,Meals & Entertainment,45,USD,invoiced,Sales,CC-004,,INV-846419,UberEats - Meals & Entertainment,EMP-1099,Pending
TXN-02838,2024-11-10,GitHub,Software - Development,21,USD,invoiced,HR,CC-004,PO-84514,INV-385727,GitHub - Software - Development,EMP-1116,Pending
TXN-02839,2025-02-25,Verizon,Utilities - Telecom,350,USD,completed,Operations,CC-002,PO-87575,INV-616202,Verizon - Utilities - Telecom,EMP-1162,Rejected
TXN-02840,2024-07-20,Hilton Hotels,Travel - Lodging,400,USD,completed,Sales,CC-003,PO-76680,INV-585682,Hilton Hotels - Travel - Lodging,EMP-1206,Pending
TXN-02841,2024-12-03,AWS,Software - Cloud,500,USD,completed,Engineering,CC-004,PO-41523,INV-211483,AWS - Software - Cloud,EMP-1037,Rejected
TXN-02842,2024-05-02,IKEA,Furniture - Fixed Asset,1200,USD,completed,Marketing,CC-005,PO-74138,INV-668896,IKEA - Furniture - Fixed Asset,EMP-1069,Rejected
TXN-02843,2024-05-18,Google Ads,Marketing - Digital,5000,USD,pending,Operations,CC-002,,INV-683992,Google Ads - Marketing - Digital,EMP-1229,Approved
TXN-02844,2024-04-03,Time Warner,Utilities - Internet,100,USD,completed,Sales,CC-002,PO-96992,INV-204033,Time Warner - Utilities - Internet,EMP-1221,Rejected
TXN-02845,2024-08-21,UberEats,Meals & Entertainment,185,USD,delivered,Engineering,CC-002,,INV-861223,UberEats - Meals & Entertainment,EMP-1054,Pending
TXN-02846,2024-03-29,Google Cloud,Software - Cloud,1850,USD,paid,Engineering,CC-003,,INV-125441,Google Cloud - Software - Cloud,EMP-1082,Rejected
TXN-02847,2025-02-05,Lenovo,Hardware - Equipment,2000,USD,paid,Operations,CC-005,PO-26806,INV-566798,Lenovo - Hardware - Equipment,EMP-1044,Pending
TXN-02848,2025-01-09,United Airlines,Travel - Airfare,250,USD,pending,Engineering,CC-001,PO-12379,INV-769640,United Airlines - Travel - Airfare,EMP-1198,Pending
TXN-02849,2024-02-05,United Airlines,Travel - Airfare,250,USD,completed,Sales,CC-001,PO-39000,INV-425131,United Airlines - Travel - Airfare,EMP-1179,Rejected
TXN-02850,2024-02-02,McKinsey,Professional Services,60000,USD,invoiced,Engineering,CC-005,PO-37513,INV-941860,McKinsey - Professional Services,EMP-1228,Approved
TXN-02851,2024-04-18,Salesforce,Software - SaaS,600,USD,pending,Sales,CC-003,PO-44318,INV-903308,Salesforce - Software - SaaS,EMP-1033,Approved
TXN-02852,2024-05-07,Verizon,Utilities - Telecom,350,USD,delivered,HR,CC-004,PO-71118,INV-276724,Verizon - Utilities - Telecom,EMP-1061,Approved
TXN-02853,2024-11-28,Steelcase,Furniture - Fixed Asset,1800,USD,pending,Sales,CC-005,PO-36185,INV-125299,Steelcase - Furniture - Fixed Asset,EMP-1089,Rejected
TXN-02854,2024-02-17,Xero,Accounting Software,99,USD,invoiced,Operations,CC-002,,INV-562165,Xero - Accounting Software,EMP-1150,Rejected
TXN-02855,2024-03-12,Time Warner,Utilities - Internet,180,USD,paid,Operations,CC-001,PO-21067,INV-278269,Time Warner - Utilities - Internet,EMP-1147,Rejected
TXN-02856,2024-06-22,Amazon,Hardware - Equipment,2499,USD,completed,Finance,CC-003,PO-33981,INV-332759,Amazon - Hardware - Equipment,EMP-1061,Pending
TXN-02857,2025-02-18,Google Cloud,Software - Cloud,400,USD,delivered,Marketing,CC-005,PO-57148,INV-440382,Google Cloud - Software - Cloud,EMP-1086,Pending
TXN-02858,2024-10-24,IKEA,Furniture - Fixed Asset,100,USD,paid,Finance,CC-002,,INV-418541,IKEA - Furniture - Fixed Asset,EMP-1124,Rejected
TXN-02859,2024-02-15,Dell,Hardware - Equipment,1200,USD,delivered,HR,CC-005,PO-86092,INV-799983,Dell - Hardware - Equipment,EMP-1107,Approved
TXN-02860,2024-02-04,Southwest Airlines,Travel - Airfare,350,USD,invoiced,Operations,CC-003,PO-59957,INV-444531,Southwest Airlines - Travel - Airfare,EMP-1031,Pending
TXN-02861,2024-03-07,American Airlines,Travel - Airfare,300,USD,delivered,HR,CC-003,PO-19098,INV-416691,American Airlines - Travel - Airfare,EMP-1234,Approved
TXN-02862,2025-02-18,Herman Miller,Furniture - Fixed Asset,1500,USD,paid,HR,CC-005,PO-96609,INV-353081,Herman Miller - Furniture - Fixed Asset,EMP-1078,Approved
TXN-02863,2024-09-24,Datadog,Software - Monitoring,1500,USD,paid,Sales,CC-004,PO-61270,INV-743141,Datadog - Software - Monitoring,EMP-1083,Approved
TXN-02864,2025-02-26,PwC,Professional Services,20000,USD,paid,Sales,CC-004,PO-46416,INV-297989,PwC - Professional Services,EMP-1182,Approved
TXN-02865,2024-04-24,UberEats,Meals & Entertainment,45,USD,invoiced,Marketing,CC-005,PO-41141,INV-462663,UberEats - Meals & Entertainment,EMP-1003,Rejected
TXN-02866,2024-08-04,Hilton Hotels,Travel - Lodging,220,USD,paid,Engineering,CC-005,PO-36278,INV-120912,Hilton Hotels - Travel - Lodging,EMP-1213,Rejected
TXN-02867,2025-03-31,PwC,Professional Services,4000,USD,pending,HR,CC-003,PO-33150,INV-988524,PwC - Professional Services,EMP-1134,Rejected
TXN-02868,2024-10-28,Steelcase,Furniture - Fixed Asset,600,USD,paid,Finance,CC-003,PO-84810,INV-365697,Steelcase - Furniture - Fixed Asset,EMP-1137,Rejected
TXN-02869,2025-02-17,Restaurants.com,Meals & Entertainment,150,USD,delivered,Finance,CC-002,PO-49427,INV-626087,Restaurants.com - Meals & Entertainment,EMP-1199,Pending
TXN-02870,2024-09-09,Steelcase,Furniture - Fixed Asset,600,USD,paid,HR,CC-004,PO-72552,INV-572716,Steelcase - Furniture - Fixed Asset,EMP-1016,Rejected
TXN-02871,2024-06-20,AWS,Software - Cloud,2341,USD,pending,Marketing,CC-001,PO-78471,INV-967168,AWS - Software - Cloud,EMP-1162,Rejected
TXN-02872,2024-07-16,Twilio,Software - Communications,200,USD,pending,Sales,CC-003,PO-47394,INV-916656,Twilio - Software - Communications,EMP-1046,Pending
TXN-02873,2024-10-16,American Airlines,Travel - Airfare,1500,USD,invoiced,Operations,CC-005,PO-21576,INV-246410,American Airlines - Travel - Airfare,EMP-1194,Approved
TXN-02874,2024-08-12,Airbnb,Travel - Lodging,150,USD,delivered,HR,CC-004,PO-70454,INV-946143,Airbnb - Travel - Lodging,EMP-1244,Approved
TXN-02875,2024-10-26,Salesforce,Software - SaaS,600,USD,delivered,Finance,CC-004,PO-83660,INV-703600,Salesforce - Software - SaaS,EMP-1197,Pending
TXN-02876,2024-05-05,Lyft,Travel - Ground,12,USD,invoiced,Sales,CC-005,PO-97427,INV-742318,Lyft - Travel - Ground,EMP-1182,Pending
TXN-02877,2024-09-01,Microsoft Azure,Software - Cloud,800,USD,completed,HR,CC-004,,INV-481105,Microsoft Azure - Software - Cloud,EMP-1237,Rejected
TXN-02878,2024-02-09,Best Buy,Hardware - Equipment,500,USD,invoiced,Operations,CC-003,PO-75554,INV-702070,Best Buy - Hardware - Equipment,EMP-1186,Approved
TXN-02879,2025-01-05,American Airlines,Travel - Airfare,550,USD,invoiced,HR,CC-003,PO-75824,INV-892267,American Airlines - Travel - Airfare,EMP-1139,Approved
TXN-02880,2025-02-08,Comcast,Utilities - Internet,70,USD,paid,Engineering,CC-004,PO-42152,INV-667554,Comcast - Utilities - Internet,EMP-1221,Pending
TXN-02881,2024-07-19,Facebook Ads,Marketing - Digital,2000,USD,invoiced,Operations,CC-003,PO-73382,INV-192658,Facebook Ads - Marketing - Digital,EMP-1136,Pending
TXN-02882,2024-08-04,Best Buy,Hardware - Equipment,1200,USD,pending,Sales,CC-002,PO-20383,INV-676391,Best Buy - Hardware - Equipment,EMP-1185,Approved
TXN-02883,2024-05-16,United Airlines,Travel - Airfare,2500,USD,pending,Engineering,CC-005,PO-57257,INV-126821,United Airlines - Travel - Airfare,EMP-1038,Pending
TXN-02884,2024-12-15,LawDepot,Legal Services,500,USD,delivered,Finance,CC-001,PO-94810,INV-384818,LawDepot - Legal Services,EMP-1049,Rejected
TXN-02885,2025-01-17,Lyft,Travel - Ground,60,USD,paid,HR,CC-004,,INV-682258,Lyft - Travel - Ground,EMP-1011,Rejected
TXN-02886,2024-04-23,Steelcase,Furniture - Fixed Asset,1000,USD,paid,Engineering,CC-004,PO-69126,INV-617698,Steelcase - Furniture - Fixed Asset,EMP-1165,Approved
TXN-02887,2024-09-09,Stripe,Software - Payments,500,USD,delivered,HR,CC-003,PO-11351,INV-815407,Stripe - Software - Payments,EMP-1191,Pending
TXN-02888,2024-01-03,Herman Miller,Furniture - Fixed Asset,800,USD,pending,Marketing,CC-003,PO-98866,INV-527539,Herman Miller - Furniture - Fixed Asset,EMP-1201,Rejected
TXN-02889,2024-04-12,Hilton Hotels,Travel - Lodging,220,USD,delivered,Engineering,CC-002,PO-74109,INV-190324,Hilton Hotels - Travel - Lodging,EMP-1044,Approved
TXN-02890,2024-04-25,AWS,Software - Cloud,2341,USD,pending,Sales,CC-003,PO-95758,INV-403091,AWS - Software - Cloud,EMP-1099,Rejected
TXN-02891,2024-03-06,STARBUCKS,Meals & Entertainment,15,USD,paid,Operations,CC-001,PO-44593,INV-646070,STARBUCKS - Meals & Entertainment,EMP-1235,Approved
TXN-02892,2024-03-10,PwC,Professional Services,40000,USD,paid,Marketing,CC-001,PO-17221,INV-967773,PwC - Professional Services,EMP-1151,Pending
TXN-02893,2024-04-22,Slack,Software - SaaS,299,USD,completed,Marketing,CC-004,PO-82632,INV-797614,Slack - Software - SaaS,EMP-1235,Rejected
TXN-02894,2024-05-30,PwC,Professional Services,40000,USD,invoiced,HR,CC-005,PO-40078,INV-516770,PwC - Professional Services,EMP-1243,Pending
TXN-02895,2024-03-01,Slack,Software - SaaS,199,USD,invoiced,Marketing,CC-005,PO-54612,INV-521467,Slack - Software - SaaS,EMP-1070,Pending
TXN-02896,2024-01-22,LinkedIn Ads,Marketing - Digital,1000,USD,completed,Sales,CC-004,PO-71522,INV-759824,LinkedIn Ads - Marketing - Digital,EMP-1242,Approved
TXN-02897,2024-06-15,Verizon,Utilities - Telecom,100,USD,invoiced,Finance,CC-005,PO-29681,INV-582355,Verizon - Utilities - Telecom,EMP-1174,Pending
TXN-02898,2024-10-14,AWS,Software - Cloud,1000,USD,invoiced,Marketing,CC-004,PO-86478,INV-561208,AWS - Software - Cloud,EMP-1181,Rejected
TXN-02899,2024-03-07,Accenture,Professional Services,35000,USD,delivered,Sales,CC-005,PO-26982,INV-224470,Accenture - Professional Services,EMP-1164,Approved
TXN-02900,2024-09-06,GitHub,Software - Development,231,USD,paid,Sales,CC-005,PO-82512,INV-443431,GitHub - Software - Development,EMP-1088,Rejected
TXN-02901,2024-04-06,Airbnb,Travel - Lodging,150,USD,pending,HR,CC-001,PO-66103,INV-852265,Airbnb - Travel - Lodging,EMP-1002,Rejected
TXN-02902,2024-01-13,Apple,Hardware - Equipment,1200,USD,pending,HR,CC-003,PO-14257,INV-687227,Apple - Hardware - Equipment,EMP-1221,Pending
TXN-02903,2024-07-01,AT&T,Utilities - Telecom,80,USD,invoiced,Engineering,CC-005,PO-15692,INV-785668,AT&T - Utilities - Telecom,EMP-1239,Approved
TXN-02904,2024-11-20,American Airlines,Travel - Airfare,1500,USD,completed,Engineering,CC-004,PO-83337,INV-421758,American Airlines - Travel - Airfare,EMP-1134,Approved
TXN-02905,2024-05-10,DHL,Shipping & Logistics,400,USD,completed,HR,CC-002,,INV-903111,DHL - Shipping & Logistics,EMP-1022,Approved
TXN-02906,2024-01-09,Lenovo,Hardware - Equipment,400,USD,completed,Marketing,CC-005,PO-13305,INV-723378,Lenovo - Hardware - Equipment,EMP-1184,Rejected
TXN-02907,2024-03-15,Southwest Airlines,Travel - Airfare,150,USD,paid,Finance,CC-005,PO-59774,INV-109249,Southwest Airlines - Travel - Airfare,EMP-1100,Pending
TXN-02908,2024-03-20,Chipotle,Meals & Entertainment,20,USD,completed,Engineering,CC-001,,INV-679605,Chipotle - Meals & Entertainment,EMP-1066,Pending
TXN-02909,2024-02-06,QuickBooks,Accounting Software,120,USD,invoiced,Marketing,CC-002,PO-34991,INV-394766,QuickBooks - Accounting Software,EMP-1152,Approved
TXN-02910,2025-03-09,FedEx,Shipping & Logistics,100,USD,delivered,Engineering,CC-001,PO-78587,INV-496557,FedEx - Shipping & Logistics,EMP-1044,Pending
TXN-02911,2024-02-11,UberEats,Meals & Entertainment,20,USD,paid,Marketing,CC-001,PO-93236,INV-673234,UberEats - Meals & Entertainment,EMP-1219,Rejected
TXN-02912,2024-11-26,Microsoft Azure,Software - Cloud,800,USD,delivered,HR,CC-001,,INV-665165,Microsoft Azure - Software - Cloud,EMP-1120,Approved
TXN-02913,2025-02-16,Starbucks,Meals & Entertainment,15,USD,pending,Operations,CC-003,PO-56533,INV-276695,Starbucks - Meals & Entertainment,EMP-1168,Approved
TXN-02914,2024-07-31,GitHub,Software - Development,231,USD,pending,Finance,CC-005,PO-53009,INV-289924,GitHub - Software - Development,EMP-1111,Approved
TXN-02915,2024-03-26,UPS,Shipping & Logistics,120,USD,delivered,Marketing,CC-002,PO-68114,INV-298280,UPS - Shipping & Logistics,EMP-1222,Approved
TXN-02916,2024-01-28,Verizon,Utilities - Telecom,350,USD,completed,Marketing,CC-004,,INV-268021,Verizon - Utilities - Telecom,EMP-1046,Pending
TXN-02917,2025-01-01,Steelcase,Furniture - Fixed Asset,600,USD,pending,Sales,CC-002,PO-56025,INV-623026,Steelcase - Furniture - Fixed Asset,EMP-1142,Approved
TXN-02918,2025-02-04,HubSpot,Marketing - Software,1200,USD,pending,Engineering,CC-001,PO-68975,INV-603560,HubSpot - Marketing - Software,EMP-1143,Rejected
TXN-02919,2024-12-27,PwC,Professional Services,20000,USD,paid,Sales,CC-004,PO-73944,INV-360027,PwC - Professional Services,EMP-1137,Rejected
TXN-02920,2025-02-16,steelcase,Furniture - Fixed Asset,2500,USD,invoiced,HR,CC-001,PO-37894,INV-853768,steelcase - Furniture - Fixed Asset,EMP-1035,Approved
TXN-02921,2024-10-20,Staples,Office Supplies,150,USD,paid,HR,CC-001,PO-57837,INV-256759,Staples - Office Supplies,EMP-1201,Pending
TXN-02922,2024-07-21,Zoom,Software - SaaS,200,USD,completed,Marketing,CC-001,,INV-602842,Zoom - Software - SaaS,EMP-1080,Pending
TXN-02923,2024-03-03,AT&T,Utilities - Telecom,150,USD,pending,Operations,CC-003,PO-67596,INV-909204,AT&T - Utilities - Telecom,EMP-1011,Rejected
TXN-02924,2024-07-21,Restaurants.com,Meals & Entertainment,40,USD,pending,Sales,CC-002,PO-72133,INV-764333,Restaurants.com - Meals & Entertainment,EMP-1134,Rejected
TXN-02925,2024-10-28,QuickBooks,Accounting Software,300,USD,delivered,Finance,CC-005,PO-46096,INV-753288,QuickBooks - Accounting Software,EMP-1104,Pending
TXN-02926,2024-08-24,Lyft,Travel - Ground,60,USD,pending,Operations,CC-004,PO-35506,INV-998661,Lyft - Travel - Ground,EMP-1219,Rejected
TXN-02927,2024-02-07,Marriott Hotels,Travel - Lodging,150,USD,paid,Finance,CC-004,PO-30830,INV-887647,Marriott Hotels - Travel - Lodging,EMP-1070,Pending
TXN-02928,2024-12-06,Grubhub,Meals & Entertainment,180,USD,paid,HR,CC-002,PO-18445,INV-891303,Grubhub - Meals & Entertainment,EMP-1030,Pending
TXN-02929,2024-12-17,Time Warner,Utilities - Internet,100,USD,delivered,Marketing,CC-001,PO-21650,INV-849284,Time Warner - Utilities - Internet,EMP-1237,Approved
TXN-02930,2025-03-27,Dell,Hardware - Equipment,500,USD,paid,Operations,CC-005,PO-56845,INV-967614,Dell - Hardware - Equipment,EMP-1058,Rejected
TXN-02931,2024-11-19,PwC,Professional Services,20000,USD,paid,Sales,CC-001,PO-16779,INV-807847,PwC - Professional Services,EMP-1102,Rejected
TXN-02932,2025-02-10,Steelcase,Furniture - Fixed Asset,2500,USD,paid,Engineering,CC-003,PO-58769,INV-635822,Steelcase - Furniture - Fixed Asset,EMP-1184,Approved
TXN-02933,2024-07-09,Google Ads,Marketing - Digital,5000,USD,invoiced,Marketing,CC-004,PO-55263,INV-668830,Google Ads - Marketing - Digital,EMP-1139,Rejected
TXN-02934,2025-03-17,QuickBooks,Accounting Software,300,USD,invoiced,Operations,CC-002,PO-61865,INV-167549,QuickBooks - Accounting Software,EMP-1143,Approved
TXN-02935,2025-01-29,Xero,Accounting Software,400,USD,delivered,Sales,CC-005,PO-16382,INV-776449,Xero - Accounting Software,EMP-1033,Pending
TXN-02936,2024-09-19,Lenovo,Hardware - Equipment,1000,USD,pending,Marketing,CC-004,PO-85316,INV-277062,Lenovo - Hardware - Equipment,EMP-1005,Rejected
TXN-02937,2024-07-17,Herman Miller,Furniture - Fixed Asset,800,USD,invoiced,Finance,CC-003,PO-39364,INV-318085,Herman Miller - Furniture - Fixed Asset,EMP-1116,Approved
TXN-02938,2024-09-12,Steelcase,Furniture - Fixed Asset,1000,USD,invoiced,HR,CC-005,,INV-706061,Steelcase - Furniture - Fixed Asset,EMP-1201,Approved
TXN-02939,2025-02-22,Zoom,Software - SaaS,100,USD,completed,Sales,CC-003,PO-76369,INV-648074,Zoom - Software - SaaS,EMP-1247,Pending
TXN-02940,2024-04-12,AWS,Software - Cloud,1000,USD,paid,Sales,CC-002,PO-46193,INV-431084,AWS - Software - Cloud,EMP-1041,Rejected
TXN-02941,2024-01-06,Airbnb,Travel - Lodging,80,USD,pending,Sales,CC-003,PO-50165,INV-220997,Airbnb - Travel - Lodging,EMP-1050,Rejected
TXN-02942,2024-06-07,Deloitte,Professional Services,5000,USD,invoiced,Marketing,CC-002,PO-89767,INV-998003,Deloitte - Professional Services,EMP-1133,Rejected
TXN-02943,2024-10-05,Starbucks,Meals & Entertainment,10,USD,pending,Marketing,CC-003,PO-63215,INV-100995,Starbucks - Meals & Entertainment,EMP-1169,Approved
TXN-02944,2024-07-03,Staples,Office Supplies,50,USD,completed,Marketing,CC-002,,INV-537383,Staples - Office Supplies,EMP-1015,Rejected
TXN-02945,2024-03-23,DHL,Shipping & Logistics,30,USD,completed,Sales,CC-002,PO-68230,INV-158714,DHL - Shipping & Logistics,EMP-1177,Pending
TXN-02946,2024-01-17,HubSpot,Marketing - Software,50,USD,completed,Finance,CC-001,,INV-838877,HubSpot - Marketing - Software,EMP-1167,Approved
TXN-02947,2024-12-22,Amazon Business,Office Supplies,100,USD,pending,Marketing,CC-004,PO-78153,INV-758127,Amazon Business - Office Supplies,EMP-1087,Approved
TXN-02948,2024-02-22,IKEA,Furniture - Fixed Asset,300,USD,delivered,Marketing,CC-004,PO-99396,INV-508745,IKEA - Furniture - Fixed Asset,EMP-1166,Rejected
TXN-02949,2024-10-04,UberEats,Meals & Entertainment,20,USD,completed,Sales,CC-003,PO-80048,INV-197605,UberEats - Meals & Entertainment,EMP-1211,Approved
TXN-02950,2024-07-21,Apple,Hardware - Equipment,1999,USD,invoiced,Finance,CC-003,PO-71718,INV-552540,Apple - Hardware - Equipment,EMP-1126,Approved
TXN-02951,2024-06-02,GitHub,Software - Development,21,USD,completed,Marketing,CC-001,PO-93728,INV-983597,GitHub - Software - Development,EMP-1076,Approved
TXN-02952,2024-06-14,Zoom,Software - SaaS,200,USD,paid,Engineering,CC-001,PO-65050,INV-342217,Zoom - Software - SaaS,EMP-1164,Pending
TXN-02953,2025-01-21,Starbucks,Meals & Entertainment,15,USD,completed,Operations,CC-005,PO-25113,INV-817443,Starbucks - Meals & Entertainment,EMP-1156,Rejected
TXN-02954,2024-07-31,Time Warner,Utilities - Internet,60,USD,paid,Operations,CC-004,PO-41854,INV-254143,Time Warner - Utilities - Internet,EMP-1049,Pending
TXN-02955,2024-03-16,Google Cloud,Software - Cloud,1850,USD,paid,Operations,CC-002,PO-82403,INV-347205,Google Cloud - Software - Cloud,EMP-1052,Rejected
TXN-02956,2025-01-25,Southwest Airlines,Travel - Airfare,650,USD,completed,Sales,CC-003,PO-81385,INV-409928,Southwest Airlines - Travel - Airfare,EMP-1152,Rejected
TXN-02957,2024-04-14,United Airlines,Travel - Airfare,1200,USD,paid,Marketing,CC-004,PO-95088,INV-116334,United Airlines - Travel - Airfare,EMP-1092,Approved
TXN-02958,2024-09-23,Office Depot,Office Supplies,200,USD,invoiced,Engineering,CC-005,PO-63281,INV-843295,Office Depot - Office Supplies,EMP-1231,Pending
TXN-02959,2024-07-20,Starbucks,Meals & Entertainment,7,USD,pending,HR,CC-004,PO-75219,INV-144172,Starbucks - Meals & Entertainment,EMP-1051,Approved
TXN-02960,2024-11-13,Zoom,Software - SaaS,299,USD,invoiced,Finance,CC-005,PO-76681,INV-206854,Zoom - Software - SaaS,EMP-1154,Approved
TXN-02961,2025-01-12,American Airlines,Travel - Airfare,300,USD,delivered,Finance,CC-001,PO-99193,INV-419466,American Airlines - Travel - Airfare,EMP-1219,Approved
TXN-02962,2024-01-10,IKEA,Furniture - Fixed Asset,100,USD,paid,Finance,CC-003,PO-13786,INV-111476,IKEA - Furniture - Fixed Asset,EMP-1153,Rejected
TXN-02963,2024-06-22,Staples,Office Supplies,50,USD,invoiced,Sales,CC-001,PO-19710,INV-175253,Staples - Office Supplies,EMP-1080,Rejected
TXN-02964,2025-03-22,Lyft,Travel - Ground,12,USD,invoiced,Sales,CC-004,PO-92111,INV-184119,Lyft - Travel - Ground,EMP-1067,Rejected
TXN-02965,2024-02-27,Amazon,Hardware - Equipment,599,USD,paid,HR,CC-001,PO-21505,INV-124389,Amazon - Hardware - Equipment,EMP-1105,Approved
TXN-02966,2024-06-04,Lyft Inc,Travel - Ground,40,USD,delivered,Engineering,CC-001,PO-95036,INV-318102,Lyft Inc - Travel - Ground,EMP-1102,Approved
TXN-02967,2024-07-10,Amazon,Hardware - Equipment,2499,USD,completed,Engineering,CC-003,PO-99224,INV-720459,Amazon - Hardware - Equipment,EMP-1063,Approved
TXN-02968,2024-12-08,Amazon Business,Office Supplies,100,USD,paid,HR,CC-003,,INV-524734,Amazon Business - Office Supplies,EMP-1011,Rejected
TXN-02969,2024-04-10,Chipotle,Meals & Entertainment,15,USD,paid,Engineering,CC-002,PO-58828,INV-354954,Chipotle - Meals & Entertainment,EMP-1049,Pending
TXN-02970,2024-10-13,Accenture,Professional Services,15000,USD,delivered,HR,CC-002,PO-62563,INV-881715,Accenture - Professional Services,EMP-1143,Approved
TXN-02971,2024-04-04,Slack,Software - SaaS,125,USD,invoiced,Marketing,CC-004,PO-14319,INV-331454,Slack - Software - SaaS,EMP-1222,Rejected
TXN-02972,2024-06-01,Lenovo,Hardware - Equipment,1000,USD,invoiced,HR,CC-001,PO-63344,INV-685154,Lenovo - Hardware - Equipment,EMP-1120,Pending
TXN-02973,2024-02-28,PwC,Professional Services,20000,USD,paid,Sales,CC-003,PO-10161,INV-240614,PwC - Professional Services,EMP-1186,Pending
TXN-02974,2024-06-23,Starbucks,Meals & Entertainment,7,USD,completed,Operations,CC-005,PO-72772,INV-388739,Starbucks - Meals & Entertainment,EMP-1039,Pending
TXN-02975,2024-10-27,Salesforce,Software - SaaS,300,USD,pending,Sales,CC-002,PO-28041,INV-317988,Salesforce - Software - SaaS,EMP-1216,Rejected
TXN-02976,2025-03-22,Zoom,Software - SaaS,299,USD,paid,Engineering,CC-004,PO-72740,INV-730791,Zoom - Software - SaaS,EMP-1012,Approved
TXN-02977,2025-02-28,Staples,Office Supplies,500,USD,delivered,Engineering,CC-004,PO-61032,INV-499614,Staples - Office Supplies,EMP-1149,Pending
TXN-02978,2024-03-23,Delta Airlines,Travel - Airfare,900,USD,paid,HR,CC-001,,INV-847466,Delta Airlines - Travel - Airfare,EMP-1077,Approved
TXN-02979,2025-01-09,AWS,Software - Cloud,500,USD,invoiced,Marketing,CC-003,PO-36806,INV-203830,AWS - Software - Cloud,EMP-1071,Approved
TXN-02980,2024-06-11,Verizon,Utilities - Telecom,200,USD,completed,Engineering,CC-003,PO-70374,INV-935032,Verizon - Utilities - Telecom,EMP-1218,Approved
TXN-02981,2024-08-14,Zoom,Software - SaaS,200,USD,completed,Engineering,CC-003,PO-35478,INV-387523,Zoom - Software - SaaS,EMP-1141,Approved
TXN-02982,2024-02-07,Accenture,Professional Services,15000,USD,pending,Engineering,CC-004,PO-17498,INV-359719,Accenture - Professional Services,EMP-1214,Rejected
TXN-02983,2024-05-07,Herman Miller,Furniture - Fixed Asset,1200,USD,completed,Marketing,CC-004,PO-45963,INV-763014,Herman Miller - Furniture - Fixed Asset,EMP-1185,Rejected
TXN-02984,2024-10-16,Twilio,Software - Communications,200,USD,paid,Marketing,CC-002,PO-53051,INV-116690,Twilio - Software - Communications,EMP-1036,Pending
TXN-02985,2024-02-27,Amazon,Hardware - Equipment,99,USD,invoiced,Marketing,CC-001,PO-43248,INV-752393,Amazon - Hardware - Equipment,EMP-1059,Pending
TXN-02986,2024-10-31,Accenture,Professional Services,15000,USD,delivered,HR,CC-002,PO-60799,INV-245263,Accenture - Professional Services,EMP-1037,Pending
TXN-02987,2024-10-23,Grubhub,Meals & Entertainment,50,USD,completed,Operations,CC-004,PO-46231,INV-746143,Grubhub - Meals & Entertainment,EMP-1187,Approved
TXN-02988,2024-02-12,Accenture,Professional Services,7000,USD,delivered,Finance,CC-003,PO-86881,INV-860581,Accenture - Professional Services,EMP-1012,Rejected
TXN-02989,2024-10-01,Comcast,Utilities - Internet,200,USD,invoiced,Operations,CC-001,PO-74715,INV-391097,Comcast - Utilities - Internet,EMP-1177,Approved
TXN-02990,2024-04-21,UberEats,Meals & Entertainment,20,USD,delivered,HR,CC-003,PO-47505,INV-882175,UberEats - Meals & Entertainment,EMP-1100,Approved
TXN-02991,2024-02-03,Zoom,Software - SaaS,200,USD,delivered,Engineering,CC-004,PO-45278,INV-300708,Zoom - Software - SaaS,EMP-1179,Pending
TXN-02992,2024-07-26,Verizon,Utilities - Telecom,200,USD,delivered,Engineering,CC-001,PO-54664,INV-507192,Verizon - Utilities - Telecom,EMP-1001,Pending
TXN-02993,2024-11-01,Stripe,Software - Payments,100,USD,delivered,Operations,CC-003,PO-26937,INV-656132,Stripe - Software - Payments,EMP-1086,Rejected
TXN-02994,2024-11-27,Lenovo,Hardware - Equipment,400,USD,pending,Engineering,CC-003,PO-38352,INV-669792,Lenovo - Hardware - Equipment,EMP-1145,Approved
TXN-02995,2024-01-03,Facebook Ads,Marketing - Digital,2000,USD,pending,Engineering,CC-002,PO-42112,INV-769541,Facebook Ads - Marketing - Digital,EMP-1168,Pending
TXN-02996,2024-03-24,American Airlines,Travel - Airfare,300,USD,paid,Sales,CC-003,,INV-412759,American Airlines - Travel - Airfare,EMP-1143,Rejected
TXN-02997,2024-11-04,Office Depot,Office Supplies,350,USD,pending,Marketing,CC-003,PO-28675,INV-424785,Office Depot - Office Supplies,EMP-1168,Approved
TXN-02998,2024-05-24,Comcast,Utilities - Internet,70,USD,delivered,Marketing,CC-002,PO-48899,INV-897214,Comcast - Utilities - Internet,EMP-1147,Approved
TXN-02999,2024-04-03,Hilton Hotels,Travel - Lodging,400,USD,delivered,Sales,CC-001,,INV-912175,Hilton Hotels - Travel - Lodging,EMP-1018,Pending
TXN-03000,2025-02-13,Staples,Office Supplies,500,USD,pending,HR,CC-003,PO-81319,INV-627200,Staples - Office Supplies,EMP-1180,Pending
TXN-03001,2025-01-26,United Airlines,Travel - Airfare,2500,USD,delivered,Finance,CC-002,PO-14102,INV-900339,United Airlines - Travel - Airfare,EMP-1008,Pending
TXN-03002,2024-10-01,Datadog,Software - Monitoring,800,USD,delivered,Engineering,CC-001,PO-99115,INV-411798,Datadog - Software - Monitoring,EMP-1218,Rejected
TXN-03003,2024-04-28,LawDepot,Legal Services,1000,USD,completed,Marketing,CC-004,PO-20089,INV-643097,LawDepot - Legal Services,EMP-1167,Approved
TXN-03004,2024-08-11,HubSpot,Marketing - Software,200,USD,paid,Sales,CC-003,PO-45877,INV-387426,HubSpot - Marketing - Software,EMP-1093,Approved
TXN-03005,2024-02-20,GitHub,Software - Development,231,USD,invoiced,Operations,CC-005,PO-18079,INV-499620,GitHub - Software - Development,EMP-1026,Approved
TXN-03006,2024-09-04,Datadog,Software - Monitoring,800,USD,paid,Marketing,CC-004,PO-25734,INV-978735,Datadog - Software - Monitoring,EMP-1157,Pending
TXN-03007,2024-04-17,Slack,Software - SaaS,99,USD,invoiced,HR,CC-005,PO-18788,INV-335096,Slack - Software - SaaS,EMP-1113,Pending
TXN-03008,2025-03-03,UPS,Shipping & Logistics,50,USD,pending,Marketing,CC-001,PO-39069,INV-562626,UPS - Shipping & Logistics,EMP-1221,Rejected
TXN-03009,2024-03-07,Steelcase,Furniture - Fixed Asset,1800,USD,pending,Finance,CC-005,PO-72944,INV-106782,Steelcase - Furniture - Fixed Asset,EMP-1013,Pending
TXN-03010,2025-01-31,DoorDash,Meals & Entertainment,100,USD,completed,Sales,CC-005,PO-88079,INV-672790,DoorDash - Meals & Entertainment,EMP-1073,Approved
TXN-03011,2024-01-23,Office Depot,Office Supplies,200,USD,delivered,HR,CC-005,PO-68481,INV-346473,Office Depot - Office Supplies,EMP-1196,Approved
TXN-03012,2024-06-27,American Airlines,Travel - Airfare,950,USD,completed,HR,CC-001,PO-94483,INV-975157,American Airlines - Travel - Airfare,EMP-1180,Pending
TXN-03013,2024-06-02,Microsoft Azure,Software - Cloud,1500,USD,pending,Finance,CC-005,PO-23120,INV-159007,Microsoft Azure - Software - Cloud,EMP-1115,Pending
TXN-03014,2024-01-19,Chipotle,Meals & Entertainment,10,USD,completed,Marketing,CC-002,,INV-152190,Chipotle - Meals & Entertainment,EMP-1145,Rejected
TXN-03015,2024-08-20,Salesforce,Software - SaaS,1200,USD,delivered,Finance,CC-003,PO-30783,INV-584366,Salesforce - Software - SaaS,EMP-1093,Approved
TXN-03016,2024-10-28,United Airlines,Travel - Airfare,850,USD,invoiced,HR,CC-005,PO-62410,INV-403405,United Airlines - Travel - Airfare,EMP-1134,Rejected
TXN-03017,2025-02-07,Herman Miller,Furniture - Fixed Asset,1200,USD,invoiced,Engineering,CC-003,PO-51231,INV-522796,Herman Miller - Furniture - Fixed Asset,EMP-1014,Approved
TXN-03018,2024-04-03,DoorDash,Meals & Entertainment,100,USD,delivered,HR,CC-001,PO-73999,INV-539353,DoorDash - Meals & Entertainment,EMP-1247,Approved
TXN-03019,2024-10-18,Hilton Hotels,Travel - Lodging,400,USD,delivered,HR,CC-002,PO-25264,INV-665232,Hilton Hotels - Travel - Lodging,EMP-1131,Rejected
TXN-03020,2024-05-10,Stripe,Software - Payments,100,USD,pending,Finance,CC-004,PO-20810,INV-756491,Stripe - Software - Payments,EMP-1177,Approved
TXN-03021,2025-02-16,Chipotle,Meals & Entertainment,25,USD,completed,Marketing,CC-001,PO-28944,INV-761118,Chipotle - Meals & Entertainment,EMP-1099,Rejected
TXN-03022,2024-08-30,Southwest Airlines,Travel - Airfare,1000,USD,pending,Sales,CC-003,PO-18432,INV-469614,Southwest Airlines - Travel - Airfare,EMP-1033,Approved
TXN-03023,2024-02-25,Zoom,Software - SaaS,200,USD,completed,HR,CC-003,PO-96064,INV-178284,Zoom - Software - SaaS,EMP-1062,Approved
TXN-03024,2025-01-14,Zoom,Software - SaaS,599,USD,completed,HR,CC-005,,INV-383923,Zoom - Software - SaaS,EMP-1051,Approved
TXN-03025,2024-02-22,Deloitte,Professional Services,50000,USD,completed,Marketing,CC-003,,INV-353841,Deloitte - Professional Services,EMP-1089,Rejected
TXN-03026,2024-03-18,Stripe,Software - Payments,1250,USD,paid,HR,CC-005,PO-18019,INV-851243,Stripe - Software - Payments,EMP-1193,Approved
TXN-03027,2024-02-18,FedEx,Shipping & Logistics,500,USD,paid,Sales,CC-002,PO-80309,INV-797532,FedEx - Shipping & Logistics,EMP-1099,Approved
TXN-03028,2024-10-29,Dell,Hardware - Equipment,500,USD,paid,Sales,CC-004,PO-39289,INV-852735,Dell - Hardware - Equipment,EMP-1015,Approved
TXN-03029,2024-09-19,Google Ads,Marketing - Digital,500,USD,delivered,Engineering,CC-001,PO-47377,INV-703224,Google Ads - Marketing - Digital,EMP-1211,Approved
TXN-03030,2024-09-01,IKEA,Furniture - Fixed Asset,100,USD,invoiced,Engineering,CC-005,PO-49038,INV-433084,IKEA - Furniture - Fixed Asset,EMP-1037,Rejected
TXN-03031,2024-04-18,Uber,Travel - Ground,120,USD,pending,Sales,CC-002,,INV-963572,Uber - Travel - Ground,EMP-1195,Pending
TXN-03032,2024-11-28,Steelcase,Furniture - Fixed Asset,1000,USD,invoiced,HR,CC-002,PO-40459,INV-206533,Steelcase - Furniture - Fixed Asset,EMP-1026,Pending
TXN-03033,2024-06-11,DoorDash,Meals & Entertainment,50,USD,delivered,Sales,CC-003,PO-63524,INV-514801,DoorDash - Meals & Entertainment,EMP-1102,Approved
TXN-03034,2024-11-29,FedEx,Shipping & Logistics,100,USD,completed,Operations,CC-003,PO-81043,INV-558645,FedEx - Shipping & Logistics,EMP-1092,Pending
TXN-03035,2024-03-31,GitHub,Software - Development,231,USD,invoiced,Marketing,CC-004,PO-66530,INV-573725,GitHub - Software - Development,EMP-1128,Approved
TXN-03036,2024-06-01,Facebook Ads,Marketing - Digital,800,USD,completed,Sales,CC-004,,INV-597499,Facebook Ads - Marketing - Digital,EMP-1042,Pending
TXN-03037,2024-03-13,Google Ads,Marketing - Digital,500,USD,completed,Sales,CC-005,PO-83811,INV-218699,Google Ads - Marketing - Digital,EMP-1008,Approved
TXN-03038,2024-07-14,Facebook Ads,Marketing - Digital,300,USD,paid,Operations,CC-001,,INV-488666,Facebook Ads - Marketing - Digital,EMP-1166,Approved
TXN-03039,2024-11-17,Herman Miller,Furniture - Fixed Asset,1500,USD,completed,Operations,CC-001,,INV-210719,Herman Miller - Furniture - Fixed Asset,EMP-1032,Rejected
TXN-03040,2024-01-18,FedEx,Shipping & Logistics,500,USD,delivered,Finance,CC-001,PO-27845,INV-496300,FedEx - Shipping & Logistics,EMP-1186,Pending
TXN-03041,2024-05-26,Starbucks,Meals & Entertainment,10,USD,paid,Finance,CC-001,PO-77941,INV-279721,Starbucks - Meals & Entertainment,EMP-1025,Pending
TXN-03042,2024-02-18,Uber,Travel - Ground,45,USD,completed,Sales,CC-001,,INV-378900,Uber - Travel - Ground,EMP-1023,Pending
TXN-03043,2024-03-06,American Airlines,Travel - Airfare,950,USD,paid,Finance,CC-001,PO-97686,INV-825048,American Airlines - Travel - Airfare,EMP-1154,Approved
TXN-03044,2024-12-25,AT&T,Utilities - Telecom,150,USD,paid,Operations,CC-003,PO-99130,INV-111397,AT&T - Utilities - Telecom,EMP-1049,Approved
TXN-03045,2024-08-30,Twilio,Software - Communications,50,USD,paid,Operations,CC-004,PO-90941,INV-633132,Twilio - Software - Communications,EMP-1083,Approved
TXN-03046,2024-08-12,Datadog,Software - Monitoring,800,USD,delivered,Marketing,CC-003,PO-50270,INV-836603,Datadog - Software - Monitoring,EMP-1228,Pending
TXN-03047,2024-08-07,Stripe,Software - Payments,1250,USD,pending,Operations,CC-002,PO-20636,INV-800608,Stripe - Software - Payments,EMP-1029,Rejected
TXN-03048,2024-11-03,Datadog,Software - Monitoring,800,USD,paid,Engineering,CC-005,PO-94654,INV-142542,Datadog - Software - Monitoring,EMP-1156,Approved
TXN-03049,2024-07-29,Comcast,Utilities - Internet,200,USD,invoiced,Operations,CC-004,PO-88504,INV-106850,Comcast - Utilities - Internet,EMP-1146,Pending
TXN-03050,2024-04-26,Best Buy,Hardware - Equipment,100,USD,paid,HR,CC-003,PO-13860,INV-271560,Best Buy - Hardware - Equipment,EMP-1042,Rejected
TXN-03051,2024-04-27,Google Cloud,Software - Cloud,4000,USD,paid,Finance,CC-002,PO-20805,INV-457286,Google Cloud - Software - Cloud,EMP-1078,Pending
TXN-03052,2024-05-26,Best Buy,Hardware - Equipment,100,USD,paid,Finance,CC-002,PO-92146,INV-174053,Best Buy - Hardware - Equipment,EMP-1203,Pending
TXN-03053,2025-01-10,FedEx,Shipping & Logistics,45,USD,pending,Finance,CC-001,PO-64150,INV-917250,FedEx - Shipping & Logistics,EMP-1193,Rejected
TXN-03054,2025-03-20,Google Cloud,Software - Cloud,4000,USD,completed,Engineering,CC-004,,INV-414153,Google Cloud - Software - Cloud,EMP-1102,Rejected
TXN-03055,2024-08-24,Starbucks,Meals & Entertainment,15,USD,completed,Engineering,CC-004,PO-89091,INV-596895,Starbucks - Meals & Entertainment,EMP-1149,Approved
TXN-03056,2024-12-08,Lyft,Travel - Ground,40,USD,completed,HR,CC-001,PO-14688,INV-174402,Lyft - Travel - Ground,EMP-1070,Pending
TXN-03057,2024-07-06,IKEA,Furniture - Fixed Asset,1200,USD,completed,Sales,CC-004,PO-57216,INV-378157,IKEA - Furniture - Fixed Asset,EMP-1170,Rejected
TXN-03058,2024-07-08,Dell,Hardware - Equipment,2500,USD,paid,Sales,CC-002,PO-11116,INV-256257,Dell - Hardware - Equipment,EMP-1040,Pending
TXN-03059,2024-06-08,UPS,Shipping & Logistics,120,USD,delivered,Operations,CC-003,PO-11654,INV-877521,UPS - Shipping & Logistics,EMP-1098,Approved
TXN-03060,2024-06-23,Hilton Hotels,Travel - Lodging,700,USD,pending,Engineering,CC-001,PO-75878,INV-336746,Hilton Hotels - Travel - Lodging,EMP-1105,Approved
TXN-03061,2024-10-14,Staples Inc,Office Supplies,150,USD,pending,Sales,CC-004,PO-74462,INV-693557,Staples Inc - Office Supplies,EMP-1007,Pending
TXN-03062,2024-09-20,Google Cloud Inc,Software - Cloud,4000,USD,paid,Marketing,CC-002,PO-26409,INV-396029,Google Cloud Inc - Software - Cloud,EMP-1157,Rejected
TXN-03063,2024-08-30,Salesforce,Software - SaaS,1200,USD,pending,Sales,CC-002,PO-41885,INV-123609,Salesforce - Software - SaaS,EMP-1073,Approved
TXN-03064,2024-03-26,AWS,Software - Cloud,1000,USD,invoiced,Operations,CC-004,PO-63916,INV-292991,AWS - Software - Cloud,EMP-1181,Approved
TXN-03065,2024-08-24,LinkedIn Ads,Marketing - Digital,1000,USD,completed,HR,CC-004,PO-11605,INV-965075,LinkedIn Ads - Marketing - Digital,EMP-1004,Approved
TXN-03066,2024-12-01,xero,Accounting Software,99,USD,pending,Engineering,CC-004,PO-12665,INV-789148,xero - Accounting Software,EMP-1057,Approved
TXN-03067,2025-02-27,Accenture,Professional Services,3000,USD,invoiced,Marketing,CC-004,PO-39999,INV-811665,Accenture - Professional Services,EMP-1019,Approved
TXN-03068,2024-11-30,Office Depot,Office Supplies,75,USD,pending,Engineering,CC-004,,INV-942969,Office Depot - Office Supplies,EMP-1025,Approved
TXN-03069,2024-09-15,FedEx,Shipping & Logistics,300,USD,completed,Operations,CC-003,PO-95278,INV-128993,FedEx - Shipping & Logistics,EMP-1192,Approved
TXN-03070,2025-02-20,Xero,Accounting Software,400,USD,paid,Marketing,CC-004,PO-37359,INV-431542,Xero - Accounting Software,EMP-1097,Approved
TXN-03071,2024-09-10,Datadog,Software - Monitoring,3000,USD,paid,Operations,CC-003,,INV-758005,Datadog - Software - Monitoring,EMP-1026,Rejected
TXN-03072,2024-12-31,Amazon Business,Office Supplies,100,USD,delivered,Marketing,CC-003,PO-48606,INV-647574,Amazon Business - Office Supplies,EMP-1198,Pending
TXN-03073,2024-05-30,United Airlines,Travel - Airfare,850,USD,invoiced,Operations,CC-001,PO-22883,INV-947884,United Airlines - Travel - Airfare,EMP-1044,Pending
TXN-03074,2024-08-13,Airbnb,Travel - Lodging,600,USD,completed,Operations,CC-003,PO-18984,INV-202207,Airbnb - Travel - Lodging,EMP-1058,Rejected
TXN-03075,2025-01-15,QuickBooks,Accounting Software,120,USD,pending,Operations,CC-001,PO-18799,INV-622658,QuickBooks - Accounting Software,EMP-1162,Pending
TXN-03076,2025-03-04,IKEA,Furniture - Fixed Asset,1200,USD,paid,Finance,CC-005,PO-87700,INV-741059,IKEA - Furniture - Fixed Asset,EMP-1030,Approved
TXN-03077,2024-08-30,Airbnb,Travel - Lodging,150,USD,pending,Engineering,CC-001,PO-65980,INV-275879,Airbnb - Travel - Lodging,EMP-1032,Rejected
TXN-03078,2025-03-09,Marriott Hotels,Travel - Lodging,800,USD,completed,Finance,CC-004,PO-91303,INV-827717,Marriott Hotels - Travel - Lodging,EMP-1224,Rejected
TXN-03079,2024-03-30,Facebook Ads,Marketing - Digital,4000,USD,completed,Operations,CC-004,PO-83240,INV-500206,Facebook Ads - Marketing - Digital,EMP-1155,Approved
TXN-03080,2024-03-26,HubSpot,Marketing - Software,1200,USD,delivered,Marketing,CC-003,PO-80062,INV-293829,HubSpot - Marketing - Software,EMP-1054,Approved
TXN-03081,2024-09-30,Best Buy,Hardware - Equipment,500,USD,pending,Sales,CC-005,PO-58465,INV-399329,Best Buy - Hardware - Equipment,EMP-1245,Rejected
TXN-03082,2024-07-10,AT&T,Utilities - Telecom,300,USD,completed,Engineering,CC-005,PO-26179,INV-865097,AT&T - Utilities - Telecom,EMP-1202,Pending
TXN-03083,2025-02-12,Apple,Hardware - Equipment,199,USD,invoiced,Finance,CC-002,PO-53654,INV-466869,Apple - Hardware - Equipment,EMP-1187,Approved
TXN-03084,2024-04-28,American Airlines,Travel - Airfare,950,USD,pending,Operations,CC-001,PO-99893,INV-824155,American Airlines - Travel - Airfare,EMP-1146,Rejected
TXN-03085,2024-05-16,UberEats,Meals & Entertainment,100,USD,completed,Sales,CC-003,,INV-729337,UberEats - Meals & Entertainment,EMP-1189,Approved
TXN-03086,2024-06-22,Herman Miller,Furniture - Fixed Asset,1200,USD,delivered,Engineering,CC-002,PO-57575,INV-684975,Herman Miller - Furniture - Fixed Asset,EMP-1111,Approved
TXN-03087,2024-06-15,Deloitte,Professional Services,25000,USD,pending,HR,CC-003,PO-67893,INV-565182,Deloitte - Professional Services,EMP-1044,Approved
TXN-03088,2024-01-06,Grubhub,Meals & Entertainment,50,USD,pending,Sales,CC-005,PO-64071,INV-229218,Grubhub - Meals & Entertainment,EMP-1086,Rejected
TXN-03089,2024-12-10,Airbnb,Travel - Lodging,600,USD,completed,Finance,CC-001,PO-34327,INV-610915,Airbnb - Travel - Lodging,EMP-1090,Pending
TXN-03090,2024-07-31,Herman Miller,Furniture - Fixed Asset,800,USD,completed,Operations,CC-002,PO-33255,INV-425591,Herman Miller - Furniture - Fixed Asset,EMP-1026,Pending
TXN-03091,2025-02-13,Google Ads,Marketing - Digital,5000,USD,delivered,Sales,CC-001,PO-64127,INV-772666,Google Ads - Marketing - Digital,EMP-1045,Rejected
TXN-03092,2024-03-19,grubhub,Meals & Entertainment,50,USD,completed,HR,CC-005,PO-72718,INV-350758,grubhub - Meals & Entertainment,EMP-1022,Rejected
TXN-03093,2024-09-17,DHL,Shipping & Logistics,60,USD,delivered,Engineering,CC-004,PO-37309,INV-315665,DHL - Shipping & Logistics,EMP-1196,Approved
TXN-03094,2025-02-05,LawDepot,Legal Services,2500,USD,delivered,Marketing,CC-001,PO-57772,INV-889491,LawDepot - Legal Services,EMP-1008,Rejected
TXN-03095,2024-01-18,IKEA,Furniture - Fixed Asset,600,USD,paid,Marketing,CC-004,PO-69656,INV-956318,IKEA - Furniture - Fixed Asset,EMP-1210,Rejected
TXN-03096,2024-12-14,Apple,Hardware - Equipment,799,USD,invoiced,Marketing,CC-002,PO-84823,INV-750506,Apple - Hardware - Equipment,EMP-1247,Approved
TXN-03097,2025-02-09,Comcast,Utilities - Internet,70,USD,invoiced,HR,CC-003,PO-68508,INV-641588,Comcast - Utilities - Internet,EMP-1245,Pending
TXN-03098,2024-02-22,HubSpot,Marketing - Software,200,USD,completed,Finance,CC-001,PO-69881,INV-740876,HubSpot - Marketing - Software,EMP-1174,Approved
TXN-03099,2024-12-15,Google Cloud,Software - Cloud,1850,USD,paid,Operations,CC-001,PO-63077,INV-648534,Google Cloud - Software - Cloud,EMP-1034,Rejected
TXN-03100,2024-04-14,QuickBooks,Accounting Software,300,USD,pending,Engineering,CC-002,PO-67257,INV-537873,QuickBooks - Accounting Software,EMP-1198,Rejected
TXN-03101,2024-10-27,Time Warner,Utilities - Internet,60,USD,delivered,Operations,CC-004,PO-95524,INV-737371,Time Warner - Utilities - Internet,EMP-1063,Approved
TXN-03102,2024-02-01,Xero,Accounting Software,200,USD,paid,Marketing,CC-004,PO-97668,INV-241221,Xero - Accounting Software,EMP-1084,Approved
TXN-03103,2024-03-15,AT&T,Utilities - Telecom,150,USD,pending,Finance,CC-001,PO-57188,INV-179598,AT&T - Utilities - Telecom,EMP-1050,Pending
TXN-03104,2025-02-12,Slack,Software - SaaS,99,USD,completed,HR,CC-001,PO-72937,INV-995981,Slack - Software - SaaS,EMP-1250,Pending
TXN-03105,2024-01-19,Airbnb,Travel - Lodging,600,USD,invoiced,Sales,CC-001,PO-53318,INV-357680,Airbnb - Travel - Lodging,EMP-1056,Pending
TXN-03106,2025-01-15,Google Cloud,Software - Cloud,4000,USD,paid,Operations,CC-004,PO-78762,INV-130369,Google Cloud - Software - Cloud,EMP-1132,Pending
TXN-03107,2024-04-05,UberEats,Meals & Entertainment,100,USD,paid,Finance,CC-005,PO-81460,INV-234333,UberEats - Meals & Entertainment,EMP-1105,Rejected
TXN-03108,2024-07-19,McKinsey,Professional Services,15000,USD,delivered,Operations,CC-001,PO-77329,INV-438786,McKinsey - Professional Services,EMP-1247,Rejected
TXN-03109,2024-04-09,Accenture,Professional Services,7000,USD,completed,Marketing,CC-005,PO-65227,INV-151483,Accenture - Professional Services,EMP-1090,Pending
TXN-03110,2024-12-18,Twilio,Software - Communications,1000,USD,completed,Marketing,CC-001,,INV-174394,Twilio - Software - Communications,EMP-1131,Approved
TXN-03111,2024-07-27,United Airlines,Travel - Airfare,2500,USD,invoiced,Operations,CC-004,PO-94753,INV-713182,United Airlines - Travel - Airfare,EMP-1214,Rejected
TXN-03112,2024-10-08,United Airlines,Travel - Airfare,850,USD,paid,Sales,CC-003,PO-29268,INV-295396,United Airlines - Travel - Airfare,EMP-1043,Pending
TXN-03113,2024-08-17,IKEA,Furniture - Fixed Asset,600,USD,completed,Engineering,CC-005,PO-17017,INV-886212,IKEA - Furniture - Fixed Asset,EMP-1041,Approved
TXN-03114,2025-02-05,Steelcase,Furniture - Fixed Asset,600,USD,delivered,Engineering,CC-002,PO-36888,INV-609402,Steelcase - Furniture - Fixed Asset,EMP-1115,Approved
TXN-03115,2024-12-18,DoorDash,Meals & Entertainment,25,USD,completed,Operations,CC-001,PO-22505,INV-721643,DoorDash - Meals & Entertainment,EMP-1021,Pending
TXN-03116,2024-10-12,LinkedIn Ads,Marketing - Digital,2500,USD,delivered,Engineering,CC-002,PO-50986,INV-160198,LinkedIn Ads - Marketing - Digital,EMP-1025,Pending
TXN-03117,2024-05-11,AT&T,Utilities - Telecom,300,USD,delivered,Engineering,CC-001,PO-80685,INV-537573,AT&T - Utilities - Telecom,EMP-1025,Approved
TXN-03118,2024-12-09,IKEA,Furniture - Fixed Asset,100,USD,delivered,Sales,CC-002,PO-98911,INV-112211,IKEA - Furniture - Fixed Asset,EMP-1173,Pending
TXN-03119,2024-12-31,HubSpot,Marketing - Software,50,USD,delivered,Finance,CC-003,PO-86234,INV-251521,HubSpot - Marketing - Software,EMP-1131,Approved
TXN-03120,2024-10-16,Lenovo,Hardware - Equipment,2000,USD,completed,Engineering,CC-004,PO-85645,INV-241933,Lenovo - Hardware - Equipment,EMP-1108,Rejected
TXN-03121,2024-11-02,Best Buy,Hardware - Equipment,100,USD,invoiced,Operations,CC-001,PO-48432,INV-879452,Best Buy - Hardware - Equipment,EMP-1211,Pending
TXN-03122,2024-02-27,Time Warner,Utilities - Internet,180,USD,invoiced,Engineering,CC-004,PO-97474,INV-322323,Time Warner - Utilities - Internet,EMP-1209,Pending
TXN-03123,2024-01-07,Steelcase,Furniture - Fixed Asset,1800,USD,invoiced,Marketing,CC-004,,INV-247623,Steelcase - Furniture - Fixed Asset,EMP-1155,Rejected
TXN-03124,2024-07-12,DoorDash,Meals & Entertainment,100,USD,paid,Sales,CC-003,,INV-806649,DoorDash - Meals & Entertainment,EMP-1086,Rejected
TXN-03125,2024-08-17,IKEA,Furniture - Fixed Asset,1200,USD,invoiced,Operations,CC-001,PO-35302,INV-203494,IKEA - Furniture - Fixed Asset,EMP-1061,Rejected
TXN-03126,2024-05-07,Uber,Travel - Ground,25,USD,paid,Operations,CC-002,PO-70060,INV-947871,Uber - Travel - Ground,EMP-1236,Approved
TXN-03127,2024-08-26,DoorDash,Meals & Entertainment,200,USD,pending,Engineering,CC-002,PO-79730,INV-423829,DoorDash - Meals & Entertainment,EMP-1038,Rejected
TXN-03128,2025-01-27,Verizon,Utilities - Telecom,200,USD,completed,Finance,CC-003,PO-96771,INV-288116,Verizon - Utilities - Telecom,EMP-1046,Rejected
TXN-03129,2025-01-29,Herman Miller,Furniture - Fixed Asset,3000,USD,paid,Marketing,CC-001,PO-80406,INV-273079,Herman Miller - Furniture - Fixed Asset,EMP-1188,Pending
TXN-03130,2024-08-28,Hilton Hotels,Travel - Lodging,400,USD,paid,Operations,CC-003,PO-43718,INV-953703,Hilton Hotels - Travel - Lodging,EMP-1190,Rejected
TXN-03131,2024-05-04,Marriott Hotels,Travel - Lodging,800,USD,delivered,Marketing,CC-005,PO-66676,INV-688488,Marriott Hotels - Travel - Lodging,EMP-1083,Pending
TXN-03132,2024-07-13,Delta Airlines,Travel - Airfare,280,USD,invoiced,Operations,CC-001,PO-46154,INV-736270,Delta Airlines - Travel - Airfare,EMP-1215,Rejected
TXN-03133,2024-03-26,Xero,Accounting Software,99,USD,completed,Engineering,CC-005,PO-78367,INV-685470,Xero - Accounting Software,EMP-1055,Approved
TXN-03134,2025-01-09,Starbucks,Meals & Entertainment,7,USD,paid,Marketing,CC-004,PO-73670,INV-716418,Starbucks - Meals & Entertainment,EMP-1101,Rejected
TXN-03135,2024-10-15,UberEats,Meals & Entertainment,100,USD,invoiced,Marketing,CC-002,PO-54939,INV-498779,UberEats - Meals & Entertainment,EMP-1218,Approved
TXN-03136,2024-05-03,Verizon,Utilities - Telecom,100,USD,invoiced,Sales,CC-002,,INV-318845,Verizon - Utilities - Telecom,EMP-1217,Rejected
TXN-03137,2024-03-09,Airbnb,Travel - Lodging,150,USD,invoiced,Operations,CC-005,PO-87933,INV-308696,Airbnb - Travel - Lodging,EMP-1063,Pending
TXN-03138,2025-03-10,Office Depot,Office Supplies,350,USD,pending,Operations,CC-002,PO-55815,INV-792043,Office Depot - Office Supplies,EMP-1237,Pending
TXN-03139,2024-09-08,Amazon,Hardware - Equipment,2499,USD,delivered,Operations,CC-002,PO-51990,INV-352205,Amazon - Hardware - Equipment,EMP-1182,Rejected
TXN-03140,2025-01-11,Stripe,Software - Payments,100,USD,paid,HR,CC-002,PO-28901,INV-556709,Stripe - Software - Payments,EMP-1230,Approved
TXN-03141,2024-04-27,Office Depot,Office Supplies,350,USD,pending,Engineering,CC-002,PO-73693,INV-866844,Office Depot - Office Supplies,EMP-1059,Approved
TXN-03142,2024-12-28,Accenture,Professional Services,35000,USD,pending,Operations,CC-003,PO-96773,INV-426489,Accenture - Professional Services,EMP-1222,Pending
TXN-03143,2024-07-24,Microsoft Azure,Software - Cloud,1500,USD,pending,Engineering,CC-003,,INV-687194,Microsoft Azure - Software - Cloud,EMP-1067,Rejected
TXN-03144,2024-11-08,Xero,Accounting Software,99,USD,completed,Sales,CC-005,PO-85919,INV-515942,Xero - Accounting Software,EMP-1178,Pending
TXN-03145,2025-03-21,AWS,Software - Cloud,2341,USD,delivered,Marketing,CC-005,PO-33500,INV-335093,AWS - Software - Cloud,EMP-1048,Rejected
TXN-03146,2024-07-26,DoorDash,Meals & Entertainment,25,USD,completed,Engineering,CC-005,PO-70026,INV-403371,DoorDash - Meals & Entertainment,EMP-1236,Rejected
TXN-03147,2025-03-07,DoorDash,Meals & Entertainment,200,USD,delivered,Operations,CC-002,PO-33243,INV-909080,DoorDash - Meals & Entertainment,EMP-1115,Pending
TXN-03148,2024-05-13,Facebook Ads,Marketing - Digital,2000,USD,invoiced,Engineering,CC-002,PO-80749,INV-813898,Facebook Ads - Marketing - Digital,EMP-1035,Pending
TXN-03149,2024-01-24,Amazon Business,Office Supplies,500,USD,completed,Finance,CC-001,PO-58146,INV-684512,Amazon Business - Office Supplies,EMP-1228,Approved
TXN-03150,2024-04-18,Dell,Hardware - Equipment,500,USD,paid,Engineering,CC-004,PO-92213,INV-752804,Dell - Hardware - Equipment,EMP-1241,Pending
TXN-03151,2025-03-21,LinkedIn Ads,Marketing - Digital,2500,USD,paid,Operations,CC-004,PO-22733,INV-644364,LinkedIn Ads - Marketing - Digital,EMP-1011,Approved
TXN-03152,2025-01-20,AWS,Software - Cloud,2341,USD,paid,Engineering,CC-005,PO-83974,INV-532497,AWS - Software - Cloud,EMP-1080,Approved
TXN-03153,2024-10-04,linkedin ads,Marketing - Digital,400,USD,paid,Finance,CC-002,PO-58722,INV-245091,linkedin ads - Marketing - Digital,EMP-1247,Pending
TXN-03154,2024-01-11,LawDepot,Legal Services,2500,USD,completed,HR,CC-003,PO-98781,INV-726512,LawDepot - Legal Services,EMP-1019,Rejected
TXN-03155,2024-06-23,Lenovo,Hardware - Equipment,1000,USD,invoiced,HR,CC-005,PO-20926,INV-291792,Lenovo - Hardware - Equipment,EMP-1181,Approved
TXN-03156,2024-04-08,AT&T,Utilities - Telecom,150,USD,paid,Operations,CC-002,PO-20405,INV-207684,AT&T - Utilities - Telecom,EMP-1180,Pending
TXN-03157,2025-02-17,UberEats,Meals & Entertainment,100,USD,pending,Finance,CC-004,PO-92327,INV-923913,UberEats - Meals & Entertainment,EMP-1189,Approved
TXN-03158,2024-09-29,FedEx,Shipping & Logistics,300,USD,paid,Engineering,CC-005,,INV-711122,FedEx - Shipping & Logistics,EMP-1057,Approved
TXN-03159,2024-02-25,Datadog,Software - Monitoring,3000,USD,delivered,Sales,CC-003,PO-83387,INV-987252,Datadog - Software - Monitoring,EMP-1004,Rejected
TXN-03160,2024-09-06,UPS,Shipping & Logistics,120,USD,paid,Engineering,CC-003,PO-55421,INV-634460,UPS - Shipping & Logistics,EMP-1139,Rejected
TXN-03161,2024-07-31,Office Depot,Office Supplies,75,USD,delivered,Finance,CC-002,PO-51707,INV-749823,Office Depot - Office Supplies,EMP-1009,Approved
TXN-03162,2024-05-03,Verizon,Utilities - Telecom,100,USD,invoiced,Finance,CC-004,PO-13258,INV-743062,Verizon - Utilities - Telecom,EMP-1130,Rejected
TXN-03163,2024-05-17,McKinsey,Professional Services,30000,USD,invoiced,HR,CC-004,PO-11293,INV-367337,McKinsey - Professional Services,EMP-1176,Approved
TXN-03164,2025-02-09,DoorDash,Meals & Entertainment,25,USD,invoiced,Sales,CC-005,PO-60975,INV-895889,DoorDash - Meals & Entertainment,EMP-1221,Rejected
TXN-03165,2024-05-10,Google Ads,Marketing - Digital,500,USD,pending,Marketing,CC-001,PO-94395,INV-344431,Google Ads - Marketing - Digital,EMP-1059,Rejected
TXN-03166,2024-06-24,Deloitte,Professional Services,50000,USD,paid,Operations,CC-001,PO-31610,INV-790806,Deloitte - Professional Services,EMP-1193,Pending
TXN-03167,2024-04-20,Amazon Business,Office Supplies,500,USD,invoiced,Engineering,CC-001,PO-99046,INV-105310,Amazon Business - Office Supplies,EMP-1076,Rejected
TXN-03168,2024-12-13,Time Warner,Utilities - Internet,180,USD,invoiced,Marketing,CC-002,PO-87198,INV-763008,Time Warner - Utilities - Internet,EMP-1124,Approved
TXN-03169,2024-03-03,Delta Airlines,Travel - Airfare,280,USD,delivered,HR,CC-003,,INV-793542,Delta Airlines - Travel - Airfare,EMP-1175,Rejected
TXN-03170,2024-08-06,IKEA,Furniture - Fixed Asset,600,USD,delivered,Operations,CC-003,PO-27929,INV-733807,IKEA - Furniture - Fixed Asset,EMP-1046,Pending
TXN-03171,2024-06-12,AT&T,Utilities - Telecom,300,USD,paid,Operations,CC-003,PO-14329,INV-923610,AT&T - Utilities - Telecom,EMP-1222,Rejected
TXN-03172,2024-03-24,Accenture Inc,Professional Services,35000,USD,completed,Sales,CC-004,PO-62386,INV-755448,Accenture Inc - Professional Services,EMP-1028,Pending
TXN-03173,2024-05-12,Verizon,Utilities - Telecom,100,USD,completed,Sales,CC-001,PO-13629,INV-197595,Verizon - Utilities - Telecom,EMP-1160,Rejected
TXN-03174,2025-03-15,Microsoft Azure,Software - Cloud,3000,USD,completed,Marketing,CC-001,PO-43165,INV-674419,Microsoft Azure - Software - Cloud,EMP-1083,Rejected
TXN-03175,2024-08-27,DHL,Shipping & Logistics,150,USD,pending,Marketing,CC-003,,INV-130261,DHL - Shipping & Logistics,EMP-1044,Approved
TXN-03176,2024-03-13,United Airlines,Travel - Airfare,450,USD,pending,Engineering,CC-005,PO-61841,INV-730381,United Airlines - Travel - Airfare,EMP-1214,Approved
TXN-03177,2024-08-10,UberEats,Meals & Entertainment,45,USD,invoiced,Operations,CC-002,PO-22429,INV-229661,UberEats - Meals & Entertainment,EMP-1082,Approved
TXN-03178,2024-08-26,Office Depot,Office Supplies,75,USD,pending,Marketing,CC-001,PO-20956,INV-961641,Office Depot - Office Supplies,EMP-1138,Pending
TXN-03179,2024-10-14,STRIPE,Software - Payments,1250,USD,completed,Engineering,CC-004,PO-53533,INV-944086,STRIPE - Software - Payments,EMP-1175,Rejected
TXN-03180,2024-08-09,DHL,Shipping & Logistics,150,USD,delivered,Operations,CC-001,PO-21487,INV-833440,DHL - Shipping & Logistics,EMP-1011,Approved
TXN-03181,2024-12-03,LawDepot,Legal Services,200,USD,pending,Marketing,CC-002,PO-45059,INV-672750,LawDepot - Legal Services,EMP-1220,Rejected
TXN-03182,2024-12-22,Stripe,Software - Payments,2500,USD,completed,Operations,CC-003,PO-24860,INV-176978,Stripe - Software - Payments,EMP-1110,Pending
TXN-03183,2024-08-07,Starbucks,Meals & Entertainment,15,USD,paid,Finance,CC-004,PO-44576,INV-492812,Starbucks - Meals & Entertainment,EMP-1010,Approved
TXN-03184,2024-08-18,Hilton Hotels,Travel - Lodging,220,USD,invoiced,Engineering,CC-001,,INV-711981,Hilton Hotels - Travel - Lodging,EMP-1021,Pending
TXN-03185,2025-01-15,Twilio,Software - Communications,500,USD,pending,HR,CC-004,PO-71424,INV-895011,Twilio - Software - Communications,EMP-1167,Pending
TXN-03186,2024-07-11,Chipotle,Meals & Entertainment,15,USD,invoiced,Sales,CC-001,PO-37069,INV-620572,Chipotle - Meals & Entertainment,EMP-1094,Approved
TXN-03187,2025-01-09,AT&T,Utilities - Telecom,150,USD,completed,Marketing,CC-005,PO-83808,INV-536057,AT&T - Utilities - Telecom,EMP-1182,Approved
TXN-03188,2024-05-24,Delta Airlines,Travel - Airfare,1400,USD,completed,Engineering,CC-005,,INV-522717,Delta Airlines - Travel - Airfare,EMP-1080,Approved
TXN-03189,2024-05-03,Datadog,Software - Monitoring,3000,USD,delivered,Engineering,CC-002,PO-74425,INV-439396,Datadog - Software - Monitoring,EMP-1149,Approved
TXN-03190,2025-01-20,GitHub,Software - Development,500,USD,invoiced,Engineering,CC-003,PO-50348,INV-368161,GitHub - Software - Development,EMP-1043,Pending
TXN-03191,2024-01-02,Comcast,Utilities - Internet,120,USD,pending,Engineering,CC-005,PO-26691,INV-763972,Comcast - Utilities - Internet,EMP-1006,Rejected
TXN-03192,2024-12-22,Office Depot,Office Supplies,75,USD,delivered,Engineering,CC-002,PO-51614,INV-611013,Office Depot - Office Supplies,EMP-1189,Rejected
TXN-03193,2024-11-01,Amazon,Hardware - Equipment,599,USD,delivered,Finance,CC-002,PO-79759,INV-902124,Amazon - Hardware - Equipment,EMP-1101,Pending
TXN-03194,2025-03-22,FedEx,Shipping & Logistics,20,USD,pending,HR,CC-001,PO-90411,INV-683569,FedEx - Shipping & Logistics,EMP-1068,Rejected
TXN-03195,2024-10-01,Southwest Airlines,Travel - Airfare,650,USD,invoiced,Sales,CC-002,,INV-873681,Southwest Airlines - Travel - Airfare,EMP-1024,Approved
TXN-03196,2024-09-28,Google Cloud,Software - Cloud,4000,USD,delivered,Sales,CC-005,PO-97999,INV-629111,Google Cloud - Software - Cloud,EMP-1147,Pending
TXN-03197,2024-05-15,Restaurants.com,Meals & Entertainment,150,USD,delivered,Sales,CC-001,PO-42595,INV-776727,Restaurants.com - Meals & Entertainment,EMP-1227,Approved
TXN-03198,2024-09-15,Dell,Hardware - Equipment,2500,USD,completed,Engineering,CC-001,PO-64017,INV-879432,Dell - Hardware - Equipment,EMP-1067,Pending
TXN-03199,2024-06-06,Time Warner,Utilities - Internet,100,USD,delivered,HR,CC-003,PO-23959,INV-877563,Time Warner - Utilities - Internet,EMP-1238,Rejected
TXN-03200,2024-09-14,Grubhub,Meals & Entertainment,50,USD,completed,HR,CC-001,PO-21804,INV-500733,Grubhub - Meals & Entertainment,EMP-1081,Approved
TXN-03201,2025-01-05,Chipotle,Meals & Entertainment,15,USD,pending,Engineering,CC-005,PO-51323,INV-401318,Chipotle - Meals & Entertainment,EMP-1177,Rejected
TXN-03202,2024-02-12,Facebook Ads,Marketing - Digital,4000,USD,delivered,Operations,CC-005,,INV-320853,Facebook Ads - Marketing - Digital,EMP-1011,Rejected
TXN-03203,2025-01-05,Lyft,Travel - Ground,40,USD,delivered,Sales,CC-001,PO-48747,INV-348737,Lyft - Travel - Ground,EMP-1214,Pending
TXN-03204,2024-05-23,PwC,Professional Services,20000,USD,completed,HR,CC-005,PO-20561,INV-554502,PwC - Professional Services,EMP-1011,Approved
TXN-03205,2024-01-09,Microsoft Azure,Software - Cloud,800,USD,paid,Marketing,CC-003,PO-38916,INV-772023,Microsoft Azure - Software - Cloud,EMP-1079,Rejected
TXN-03206,2024-04-29,Amazon,Hardware - Equipment,299,USD,completed,Operations,CC-002,PO-95404,INV-860945,Amazon - Hardware - Equipment,EMP-1107,Pending
TXN-03207,2024-10-06,Stripe,Software - Payments,2500,USD,paid,Marketing,CC-001,PO-70816,INV-591352,Stripe - Software - Payments,EMP-1154,Approved
TXN-03208,2024-12-12,Lyft,Travel - Ground,40,USD,paid,Engineering,CC-001,PO-32768,INV-414710,Lyft - Travel - Ground,EMP-1242,Rejected
TXN-03209,2025-02-04,QuickBooks,Accounting Software,600,USD,invoiced,Operations,CC-001,,INV-746178,QuickBooks - Accounting Software,EMP-1184,Approved
TXN-03210,2024-05-31,PwC,Professional Services,20000,USD,pending,Operations,CC-004,PO-18612,INV-638294,PwC - Professional Services,EMP-1081,Pending
TXN-03211,2024-04-15,United Airlines,Travel - Airfare,850,USD,invoiced,Finance,CC-001,PO-94711,INV-940071,United Airlines - Travel - Airfare,EMP-1132,Pending
TXN-03212,2024-07-21,Datadog,Software - Monitoring,400,USD,paid,Sales,CC-004,PO-25993,INV-395863,Datadog - Software - Monitoring,EMP-1221,Rejected
TXN-03213,2024-07-24,Southwest Airlines,Travel - Airfare,350,USD,delivered,Operations,CC-001,PO-10206,INV-892094,Southwest Airlines - Travel - Airfare,EMP-1082,Pending
TXN-03214,2024-09-16,American Airlines,Travel - Airfare,950,USD,paid,Marketing,CC-005,PO-26788,INV-790645,American Airlines - Travel - Airfare,EMP-1191,Rejected
TXN-03215,2024-01-26,Apple,Hardware - Equipment,1999,USD,paid,Marketing,CC-005,PO-23246,INV-753644,Apple - Hardware - Equipment,EMP-1189,Pending
TXN-03216,2024-07-12,Datadog,Software - Monitoring,3000,USD,delivered,HR,CC-001,,INV-328671,Datadog - Software - Monitoring,EMP-1059,Rejected
TXN-03217,2024-09-05,UberEats,Meals & Entertainment,20,USD,invoiced,Finance,CC-003,PO-36662,INV-278080,UberEats - Meals & Entertainment,EMP-1242,Approved
TXN-03218,2024-11-19,Herman Miller Inc,Furniture - Fixed Asset,1200,USD,delivered,Marketing,CC-002,PO-71133,INV-363707,Herman Miller Inc - Furniture - Fixed Asset,EMP-1076,Approved
TXN-03219,2024-02-27,Zoom,Software - SaaS,299,USD,pending,Engineering,CC-005,PO-59370,INV-290095,Zoom - Software - SaaS,EMP-1234,Approved
TXN-03220,2024-12-02,Dell,Hardware - Equipment,500,USD,pending,Operations,CC-003,PO-11792,INV-322528,Dell - Hardware - Equipment,EMP-1211,Rejected
TXN-03221,2024-04-07,FedEx,Shipping & Logistics,500,USD,delivered,Engineering,CC-005,PO-41296,INV-612400,FedEx - Shipping & Logistics,EMP-1144,Rejected
TXN-03222,2025-02-23,Office Depot,Office Supplies,350,USD,delivered,Operations,CC-003,PO-45133,INV-670911,Office Depot - Office Supplies,EMP-1210,Rejected
TXN-03223,2024-07-12,PwC,Professional Services,20000,USD,delivered,Operations,CC-001,PO-45181,INV-416592,PwC - Professional Services,EMP-1028,Rejected
TXN-03224,2024-08-27,QuickBooks,Accounting Software,120,USD,invoiced,HR,CC-004,PO-56172,INV-434041,QuickBooks - Accounting Software,EMP-1244,Rejected
TXN-03225,2024-03-31,HubSpot,Marketing - Software,50,USD,paid,HR,CC-002,PO-91562,INV-104741,HubSpot - Marketing - Software,EMP-1135,Approved
TXN-03226,2024-05-01,Zoom,Software - SaaS,599,USD,completed,HR,CC-002,PO-98022,INV-912180,Zoom - Software - SaaS,EMP-1123,Approved
TXN-03227,2024-08-17,DoorDash,Meals & Entertainment,200,USD,pending,Sales,CC-004,PO-33212,INV-591969,DoorDash - Meals & Entertainment,EMP-1028,Rejected
TXN-03228,2024-05-04,Google Cloud,Software - Cloud,1850,USD,paid,HR,CC-004,PO-21998,INV-977668,Google Cloud - Software - Cloud,EMP-1070,Rejected
TXN-03229,2024-05-24,McKinsey,Professional Services,6000,USD,delivered,Finance,CC-004,PO-68272,INV-712421,McKinsey - Professional Services,EMP-1020,Approved
TXN-03230,2024-04-08,Airbnb,Travel - Lodging,600,USD,invoiced,HR,CC-004,PO-35566,INV-674473,Airbnb - Travel - Lodging,EMP-1144,Pending
TXN-03231,2024-01-17,UPS,Shipping & Logistics,50,USD,invoiced,Marketing,CC-002,PO-60385,INV-729102,UPS - Shipping & Logistics,EMP-1222,Rejected
TXN-03232,2024-01-01,Comcast,Utilities - Internet,200,USD,completed,Marketing,CC-001,PO-35602,INV-512133,Comcast - Utilities - Internet,EMP-1021,Pending
TXN-03233,2024-11-06,Starbucks,Meals & Entertainment,10,USD,completed,Marketing,CC-004,PO-40228,INV-672632,Starbucks - Meals & Entertainment,EMP-1122,Pending
TXN-03234,2024-05-31,AT&T,Utilities - Telecom,150,USD,paid,Marketing,CC-004,PO-60852,INV-975485,AT&T - Utilities - Telecom,EMP-1097,Approved
TXN-03235,2025-03-27,McKinsey,Professional Services,15000,USD,pending,Sales,CC-002,PO-63586,INV-154530,McKinsey - Professional Services,EMP-1055,Rejected
TXN-03236,2025-03-12,IKEA,Furniture - Fixed Asset,300,USD,paid,Marketing,CC-002,,INV-762132,IKEA - Furniture - Fixed Asset,EMP-1074,Approved
TXN-03237,2024-06-16,Apple,Hardware - Equipment,1999,USD,invoiced,Finance,CC-005,PO-47565,INV-203744,Apple - Hardware - Equipment,EMP-1192,Rejected
TXN-03238,2024-05-21,Salesforce,Software - SaaS,600,USD,invoiced,Sales,CC-001,PO-45590,INV-192629,Salesforce - Software - SaaS,EMP-1083,Pending
TXN-03239,2024-11-22,United Airlines,Travel - Airfare,1200,USD,completed,Sales,CC-001,PO-79496,INV-114208,United Airlines - Travel - Airfare,EMP-1141,Pending
TXN-03240,2024-11-16,Southwest Airlines,Travel - Airfare,350,USD,pending,Engineering,CC-004,,INV-295339,Southwest Airlines - Travel - Airfare,EMP-1049,Rejected
TXN-03241,2024-04-04,Starbucks,Meals & Entertainment,10,USD,pending,Finance,CC-001,PO-17736,INV-449676,Starbucks - Meals & Entertainment,EMP-1228,Rejected
TXN-03242,2025-03-01,LinkedIn Ads,Marketing - Digital,1000,USD,paid,Sales,CC-003,PO-16207,INV-728482,LinkedIn Ads - Marketing - Digital,EMP-1188,Approved
TXN-03243,2024-05-03,Deloitte,Professional Services,50000,USD,delivered,HR,CC-004,PO-11308,INV-741524,Deloitte - Professional Services,EMP-1047,Approved
TXN-03244,2024-03-03,QuickBooks Inc,Accounting Software,120,USD,pending,Sales,CC-001,PO-40202,INV-128244,QuickBooks Inc - Accounting Software,EMP-1090,Pending
TXN-03245,2024-10-30,Herman Miller,Furniture - Fixed Asset,1200,USD,paid,HR,CC-001,PO-96311,INV-463849,Herman Miller - Furniture - Fixed Asset,EMP-1188,Pending
TXN-03246,2024-01-22,Amazon,Hardware - Equipment,99,USD,delivered,Finance,CC-005,PO-11485,INV-360631,Amazon - Hardware - Equipment,EMP-1153,Pending
TXN-03247,2024-08-27,IKEA,Furniture - Fixed Asset,600,USD,paid,HR,CC-004,PO-74442,INV-112878,IKEA - Furniture - Fixed Asset,EMP-1214,Rejected
TXN-03248,2025-03-16,Office Depot,Office Supplies,75,USD,completed,Sales,CC-005,PO-52300,INV-934287,Office Depot - Office Supplies,EMP-1153,Pending
TXN-03249,2024-04-24,Steelcase,Furniture - Fixed Asset,1000,USD,delivered,Marketing,CC-003,PO-99921,INV-229304,Steelcase - Furniture - Fixed Asset,EMP-1139,Rejected
TXN-03250,2025-01-18,LENOVO,Hardware - Equipment,2000,USD,pending,Engineering,CC-003,PO-38124,INV-378006,LENOVO - Hardware - Equipment,EMP-1028,Pending
TXN-03251,2024-11-19,Lenovo,Hardware - Equipment,2000,USD,pending,Operations,CC-004,PO-92721,INV-471564,Lenovo - Hardware - Equipment,EMP-1148,Pending
TXN-03252,2024-05-22,McKinsey,Professional Services,60000,USD,completed,Marketing,CC-003,PO-64028,INV-910425,McKinsey - Professional Services,EMP-1150,Pending
TXN-03253,2024-03-28,Best Buy,Hardware - Equipment,500,USD,paid,Finance,CC-003,PO-98382,INV-564899,Best Buy - Hardware - Equipment,EMP-1010,Rejected
TXN-03254,2024-05-24,Restaurants.com,Meals & Entertainment,150,USD,pending,Finance,CC-005,PO-54096,INV-619227,Restaurants.com - Meals & Entertainment,EMP-1101,Pending
TXN-03255,2024-06-01,Stripe,Software - Payments,500,USD,invoiced,HR,CC-004,PO-28373,INV-955399,Stripe - Software - Payments,EMP-1112,Approved
TXN-03256,2024-10-11,SOUTHWEST AIRLINES,Travel - Airfare,650,USD,delivered,Marketing,CC-003,PO-18289,INV-580279,SOUTHWEST AIRLINES - Travel - Airfare,EMP-1084,Pending
TXN-03257,2025-03-10,Stripe,Software - Payments,500,USD,paid,HR,CC-005,PO-24287,INV-496077,Stripe - Software - Payments,EMP-1109,Rejected
TXN-03258,2025-01-27,GitHub,Software - Development,231,USD,pending,HR,CC-001,PO-10615,INV-816820,GitHub - Software - Development,EMP-1052,Rejected
TXN-03259,2024-03-10,Xero,Accounting Software,99,USD,completed,Finance,CC-002,PO-78599,INV-147335,Xero - Accounting Software,EMP-1210,Rejected
TXN-03260,2024-07-17,Lenovo,Hardware - Equipment,400,USD,delivered,Engineering,CC-003,PO-42378,INV-441192,Lenovo - Hardware - Equipment,EMP-1180,Pending
TXN-03261,2024-11-17,QuickBooks,Accounting Software,300,USD,paid,Finance,CC-001,PO-41133,INV-909349,QuickBooks - Accounting Software,EMP-1190,Rejected
TXN-03262,2024-11-15,Lyft,Travel - Ground,60,USD,pending,HR,CC-002,PO-28594,INV-448928,Lyft - Travel - Ground,EMP-1209,Rejected
TXN-03263,2024-06-21,Delta Airlines,Travel - Airfare,1400,USD,invoiced,Operations,CC-005,PO-86313,INV-339267,Delta Airlines - Travel - Airfare,EMP-1101,Pending
TXN-03264,2024-10-21,United Airlines,Travel - Airfare,450,USD,invoiced,HR,CC-005,,INV-914856,United Airlines - Travel - Airfare,EMP-1102,Approved
TXN-03265,2024-01-24,Best Buy,Hardware - Equipment,500,USD,pending,Finance,CC-003,PO-27676,INV-308937,Best Buy - Hardware - Equipment,EMP-1209,Rejected
TXN-03266,2024-09-26,Amazon Business,Office Supplies,250,USD,pending,Finance,CC-004,,INV-158391,Amazon Business - Office Supplies,EMP-1208,Pending
TXN-03267,2024-12-28,Time Warner,Utilities - Internet,60,USD,invoiced,Operations,CC-005,PO-95327,INV-233784,Time Warner - Utilities - Internet,EMP-1246,Pending
TXN-03268,2024-09-01,GitHub,Software - Development,21,USD,completed,Operations,CC-005,PO-58307,INV-225030,GitHub - Software - Development,EMP-1246,Approved
TXN-03269,2025-03-02,Facebook Ads,Marketing - Digital,4000,USD,invoiced,HR,CC-002,PO-15156,INV-363578,Facebook Ads - Marketing - Digital,EMP-1225,Approved
TXN-03270,2024-04-06,Marriott Hotels,Travel - Lodging,250,USD,delivered,Sales,CC-005,PO-86292,INV-688444,Marriott Hotels - Travel - Lodging,EMP-1189,Approved
TXN-03271,2025-02-15,LinkedIn Ads,Marketing - Digital,1000,USD,completed,HR,CC-001,PO-54061,INV-391716,LinkedIn Ads - Marketing - Digital,EMP-1006,Pending
TXN-03272,2024-03-25,Accenture,Professional Services,3000,USD,completed,Finance,CC-001,PO-15839,INV-704562,Accenture - Professional Services,EMP-1050,Approved
TXN-03273,2024-11-10,Google Cloud,Software - Cloud,4000,USD,paid,Engineering,CC-002,PO-19863,INV-358089,Google Cloud - Software - Cloud,EMP-1130,Rejected
TXN-03274,2025-02-08,IKEA,Furniture - Fixed Asset,600,USD,invoiced,Sales,CC-005,PO-98779,INV-624175,IKEA - Furniture - Fixed Asset,EMP-1045,Rejected
TXN-03275,2024-08-01,Lyft,Travel - Ground,22,USD,invoiced,Engineering,CC-005,PO-25774,INV-466549,Lyft - Travel - Ground,EMP-1080,Rejected
TXN-03276,2024-07-02,Datadog,Software - Monitoring,800,USD,pending,Finance,CC-002,PO-10675,INV-350489,Datadog - Software - Monitoring,EMP-1159,Approved
TXN-03277,2024-07-04,Xero,Accounting Software,400,USD,invoiced,Marketing,CC-003,PO-55775,INV-589215,Xero - Accounting Software,EMP-1101,Rejected
TXN-03278,2024-06-06,QuickBooks,Accounting Software,120,USD,pending,Sales,CC-003,PO-57898,INV-995369,QuickBooks - Accounting Software,EMP-1061,Pending
TXN-03279,2024-09-29,Xero,Accounting Software,99,USD,completed,Marketing,CC-002,PO-20652,INV-469657,Xero - Accounting Software,EMP-1230,Pending
TXN-03280,2025-03-03,Google Cloud,Software - Cloud,400,USD,pending,Finance,CC-005,PO-10934,INV-485770,Google Cloud - Software - Cloud,EMP-1136,Pending
TXN-03281,2024-08-14,Amazon,Hardware - Equipment,599,USD,invoiced,Engineering,CC-004,PO-52536,INV-996072,Amazon - Hardware - Equipment,EMP-1186,Pending
TXN-03282,2024-12-31,Dell,Hardware - Equipment,2500,USD,delivered,Marketing,CC-002,PO-83238,INV-926944,Dell - Hardware - Equipment,EMP-1066,Approved
TXN-03283,2024-03-25,Staples,Office Supplies,500,USD,invoiced,Engineering,CC-002,PO-78584,INV-202267,Staples - Office Supplies,EMP-1087,Rejected
TXN-03284,2025-01-06,Time Warner,Utilities - Internet,60,USD,invoiced,Engineering,CC-001,PO-74577,INV-237811,Time Warner - Utilities - Internet,EMP-1114,Approved
TXN-03285,2025-03-17,marriott hotels,Travel - Lodging,800,USD,delivered,Marketing,CC-003,,INV-613133,marriott hotels - Travel - Lodging,EMP-1011,Rejected
TXN-03286,2024-03-23,Amazon Business,Office Supplies,500,USD,paid,Finance,CC-003,PO-98768,INV-364519,Amazon Business - Office Supplies,EMP-1015,Rejected
TXN-03287,2025-01-12,Dell,Hardware - Equipment,1200,USD,pending,Sales,CC-001,PO-78358,INV-364243,Dell - Hardware - Equipment,EMP-1140,Pending
TXN-03288,2024-03-09,Delta Airlines,Travel - Airfare,1400,USD,invoiced,Operations,CC-005,PO-21606,INV-346108,Delta Airlines - Travel - Airfare,EMP-1242,Approved
TXN-03289,2025-01-01,Office Depot,Office Supplies,75,USD,completed,Marketing,CC-004,PO-34240,INV-228372,Office Depot - Office Supplies,EMP-1041,Approved
TXN-03290,2024-04-12,Google Cloud,Software - Cloud,1850,USD,paid,HR,CC-003,PO-58845,INV-905891,Google Cloud - Software - Cloud,EMP-1164,Pending
TXN-03291,2025-01-07,Lyft,Travel - Ground,40,USD,paid,HR,CC-003,PO-32653,INV-456499,Lyft - Travel - Ground,EMP-1244,Pending
TXN-03292,2024-11-01,Airbnb,Travel - Lodging,80,USD,completed,Sales,CC-005,PO-14987,INV-606012,Airbnb - Travel - Lodging,EMP-1143,Rejected
TXN-03293,2024-11-15,Dell,Hardware - Equipment,2500,USD,paid,Operations,CC-002,PO-46073,INV-880155,Dell - Hardware - Equipment,EMP-1079,Approved
TXN-03294,2024-06-22,Microsoft Azure,Software - Cloud,800,USD,invoiced,Marketing,CC-004,PO-81809,INV-386112,Microsoft Azure - Software - Cloud,EMP-1245,Approved
TXN-03295,2024-10-20,Southwest Airlines,Travel - Airfare,350,USD,invoiced,Marketing,CC-005,,INV-171558,Southwest Airlines - Travel - Airfare,EMP-1211,Rejected
TXN-03296,2024-08-09,PwC,Professional Services,8000,USD,pending,Finance,CC-001,PO-60789,INV-711400,PwC - Professional Services,EMP-1212,Rejected
TXN-03297,2024-01-16,AWS,Software - Cloud,10000,USD,pending,Engineering,CC-003,PO-55601,INV-624545,AWS - Software - Cloud,EMP-1092,Pending
TXN-03298,2025-01-07,PwC,Professional Services,40000,USD,invoiced,Operations,CC-001,PO-48024,INV-541784,PwC - Professional Services,EMP-1193,Rejected
TXN-03299,2024-02-17,Slack,Software - SaaS,99,USD,completed,Finance,CC-002,PO-16343,INV-730840,Slack - Software - SaaS,EMP-1187,Pending
TXN-03300,2024-03-01,Restaurants.com,Meals & Entertainment,150,USD,invoiced,HR,CC-005,PO-46737,INV-129102,Restaurants.com - Meals & Entertainment,EMP-1207,Approved
TXN-03301,2024-06-13,Lenovo,Hardware - Equipment,2000,USD,completed,HR,CC-003,PO-51000,INV-653143,Lenovo - Hardware - Equipment,EMP-1146,Approved
TXN-03302,2024-11-29,Apple,Hardware - Equipment,1999,USD,invoiced,Engineering,CC-003,PO-75351,INV-446342,Apple - Hardware - Equipment,EMP-1060,Approved
TXN-03303,2024-06-10,Grubhub,Meals & Entertainment,180,USD,pending,Engineering,CC-004,PO-30007,INV-754086,Grubhub - Meals & Entertainment,EMP-1203,Rejected
TXN-03304,2024-05-03,DoorDash,Meals & Entertainment,50,USD,paid,Engineering,CC-004,PO-13059,INV-499262,DoorDash - Meals & Entertainment,EMP-1087,Pending
TXN-03305,2024-06-29,United Airlines,Travel - Airfare,2500,USD,pending,HR,CC-004,PO-17775,INV-738913,United Airlines - Travel - Airfare,EMP-1071,Approved
TXN-03306,2024-08-21,GitHub,Software - Development,231,USD,pending,HR,CC-004,PO-13298,INV-978720,GitHub - Software - Development,EMP-1030,Pending
TXN-03307,2024-07-22,Herman Miller,Furniture - Fixed Asset,1500,USD,completed,Engineering,CC-002,PO-16109,INV-938177,Herman Miller - Furniture - Fixed Asset,EMP-1148,Rejected
TXN-03308,2024-02-26,Steelcase,Furniture - Fixed Asset,2500,USD,paid,Finance,CC-003,PO-39081,INV-753655,Steelcase - Furniture - Fixed Asset,EMP-1103,Rejected
TXN-03309,2024-11-13,Steelcase,Furniture - Fixed Asset,1800,USD,paid,Sales,CC-001,PO-30111,INV-664911,Steelcase - Furniture - Fixed Asset,EMP-1011,Rejected
TXN-03310,2024-02-05,Dell,Hardware - Equipment,500,USD,completed,HR,CC-005,PO-76076,INV-941957,Dell - Hardware - Equipment,EMP-1216,Rejected
TXN-03311,2024-05-23,LinkedIn Ads,Marketing - Digital,1000,USD,completed,Engineering,CC-004,PO-83608,INV-875334,LinkedIn Ads - Marketing - Digital,EMP-1025,Approved
TXN-03312,2024-01-17,microsoft azure,Software - Cloud,3000,USD,delivered,Marketing,CC-002,PO-90215,INV-998690,microsoft azure - Software - Cloud,EMP-1126,Approved
TXN-03313,2024-02-04,Datadog,Software - Monitoring,800,USD,pending,Sales,CC-004,PO-19058,INV-888383,Datadog - Software - Monitoring,EMP-1229,Rejected
TXN-03314,2025-01-31,GitHub,Software - Development,21,USD,invoiced,Engineering,CC-003,PO-57067,INV-947754,GitHub - Software - Development,EMP-1226,Pending
TXN-03315,2024-04-24,Best Buy,Hardware - Equipment,100,USD,pending,Sales,CC-004,PO-55753,INV-768437,Best Buy - Hardware - Equipment,EMP-1053,Approved
TXN-03316,2024-06-22,Deloitte,Professional Services,50000,USD,invoiced,Sales,CC-005,PO-79401,INV-835339,Deloitte - Professional Services,EMP-1198,Rejected
TXN-03317,2025-01-01,Staples,Office Supplies,50,USD,pending,Finance,CC-005,PO-51427,INV-692714,Staples - Office Supplies,EMP-1197,Rejected
TXN-03318,2024-09-12,LinkedIn Ads,Marketing - Digital,400,USD,paid,Operations,CC-001,PO-97786,INV-348547,LinkedIn Ads - Marketing - Digital,EMP-1070,Pending
TXN-03319,2024-07-01,Zoom,Software - SaaS,100,USD,pending,Finance,CC-003,PO-54036,INV-602108,Zoom - Software - SaaS,EMP-1231,Rejected
TXN-03320,2024-02-05,Staples,Office Supplies,50,USD,pending,Sales,CC-002,PO-44851,INV-248482,Staples - Office Supplies,EMP-1084,Pending
TXN-03321,2024-03-11,HubSpot Inc,Marketing - Software,500,USD,delivered,Sales,CC-004,PO-45623,INV-438300,HubSpot Inc - Marketing - Software,EMP-1162,Approved
TXN-03322,2024-08-01,FedEx,Shipping & Logistics,45,USD,delivered,Operations,CC-002,PO-87550,INV-339190,FedEx - Shipping & Logistics,EMP-1020,Rejected
TXN-03323,2025-01-10,Google Ads,Marketing - Digital,1000,USD,delivered,HR,CC-004,PO-91073,INV-855196,Google Ads - Marketing - Digital,EMP-1232,Pending
TXN-03324,2024-07-08,American Airlines,Travel - Airfare,300,USD,paid,Engineering,CC-001,PO-36174,INV-930423,American Airlines - Travel - Airfare,EMP-1066,Approved
TXN-03325,2025-02-01,Zoom,Software - SaaS,599,USD,pending,Sales,CC-003,PO-15450,INV-221407,Zoom - Software - SaaS,EMP-1119,Approved
TXN-03326,2024-01-27,Marriott Hotels,Travel - Lodging,450,USD,completed,Operations,CC-004,PO-52805,INV-581142,Marriott Hotels - Travel - Lodging,EMP-1034,Approved
TXN-03327,2024-05-17,Airbnb,Travel - Lodging,80,USD,completed,Engineering,CC-004,PO-56107,INV-436650,Airbnb - Travel - Lodging,EMP-1241,Pending
TXN-03328,2025-03-23,Steelcase,Furniture - Fixed Asset,600,USD,completed,HR,CC-001,PO-96947,INV-195727,Steelcase - Furniture - Fixed Asset,EMP-1230,Rejected
TXN-03329,2025-03-19,Staples,Office Supplies,150,USD,invoiced,Operations,CC-005,PO-57518,INV-289738,Staples - Office Supplies,EMP-1039,Pending
TXN-03330,2024-07-10,HubSpot,Marketing - Software,500,USD,completed,Sales,CC-002,PO-15990,INV-855963,HubSpot - Marketing - Software,EMP-1225,Pending
TXN-03331,2024-03-26,Twilio,Software - Communications,500,USD,delivered,HR,CC-004,PO-47277,INV-872264,Twilio - Software - Communications,EMP-1017,Pending
TXN-03332,2024-05-13,Lyft,Travel - Ground,40,USD,delivered,Engineering,CC-004,PO-68676,INV-922067,Lyft - Travel - Ground,EMP-1110,Rejected
TXN-03333,2024-09-15,Facebook Ads,Marketing - Digital,2000,USD,pending,HR,CC-004,PO-90166,INV-158164,Facebook Ads - Marketing - Digital,EMP-1107,Approved
TXN-03334,2024-02-26,Facebook Ads,Marketing - Digital,800,USD,paid,Operations,CC-002,,INV-353222,Facebook Ads - Marketing - Digital,EMP-1125,Pending
TXN-03335,2025-02-12,Starbucks,Meals & Entertainment,5,USD,completed,Engineering,CC-003,PO-45230,INV-848649,Starbucks - Meals & Entertainment,EMP-1027,Approved
TXN-03336,2024-06-07,Herman Miller,Furniture - Fixed Asset,3000,USD,paid,Sales,CC-004,PO-57168,INV-243996,Herman Miller - Furniture - Fixed Asset,EMP-1059,Pending
TXN-03337,2025-01-02,FedEx,Shipping & Logistics,20,USD,pending,Marketing,CC-003,PO-32469,INV-728340,FedEx - Shipping & Logistics,EMP-1089,Pending
TXN-03338,2024-02-12,UberEats,Meals & Entertainment,20,USD,delivered,Sales,CC-002,PO-18735,INV-957891,UberEats - Meals & Entertainment,EMP-1157,Rejected
TXN-03339,2025-03-01,Apple,Hardware - Equipment,799,USD,invoiced,Finance,CC-004,PO-22804,INV-282325,Apple - Hardware - Equipment,EMP-1197,Approved
TXN-03340,2024-03-28,LinkedIn Ads,Marketing - Digital,2500,USD,completed,Finance,CC-004,,INV-298692,LinkedIn Ads - Marketing - Digital,EMP-1023,Approved
TXN-03341,2025-02-20,Hilton Hotels,Travel - Lodging,220,USD,delivered,Sales,CC-001,PO-13947,INV-167752,Hilton Hotels - Travel - Lodging,EMP-1049,Pending
TXN-03342,2024-02-21,UPS,Shipping & Logistics,350,USD,delivered,Operations,CC-005,PO-84764,INV-467606,UPS - Shipping & Logistics,EMP-1202,Pending
TXN-03343,2024-07-26,Datadog,Software - Monitoring,3000,USD,delivered,Operations,CC-005,PO-87239,INV-852367,Datadog - Software - Monitoring,EMP-1218,Approved
TXN-03344,2024-07-02,Deloitte,Professional Services,5000,USD,paid,Sales,CC-003,PO-45288,INV-691200,Deloitte - Professional Services,EMP-1189,Rejected
TXN-03345,2024-10-02,Steelcase,Furniture - Fixed Asset,600,USD,completed,Engineering,CC-005,PO-59336,INV-776741,Steelcase - Furniture - Fixed Asset,EMP-1058,Approved
TXN-03346,2024-09-10,HubSpot,Marketing - Software,500,USD,invoiced,Sales,CC-001,PO-10426,INV-514195,HubSpot - Marketing - Software,EMP-1029,Approved
TXN-03347,2024-02-08,Office Depot,Office Supplies,350,USD,paid,Sales,CC-005,PO-48013,INV-519396,Office Depot - Office Supplies,EMP-1083,Pending
TXN-03348,2025-02-23,Southwest Airlines,Travel - Airfare,150,USD,paid,Sales,CC-002,PO-41433,INV-972618,Southwest Airlines - Travel - Airfare,EMP-1137,Rejected
TXN-03349,2024-01-11,Facebook Ads,Marketing - Digital,800,USD,delivered,Marketing,CC-004,PO-64047,INV-807135,Facebook Ads - Marketing - Digital,EMP-1099,Rejected
TXN-03350,2024-12-19,Staples,Office Supplies,500,USD,pending,Operations,CC-004,PO-87057,INV-594752,Staples - Office Supplies,EMP-1180,Rejected
TXN-03351,2025-02-02,Lyft,Travel - Ground,40,USD,delivered,Marketing,CC-002,PO-84185,INV-551059,Lyft - Travel - Ground,EMP-1055,Pending
TXN-03352,2025-02-15,Best Buy,Hardware - Equipment,500,USD,pending,HR,CC-002,PO-12514,INV-116813,Best Buy - Hardware - Equipment,EMP-1104,Pending
TXN-03353,2025-02-04,Lyft,Travel - Ground,60,USD,invoiced,Marketing,CC-004,PO-97179,INV-519263,Lyft - Travel - Ground,EMP-1035,Approved
TXN-03354,2024-11-21,McKinsey,Professional Services,15000,USD,completed,Engineering,CC-002,PO-35017,INV-247797,McKinsey - Professional Services,EMP-1115,Pending
TXN-03355,2024-01-29,DoorDash,Meals & Entertainment,100,USD,completed,HR,CC-003,PO-34102,INV-209606,DoorDash - Meals & Entertainment,EMP-1034,Pending
TXN-03356,2024-03-15,Verizon,Utilities - Telecom,350,USD,delivered,Engineering,CC-004,PO-53959,INV-999817,Verizon - Utilities - Telecom,EMP-1041,Rejected
TXN-03357,2024-04-01,Airbnb,Travel - Lodging,150,USD,completed,Marketing,CC-005,PO-47992,INV-181896,Airbnb - Travel - Lodging,EMP-1160,Rejected
TXN-03358,2024-07-30,Verizon,Utilities - Telecom,100,USD,paid,Finance,CC-001,PO-18457,INV-902335,Verizon - Utilities - Telecom,EMP-1069,Pending
TXN-03359,2024-08-12,TIME WARNER,Utilities - Internet,100,USD,pending,Sales,CC-005,PO-14043,INV-213920,TIME WARNER - Utilities - Internet,EMP-1039,Approved
TXN-03360,2024-05-28,American Airlines,Travel - Airfare,950,USD,invoiced,Operations,CC-005,PO-55529,INV-201758,American Airlines - Travel - Airfare,EMP-1194,Rejected
TXN-03361,2025-01-30,Xero,Accounting Software,99,USD,completed,HR,CC-001,,INV-956474,Xero - Accounting Software,EMP-1171,Approved
TXN-03362,2024-01-28,Deloitte,Professional Services,50000,USD,completed,Engineering,CC-002,PO-76419,INV-595097,Deloitte - Professional Services,EMP-1024,Pending
TXN-03363,2024-03-04,Steelcase,Furniture - Fixed Asset,2500,USD,pending,Engineering,CC-004,,INV-705873,Steelcase - Furniture - Fixed Asset,EMP-1051,Rejected
TXN-03364,2024-04-23,Xero,Accounting Software,99,USD,completed,HR,CC-001,PO-22903,INV-405578,Xero - Accounting Software,EMP-1178,Rejected
TXN-03365,2025-03-29,Datadog,Software - Monitoring,3000,USD,invoiced,Engineering,CC-001,PO-14360,INV-711106,Datadog - Software - Monitoring,EMP-1231,Pending
TXN-03366,2024-01-13,Apple,Hardware - Equipment,1200,USD,delivered,Finance,CC-005,PO-45125,INV-421331,Apple - Hardware - Equipment,EMP-1122,Approved
TXN-03367,2024-06-05,Steelcase,Furniture - Fixed Asset,1000,USD,pending,Marketing,CC-005,,INV-372561,Steelcase - Furniture - Fixed Asset,EMP-1023,Pending
TXN-03368,2024-08-22,Google Cloud,Software - Cloud,400,USD,pending,Finance,CC-005,PO-10444,INV-769020,Google Cloud - Software - Cloud,EMP-1188,Approved
TXN-03369,2024-03-15,Salesforce,Software - SaaS,300,USD,delivered,Operations,CC-002,PO-46995,INV-209558,Salesforce - Software - SaaS,EMP-1197,Pending
TXN-03370,2024-01-29,PwC,Professional Services,40000,USD,pending,Marketing,CC-001,PO-21207,INV-863834,PwC - Professional Services,EMP-1074,Rejected
TXN-03371,2024-09-28,Delta Airlines,Travel - Airfare,500,USD,completed,Marketing,CC-002,,INV-632044,Delta Airlines - Travel - Airfare,EMP-1169,Pending
TXN-03372,2024-10-26,Chipotle,Meals & Entertainment,15,USD,pending,Marketing,CC-004,PO-52166,INV-187451,Chipotle - Meals & Entertainment,EMP-1103,Approved
TXN-03373,2024-07-15,Dell,Hardware - Equipment,500,USD,invoiced,Marketing,CC-005,PO-83385,INV-156788,Dell - Hardware - Equipment,EMP-1143,Rejected
TXN-03374,2024-02-04,UPS,Shipping & Logistics,350,USD,paid,Operations,CC-001,PO-61954,INV-566016,UPS - Shipping & Logistics,EMP-1054,Rejected
TXN-03375,2024-01-07,Accenture,Professional Services,7000,USD,invoiced,Engineering,CC-003,PO-36666,INV-523111,Accenture - Professional Services,EMP-1063,Rejected
TXN-03376,2025-03-17,HubSpot,Marketing - Software,50,USD,completed,HR,CC-004,PO-45524,INV-308126,HubSpot - Marketing - Software,EMP-1196,Approved
TXN-03377,2024-09-01,IKEA,Furniture - Fixed Asset,600,USD,paid,Sales,CC-004,PO-88190,INV-759232,IKEA - Furniture - Fixed Asset,EMP-1195,Rejected
TXN-03378,2024-12-15,QuickBooks,Accounting Software,600,USD,delivered,Sales,CC-002,PO-26470,INV-353933,QuickBooks - Accounting Software,EMP-1071,Pending
TXN-03379,2024-09-13,Restaurants.com,Meals & Entertainment,150,USD,completed,Sales,CC-003,PO-52162,INV-465959,Restaurants.com - Meals & Entertainment,EMP-1190,Pending
TXN-03380,2024-10-12,Amazon Business,Office Supplies,100,USD,delivered,Finance,CC-001,PO-32727,INV-216051,Amazon Business - Office Supplies,EMP-1013,Pending
TXN-03381,2024-06-19,Steelcase,Furniture - Fixed Asset,1800,USD,delivered,Engineering,CC-002,PO-59843,INV-599944,Steelcase - Furniture - Fixed Asset,EMP-1106,Approved
TXN-03382,2024-02-21,Xero,Accounting Software,400,USD,pending,HR,CC-005,PO-53402,INV-618080,Xero - Accounting Software,EMP-1060,Approved
TXN-03383,2024-10-03,Datadog,Software - Monitoring,1500,USD,pending,Sales,CC-004,PO-78656,INV-181992,Datadog - Software - Monitoring,EMP-1025,Approved
TXN-03384,2024-02-16,Microsoft Azure,Software - Cloud,300,USD,paid,Operations,CC-001,PO-14443,INV-746262,Microsoft Azure - Software - Cloud,EMP-1095,Approved
TXN-03385,2025-02-01,McKinsey,Professional Services,60000,USD,invoiced,HR,CC-002,PO-70098,INV-925025,McKinsey - Professional Services,EMP-1032,Approved
TXN-03386,2024-09-24,Grubhub,Meals & Entertainment,50,USD,completed,Engineering,CC-003,PO-52986,INV-761033,Grubhub - Meals & Entertainment,EMP-1045,Rejected
TXN-03387,2024-11-24,McKinsey,Professional Services,30000,USD,invoiced,HR,CC-001,PO-64739,INV-157328,McKinsey - Professional Services,EMP-1034,Pending
TXN-03388,2024-11-20,UberEats,Meals & Entertainment,45,USD,delivered,Operations,CC-003,PO-88375,INV-539753,UberEats - Meals & Entertainment,EMP-1027,Pending
TXN-03389,2024-02-11,LawDepot,Legal Services,1000,USD,delivered,Sales,CC-003,PO-95815,INV-690041,LawDepot - Legal Services,EMP-1126,Rejected
TXN-03390,2024-09-16,GitHub,Software - Development,21,USD,delivered,Sales,CC-004,PO-93494,INV-222807,GitHub - Software - Development,EMP-1125,Rejected
TXN-03391,2024-10-10,American Airlines,Travel - Airfare,550,USD,delivered,Engineering,CC-005,PO-23690,INV-915003,American Airlines - Travel - Airfare,EMP-1098,Pending
TXN-03392,2024-10-16,Google Cloud,Software - Cloud,4000,USD,paid,Sales,CC-003,PO-32501,INV-595409,Google Cloud - Software - Cloud,EMP-1138,Pending
TXN-03393,2024-04-06,comcast,Utilities - Internet,120,USD,pending,Engineering,CC-002,PO-81903,INV-763420,comcast - Utilities - Internet,EMP-1132,Pending
TXN-03394,2024-07-01,Herman Miller,Furniture - Fixed Asset,800,USD,pending,Engineering,CC-003,PO-19921,INV-876767,Herman Miller - Furniture - Fixed Asset,EMP-1232,Approved
TXN-03395,2025-02-10,DHL,Shipping & Logistics,30,USD,paid,Marketing,CC-002,PO-43108,INV-412915,DHL - Shipping & Logistics,EMP-1076,Approved
TXN-03396,2024-07-08,AWS,Software - Cloud,2341,USD,pending,Operations,CC-001,PO-79566,INV-264796,AWS - Software - Cloud,EMP-1100,Rejected
TXN-03397,2025-02-13,LawDepot,Legal Services,500,USD,invoiced,Engineering,CC-004,PO-34470,INV-223567,LawDepot - Legal Services,EMP-1179,Rejected
TXN-03398,2024-11-29,PwC,Professional Services,40000,USD,completed,Finance,CC-002,PO-51156,INV-758060,PwC - Professional Services,EMP-1071,Pending
TXN-03399,2024-07-28,UPS,Shipping & Logistics,50,USD,pending,Finance,CC-001,PO-67325,INV-140331,UPS - Shipping & Logistics,EMP-1023,Approved
TXN-03400,2024-08-18,DoorDash,Meals & Entertainment,25,USD,pending,Marketing,CC-001,PO-78416,INV-928583,DoorDash - Meals & Entertainment,EMP-1137,Rejected
TXN-03401,2024-06-11,Office Depot,Office Supplies,75,USD,completed,Engineering,CC-004,PO-84256,INV-891281,Office Depot - Office Supplies,EMP-1168,Pending
TXN-03402,2024-06-05,Twilio,Software - Communications,200,USD,invoiced,Finance,CC-001,PO-98165,INV-396673,Twilio - Software - Communications,EMP-1248,Rejected
TXN-03403,2024-03-15,Twilio,Software - Communications,50,USD,pending,Operations,CC-002,PO-29765,INV-992080,Twilio - Software - Communications,EMP-1209,Pending
TXN-03404,2024-01-02,Xero,Accounting Software,99,USD,delivered,Marketing,CC-001,PO-68767,INV-639348,Xero - Accounting Software,EMP-1075,Approved
TXN-03405,2024-04-18,GitHub,Software - Development,231,USD,paid,Sales,CC-003,PO-88804,INV-112335,GitHub - Software - Development,EMP-1185,Approved
TXN-03406,2025-02-21,Best Buy,Hardware - Equipment,100,USD,invoiced,Finance,CC-005,PO-11933,INV-727181,Best Buy - Hardware - Equipment,EMP-1046,Rejected
TXN-03407,2024-06-12,HubSpot,Marketing - Software,500,USD,paid,Sales,CC-002,PO-23264,INV-700796,HubSpot - Marketing - Software,EMP-1101,Rejected
TXN-03408,2025-02-09,Staples,Office Supplies,500,USD,paid,Sales,CC-001,PO-17818,INV-727993,Staples - Office Supplies,EMP-1201,Pending
TXN-03409,2025-03-02,UPS,Shipping & Logistics,350,USD,paid,Engineering,CC-002,PO-65712,INV-714242,UPS - Shipping & Logistics,EMP-1227,Rejected
TXN-03410,2025-01-27,AT&T,Utilities - Telecom,300,USD,invoiced,HR,CC-002,PO-75126,INV-186105,AT&T - Utilities - Telecom,EMP-1106,Approved
TXN-03411,2024-12-16,Uber,Travel - Ground,120,USD,invoiced,Engineering,CC-001,PO-90560,INV-922632,Uber - Travel - Ground,EMP-1181,Pending
TXN-03412,2024-04-25,HubSpot,Marketing - Software,200,USD,paid,HR,CC-001,PO-34380,INV-981363,HubSpot - Marketing - Software,EMP-1136,Pending
TXN-03413,2024-08-29,Datadog,Software - Monitoring,400,USD,completed,Operations,CC-002,PO-60119,INV-727884,Datadog - Software - Monitoring,EMP-1133,Rejected
TXN-03414,2024-02-05,AT&T,Utilities - Telecom,150,USD,paid,HR,CC-001,PO-33761,INV-496695,AT&T - Utilities - Telecom,EMP-1151,Rejected
TXN-03415,2024-01-01,AWS,Software - Cloud,2341,USD,paid,Sales,CC-001,PO-10970,INV-207037,AWS - Software - Cloud,EMP-1245,Approved
TXN-03416,2024-08-29,QuickBooks,Accounting Software,600,USD,delivered,Engineering,CC-003,PO-58000,INV-156326,QuickBooks - Accounting Software,EMP-1084,Rejected
TXN-03417,2024-08-21,UPS,Shipping & Logistics,50,USD,pending,Operations,CC-004,PO-24771,INV-920134,UPS - Shipping & Logistics,EMP-1061,Approved
TXN-03418,2024-04-14,McKinsey,Professional Services,15000,USD,delivered,Engineering,CC-005,PO-38784,INV-955318,McKinsey - Professional Services,EMP-1246,Approved
TXN-03419,2024-12-08,Delta Airlines,Travel - Airfare,500,USD,pending,Finance,CC-005,PO-92369,INV-209871,Delta Airlines - Travel - Airfare,EMP-1135,Rejected
TXN-03420,2024-03-17,Amazon,Hardware - Equipment,599,USD,delivered,Finance,CC-004,PO-47667,INV-541915,Amazon - Hardware - Equipment,EMP-1114,Approved
TXN-03421,2024-04-08,IKEA,Furniture - Fixed Asset,100,USD,completed,Sales,CC-005,PO-56493,INV-101514,IKEA - Furniture - Fixed Asset,EMP-1123,Pending
TXN-03422,2024-01-22,LinkedIn Ads,Marketing - Digital,400,USD,paid,HR,CC-001,PO-35960,INV-440811,LinkedIn Ads - Marketing - Digital,EMP-1152,Rejected
TXN-03423,2024-06-03,Lyft,Travel - Ground,40,USD,invoiced,Marketing,CC-001,PO-38499,INV-371601,Lyft - Travel - Ground,EMP-1038,Pending
TXN-03424,2025-01-07,Comcast,Utilities - Internet,120,USD,pending,HR,CC-005,,INV-275882,Comcast - Utilities - Internet,EMP-1143,Pending
TXN-03425,2024-04-01,Amazon,Hardware - Equipment,2499,USD,invoiced,Finance,CC-005,PO-53537,INV-139792,Amazon - Hardware - Equipment,EMP-1021,Rejected
TXN-03426,2024-02-11,McKinsey,Professional Services,6000,USD,completed,Finance,CC-002,PO-63761,INV-979841,McKinsey - Professional Services,EMP-1090,Rejected
TXN-03427,2024-12-24,Apple,Hardware - Equipment,1999,USD,delivered,Marketing,CC-002,PO-52868,INV-817153,Apple - Hardware - Equipment,EMP-1065,Rejected
TXN-03428,2024-06-21,Best Buy,Hardware - Equipment,1200,USD,delivered,Engineering,CC-001,PO-33649,INV-325272,Best Buy - Hardware - Equipment,EMP-1185,Rejected
TXN-03429,2024-01-07,Lyft,Travel - Ground,60,USD,completed,Sales,CC-003,PO-11719,INV-420163,Lyft - Travel - Ground,EMP-1233,Approved
TXN-03430,2024-11-26,Salesforce,Software - SaaS,600,USD,paid,HR,CC-001,PO-89093,INV-953079,Salesforce - Software - SaaS,EMP-1250,Pending
TXN-03431,2024-10-13,Lenovo,Hardware - Equipment,400,USD,paid,Engineering,CC-001,PO-25912,INV-690587,Lenovo - Hardware - Equipment,EMP-1012,Rejected
TXN-03432,2024-10-23,Chipotle,Meals & Entertainment,25,USD,pending,Operations,CC-003,PO-37381,INV-105237,Chipotle - Meals & Entertainment,EMP-1130,Approved
TXN-03433,2025-02-27,Google Cloud,Software - Cloud,950,USD,invoiced,Engineering,CC-003,PO-42132,INV-689725,Google Cloud - Software - Cloud,EMP-1218,Pending
TXN-03434,2024-01-25,Xero,Accounting Software,99,USD,completed,Sales,CC-003,PO-53032,INV-641299,Xero - Accounting Software,EMP-1248,Approved
TXN-03435,2024-07-20,Lyft,Travel - Ground,40,USD,pending,Operations,CC-003,PO-50625,INV-916311,Lyft - Travel - Ground,EMP-1055,Pending
TXN-03436,2025-02-12,Restaurants.com,Meals & Entertainment,300,USD,invoiced,Sales,CC-004,PO-18797,INV-656249,Restaurants.com - Meals & Entertainment,EMP-1241,Rejected
TXN-03437,2024-11-09,IKEA,Furniture - Fixed Asset,100,USD,completed,Marketing,CC-004,PO-67752,INV-266186,IKEA - Furniture - Fixed Asset,EMP-1075,Rejected
TXN-03438,2024-02-03,Salesforce,Software - SaaS,2500,USD,paid,HR,CC-003,PO-88463,INV-884014,Salesforce - Software - SaaS,EMP-1165,Rejected
TXN-03439,2025-03-26,Microsoft Azure,Software - Cloud,3000,USD,pending,Marketing,CC-002,PO-72326,INV-336355,Microsoft Azure - Software - Cloud,EMP-1102,Rejected
TXN-03440,2024-10-16,Zoom,Software - SaaS,299,USD,invoiced,HR,CC-001,PO-74265,INV-570485,Zoom - Software - SaaS,EMP-1118,Pending
TXN-03441,2024-01-13,Salesforce,Software - SaaS,300,USD,pending,Finance,CC-002,PO-89257,INV-325197,Salesforce - Software - SaaS,EMP-1206,Approved
TXN-03442,2024-02-16,HubSpot,Marketing - Software,1200,USD,completed,Marketing,CC-003,PO-63348,INV-420010,HubSpot - Marketing - Software,EMP-1045,Pending
TXN-03443,2024-04-12,Verizon,Utilities - Telecom,100,USD,invoiced,Finance,CC-005,PO-70508,INV-284271,Verizon - Utilities - Telecom,EMP-1184,Pending
TXN-03444,2024-03-10,Zoom,Software - SaaS,200,USD,delivered,Sales,CC-002,PO-85861,INV-747426,Zoom - Software - SaaS,EMP-1065,Approved
TXN-03445,2024-02-21,QuickBooks,Accounting Software,600,USD,completed,HR,CC-002,PO-99461,INV-190366,QuickBooks - Accounting Software,EMP-1215,Rejected
TXN-03446,2024-01-03,Google Cloud,Software - Cloud,950,USD,pending,HR,CC-003,PO-11116,INV-754779,Google Cloud - Software - Cloud,EMP-1077,Rejected
TXN-03447,2025-01-30,UPS,Shipping & Logistics,25,USD,delivered,Finance,CC-004,PO-39885,INV-201887,UPS - Shipping & Logistics,EMP-1106,Pending
TXN-03448,2024-09-26,GitHub,Software - Development,231,USD,paid,Marketing,CC-002,PO-43709,INV-118824,GitHub - Software - Development,EMP-1116,Approved
TXN-03449,2024-07-15,Xero,Accounting Software,400,USD,invoiced,Operations,CC-003,PO-11213,INV-326382,Xero - Accounting Software,EMP-1097,Rejected
TXN-03450,2024-01-19,Grubhub,Meals & Entertainment,180,USD,completed,Operations,CC-003,PO-64857,INV-960300,Grubhub - Meals & Entertainment,EMP-1221,Pending
TXN-03451,2024-05-20,Deloitte,Professional Services,25000,USD,completed,Finance,CC-003,PO-11503,INV-914024,Deloitte - Professional Services,EMP-1183,Rejected
TXN-03452,2024-06-09,FedEx,Shipping & Logistics,100,USD,delivered,Finance,CC-001,PO-63868,INV-139404,FedEx - Shipping & Logistics,EMP-1102,Rejected
TXN-03453,2024-07-21,Amazon,Hardware - Equipment,99,USD,paid,Marketing,CC-002,PO-53983,INV-775356,Amazon - Hardware - Equipment,EMP-1221,Approved
TXN-03454,2025-01-04,Google Cloud,Software - Cloud,1850,USD,completed,Finance,CC-004,PO-40199,INV-602115,Google Cloud - Software - Cloud,EMP-1097,Approved
TXN-03455,2024-11-10,Herman Miller,Furniture - Fixed Asset,800,USD,delivered,Marketing,CC-004,PO-73655,INV-931673,Herman Miller - Furniture - Fixed Asset,EMP-1020,Pending
TXN-03456,2024-04-26,Hilton Hotels,Travel - Lodging,220,USD,paid,Sales,CC-001,PO-68244,INV-704944,Hilton Hotels - Travel - Lodging,EMP-1113,Pending
TXN-03457,2024-12-25,United Airlines,Travel - Airfare,450,USD,paid,Sales,CC-001,,INV-318131,United Airlines - Travel - Airfare,EMP-1224,Rejected
TXN-03458,2024-05-04,DHL,Shipping & Logistics,400,USD,completed,Finance,CC-001,PO-63816,INV-789167,DHL - Shipping & Logistics,EMP-1044,Approved
TXN-03459,2024-10-25,Google Ads,Marketing - Digital,2500,USD,completed,Engineering,CC-002,PO-38753,INV-132942,Google Ads - Marketing - Digital,EMP-1236,Approved
TXN-03460,2024-12-12,Time Warner,Utilities - Internet,180,USD,invoiced,Marketing,CC-005,PO-10364,INV-596565,Time Warner - Utilities - Internet,EMP-1135,Rejected
TXN-03461,2024-02-23,Delta Airlines,Travel - Airfare,1400,USD,invoiced,Engineering,CC-003,PO-99296,INV-870911,Delta Airlines - Travel - Airfare,EMP-1195,Rejected
TXN-03462,2024-03-31,HubSpot,Marketing - Software,50,USD,pending,Sales,CC-001,PO-40751,INV-774307,HubSpot - Marketing - Software,EMP-1207,Approved
TXN-03463,2024-11-09,Chipotle,Meals & Entertainment,25,USD,completed,Sales,CC-005,,INV-489082,Chipotle - Meals & Entertainment,EMP-1242,Approved
TXN-03464,2024-06-12,Zoom,Software - SaaS,599,USD,delivered,Operations,CC-003,PO-97134,INV-854640,Zoom - Software - SaaS,EMP-1073,Rejected
TXN-03465,2024-10-17,Amazon,Hardware - Equipment,299,USD,paid,HR,CC-003,PO-66935,INV-348833,Amazon - Hardware - Equipment,EMP-1076,Approved
TXN-03466,2024-08-19,Zoom,Software - SaaS,200,USD,delivered,Engineering,CC-003,PO-37109,INV-189081,Zoom - Software - SaaS,EMP-1109,Pending
TXN-03467,2024-04-20,UberEats,Meals & Entertainment,185,USD,invoiced,Finance,CC-005,PO-47437,INV-755094,UberEats - Meals & Entertainment,EMP-1016,Rejected
TXN-03468,2024-05-27,Microsoft Azure,Software - Cloud,1500,USD,paid,HR,CC-005,PO-53985,INV-265950,Microsoft Azure - Software - Cloud,EMP-1037,Approved
TXN-03469,2024-11-10,Apple,Hardware - Equipment,799,USD,completed,Engineering,CC-001,PO-17321,INV-694993,Apple - Hardware - Equipment,EMP-1238,Pending
TXN-03470,2024-09-17,AWS,Software - Cloud,500,USD,invoiced,Marketing,CC-004,PO-13108,INV-359170,AWS - Software - Cloud,EMP-1068,Rejected
TXN-03471,2024-07-12,Southwest Airlines,Travel - Airfare,650,USD,delivered,Engineering,CC-003,PO-25403,INV-273828,Southwest Airlines - Travel - Airfare,EMP-1143,Rejected
TXN-03472,2024-09-20,Marriott Hotels,Travel - Lodging,800,USD,invoiced,HR,CC-001,,INV-816117,Marriott Hotels - Travel - Lodging,EMP-1103,Approved
TXN-03473,2024-06-21,Microsoft Azure,Software - Cloud,1500,USD,paid,Operations,CC-004,PO-47439,INV-818175,Microsoft Azure - Software - Cloud,EMP-1074,Approved
TXN-03474,2024-04-28,American Airlines,Travel - Airfare,1500,USD,delivered,Engineering,CC-005,PO-25140,INV-848983,American Airlines - Travel - Airfare,EMP-1046,Approved
TXN-03475,2024-08-21,Xero,Accounting Software,400,USD,completed,Operations,CC-001,PO-88317,INV-632531,Xero - Accounting Software,EMP-1028,Rejected
TXN-03476,2024-12-24,Southwest Airlines,Travel - Airfare,650,USD,delivered,Marketing,CC-001,PO-98052,INV-171273,Southwest Airlines - Travel - Airfare,EMP-1005,Pending
TXN-03477,2024-04-08,AT&T,Utilities - Telecom,150,USD,completed,Finance,CC-001,PO-44034,INV-988621,AT&T - Utilities - Telecom,EMP-1067,Rejected
TXN-03478,2024-11-26,PwC,Professional Services,20000,USD,paid,Sales,CC-002,PO-20103,INV-139421,PwC - Professional Services,EMP-1089,Pending
TXN-03479,2024-03-30,Lenovo,Hardware - Equipment,400,USD,completed,Marketing,CC-004,PO-11289,INV-777237,Lenovo - Hardware - Equipment,EMP-1245,Pending
TXN-03480,2024-06-19,Best Buy,Hardware - Equipment,100,USD,pending,Sales,CC-005,,INV-331645,Best Buy - Hardware - Equipment,EMP-1024,Approved
TXN-03481,2024-11-03,McKinsey,Professional Services,15000,USD,pending,HR,CC-004,PO-85577,INV-642681,McKinsey - Professional Services,EMP-1176,Approved
TXN-03482,2025-03-24,Office Depot,Office Supplies,200,USD,completed,Operations,CC-001,PO-17108,INV-249488,Office Depot - Office Supplies,EMP-1140,Pending
TXN-03483,2025-01-16,Uber,Travel - Ground,25,USD,pending,HR,CC-001,PO-39401,INV-212875,Uber - Travel - Ground,EMP-1216,Rejected
TXN-03484,2024-07-13,GitHub,Software - Development,21,USD,pending,HR,CC-002,,INV-402196,GitHub - Software - Development,EMP-1082,Pending
TXN-03485,2024-11-27,Datadog,Software - Monitoring,400,USD,paid,Finance,CC-004,,INV-353014,Datadog - Software - Monitoring,EMP-1089,Pending
TXN-03486,2024-11-25,Herman Miller,Furniture - Fixed Asset,800,USD,pending,Marketing,CC-005,PO-63508,INV-281147,Herman Miller - Furniture - Fixed Asset,EMP-1150,Approved
TXN-03487,2024-10-29,Grubhub,Meals & Entertainment,100,USD,pending,Finance,CC-003,PO-88141,INV-752238,Grubhub - Meals & Entertainment,EMP-1047,Pending
TXN-03488,2024-01-18,Facebook Ads,Marketing - Digital,2000,USD,invoiced,Operations,CC-003,PO-16215,INV-607600,Facebook Ads - Marketing - Digital,EMP-1229,Approved
TXN-03489,2024-04-16,AWS,Software - Cloud,10000,USD,delivered,Sales,CC-001,PO-15639,INV-821742,AWS - Software - Cloud,EMP-1175,Rejected
TXN-03490,2024-11-07,Accenture,Professional Services,35000,USD,delivered,Engineering,CC-002,PO-77227,INV-265325,Accenture - Professional Services,EMP-1113,Approved
TXN-03491,2025-01-11,Southwest Airlines,Travel - Airfare,1000,USD,delivered,Marketing,CC-003,,INV-319174,Southwest Airlines - Travel - Airfare,EMP-1067,Rejected
TXN-03492,2024-09-09,Google Cloud,Software - Cloud,4000,USD,completed,HR,CC-002,PO-11700,INV-804220,Google Cloud - Software - Cloud,EMP-1017,Rejected
TXN-03493,2024-04-25,Deloitte,Professional Services,25000,USD,paid,Finance,CC-001,PO-52021,INV-975921,Deloitte - Professional Services,EMP-1145,Pending
TXN-03494,2024-07-10,Office Depot,Office Supplies,75,USD,delivered,Finance,CC-001,PO-85237,INV-693032,Office Depot - Office Supplies,EMP-1055,Rejected
TXN-03495,2024-05-06,FedEx,Shipping & Logistics,20,USD,paid,Marketing,CC-002,PO-38458,INV-685791,FedEx - Shipping & Logistics,EMP-1026,Approved
TXN-03496,2024-03-02,Datadog,Software - Monitoring,3000,USD,invoiced,Operations,CC-004,PO-35284,INV-883610,Datadog - Software - Monitoring,EMP-1058,Approved
TXN-03497,2024-12-18,Lyft,Travel - Ground,40,USD,completed,Sales,CC-004,PO-23135,INV-965072,Lyft - Travel - Ground,EMP-1125,Pending
TXN-03498,2024-02-18,HubSpot,Marketing - Software,50,USD,invoiced,Engineering,CC-002,PO-87879,INV-905625,HubSpot - Marketing - Software,EMP-1166,Pending
TXN-03499,2024-05-05,AWS,Software - Cloud,5000,USD,delivered,Operations,CC-001,PO-14677,INV-697973,AWS - Software - Cloud,EMP-1021,Pending
TXN-03500,2025-03-26,Datadog,Software - Monitoring,1500,USD,invoiced,Sales,CC-002,,INV-303106,Datadog - Software - Monitoring,EMP-1076,Rejected
TXN-03501,2024-04-07,UberEats,Meals & Entertainment,185,USD,completed,Finance,CC-003,PO-64829,INV-835898,UberEats - Meals & Entertainment,EMP-1100,Pending
TXN-03502,2024-12-28,Delta Airlines,Travel - Airfare,900,USD,delivered,Operations,CC-001,PO-38365,INV-505083,Delta Airlines - Travel - Airfare,EMP-1119,Rejected
TXN-03503,2024-08-29,LawDepot,Legal Services,2500,USD,paid,Engineering,CC-004,PO-58920,INV-179310,LawDepot - Legal Services,EMP-1101,Rejected
TXN-03504,2024-04-14,AMAZON,Hardware - Equipment,2499,USD,delivered,Finance,CC-004,PO-30769,INV-723342,AMAZON - Hardware - Equipment,EMP-1236,Pending
TXN-03505,2025-02-17,Herman Miller,Furniture - Fixed Asset,800,USD,paid,Operations,CC-005,PO-85200,INV-554543,Herman Miller - Furniture - Fixed Asset,EMP-1065,Approved
TXN-03506,2025-01-03,GitHub,Software - Development,21,USD,pending,Operations,CC-005,PO-18716,INV-258343,GitHub - Software - Development,EMP-1246,Approved
TXN-03507,2024-10-14,Verizon,Utilities - Telecom,200,USD,pending,Operations,CC-005,PO-56917,INV-135064,Verizon - Utilities - Telecom,EMP-1201,Approved
TXN-03508,2024-02-19,Stripe,Software - Payments,500,USD,delivered,Sales,CC-002,PO-12692,INV-434664,Stripe - Software - Payments,EMP-1129,Approved
TXN-03509,2024-02-13,Stripe,Software - Payments,2500,USD,delivered,Finance,CC-005,PO-90486,INV-988331,Stripe - Software - Payments,EMP-1082,Pending
TXN-03510,2024-05-25,Google Cloud,Software - Cloud,400,USD,completed,Operations,CC-004,PO-24939,INV-385450,Google Cloud - Software - Cloud,EMP-1043,Rejected
TXN-03511,2024-03-27,Herman Miller,Furniture - Fixed Asset,800,USD,pending,Sales,CC-003,,INV-679429,Herman Miller - Furniture - Fixed Asset,EMP-1189,Approved
TXN-03512,2025-03-19,Amazon,Hardware - Equipment,99,USD,completed,Finance,CC-002,PO-94612,INV-431744,Amazon - Hardware - Equipment,EMP-1150,Approved
TXN-03513,2024-07-21,Salesforce,Software - SaaS,300,USD,paid,Marketing,CC-003,PO-74896,INV-314322,Salesforce - Software - SaaS,EMP-1250,Rejected
TXN-03514,2024-03-03,Comcast,Utilities - Internet,200,USD,delivered,HR,CC-002,PO-17454,INV-625435,Comcast - Utilities - Internet,EMP-1184,Rejected
TXN-03515,2024-06-06,Time Warner,Utilities - Internet,100,USD,paid,Finance,CC-004,PO-99139,INV-376149,Time Warner - Utilities - Internet,EMP-1009,Approved
TXN-03516,2024-08-21,Time Warner,Utilities - Internet,100,USD,invoiced,Engineering,CC-005,PO-84914,INV-371922,Time Warner - Utilities - Internet,EMP-1206,Pending
TXN-03517,2025-01-01,Facebook Ads,Marketing - Digital,2000,USD,delivered,Engineering,CC-005,PO-19544,INV-324983,Facebook Ads - Marketing - Digital,EMP-1181,Approved
TXN-03518,2024-10-15,Herman Miller,Furniture - Fixed Asset,3000,USD,pending,HR,CC-005,PO-82719,INV-400027,Herman Miller - Furniture - Fixed Asset,EMP-1043,Approved
TXN-03519,2025-03-07,Zoom,Software - SaaS,299,USD,pending,HR,CC-003,PO-56607,INV-163295,Zoom - Software - SaaS,EMP-1101,Rejected
TXN-03520,2025-01-07,Amazon,Hardware - Equipment,299,USD,pending,Operations,CC-005,PO-48019,INV-941523,Amazon - Hardware - Equipment,EMP-1042,Pending
TXN-03521,2024-08-15,Verizon,Utilities - Telecom,200,USD,completed,Operations,CC-003,,INV-783909,Verizon - Utilities - Telecom,EMP-1174,Approved
TXN-03522,2024-11-30,McKinsey,Professional Services,15000,USD,invoiced,HR,CC-002,PO-78089,INV-978214,McKinsey - Professional Services,EMP-1230,Approved
TXN-03523,2024-04-14,Chipotle,Meals & Entertainment,15,USD,completed,HR,CC-003,PO-96527,INV-887793,Chipotle - Meals & Entertainment,EMP-1177,Pending
TXN-03524,2024-06-20,Herman Miller,Furniture - Fixed Asset,1500,USD,invoiced,Sales,CC-003,PO-11609,INV-929274,Herman Miller - Furniture - Fixed Asset,EMP-1188,Approved
TXN-03525,2024-09-23,United Airlines,Travel - Airfare,850,USD,pending,Engineering,CC-004,PO-88245,INV-351904,United Airlines - Travel - Airfare,EMP-1177,Pending
TXN-03526,2024-08-16,UPS,Shipping & Logistics,350,USD,paid,Operations,CC-002,PO-75759,INV-319295,UPS - Shipping & Logistics,EMP-1081,Approved
TXN-03527,2024-01-23,LawDepot,Legal Services,2500,USD,delivered,Finance,CC-003,PO-37844,INV-884636,LawDepot - Legal Services,EMP-1061,Pending
TXN-03528,2024-01-21,Salesforce,Software - SaaS,1200,USD,delivered,Marketing,CC-005,PO-60695,INV-367611,Salesforce - Software - SaaS,EMP-1095,Approved
TXN-03529,2025-02-17,Apple,Hardware - Equipment,1999,USD,invoiced,HR,CC-002,PO-13216,INV-169353,Apple - Hardware - Equipment,EMP-1194,Pending
TXN-03530,2024-10-20,Verizon,Utilities - Telecom,350,USD,invoiced,Finance,CC-003,PO-93193,INV-420680,Verizon - Utilities - Telecom,EMP-1021,Pending
TXN-03531,2025-01-22,HubSpot,Marketing - Software,1200,USD,completed,Operations,CC-001,PO-85264,INV-282975,HubSpot - Marketing - Software,EMP-1126,Rejected
TXN-03532,2024-01-31,Dell,Hardware - Equipment,500,USD,invoiced,Sales,CC-005,PO-40613,INV-582118,Dell - Hardware - Equipment,EMP-1208,Rejected
TXN-03533,2024-08-30,IKEA,Furniture - Fixed Asset,600,USD,invoiced,Finance,CC-005,PO-62960,INV-462562,IKEA - Furniture - Fixed Asset,EMP-1113,Approved
TXN-03534,2024-12-20,Best Buy,Hardware - Equipment,100,USD,pending,Marketing,CC-004,PO-53040,INV-565198,Best Buy - Hardware - Equipment,EMP-1184,Pending
TXN-03535,2024-11-09,American Airlines,Travel - Airfare,1500,USD,delivered,HR,CC-005,PO-52543,INV-541216,American Airlines - Travel - Airfare,EMP-1014,Rejected
TXN-03536,2024-08-04,QuickBooks,Accounting Software,120,USD,invoiced,Marketing,CC-002,PO-86248,INV-783993,QuickBooks - Accounting Software,EMP-1066,Rejected
TXN-03537,2024-02-22,Marriott Hotels,Travel - Lodging,250,USD,completed,HR,CC-005,PO-22711,INV-452929,Marriott Hotels - Travel - Lodging,EMP-1156,Rejected
TXN-03538,2025-03-15,Time Warner,Utilities - Internet,100,USD,delivered,Operations,CC-004,PO-17382,INV-525012,Time Warner - Utilities - Internet,EMP-1211,Pending
TXN-03539,2025-02-27,Starbucks,Meals & Entertainment,5,USD,pending,Engineering,CC-002,PO-66059,INV-359164,Starbucks - Meals & Entertainment,EMP-1177,Approved
TXN-03540,2024-06-25,Chipotle,Meals & Entertainment,15,USD,delivered,Finance,CC-002,PO-45828,INV-834826,Chipotle - Meals & Entertainment,EMP-1211,Rejected
TXN-03541,2025-01-17,McKinsey,Professional Services,6000,USD,delivered,Engineering,CC-005,PO-45989,INV-996297,McKinsey - Professional Services,EMP-1028,Approved
TXN-03542,2024-08-19,LawDepot,Legal Services,2500,USD,pending,Operations,CC-003,PO-39373,INV-440001,LawDepot - Legal Services,EMP-1101,Rejected
TXN-03543,2024-07-24,Apple,Hardware - Equipment,1200,USD,pending,Finance,CC-004,PO-47953,INV-804200,Apple - Hardware - Equipment,EMP-1112,Rejected
TXN-03544,2024-12-25,Office Depot,Office Supplies,75,USD,pending,Marketing,CC-002,PO-36205,INV-436329,Office Depot - Office Supplies,EMP-1019,Pending
TXN-03545,2025-03-15,American Airlines,Travel - Airfare,950,USD,paid,Marketing,CC-004,PO-89699,INV-489821,American Airlines - Travel - Airfare,EMP-1246,Pending
TXN-03546,2025-01-11,Hilton Hotels,Travel - Lodging,220,USD,delivered,HR,CC-004,PO-57980,INV-560248,Hilton Hotels - Travel - Lodging,EMP-1094,Rejected
TXN-03547,2024-08-20,Zoom Inc,Software - SaaS,200,USD,delivered,Finance,CC-004,PO-18072,INV-778884,Zoom Inc - Software - SaaS,EMP-1217,Rejected
TXN-03548,2024-02-13,Steelcase,Furniture - Fixed Asset,1000,USD,completed,Engineering,CC-003,PO-93905,INV-982731,Steelcase - Furniture - Fixed Asset,EMP-1025,Approved
TXN-03549,2024-10-23,Time Warner,Utilities - Internet,180,USD,delivered,Engineering,CC-002,PO-53127,INV-398974,Time Warner - Utilities - Internet,EMP-1084,Approved
TXN-03550,2024-01-08,DoorDash,Meals & Entertainment,200,USD,delivered,HR,CC-001,PO-13927,INV-215194,DoorDash - Meals & Entertainment,EMP-1225,Rejected
TXN-03551,2024-04-22,Hilton Hotels,Travel - Lodging,120,USD,delivered,Engineering,CC-002,PO-71592,INV-865453,Hilton Hotels - Travel - Lodging,EMP-1154,Approved
TXN-03552,2024-09-16,Staples,Office Supplies,150,USD,pending,Marketing,CC-005,PO-20102,INV-578484,Staples - Office Supplies,EMP-1220,Approved
TXN-03553,2025-03-26,Steelcase,Furniture - Fixed Asset,1800,USD,paid,HR,CC-001,PO-15947,INV-203326,Steelcase - Furniture - Fixed Asset,EMP-1159,Pending
TXN-03554,2024-12-04,Chipotle,Meals & Entertainment,25,USD,completed,Operations,CC-004,PO-21046,INV-674533,Chipotle - Meals & Entertainment,EMP-1243,Approved
TXN-03555,2024-04-30,Microsoft Azure,Software - Cloud,300,USD,paid,Marketing,CC-002,PO-60393,INV-332214,Microsoft Azure - Software - Cloud,EMP-1156,Approved
TXN-03556,2024-06-01,Salesforce,Software - SaaS,2500,USD,completed,Operations,CC-002,,INV-993637,Salesforce - Software - SaaS,EMP-1163,Rejected
TXN-03557,2024-02-22,Herman Miller,Furniture - Fixed Asset,800,USD,invoiced,Sales,CC-002,PO-57182,INV-531994,Herman Miller - Furniture - Fixed Asset,EMP-1062,Approved
TXN-03558,2024-08-11,Google Cloud,Software - Cloud,400,USD,invoiced,Sales,CC-001,,INV-834878,Google Cloud - Software - Cloud,EMP-1152,Pending
TXN-03559,2024-09-24,Lyft,Travel - Ground,40,USD,delivered,Marketing,CC-004,PO-62703,INV-753377,Lyft - Travel - Ground,EMP-1165,Pending
TXN-03560,2025-01-21,American Airlines,Travel - Airfare,950,USD,completed,Finance,CC-001,PO-56309,INV-629924,American Airlines - Travel - Airfare,EMP-1168,Rejected
TXN-03561,2025-03-29,FedEx,Shipping & Logistics,20,USD,paid,Marketing,CC-004,PO-86657,INV-617063,FedEx - Shipping & Logistics,EMP-1161,Pending
TXN-03562,2024-07-20,McKinsey,Professional Services,6000,USD,completed,HR,CC-001,PO-96249,INV-577623,McKinsey - Professional Services,EMP-1130,Pending
TXN-03563,2025-03-02,United Airlines,Travel - Airfare,250,USD,completed,HR,CC-001,PO-24625,INV-229241,United Airlines - Travel - Airfare,EMP-1061,Rejected
TXN-03564,2024-02-11,Accenture,Professional Services,3000,USD,completed,Marketing,CC-002,,INV-184391,Accenture - Professional Services,EMP-1102,Approved
TXN-03565,2024-03-28,Dell,Hardware - Equipment,2500,USD,pending,Operations,CC-005,PO-67280,INV-625476,Dell - Hardware - Equipment,EMP-1027,Rejected
TXN-03566,2024-11-15,Time Warner,Utilities - Internet,180,USD,delivered,Sales,CC-003,PO-39749,INV-571910,Time Warner - Utilities - Internet,EMP-1008,Pending
TXN-03567,2024-02-22,DHL,Shipping & Logistics,60,USD,delivered,Finance,CC-002,PO-83838,INV-996040,DHL - Shipping & Logistics,EMP-1088,Approved
TXN-03568,2024-11-24,Lyft,Travel - Ground,12,USD,invoiced,Finance,CC-001,PO-42871,INV-872861,Lyft - Travel - Ground,EMP-1069,Rejected
TXN-03569,2024-11-09,office depot,Office Supplies,350,USD,completed,Operations,CC-001,PO-66090,INV-546603,office depot - Office Supplies,EMP-1104,Approved
TXN-03570,2024-02-09,Google Cloud,Software - Cloud,4000,USD,delivered,Engineering,CC-004,PO-58268,INV-320673,Google Cloud - Software - Cloud,EMP-1013,Approved
TXN-03571,2024-04-29,Dell,Hardware - Equipment,2500,USD,invoiced,Marketing,CC-003,PO-58117,INV-686491,Dell - Hardware - Equipment,EMP-1125,Rejected
TXN-03572,2024-07-15,Stripe,Software - Payments,500,USD,paid,Engineering,CC-005,PO-98241,INV-875448,Stripe - Software - Payments,EMP-1054,Rejected
TXN-03573,2024-11-29,LinkedIn Ads,Marketing - Digital,2500,USD,completed,Sales,CC-003,PO-21885,INV-848916,LinkedIn Ads - Marketing - Digital,EMP-1072,Approved
TXN-03574,2024-01-23,HubSpot,Marketing - Software,200,USD,paid,Engineering,CC-002,PO-78961,INV-275547,HubSpot - Marketing - Software,EMP-1149,Pending
TXN-03575,2025-02-18,Marriott Hotels,Travel - Lodging,800,USD,paid,Sales,CC-002,PO-69472,INV-663515,Marriott Hotels - Travel - Lodging,EMP-1230,Pending
TXN-03576,2024-08-05,Best Buy,Hardware - Equipment,1200,USD,delivered,Marketing,CC-002,PO-89182,INV-699968,Best Buy - Hardware - Equipment,EMP-1207,Approved
TXN-03577,2025-03-13,Delta Airlines,Travel - Airfare,280,USD,paid,Engineering,CC-002,PO-88915,INV-455484,Delta Airlines - Travel - Airfare,EMP-1233,Approved
TXN-03578,2025-01-02,Chipotle,Meals & Entertainment,25,USD,paid,HR,CC-005,PO-99467,INV-740938,Chipotle - Meals & Entertainment,EMP-1234,Approved
TXN-03579,2024-06-14,Marriott Hotels,Travel - Lodging,800,USD,pending,HR,CC-005,PO-69630,INV-713267,Marriott Hotels - Travel - Lodging,EMP-1029,Pending
TXN-03580,2024-01-30,Restaurants.com,Meals & Entertainment,80,USD,delivered,HR,CC-005,PO-55809,INV-972543,Restaurants.com - Meals & Entertainment,EMP-1148,Approved
TXN-03581,2024-03-23,Restaurants.com,Meals & Entertainment,300,USD,completed,Finance,CC-001,PO-90143,INV-153333,Restaurants.com - Meals & Entertainment,EMP-1128,Rejected
TXN-03582,2024-04-18,Best Buy,Hardware - Equipment,100,USD,completed,Operations,CC-005,PO-56326,INV-267073,Best Buy - Hardware - Equipment,EMP-1144,Rejected
TXN-03583,2024-11-05,Delta Airlines,Travel - Airfare,500,USD,paid,Marketing,CC-004,PO-51930,INV-837895,Delta Airlines - Travel - Airfare,EMP-1009,Approved
TXN-03584,2024-03-19,Grubhub,Meals & Entertainment,25,USD,completed,Sales,CC-003,PO-27387,INV-491292,Grubhub - Meals & Entertainment,EMP-1199,Rejected
TXN-03585,2024-08-07,FedEx,Shipping & Logistics,45,USD,delivered,Sales,CC-001,,INV-221250,FedEx - Shipping & Logistics,EMP-1190,Pending
TXN-03586,2024-10-28,Accenture,Professional Services,7000,USD,pending,Finance,CC-002,,INV-334688,Accenture - Professional Services,EMP-1090,Rejected
TXN-03587,2024-08-21,Deloitte,Professional Services,10000,USD,completed,HR,CC-001,PO-15249,INV-127801,Deloitte - Professional Services,EMP-1019,Pending
TXN-03588,2025-01-17,Amazon Business,Office Supplies,100,USD,delivered,Operations,CC-001,PO-30399,INV-407687,Amazon Business - Office Supplies,EMP-1212,Approved
TXN-03589,2024-08-07,Google Ads,Marketing - Digital,2500,USD,invoiced,Sales,CC-005,PO-81407,INV-833388,Google Ads - Marketing - Digital,EMP-1017,Pending
TXN-03590,2024-06-13,Twilio,Software - Communications,50,USD,completed,HR,CC-004,PO-41724,INV-909460,Twilio - Software - Communications,EMP-1138,Approved
TXN-03591,2024-12-30,Delta Airlines,Travel - Airfare,500,USD,delivered,Operations,CC-001,PO-92305,INV-579014,Delta Airlines - Travel - Airfare,EMP-1205,Pending
TXN-03592,2025-01-14,PwC Inc,Professional Services,40000,USD,paid,Operations,CC-002,PO-72339,INV-378269,PwC Inc - Professional Services,EMP-1186,Rejected
TXN-03593,2024-05-09,Uber,Travel - Ground,25,USD,delivered,Sales,CC-005,PO-57988,INV-114321,Uber - Travel - Ground,EMP-1235,Rejected
TXN-03594,2025-03-29,Slack,Software - SaaS,125,USD,delivered,Operations,CC-002,PO-58322,INV-742313,Slack - Software - SaaS,EMP-1203,Approved
TXN-03595,2024-11-05,GitHub,Software - Development,231,USD,paid,Sales,CC-003,PO-58152,INV-955984,GitHub - Software - Development,EMP-1152,Pending
TXN-03596,2024-12-26,Lenovo,Hardware - Equipment,2000,USD,paid,HR,CC-001,PO-83877,INV-648220,Lenovo - Hardware - Equipment,EMP-1079,Rejected
TXN-03597,2024-10-26,American Airlines,Travel - Airfare,950,USD,delivered,Engineering,CC-001,PO-14824,INV-201694,American Airlines - Travel - Airfare,EMP-1117,Pending
TXN-03598,2024-03-17,Accenture,Professional Services,15000,USD,pending,Sales,CC-004,PO-33591,INV-189029,Accenture - Professional Services,EMP-1126,Pending
TXN-03599,2024-04-28,Microsoft Azure,Software - Cloud,300,USD,invoiced,Sales,CC-004,PO-88512,INV-396417,Microsoft Azure - Software - Cloud,EMP-1132,Pending
TXN-03600,2024-09-18,Southwest Airlines,Travel - Airfare,150,USD,invoiced,HR,CC-005,PO-97569,INV-611911,Southwest Airlines - Travel - Airfare,EMP-1211,Pending
TXN-03601,2024-02-22,Google Cloud,Software - Cloud,1850,USD,pending,Sales,CC-002,PO-59248,INV-608094,Google Cloud - Software - Cloud,EMP-1129,Pending
TXN-03602,2024-02-05,LawDepot,Legal Services,1000,USD,delivered,Engineering,CC-001,PO-74904,INV-227976,LawDepot - Legal Services,EMP-1192,Rejected
TXN-03603,2024-08-05,Datadog,Software - Monitoring,400,USD,pending,Marketing,CC-004,PO-85392,INV-348753,Datadog - Software - Monitoring,EMP-1154,Approved
TXN-03604,2024-02-03,Chipotle,Meals & Entertainment,10,USD,paid,Engineering,CC-003,PO-72295,INV-842610,Chipotle - Meals & Entertainment,EMP-1097,Pending
TXN-03605,2024-03-20,DHL,Shipping & Logistics,150,USD,paid,Sales,CC-001,PO-14560,INV-670818,DHL - Shipping & Logistics,EMP-1026,Rejected
TXN-03606,2025-01-15,HubSpot,Marketing - Software,200,USD,pending,Finance,CC-004,PO-21626,INV-682417,HubSpot - Marketing - Software,EMP-1108,Approved
TXN-03607,2024-04-01,Datadog,Software - Monitoring,1500,USD,completed,Marketing,CC-001,PO-12949,INV-778034,Datadog - Software - Monitoring,EMP-1231,Pending
TXN-03608,2025-01-21,Xero,Accounting Software,400,USD,completed,Engineering,CC-001,,INV-605597,Xero - Accounting Software,EMP-1061,Rejected
TXN-03609,2024-08-05,Datadog,Software - Monitoring,400,USD,delivered,HR,CC-002,PO-36805,INV-722554,Datadog - Software - Monitoring,EMP-1055,Approved
TXN-03610,2024-06-22,Accenture,Professional Services,3000,USD,paid,HR,CC-001,PO-32358,INV-318597,Accenture - Professional Services,EMP-1226,Rejected
TXN-03611,2025-03-09,Deloitte,Professional Services,25000,USD,paid,Sales,CC-004,PO-46532,INV-848578,Deloitte - Professional Services,EMP-1183,Approved
TXN-03612,2024-11-08,AWS Inc,Software - Cloud,1000,USD,invoiced,Operations,CC-004,PO-89945,INV-820551,AWS Inc - Software - Cloud,EMP-1069,Rejected
TXN-03613,2024-11-04,AT&T,Utilities - Telecom,150,USD,paid,Finance,CC-001,PO-34269,INV-892060,AT&T - Utilities - Telecom,EMP-1113,Rejected
TXN-03614,2024-10-19,QuickBooks,Accounting Software,600,USD,invoiced,HR,CC-001,PO-19518,INV-572023,QuickBooks - Accounting Software,EMP-1007,Rejected
TXN-03615,2024-11-14,Airbnb,Travel - Lodging,80,USD,paid,Engineering,CC-001,PO-71452,INV-335689,Airbnb - Travel - Lodging,EMP-1057,Rejected
TXN-03616,2024-05-29,American Airlines,Travel - Airfare,950,USD,completed,Marketing,CC-004,PO-79586,INV-668100,American Airlines - Travel - Airfare,EMP-1217,Approved
TXN-03617,2024-10-13,Best Buy,Hardware - Equipment,100,USD,pending,Sales,CC-005,PO-84887,INV-574875,Best Buy - Hardware - Equipment,EMP-1109,Rejected
TXN-03618,2024-02-18,AT&T,Utilities - Telecom,80,USD,delivered,Engineering,CC-002,PO-97023,INV-741768,AT&T - Utilities - Telecom,EMP-1007,Approved
TXN-03619,2024-02-07,Salesforce,Software - SaaS,2500,USD,paid,Sales,CC-005,PO-12786,INV-898520,Salesforce - Software - SaaS,EMP-1019,Rejected
TXN-03620,2024-10-16,Uber Inc,Travel - Ground,120,USD,delivered,HR,CC-003,PO-66187,INV-673759,Uber Inc - Travel - Ground,EMP-1119,Pending
TXN-03621,2024-03-22,Xero,Accounting Software,99,USD,completed,HR,CC-005,PO-57941,INV-262731,Xero - Accounting Software,EMP-1036,Pending
TXN-03622,2024-10-21,IKEA,Furniture - Fixed Asset,300,USD,delivered,Operations,CC-005,PO-85898,INV-690965,IKEA - Furniture - Fixed Asset,EMP-1170,Rejected
TXN-03623,2024-07-26,Apple,Hardware - Equipment,199,USD,pending,Engineering,CC-003,PO-73387,INV-388505,Apple - Hardware - Equipment,EMP-1203,Approved
TXN-03624,2024-03-22,AT&T,Utilities - Telecom,150,USD,invoiced,Operations,CC-003,PO-16856,INV-110845,AT&T - Utilities - Telecom,EMP-1108,Approved
TXN-03625,2024-06-13,Stripe,Software - Payments,2500,USD,paid,Operations,CC-003,PO-28331,INV-179397,Stripe - Software - Payments,EMP-1021,Pending
TXN-03626,2024-01-14,Airbnb,Travel - Lodging,80,USD,pending,Engineering,CC-002,,INV-244022,Airbnb - Travel - Lodging,EMP-1025,Approved
TXN-03627,2024-11-16,Amazon Business,Office Supplies,100,USD,pending,Operations,CC-002,PO-87797,INV-705562,Amazon Business - Office Supplies,EMP-1068,Rejected
TXN-03628,2024-09-09,Chipotle,Meals & Entertainment,15,USD,pending,Marketing,CC-002,PO-71578,INV-421973,Chipotle - Meals & Entertainment,EMP-1037,Pending
TXN-03629,2024-01-02,UPS,Shipping & Logistics,120,USD,completed,Engineering,CC-001,PO-88838,INV-900037,UPS - Shipping & Logistics,EMP-1150,Pending
TXN-03630,2024-09-16,Facebook Ads,Marketing - Digital,2000,USD,invoiced,Marketing,CC-001,PO-62032,INV-127714,Facebook Ads - Marketing - Digital,EMP-1095,Pending
TXN-03631,2024-07-17,PwC,Professional Services,40000,USD,invoiced,Finance,CC-004,PO-33234,INV-414822,PwC - Professional Services,EMP-1214,Rejected
TXN-03632,2024-12-21,Microsoft Azure,Software - Cloud,1500,USD,invoiced,HR,CC-004,PO-24946,INV-947020,Microsoft Azure - Software - Cloud,EMP-1045,Pending
TXN-03633,2024-04-08,Southwest Airlines,Travel - Airfare,1000,USD,completed,Finance,CC-003,PO-12805,INV-884775,Southwest Airlines - Travel - Airfare,EMP-1006,Approved
TXN-03634,2024-06-20,Lyft,Travel - Ground,40,USD,invoiced,Operations,CC-002,,INV-242064,Lyft - Travel - Ground,EMP-1240,Rejected
TXN-03635,2025-01-11,Steelcase,Furniture - Fixed Asset,600,USD,invoiced,Engineering,CC-002,,INV-518340,Steelcase - Furniture - Fixed Asset,EMP-1117,Approved
TXN-03636,2024-07-03,Facebook Ads,Marketing - Digital,2000,USD,invoiced,HR,CC-005,PO-30546,INV-221021,Facebook Ads - Marketing - Digital,EMP-1085,Pending
TXN-03637,2024-07-26,Dell,Hardware - Equipment,500,USD,invoiced,Marketing,CC-005,,INV-426236,Dell - Hardware - Equipment,EMP-1106,Pending
TXN-03638,2024-12-17,PwC,Professional Services,4000,USD,delivered,Sales,CC-003,PO-82002,INV-362307,PwC - Professional Services,EMP-1223,Pending
TXN-03639,2025-03-21,DoorDash,Meals & Entertainment,25,USD,pending,Sales,CC-001,PO-80835,INV-911986,DoorDash - Meals & Entertainment,EMP-1178,Approved
TXN-03640,2025-03-01,Staples,Office Supplies,500,USD,completed,HR,CC-005,PO-73853,INV-635712,Staples - Office Supplies,EMP-1235,Approved
TXN-03641,2024-03-27,United Airlines,Travel - Airfare,2500,USD,invoiced,Operations,CC-004,PO-38312,INV-932771,United Airlines - Travel - Airfare,EMP-1141,Approved
TXN-03642,2024-06-05,American Airlines,Travel - Airfare,950,USD,invoiced,Finance,CC-001,PO-75186,INV-286345,American Airlines - Travel - Airfare,EMP-1111,Rejected
TXN-03643,2024-04-29,PwC,Professional Services,8000,USD,completed,Finance,CC-005,PO-60282,INV-270938,PwC - Professional Services,EMP-1189,Rejected
TXN-03644,2024-03-27,DoorDash,Meals & Entertainment,25,USD,pending,Engineering,CC-004,PO-72420,INV-295307,DoorDash - Meals & Entertainment,EMP-1179,Pending
TXN-03645,2025-02-04,Google Ads,Marketing - Digital,500,USD,pending,Engineering,CC-001,PO-84268,INV-486154,Google Ads - Marketing - Digital,EMP-1036,Rejected
TXN-03646,2024-10-22,Comcast,Utilities - Internet,120,USD,completed,Engineering,CC-003,PO-12785,INV-461395,Comcast - Utilities - Internet,EMP-1049,Rejected
TXN-03647,2024-09-10,UberEats,Meals & Entertainment,100,USD,invoiced,Sales,CC-001,PO-28230,INV-423751,UberEats - Meals & Entertainment,EMP-1201,Pending
TXN-03648,2025-01-24,Restaurants.com,Meals & Entertainment,80,USD,delivered,Marketing,CC-004,PO-73306,INV-167067,Restaurants.com - Meals & Entertainment,EMP-1075,Approved
TXN-03649,2024-05-19,Best Buy,Hardware - Equipment,100,USD,paid,Finance,CC-001,PO-26138,INV-226785,Best Buy - Hardware - Equipment,EMP-1136,Rejected
TXN-03650,2025-02-10,Dell,Hardware - Equipment,2500,USD,pending,Marketing,CC-003,,INV-771677,Dell - Hardware - Equipment,EMP-1052,Rejected
TXN-03651,2024-08-01,DoorDash,Meals & Entertainment,200,USD,paid,Operations,CC-004,PO-61704,INV-803771,DoorDash - Meals & Entertainment,EMP-1092,Rejected
TXN-03652,2024-01-13,Southwest Airlines,Travel - Airfare,1000,USD,pending,Marketing,CC-004,PO-38204,INV-569408,Southwest Airlines - Travel - Airfare,EMP-1027,Approved
TXN-03653,2024-08-06,IKEA,Furniture - Fixed Asset,100,USD,pending,Finance,CC-003,PO-87930,INV-243898,IKEA - Furniture - Fixed Asset,EMP-1240,Pending
TXN-03654,2025-02-21,Accenture,Professional Services,3000,USD,invoiced,Sales,CC-001,PO-58534,INV-494201,Accenture - Professional Services,EMP-1187,Approved
TXN-03655,2024-09-14,Time Warner,Utilities - Internet,60,USD,paid,Operations,CC-004,PO-91011,INV-473421,Time Warner - Utilities - Internet,EMP-1218,Rejected
TXN-03656,2025-03-08,IKEA,Furniture - Fixed Asset,1200,USD,delivered,Marketing,CC-002,PO-59036,INV-715898,IKEA - Furniture - Fixed Asset,EMP-1177,Pending
TXN-03657,2024-09-05,Time Warner,Utilities - Internet,60,USD,pending,Operations,CC-003,PO-20337,INV-684845,Time Warner - Utilities - Internet,EMP-1112,Pending
TXN-03658,2024-05-19,Restaurants.com,Meals & Entertainment,80,USD,delivered,Finance,CC-005,PO-48906,INV-672402,Restaurants.com - Meals & Entertainment,EMP-1215,Pending
TXN-03659,2024-09-14,Marriott Hotels,Travel - Lodging,800,USD,paid,Sales,CC-003,PO-93785,INV-309918,Marriott Hotels - Travel - Lodging,EMP-1159,Rejected
TXN-03660,2024-03-31,Uber,Travel - Ground,15,USD,paid,Finance,CC-004,PO-86147,INV-274585,Uber - Travel - Ground,EMP-1150,Rejected
TXN-03661,2025-01-18,UPS,Shipping & Logistics,120,USD,delivered,HR,CC-003,PO-40828,INV-342112,UPS - Shipping & Logistics,EMP-1062,Rejected
TXN-03662,2024-05-18,Microsoft Azure,Software - Cloud,1500,USD,invoiced,Sales,CC-003,PO-95655,INV-557347,Microsoft Azure - Software - Cloud,EMP-1073,Pending
TXN-03663,2024-05-25,Grubhub,Meals & Entertainment,50,USD,completed,Engineering,CC-002,PO-86639,INV-856628,Grubhub - Meals & Entertainment,EMP-1226,Rejected
TXN-03664,2024-12-14,Apple,Hardware - Equipment,1999,USD,delivered,Sales,CC-004,PO-82884,INV-716630,Apple - Hardware - Equipment,EMP-1249,Rejected
TXN-03665,2025-02-24,Lenovo,Hardware - Equipment,1000,USD,completed,Operations,CC-003,,INV-747375,Lenovo - Hardware - Equipment,EMP-1047,Rejected
TXN-03666,2025-01-12,DoorDash,Meals & Entertainment,200,USD,invoiced,HR,CC-004,PO-30750,INV-602059,DoorDash - Meals & Entertainment,EMP-1074,Approved
TXN-03667,2024-07-01,Twilio,Software - Communications,1000,USD,invoiced,Engineering,CC-003,PO-98896,INV-948881,Twilio - Software - Communications,EMP-1015,Approved
TXN-03668,2024-09-08,Apple,Hardware - Equipment,199,USD,invoiced,Sales,CC-003,PO-52470,INV-412553,Apple - Hardware - Equipment,EMP-1162,Approved
TXN-03669,2025-03-04,UPS,Shipping & Logistics,350,USD,completed,Engineering,CC-003,,INV-706582,UPS - Shipping & Logistics,EMP-1243,Pending
TXN-03670,2024-04-19,HubSpot,Marketing - Software,500,USD,completed,Sales,CC-004,PO-28217,INV-762994,HubSpot - Marketing - Software,EMP-1243,Approved
TXN-03671,2024-09-24,Facebook Ads,Marketing - Digital,300,USD,completed,Operations,CC-002,,INV-988960,Facebook Ads - Marketing - Digital,EMP-1133,Rejected
TXN-03672,2024-01-23,FedEx,Shipping & Logistics,500,USD,delivered,Marketing,CC-004,PO-65158,INV-843406,FedEx - Shipping & Logistics,EMP-1182,Approved
TXN-03673,2024-01-11,Grubhub,Meals & Entertainment,25,USD,completed,Finance,CC-002,PO-83895,INV-527173,Grubhub - Meals & Entertainment,EMP-1124,Rejected
TXN-03674,2024-07-27,Marriott Hotels,Travel - Lodging,150,USD,delivered,Sales,CC-002,PO-80446,INV-520422,Marriott Hotels - Travel - Lodging,EMP-1009,Pending
TXN-03675,2024-10-08,GitHub,Software - Development,21,USD,delivered,Marketing,CC-005,PO-26812,INV-682273,GitHub - Software - Development,EMP-1002,Rejected
TXN-03676,2024-04-13,Lenovo,Hardware - Equipment,400,USD,delivered,HR,CC-002,PO-39372,INV-662339,Lenovo - Hardware - Equipment,EMP-1239,Pending
TXN-03677,2024-01-15,Office Depot,Office Supplies,200,USD,paid,Marketing,CC-002,PO-38063,INV-757747,Office Depot - Office Supplies,EMP-1211,Rejected
TXN-03678,2024-01-14,Marriott Hotels,Travel - Lodging,150,USD,delivered,Engineering,CC-005,PO-62571,INV-514083,Marriott Hotels - Travel - Lodging,EMP-1049,Pending
TXN-03679,2024-01-13,Twilio,Software - Communications,200,USD,delivered,Marketing,CC-001,PO-32863,INV-662687,Twilio - Software - Communications,EMP-1050,Rejected
TXN-03680,2024-08-08,Verizon,Utilities - Telecom,200,USD,invoiced,Operations,CC-003,PO-33857,INV-173859,Verizon - Utilities - Telecom,EMP-1156,Rejected
TXN-03681,2024-02-21,Lyft,Travel - Ground,60,USD,invoiced,Marketing,CC-001,PO-72082,INV-617854,Lyft - Travel - Ground,EMP-1202,Pending
TXN-03682,2024-07-24,Starbucks,Meals & Entertainment,5,USD,delivered,Engineering,CC-001,PO-73095,INV-295414,Starbucks - Meals & Entertainment,EMP-1237,Pending
TXN-03683,2025-01-29,LinkedIn Ads,Marketing - Digital,1000,USD,delivered,Engineering,CC-003,PO-50788,INV-779330,LinkedIn Ads - Marketing - Digital,EMP-1191,Pending
TXN-03684,2024-11-25,McKinsey,Professional Services,6000,USD,pending,HR,CC-004,PO-25002,INV-170281,McKinsey - Professional Services,EMP-1009,Rejected
TXN-03685,2024-12-09,Grubhub,Meals & Entertainment,180,USD,paid,Sales,CC-002,PO-62043,INV-376135,Grubhub - Meals & Entertainment,EMP-1177,Approved
TXN-03686,2025-03-02,Google Ads,Marketing - Digital,500,USD,invoiced,HR,CC-001,PO-28589,INV-684831,Google Ads - Marketing - Digital,EMP-1233,Rejected
TXN-03687,2024-11-10,Apple,Hardware - Equipment,799,USD,paid,Marketing,CC-003,PO-12776,INV-409351,Apple - Hardware - Equipment,EMP-1083,Rejected
TXN-03688,2024-06-28,Google Cloud,Software - Cloud,1850,USD,pending,Marketing,CC-003,PO-26784,INV-244146,Google Cloud - Software - Cloud,EMP-1206,Rejected
TXN-03689,2025-02-22,LinkedIn Ads,Marketing - Digital,1000,USD,completed,Finance,CC-003,PO-27242,INV-701960,LinkedIn Ads - Marketing - Digital,EMP-1074,Approved
TXN-03690,2024-04-01,AWS,Software - Cloud,10000,USD,invoiced,Engineering,CC-002,PO-43349,INV-582156,AWS - Software - Cloud,EMP-1210,Pending
TXN-03691,2024-06-13,Time Warner,Utilities - Internet,180,USD,invoiced,Operations,CC-004,PO-53226,INV-295526,Time Warner - Utilities - Internet,EMP-1204,Approved
TXN-03692,2024-12-21,Salesforce,Software - SaaS,600,USD,delivered,Engineering,CC-001,PO-22250,INV-998433,Salesforce - Software - SaaS,EMP-1183,Pending
TXN-03693,2024-09-13,DHL,Shipping & Logistics,400,USD,delivered,HR,CC-004,PO-65142,INV-559404,DHL - Shipping & Logistics,EMP-1028,Pending
TXN-03694,2025-03-26,PwC,Professional Services,40000,USD,pending,Sales,CC-002,PO-60863,INV-391628,PwC - Professional Services,EMP-1222,Rejected
TXN-03695,2024-10-10,Amazon Business,Office Supplies,500,USD,paid,Engineering,CC-005,,INV-282646,Amazon Business - Office Supplies,EMP-1177,Approved
TXN-03696,2024-11-01,Accenture,Professional Services,3000,USD,pending,Operations,CC-003,PO-40008,INV-245455,Accenture - Professional Services,EMP-1201,Approved
TXN-03697,2024-01-23,GitHub,Software - Development,500,USD,invoiced,Engineering,CC-001,PO-27066,INV-731969,GitHub - Software - Development,EMP-1240,Pending
TXN-03698,2024-05-17,Amazon,Hardware - Equipment,299,USD,invoiced,Finance,CC-001,PO-91422,INV-838315,Amazon - Hardware - Equipment,EMP-1156,Rejected
TXN-03699,2025-01-12,American Airlines,Travel - Airfare,950,USD,paid,Engineering,CC-005,PO-42587,INV-233924,American Airlines - Travel - Airfare,EMP-1237,Pending
TXN-03700,2024-11-17,Twilio,Software - Communications,200,USD,invoiced,HR,CC-001,PO-39285,INV-118584,Twilio - Software - Communications,EMP-1069,Approved
TXN-03701,2024-10-29,Uber,Travel - Ground,65,USD,pending,Engineering,CC-003,PO-39794,INV-923195,Uber - Travel - Ground,EMP-1139,Rejected
TXN-03702,2024-12-02,HubSpot,Marketing - Software,200,USD,completed,HR,CC-005,PO-27750,INV-580322,HubSpot - Marketing - Software,EMP-1099,Pending
TXN-03703,2024-12-08,Stripe,Software - Payments,100,USD,delivered,Operations,CC-003,PO-50871,INV-493931,Stripe - Software - Payments,EMP-1127,Rejected
TXN-03704,2024-12-26,UberEats Inc,Meals & Entertainment,185,USD,completed,Operations,CC-004,PO-74355,INV-824116,UberEats Inc - Meals & Entertainment,EMP-1172,Rejected
TXN-03705,2025-02-01,Amazon,Hardware - Equipment,299,USD,invoiced,HR,CC-003,PO-39811,INV-696204,Amazon - Hardware - Equipment,EMP-1158,Approved
TXN-03706,2024-01-27,AWS,Software - Cloud,10000,USD,paid,Marketing,CC-001,PO-14054,INV-218508,AWS - Software - Cloud,EMP-1214,Approved
TXN-03707,2024-06-23,Dell,Hardware - Equipment,2500,USD,pending,Engineering,CC-004,PO-56347,INV-560598,Dell - Hardware - Equipment,EMP-1126,Pending
TXN-03708,2024-11-20,Microsoft Azure,Software - Cloud,800,USD,delivered,Engineering,CC-003,PO-30252,INV-596891,Microsoft Azure - Software - Cloud,EMP-1246,Rejected
TXN-03709,2024-06-02,UberEats,Meals & Entertainment,20,USD,completed,Operations,CC-002,PO-47958,INV-313276,UberEats - Meals & Entertainment,EMP-1108,Pending
TXN-03710,2025-02-24,Southwest Airlines,Travel - Airfare,150,USD,delivered,Sales,CC-003,PO-43868,INV-296449,Southwest Airlines - Travel - Airfare,EMP-1172,Approved
TXN-03711,2025-03-25,PwC,Professional Services,8000,USD,paid,Marketing,CC-005,PO-34260,INV-944357,PwC - Professional Services,EMP-1150,Approved
TXN-03712,2024-12-09,Google Cloud,Software - Cloud,950,USD,pending,Finance,CC-004,,INV-162625,Google Cloud - Software - Cloud,EMP-1070,Pending
TXN-03713,2024-10-14,Microsoft Azure,Software - Cloud,3000,USD,paid,Operations,CC-005,PO-36009,INV-524954,Microsoft Azure - Software - Cloud,EMP-1114,Approved
TXN-03714,2024-12-03,Zoom,Software - SaaS,299,USD,paid,Engineering,CC-003,PO-51318,INV-897453,Zoom - Software - SaaS,EMP-1039,Approved
TXN-03715,2025-03-27,Xero,Accounting Software,99,USD,completed,Engineering,CC-004,PO-39810,INV-335074,Xero - Accounting Software,EMP-1108,Approved
TXN-03716,2024-08-18,Datadog,Software - Monitoring,800,USD,paid,Engineering,CC-005,PO-74960,INV-226492,Datadog - Software - Monitoring,EMP-1072,Rejected
TXN-03717,2024-10-15,Apple,Hardware - Equipment,199,USD,invoiced,Sales,CC-001,PO-82557,INV-592667,Apple - Hardware - Equipment,EMP-1093,Approved
TXN-03718,2024-02-25,DoorDash,Meals & Entertainment,100,USD,completed,Finance,CC-001,PO-32900,INV-139985,DoorDash - Meals & Entertainment,EMP-1170,Approved
TXN-03719,2024-03-30,FedEx,Shipping & Logistics,45,USD,pending,Marketing,CC-001,PO-76902,INV-410339,FedEx - Shipping & Logistics,EMP-1040,Pending
TXN-03720,2024-09-26,LawDepot,Legal Services,200,USD,pending,Engineering,CC-002,PO-84893,INV-370059,LawDepot - Legal Services,EMP-1018,Approved
TXN-03721,2024-01-24,HubSpot,Marketing - Software,1200,USD,paid,Marketing,CC-004,PO-71906,INV-816840,HubSpot - Marketing - Software,EMP-1015,Pending
TXN-03722,2025-03-04,Herman Miller,Furniture - Fixed Asset,3000,USD,pending,Engineering,CC-002,PO-42058,INV-655457,Herman Miller - Furniture - Fixed Asset,EMP-1223,Rejected
TXN-03723,2024-12-12,FedEx,Shipping & Logistics,20,USD,delivered,Operations,CC-003,PO-67384,INV-571042,FedEx - Shipping & Logistics,EMP-1189,Pending
TXN-03724,2025-01-11,AT&T,Utilities - Telecom,300,USD,invoiced,Marketing,CC-001,PO-36649,INV-388221,AT&T - Utilities - Telecom,EMP-1009,Approved
TXN-03725,2024-05-16,Google Cloud,Software - Cloud,4000,USD,pending,HR,CC-003,,INV-788639,Google Cloud - Software - Cloud,EMP-1227,Approved
TXN-03726,2024-03-04,Comcast,Utilities - Internet,120,USD,completed,Operations,CC-003,,INV-322130,Comcast - Utilities - Internet,EMP-1187,Pending
TXN-03727,2024-10-22,Lenovo,Hardware - Equipment,2000,USD,invoiced,Operations,CC-003,,INV-589473,Lenovo - Hardware - Equipment,EMP-1214,Pending
TXN-03728,2024-11-30,Steelcase,Furniture - Fixed Asset,1800,USD,delivered,Engineering,CC-001,PO-95431,INV-474978,Steelcase - Furniture - Fixed Asset,EMP-1097,Approved
TXN-03729,2024-12-18,Starbucks,Meals & Entertainment,5,USD,pending,Engineering,CC-002,PO-14311,INV-335082,Starbucks - Meals & Entertainment,EMP-1127,Rejected
TXN-03730,2025-01-18,Airbnb,Travel - Lodging,300,USD,completed,Marketing,CC-003,PO-79973,INV-288946,Airbnb - Travel - Lodging,EMP-1245,Pending
TXN-03731,2024-01-10,Amazon Inc,Hardware - Equipment,1200,USD,pending,Engineering,CC-005,PO-42461,INV-477379,Amazon Inc - Hardware - Equipment,EMP-1053,Approved
TXN-03732,2024-06-04,Staples,Office Supplies,50,USD,invoiced,Sales,CC-001,,INV-977617,Staples - Office Supplies,EMP-1109,Rejected
TXN-03733,2024-02-18,HubSpot,Marketing - Software,50,USD,paid,Marketing,CC-001,PO-26029,INV-645732,HubSpot - Marketing - Software,EMP-1041,Approved
TXN-03734,2024-08-10,GOOGLE ADS,Marketing - Digital,500,USD,delivered,HR,CC-004,PO-11526,INV-304167,GOOGLE ADS - Marketing - Digital,EMP-1250,Approved
TXN-03735,2025-01-19,AWS,Software - Cloud,2341,USD,completed,Sales,CC-003,PO-56499,INV-161630,AWS - Software - Cloud,EMP-1033,Approved
TXN-03736,2024-06-10,Starbucks,Meals & Entertainment,7,USD,invoiced,HR,CC-003,,INV-652299,Starbucks - Meals & Entertainment,EMP-1123,Rejected
TXN-03737,2025-01-08,Office Depot,Office Supplies,75,USD,invoiced,HR,CC-004,PO-71665,INV-281963,Office Depot - Office Supplies,EMP-1222,Approved
TXN-03738,2025-02-03,Twilio,Software - Communications,500,USD,completed,Finance,CC-004,PO-39622,INV-468642,Twilio - Software - Communications,EMP-1197,Pending
TXN-03739,2025-01-04,Hilton Hotels,Travel - Lodging,700,USD,delivered,Engineering,CC-001,PO-35909,INV-265569,Hilton Hotels - Travel - Lodging,EMP-1141,Rejected
TXN-03740,2024-09-24,Dell,Hardware - Equipment,1200,USD,pending,HR,CC-002,PO-78794,INV-423192,Dell - Hardware - Equipment,EMP-1118,Pending
TXN-03741,2024-05-09,lawdepot,Legal Services,1000,USD,invoiced,Marketing,CC-002,PO-76247,INV-821546,lawdepot - Legal Services,EMP-1091,Approved
TXN-03742,2024-06-15,deloitte,Professional Services,5000,USD,pending,Finance,CC-001,PO-25609,INV-453061,deloitte - Professional Services,EMP-1046,Rejected
TXN-03743,2025-01-24,Steelcase,Furniture - Fixed Asset,1800,USD,invoiced,Operations,CC-003,PO-86683,INV-728320,Steelcase - Furniture - Fixed Asset,EMP-1076,Rejected
TXN-03744,2025-01-08,Herman Miller,Furniture - Fixed Asset,800,USD,invoiced,Operations,CC-004,PO-38479,INV-344444,Herman Miller - Furniture - Fixed Asset,EMP-1085,Rejected
TXN-03745,2024-02-04,PwC,Professional Services,20000,USD,invoiced,HR,CC-002,PO-25322,INV-956217,PwC - Professional Services,EMP-1100,Rejected
TXN-03746,2025-01-29,DoorDash,Meals & Entertainment,25,USD,pending,Engineering,CC-005,PO-90576,INV-572130,DoorDash - Meals & Entertainment,EMP-1033,Pending
TXN-03747,2024-07-15,Amazon,Hardware - Equipment,2499,USD,paid,Sales,CC-003,PO-77303,INV-412612,Amazon - Hardware - Equipment,EMP-1150,Rejected
TXN-03748,2024-04-02,Time Warner,Utilities - Internet,180,USD,invoiced,Marketing,CC-004,PO-88488,INV-680644,Time Warner - Utilities - Internet,EMP-1092,Pending
TXN-03749,2024-04-25,DHL,Shipping & Logistics,400,USD,completed,Finance,CC-005,PO-50496,INV-408389,DHL - Shipping & Logistics,EMP-1151,Rejected
TXN-03750,2024-09-26,Amazon,Hardware - Equipment,99,USD,paid,Marketing,CC-003,,INV-677277,Amazon - Hardware - Equipment,EMP-1112,Rejected
TXN-03751,2024-09-18,AWS,Software - Cloud,5000,USD,pending,Marketing,CC-005,,INV-666434,AWS - Software - Cloud,EMP-1185,Rejected
TXN-03752,2024-09-30,Zoom,Software - SaaS,299,USD,completed,HR,CC-005,PO-68407,INV-185061,Zoom - Software - SaaS,EMP-1179,Approved
TXN-03753,2024-09-28,FedEx,Shipping & Logistics,45,USD,paid,Sales,CC-002,PO-47497,INV-790313,FedEx - Shipping & Logistics,EMP-1086,Pending
TXN-03754,2025-03-03,Time Warner,Utilities - Internet,100,USD,paid,Marketing,CC-005,PO-45125,INV-960259,Time Warner - Utilities - Internet,EMP-1211,Approved
TXN-03755,2024-03-07,Deloitte,Professional Services,50000,USD,completed,HR,CC-004,PO-37519,INV-641933,Deloitte - Professional Services,EMP-1066,Rejected
TXN-03756,2024-06-01,PwC,Professional Services,20000,USD,invoiced,Finance,CC-003,PO-97011,INV-403449,PwC - Professional Services,EMP-1227,Pending
TXN-03757,2024-02-10,Slack,Software - SaaS,299,USD,delivered,Sales,CC-003,PO-90512,INV-871304,Slack - Software - SaaS,EMP-1157,Approved
TXN-03758,2024-09-07,UberEats,Meals & Entertainment,45,USD,delivered,Sales,CC-001,PO-99779,INV-369806,UberEats - Meals & Entertainment,EMP-1082,Approved
TXN-03759,2025-01-22,Time Warner,Utilities - Internet,60,USD,pending,Engineering,CC-001,PO-64416,INV-912627,Time Warner - Utilities - Internet,EMP-1054,Approved
TXN-03760,2024-01-05,Verizon,Utilities - Telecom,200,USD,invoiced,Engineering,CC-003,PO-61280,INV-371059,Verizon - Utilities - Telecom,EMP-1181,Pending
TXN-03761,2024-03-24,UPS,Shipping & Logistics,50,USD,delivered,Sales,CC-003,PO-99735,INV-389067,UPS - Shipping & Logistics,EMP-1067,Approved
TXN-03762,2024-09-30,Google Cloud,Software - Cloud,1850,USD,delivered,HR,CC-002,PO-95424,INV-663493,Google Cloud - Software - Cloud,EMP-1024,Approved
TXN-03763,2024-06-23,Time Warner,Utilities - Internet,60,USD,completed,Finance,CC-003,PO-77431,INV-212952,Time Warner - Utilities - Internet,EMP-1065,Approved
TXN-03764,2024-03-27,Dell,Hardware - Equipment,500,USD,invoiced,HR,CC-002,PO-40986,INV-391147,Dell - Hardware - Equipment,EMP-1193,Pending
TXN-03765,2024-08-11,Amazon Business,Office Supplies,500,USD,pending,Finance,CC-005,PO-69586,INV-921047,Amazon Business - Office Supplies,EMP-1200,Pending
TXN-03766,2024-02-20,Xero,Accounting Software,400,USD,completed,Engineering,CC-001,,INV-101094,Xero - Accounting Software,EMP-1200,Pending
TXN-03767,2024-08-16,UPS,Shipping & Logistics,120,USD,delivered,HR,CC-003,PO-10340,INV-783851,UPS - Shipping & Logistics,EMP-1223,Approved
TXN-03768,2024-03-21,Xero,Accounting Software,400,USD,pending,Engineering,CC-002,PO-71678,INV-516461,Xero - Accounting Software,EMP-1106,Rejected
TXN-03769,2024-08-07,Amazon Business,Office Supplies,250,USD,delivered,Marketing,CC-004,PO-10894,INV-911714,Amazon Business - Office Supplies,EMP-1032,Approved
TXN-03770,2024-04-03,Google Ads,Marketing - Digital,500,USD,delivered,Engineering,CC-004,PO-64523,INV-750734,Google Ads - Marketing - Digital,EMP-1202,Pending
TXN-03771,2024-12-26,Chipotle,Meals & Entertainment,25,USD,completed,HR,CC-005,PO-40338,INV-843675,Chipotle - Meals & Entertainment,EMP-1156,Rejected
TXN-03772,2024-09-27,Microsoft Azure,Software - Cloud,800,USD,invoiced,Sales,CC-004,PO-20902,INV-580288,Microsoft Azure - Software - Cloud,EMP-1188,Rejected
TXN-03773,2024-04-02,Marriott Hotels,Travel - Lodging,800,USD,delivered,Sales,CC-001,PO-12390,INV-145372,Marriott Hotels - Travel - Lodging,EMP-1080,Rejected
TXN-03774,2024-09-26,Delta Airlines,Travel - Airfare,1400,USD,completed,Sales,CC-002,PO-89079,INV-330268,Delta Airlines - Travel - Airfare,EMP-1229,Rejected
TXN-03775,2024-04-03,Microsoft Azure,Software - Cloud,1500,USD,paid,Sales,CC-004,PO-35879,INV-845183,Microsoft Azure - Software - Cloud,EMP-1022,Pending
TXN-03776,2024-04-15,Office Depot,Office Supplies,350,USD,pending,Engineering,CC-005,,INV-469254,Office Depot - Office Supplies,EMP-1018,Rejected
TXN-03777,2025-01-22,Staples,Office Supplies,50,USD,completed,Marketing,CC-001,PO-54396,INV-399917,Staples - Office Supplies,EMP-1226,Pending
TXN-03778,2025-01-24,GitHub,Software - Development,500,USD,delivered,HR,CC-001,PO-58427,INV-813834,GitHub - Software - Development,EMP-1124,Pending
TXN-03779,2024-03-02,Starbucks,Meals & Entertainment,5,USD,paid,HR,CC-005,PO-49893,INV-435789,Starbucks - Meals & Entertainment,EMP-1016,Pending
TXN-03780,2024-08-19,LawDepot,Legal Services,500,USD,completed,HR,CC-001,PO-31929,INV-701073,LawDepot - Legal Services,EMP-1190,Approved
TXN-03781,2024-02-22,IKEA,Furniture - Fixed Asset,100,USD,paid,Engineering,CC-005,PO-39950,INV-133949,IKEA - Furniture - Fixed Asset,EMP-1093,Pending
TXN-03782,2024-09-12,Facebook Ads,Marketing - Digital,4000,USD,pending,Engineering,CC-005,PO-42478,INV-283604,Facebook Ads - Marketing - Digital,EMP-1216,Rejected
TXN-03783,2024-10-07,Time Warner,Utilities - Internet,180,USD,completed,Sales,CC-003,PO-35468,INV-843491,Time Warner - Utilities - Internet,EMP-1111,Pending
TXN-03784,2024-02-20,Verizon,Utilities - Telecom,350,USD,invoiced,Engineering,CC-001,PO-82465,INV-661138,Verizon - Utilities - Telecom,EMP-1051,Rejected
TXN-03785,2024-08-27,HubSpot,Marketing - Software,50,USD,delivered,Sales,CC-001,,INV-448851,HubSpot - Marketing - Software,EMP-1206,Pending
TXN-03786,2024-05-21,UberEats,Meals & Entertainment,45,USD,paid,Marketing,CC-001,PO-30473,INV-228083,UberEats - Meals & Entertainment,EMP-1224,Pending
TXN-03787,2024-04-22,LinkedIn Ads Inc,Marketing - Digital,2500,USD,completed,HR,CC-005,PO-79581,INV-805663,LinkedIn Ads Inc - Marketing - Digital,EMP-1199,Pending
TXN-03788,2025-02-22,Google Cloud Inc,Software - Cloud,1850,USD,pending,Marketing,CC-003,PO-14606,INV-925169,Google Cloud Inc - Software - Cloud,EMP-1211,Pending
TXN-03789,2025-02-26,Lenovo,Hardware - Equipment,2000,USD,paid,Operations,CC-001,PO-55767,INV-700838,Lenovo - Hardware - Equipment,EMP-1172,Pending
TXN-03790,2024-12-18,Slack,Software - SaaS,299,USD,delivered,HR,CC-005,PO-67894,INV-222275,Slack - Software - SaaS,EMP-1121,Approved
TXN-03791,2024-03-18,Delta Airlines,Travel - Airfare,1400,USD,invoiced,Engineering,CC-005,PO-34491,INV-869983,Delta Airlines - Travel - Airfare,EMP-1162,Rejected
TXN-03792,2024-05-23,UberEats,Meals & Entertainment,100,USD,pending,Marketing,CC-002,PO-57726,INV-545785,UberEats - Meals & Entertainment,EMP-1170,Rejected
TXN-03793,2024-05-05,GitHub,Software - Development,231,USD,completed,Sales,CC-002,PO-85874,INV-428234,GitHub - Software - Development,EMP-1172,Pending
TXN-03794,2024-12-19,Lyft,Travel - Ground,12,USD,completed,Sales,CC-005,PO-68791,INV-615834,Lyft - Travel - Ground,EMP-1143,Rejected
TXN-03795,2025-02-04,Slack,Software - SaaS,125,USD,pending,Operations,CC-002,PO-89970,INV-146703,Slack - Software - SaaS,EMP-1007,Pending
TXN-03796,2025-03-24,Amazon,Hardware - Equipment,99,USD,pending,Sales,CC-003,,INV-569753,Amazon - Hardware - Equipment,EMP-1158,Pending
TXN-03797,2024-01-12,Hilton Hotels,Travel - Lodging,220,USD,pending,Finance,CC-004,PO-41348,INV-653542,Hilton Hotels - Travel - Lodging,EMP-1085,Pending
TXN-03798,2024-02-02,Comcast,Utilities - Internet,200,USD,pending,Engineering,CC-002,PO-61835,INV-894633,Comcast - Utilities - Internet,EMP-1028,Pending
TXN-03799,2024-10-25,Office Depot Inc,Office Supplies,200,USD,paid,Operations,CC-003,PO-82100,INV-917398,Office Depot Inc - Office Supplies,EMP-1002,Approved
TXN-03800,2024-03-22,AT&T,Utilities - Telecom,150,USD,paid,Finance,CC-005,PO-25907,INV-944056,AT&T - Utilities - Telecom,EMP-1016,Pending
TXN-03801,2024-10-22,UPS,Shipping & Logistics,50,USD,delivered,Engineering,CC-005,PO-15492,INV-313263,UPS - Shipping & Logistics,EMP-1088,Pending
TXN-03802,2024-11-25,IKEA,Furniture - Fixed Asset,1200,USD,paid,Operations,CC-004,PO-65935,INV-542831,IKEA - Furniture - Fixed Asset,EMP-1244,Rejected
TXN-03803,2025-03-09,McKinsey,Professional Services,30000,USD,invoiced,Operations,CC-005,PO-56290,INV-233013,McKinsey - Professional Services,EMP-1223,Approved
TXN-03804,2025-03-16,McKinsey,Professional Services,60000,USD,completed,Marketing,CC-003,PO-95257,INV-121925,McKinsey - Professional Services,EMP-1245,Approved
TXN-03805,2024-06-10,UPS,Shipping & Logistics,25,USD,paid,Engineering,CC-003,PO-65769,INV-119726,UPS - Shipping & Logistics,EMP-1108,Approved
TXN-03806,2024-05-16,Airbnb,Travel - Lodging,600,USD,paid,Finance,CC-003,PO-59817,INV-192846,Airbnb - Travel - Lodging,EMP-1127,Pending
TXN-03807,2024-01-21,Steelcase,Furniture - Fixed Asset,2500,USD,paid,HR,CC-002,PO-17660,INV-362069,Steelcase - Furniture - Fixed Asset,EMP-1075,Approved
TXN-03808,2025-02-16,McKinsey,Professional Services,60000,USD,paid,Marketing,CC-004,PO-44336,INV-239905,McKinsey - Professional Services,EMP-1054,Rejected
TXN-03809,2025-03-24,Deloitte,Professional Services,10000,USD,paid,HR,CC-002,PO-71182,INV-119914,Deloitte - Professional Services,EMP-1215,Rejected
TXN-03810,2024-08-13,Google Cloud,Software - Cloud,950,USD,paid,Engineering,CC-001,PO-59666,INV-415760,Google Cloud - Software - Cloud,EMP-1040,Rejected
TXN-03811,2025-02-27,Chipotle,Meals & Entertainment,20,USD,completed,Operations,CC-003,PO-56416,INV-337826,Chipotle - Meals & Entertainment,EMP-1219,Approved
TXN-03812,2024-10-17,DoorDash,Meals & Entertainment,25,USD,completed,Engineering,CC-001,PO-32750,INV-526218,DoorDash - Meals & Entertainment,EMP-1011,Pending
TXN-03813,2024-06-03,United Airlines,Travel - Airfare,2500,USD,invoiced,Marketing,CC-004,,INV-368262,United Airlines - Travel - Airfare,EMP-1202,Approved
TXN-03814,2024-08-31,Southwest Airlines,Travel - Airfare,150,USD,delivered,HR,CC-001,,INV-878058,Southwest Airlines - Travel - Airfare,EMP-1172,Approved
TXN-03815,2025-02-08,Microsoft Azure,Software - Cloud,300,USD,invoiced,Operations,CC-005,,INV-157292,Microsoft Azure - Software - Cloud,EMP-1090,Pending
TXN-03816,2024-03-03,Stripe,Software - Payments,100,USD,paid,HR,CC-004,,INV-355053,Stripe - Software - Payments,EMP-1126,Approved
TXN-03817,2024-12-22,Herman Miller,Furniture - Fixed Asset,1500,USD,pending,Marketing,CC-002,PO-97182,INV-103321,Herman Miller - Furniture - Fixed Asset,EMP-1182,Rejected
TXN-03818,2024-10-11,Amazon,Hardware - Equipment,1200,USD,paid,Finance,CC-001,PO-83706,INV-391476,Amazon - Hardware - Equipment,EMP-1044,Rejected
TXN-03819,2025-03-05,Amazon,Hardware - Equipment,1200,USD,pending,Operations,CC-003,PO-90769,INV-892766,Amazon - Hardware - Equipment,EMP-1190,Rejected
TXN-03820,2024-09-26,Datadog,Software - Monitoring,1500,USD,delivered,HR,CC-004,PO-81113,INV-585530,Datadog - Software - Monitoring,EMP-1135,Rejected
TXN-03821,2025-01-19,AT&T,Utilities - Telecom,300,USD,pending,Finance,CC-003,PO-86688,INV-540238,AT&T - Utilities - Telecom,EMP-1123,Approved
TXN-03822,2024-12-09,PwC,Professional Services,40000,USD,invoiced,Finance,CC-002,PO-55214,INV-263077,PwC - Professional Services,EMP-1013,Rejected
TXN-03823,2025-01-06,Microsoft Azure,Software - Cloud,3000,USD,invoiced,HR,CC-004,PO-29294,INV-219079,Microsoft Azure - Software - Cloud,EMP-1197,Approved
TXN-03824,2025-02-06,Lyft,Travel - Ground,60,USD,pending,Operations,CC-002,PO-32992,INV-605118,Lyft - Travel - Ground,EMP-1070,Rejected
TXN-03825,2024-11-24,Google Cloud,Software - Cloud,400,USD,pending,Sales,CC-003,PO-85141,INV-491592,Google Cloud - Software - Cloud,EMP-1075,Pending
TXN-03826,2024-03-06,Dell,Hardware - Equipment,2500,USD,completed,Marketing,CC-004,,INV-639142,Dell - Hardware - Equipment,EMP-1174,Pending
TXN-03827,2024-12-31,Uber,Travel - Ground,25,USD,invoiced,Marketing,CC-003,PO-78873,INV-837074,Uber - Travel - Ground,EMP-1235,Rejected
TXN-03828,2024-09-18,Google Cloud,Software - Cloud,950,USD,pending,Operations,CC-003,PO-21655,INV-345039,Google Cloud - Software - Cloud,EMP-1052,Pending
TXN-03829,2025-01-22,United Airlines Inc,Travel - Airfare,850,USD,delivered,Operations,CC-001,PO-71299,INV-519724,United Airlines Inc - Travel - Airfare,EMP-1127,Pending
TXN-03830,2025-03-26,Uber,Travel - Ground,120,USD,paid,Marketing,CC-003,PO-90996,INV-573339,Uber - Travel - Ground,EMP-1088,Rejected
TXN-03831,2024-04-13,LinkedIn Ads Inc,Marketing - Digital,2500,USD,paid,Operations,CC-004,PO-11091,INV-462055,LinkedIn Ads Inc - Marketing - Digital,EMP-1226,Pending
TXN-03832,2024-07-03,Google Ads Inc,Marketing - Digital,500,USD,pending,Engineering,CC-003,PO-47884,INV-850837,Google Ads Inc - Marketing - Digital,EMP-1224,Pending
TXN-03833,2024-08-21,GitHub,Software - Development,231,USD,completed,Operations,CC-001,PO-82250,INV-939247,GitHub - Software - Development,EMP-1190,Pending
TXN-03834,2024-02-15,Restaurants.com,Meals & Entertainment,40,USD,delivered,HR,CC-004,PO-17098,INV-125162,Restaurants.com - Meals & Entertainment,EMP-1019,Rejected
TXN-03835,2024-09-03,Comcast,Utilities - Internet,200,USD,invoiced,Sales,CC-002,PO-43156,INV-520580,Comcast - Utilities - Internet,EMP-1079,Pending
TXN-03836,2024-11-27,Steelcase,Furniture - Fixed Asset,1000,USD,invoiced,Finance,CC-005,PO-96057,INV-263448,Steelcase - Furniture - Fixed Asset,EMP-1177,Approved
TXN-03837,2024-10-10,Salesforce,Software - SaaS,1200,USD,invoiced,Engineering,CC-003,PO-61139,INV-134182,Salesforce - Software - SaaS,EMP-1131,Rejected
TXN-03838,2025-03-09,Marriott Hotels,Travel - Lodging,450,USD,pending,Operations,CC-005,PO-93361,INV-577709,Marriott Hotels - Travel - Lodging,EMP-1014,Approved
TXN-03839,2024-01-17,Stripe,Software - Payments,100,USD,invoiced,Engineering,CC-005,PO-95440,INV-682096,Stripe - Software - Payments,EMP-1084,Rejected
TXN-03840,2024-05-01,Chipotle,Meals & Entertainment,20,USD,paid,Marketing,CC-005,PO-61945,INV-921038,Chipotle - Meals & Entertainment,EMP-1208,Pending
TXN-03841,2025-03-19,Marriott Hotels,Travel - Lodging,150,USD,completed,Marketing,CC-003,PO-98031,INV-171590,Marriott Hotels - Travel - Lodging,EMP-1015,Approved
TXN-03842,2024-04-22,Uber,Travel - Ground,25,USD,pending,Marketing,CC-004,PO-31910,INV-674897,Uber - Travel - Ground,EMP-1056,Rejected
TXN-03843,2024-03-30,Dell,Hardware - Equipment,1200,USD,pending,HR,CC-002,PO-71560,INV-221390,Dell - Hardware - Equipment,EMP-1038,Rejected
TXN-03844,2024-05-29,Lyft,Travel - Ground,12,USD,pending,Marketing,CC-005,PO-38103,INV-783396,Lyft - Travel - Ground,EMP-1002,Approved
TXN-03845,2024-12-20,Datadog,Software - Monitoring,3000,USD,completed,Engineering,CC-002,PO-12534,INV-314189,Datadog - Software - Monitoring,EMP-1213,Approved
TXN-03846,2024-02-08,LawDepot,Legal Services,2500,USD,pending,Marketing,CC-004,PO-29183,INV-293926,LawDepot - Legal Services,EMP-1195,Pending
TXN-03847,2024-10-26,IKEA,Furniture - Fixed Asset,100,USD,paid,Sales,CC-004,PO-66675,INV-871255,IKEA - Furniture - Fixed Asset,EMP-1068,Approved
TXN-03848,2024-01-17,LawDepot,Legal Services,2500,USD,delivered,HR,CC-003,PO-41250,INV-438710,LawDepot - Legal Services,EMP-1099,Rejected
TXN-03849,2024-03-26,Apple,Hardware - Equipment,1200,USD,pending,Engineering,CC-002,PO-68053,INV-906139,Apple - Hardware - Equipment,EMP-1178,Approved
TXN-03850,2024-01-24,Grubhub,Meals & Entertainment,50,USD,pending,Operations,CC-004,PO-54855,INV-102247,Grubhub - Meals & Entertainment,EMP-1145,Pending
TXN-03851,2025-02-09,Apple,Hardware - Equipment,799,USD,pending,Finance,CC-002,PO-74651,INV-320840,Apple - Hardware - Equipment,EMP-1163,Pending
TXN-03852,2024-10-09,Time Warner,Utilities - Internet,180,USD,completed,HR,CC-001,PO-65243,INV-257136,Time Warner - Utilities - Internet,EMP-1067,Approved
TXN-03853,2025-02-17,AWS,Software - Cloud,10000,USD,pending,Operations,CC-005,PO-51918,INV-955018,AWS - Software - Cloud,EMP-1064,Approved
TXN-03854,2024-02-17,Deloitte,Professional Services,50000,USD,delivered,Engineering,CC-001,PO-41619,INV-819547,Deloitte - Professional Services,EMP-1070,Approved
TXN-03855,2024-10-07,Apple Inc,Hardware - Equipment,1999,USD,completed,Finance,CC-001,,INV-317068,Apple Inc - Hardware - Equipment,EMP-1170,Rejected
TXN-03856,2025-01-03,American Airlines,Travel - Airfare,300,USD,invoiced,Operations,CC-005,PO-30637,INV-784600,American Airlines - Travel - Airfare,EMP-1026,Approved
TXN-03857,2024-04-01,Chipotle,Meals & Entertainment,15,USD,invoiced,Finance,CC-005,PO-26110,INV-939740,Chipotle - Meals & Entertainment,EMP-1090,Rejected
TXN-03858,2024-04-13,Datadog,Software - Monitoring,400,USD,invoiced,Engineering,CC-003,PO-33375,INV-227051,Datadog - Software - Monitoring,EMP-1159,Rejected
TXN-03859,2024-07-04,Microsoft Azure,Software - Cloud,3000,USD,invoiced,Sales,CC-001,PO-71602,INV-916794,Microsoft Azure - Software - Cloud,EMP-1085,Approved
TXN-03860,2024-09-07,Airbnb,Travel - Lodging,300,USD,invoiced,Sales,CC-005,PO-60180,INV-757692,Airbnb - Travel - Lodging,EMP-1239,Rejected
TXN-03861,2024-07-01,IKEA,Furniture - Fixed Asset,600,USD,invoiced,Sales,CC-001,PO-35142,INV-711755,IKEA - Furniture - Fixed Asset,EMP-1183,Pending
TXN-03862,2024-09-29,Comcast,Utilities - Internet,120,USD,delivered,Sales,CC-004,PO-14902,INV-582587,Comcast - Utilities - Internet,EMP-1232,Approved
TXN-03863,2024-01-21,GitHub,Software - Development,231,USD,pending,Sales,CC-003,PO-88901,INV-673412,GitHub - Software - Development,EMP-1170,Pending
TXN-03864,2025-03-05,Best Buy,Hardware - Equipment,500,USD,delivered,HR,CC-004,PO-62936,INV-593928,Best Buy - Hardware - Equipment,EMP-1066,Rejected
TXN-03865,2024-07-08,Marriott Hotels,Travel - Lodging,150,USD,pending,Sales,CC-005,PO-92470,INV-554347,Marriott Hotels - Travel - Lodging,EMP-1069,Pending
TXN-03866,2024-10-06,Accenture,Professional Services,3000,USD,completed,Finance,CC-002,PO-35571,INV-849367,Accenture - Professional Services,EMP-1120,Pending
TXN-03867,2024-02-04,Accenture,Professional Services,3000,USD,paid,Sales,CC-004,PO-42004,INV-789621,Accenture - Professional Services,EMP-1030,Rejected
TXN-03868,2024-08-30,Herman Miller,Furniture - Fixed Asset,1200,USD,paid,Operations,CC-005,,INV-939642,Herman Miller - Furniture - Fixed Asset,EMP-1003,Rejected
TXN-03869,2024-12-14,LinkedIn Ads,Marketing - Digital,5000,USD,pending,HR,CC-002,PO-57472,INV-158475,LinkedIn Ads - Marketing - Digital,EMP-1216,Rejected
TXN-03870,2024-12-26,GitHub,Software - Development,21,USD,pending,Sales,CC-001,PO-55775,INV-578990,GitHub - Software - Development,EMP-1175,Pending
TXN-03871,2024-11-16,Accenture,Professional Services,3000,USD,delivered,Engineering,CC-001,PO-34534,INV-569981,Accenture - Professional Services,EMP-1243,Rejected
TXN-03872,2024-12-18,FedEx,Shipping & Logistics,300,USD,delivered,Engineering,CC-003,PO-13294,INV-372596,FedEx - Shipping & Logistics,EMP-1063,Approved
TXN-03873,2024-03-18,Deloitte,Professional Services,25000,USD,paid,HR,CC-001,PO-37552,INV-709299,Deloitte - Professional Services,EMP-1130,Rejected
TXN-03874,2024-09-06,LinkedIn Ads,Marketing - Digital,1000,USD,invoiced,Sales,CC-003,PO-88753,INV-292106,LinkedIn Ads - Marketing - Digital,EMP-1243,Approved
TXN-03875,2024-02-12,Grubhub Inc,Meals & Entertainment,100,USD,invoiced,HR,CC-001,PO-33944,INV-857008,Grubhub Inc - Meals & Entertainment,EMP-1249,Rejected
TXN-03876,2024-10-01,Google Cloud,Software - Cloud,1850,USD,invoiced,Sales,CC-005,,INV-437353,Google Cloud - Software - Cloud,EMP-1130,Rejected
TXN-03877,2024-07-17,Starbucks,Meals & Entertainment,7,USD,paid,Engineering,CC-005,PO-18782,INV-343509,Starbucks - Meals & Entertainment,EMP-1220,Rejected
TXN-03878,2024-07-05,Delta Airlines,Travel - Airfare,900,USD,pending,Marketing,CC-004,PO-87098,INV-911259,Delta Airlines - Travel - Airfare,EMP-1235,Approved
TXN-03879,2024-01-01,Lenovo,Hardware - Equipment,2000,USD,completed,HR,CC-005,PO-78262,INV-757279,Lenovo - Hardware - Equipment,EMP-1111,Pending
TXN-03880,2025-03-15,American Airlines,Travel - Airfare,300,USD,delivered,HR,CC-003,PO-80626,INV-630453,American Airlines - Travel - Airfare,EMP-1054,Approved
TXN-03881,2024-09-12,Slack,Software - SaaS,99,USD,invoiced,Marketing,CC-001,PO-43297,INV-406001,Slack - Software - SaaS,EMP-1133,Pending
TXN-03882,2025-02-22,FedEx,Shipping & Logistics,300,USD,pending,Engineering,CC-002,PO-70276,INV-936662,FedEx - Shipping & Logistics,EMP-1145,Approved
TXN-03883,2024-11-21,Amazon,Hardware - Equipment,2499,USD,completed,Sales,CC-002,PO-38627,INV-118163,Amazon - Hardware - Equipment,EMP-1067,Pending
TXN-03884,2024-05-27,Starbucks Inc,Meals & Entertainment,15,USD,invoiced,Operations,CC-005,PO-37281,INV-685002,Starbucks Inc - Meals & Entertainment,EMP-1014,Pending
TXN-03885,2025-02-17,Marriott Hotels,Travel - Lodging,250,USD,completed,Marketing,CC-002,PO-97722,INV-388962,Marriott Hotels - Travel - Lodging,EMP-1154,Approved
TXN-03886,2024-06-20,Office Depot Inc,Office Supplies,200,USD,invoiced,Engineering,CC-003,PO-52134,INV-936633,Office Depot Inc - Office Supplies,EMP-1017,Rejected
TXN-03887,2024-12-10,Slack,Software - SaaS,299,USD,completed,Sales,CC-002,PO-22718,INV-738592,Slack - Software - SaaS,EMP-1121,Approved
TXN-03888,2025-02-28,Zoom,Software - SaaS,299,USD,paid,Engineering,CC-005,PO-64739,INV-721526,Zoom - Software - SaaS,EMP-1204,Rejected
TXN-03889,2025-01-30,Uber,Travel - Ground,65,USD,pending,Operations,CC-001,PO-94296,INV-823555,Uber - Travel - Ground,EMP-1201,Approved
TXN-03890,2024-04-21,Stripe,Software - Payments,100,USD,invoiced,HR,CC-003,PO-45552,INV-183135,Stripe - Software - Payments,EMP-1036,Approved
TXN-03891,2024-04-17,Zoom,Software - SaaS,200,USD,pending,Finance,CC-001,PO-94447,INV-582288,Zoom - Software - SaaS,EMP-1198,Rejected
TXN-03892,2024-04-28,FedEx Inc,Shipping & Logistics,45,USD,delivered,Engineering,CC-002,PO-38452,INV-789059,FedEx Inc - Shipping & Logistics,EMP-1080,Approved
TXN-03893,2025-01-10,Zoom,Software - SaaS,599,USD,pending,Finance,CC-001,PO-82605,INV-269729,Zoom - Software - SaaS,EMP-1137,Pending
TXN-03894,2025-02-02,Comcast,Utilities - Internet,200,USD,delivered,Engineering,CC-001,PO-10445,INV-932156,Comcast - Utilities - Internet,EMP-1188,Rejected
TXN-03895,2024-04-18,Amazon,Hardware - Equipment,1200,USD,paid,Sales,CC-001,PO-34066,INV-732595,Amazon - Hardware - Equipment,EMP-1031,Rejected
TXN-03896,2024-12-10,Office Depot,Office Supplies,75,USD,delivered,Operations,CC-005,PO-70708,INV-687972,Office Depot - Office Supplies,EMP-1224,Pending
TXN-03897,2024-09-16,Lenovo,Hardware - Equipment,1000,USD,invoiced,Marketing,CC-002,PO-40215,INV-542930,Lenovo - Hardware - Equipment,EMP-1189,Approved
TXN-03898,2024-07-31,Uber,Travel - Ground,65,USD,invoiced,Finance,CC-003,PO-51420,INV-765179,Uber - Travel - Ground,EMP-1009,Approved
TXN-03899,2024-02-28,Lenovo,Hardware - Equipment,2000,USD,pending,Finance,CC-001,PO-36310,INV-653746,Lenovo - Hardware - Equipment,EMP-1062,Pending
TXN-03900,2025-03-08,Steelcase,Furniture - Fixed Asset,600,USD,invoiced,Marketing,CC-004,PO-27928,INV-433834,Steelcase - Furniture - Fixed Asset,EMP-1157,Pending
TXN-03901,2024-09-03,Marriott Hotels,Travel - Lodging,150,USD,paid,Marketing,CC-001,,INV-437658,Marriott Hotels - Travel - Lodging,EMP-1214,Approved
TXN-03902,2025-03-23,Starbucks,Meals & Entertainment,5,USD,pending,HR,CC-005,PO-29232,INV-749073,Starbucks - Meals & Entertainment,EMP-1110,Rejected
TXN-03903,2025-01-23,Verizon,Utilities - Telecom,200,USD,paid,Sales,CC-005,PO-22678,INV-814477,Verizon - Utilities - Telecom,EMP-1106,Rejected
TXN-03904,2024-12-06,Office Depot,Office Supplies,200,USD,completed,HR,CC-002,PO-88197,INV-532797,Office Depot - Office Supplies,EMP-1041,Approved
TXN-03905,2024-12-26,GitHub,Software - Development,21,USD,delivered,Sales,CC-003,PO-87809,INV-185808,GitHub - Software - Development,EMP-1032,Approved
TXN-03906,2024-09-12,Lenovo,Hardware - Equipment,2000,USD,invoiced,Sales,CC-005,PO-49896,INV-725113,Lenovo - Hardware - Equipment,EMP-1142,Rejected
TXN-03907,2024-05-17,UberEats,Meals & Entertainment,20,USD,completed,Sales,CC-002,PO-66538,INV-901190,UberEats - Meals & Entertainment,EMP-1161,Pending
TXN-03908,2024-08-05,Amazon,Hardware - Equipment,1200,USD,delivered,HR,CC-003,PO-19224,INV-708523,Amazon - Hardware - Equipment,EMP-1095,Approved
TXN-03909,2024-07-11,United Airlines,Travel - Airfare,2500,USD,pending,Sales,CC-003,PO-97880,INV-255101,United Airlines - Travel - Airfare,EMP-1059,Approved
TXN-03910,2024-05-21,Marriott Hotels,Travel - Lodging,250,USD,paid,Marketing,CC-004,PO-92654,INV-280837,Marriott Hotels - Travel - Lodging,EMP-1145,Pending
TXN-03911,2024-08-21,LinkedIn Ads,Marketing - Digital,400,USD,delivered,HR,CC-002,PO-92744,INV-352252,LinkedIn Ads - Marketing - Digital,EMP-1082,Pending
TXN-03912,2024-05-19,Facebook Ads,Marketing - Digital,4000,USD,pending,Sales,CC-005,PO-56440,INV-769354,Facebook Ads - Marketing - Digital,EMP-1057,Approved
TXN-03913,2024-07-08,Hilton Hotels,Travel - Lodging,220,USD,paid,Finance,CC-003,PO-25654,INV-108609,Hilton Hotels - Travel - Lodging,EMP-1222,Pending
TXN-03914,2024-05-12,Airbnb,Travel - Lodging,150,USD,invoiced,Finance,CC-001,PO-16567,INV-164673,Airbnb - Travel - Lodging,EMP-1137,Pending
TXN-03915,2024-03-25,DHL,Shipping & Logistics,150,USD,invoiced,Operations,CC-003,PO-79323,INV-243030,DHL - Shipping & Logistics,EMP-1236,Rejected
TXN-03916,2024-10-08,IKEA,Furniture - Fixed Asset,1200,USD,invoiced,Marketing,CC-005,,INV-686073,IKEA - Furniture - Fixed Asset,EMP-1057,Rejected
TXN-03917,2024-04-17,IKEA,Furniture - Fixed Asset,600,USD,invoiced,Finance,CC-004,PO-63687,INV-469927,IKEA - Furniture - Fixed Asset,EMP-1080,Rejected
TXN-03918,2025-01-27,DHL,Shipping & Logistics,150,USD,pending,Operations,CC-005,PO-48433,INV-330788,DHL - Shipping & Logistics,EMP-1127,Rejected
TXN-03919,2024-01-12,DHL,Shipping & Logistics,150,USD,pending,Marketing,CC-004,PO-19870,INV-238802,DHL - Shipping & Logistics,EMP-1234,Pending
TXN-03920,2024-11-08,Steelcase,Furniture - Fixed Asset,1000,USD,paid,Operations,CC-003,,INV-241589,Steelcase - Furniture - Fixed Asset,EMP-1166,Rejected
TXN-03921,2024-03-06,Lenovo,Hardware - Equipment,1000,USD,pending,Engineering,CC-005,PO-59855,INV-376632,Lenovo - Hardware - Equipment,EMP-1121,Rejected
TXN-03922,2024-05-19,Google Ads,Marketing - Digital,1000,USD,invoiced,Marketing,CC-001,PO-65575,INV-360084,Google Ads - Marketing - Digital,EMP-1247,Pending
TXN-03923,2024-08-11,UPS,Shipping & Logistics,350,USD,paid,Sales,CC-001,PO-79872,INV-559986,UPS - Shipping & Logistics,EMP-1214,Approved
TXN-03924,2024-03-26,LawDepot,Legal Services,200,USD,completed,Marketing,CC-003,PO-30660,INV-698247,LawDepot - Legal Services,EMP-1219,Approved
TXN-03925,2024-10-27,Marriott Hotels,Travel - Lodging,800,USD,invoiced,Finance,CC-003,PO-82683,INV-340973,Marriott Hotels - Travel - Lodging,EMP-1008,Approved
TXN-03926,2025-03-19,AWS,Software - Cloud,5000,USD,delivered,HR,CC-002,PO-27692,INV-552907,AWS - Software - Cloud,EMP-1249,Approved
TXN-03927,2024-01-27,DHL,Shipping & Logistics,30,USD,invoiced,Marketing,CC-004,PO-66443,INV-278527,DHL - Shipping & Logistics,EMP-1161,Pending
TXN-03928,2025-01-23,Marriott Hotels,Travel - Lodging,250,USD,invoiced,Engineering,CC-002,PO-51442,INV-938659,Marriott Hotels - Travel - Lodging,EMP-1075,Pending
TXN-03929,2024-03-25,DoorDash,Meals & Entertainment,25,USD,completed,HR,CC-001,,INV-188698,DoorDash - Meals & Entertainment,EMP-1052,Pending
TXN-03930,2024-01-30,Stripe,Software - Payments,1250,USD,delivered,Sales,CC-003,PO-79384,INV-203320,Stripe - Software - Payments,EMP-1169,Approved
TXN-03931,2024-10-14,Staples,Office Supplies,300,USD,pending,Sales,CC-001,PO-75770,INV-458041,Staples - Office Supplies,EMP-1018,Rejected
TXN-03932,2024-06-09,AT&T,Utilities - Telecom,300,USD,paid,Finance,CC-005,PO-83948,INV-799992,AT&T - Utilities - Telecom,EMP-1058,Approved
TXN-03933,2024-12-16,Xero,Accounting Software,200,USD,completed,HR,CC-002,PO-15709,INV-540675,Xero - Accounting Software,EMP-1133,Pending
TXN-03934,2024-06-28,Slack,Software - SaaS,299,USD,delivered,Operations,CC-003,PO-14606,INV-704590,Slack - Software - SaaS,EMP-1030,Approved
TXN-03935,2024-03-04,Comcast,Utilities - Internet,200,USD,paid,Operations,CC-003,PO-25280,INV-782228,Comcast - Utilities - Internet,EMP-1250,Rejected
TXN-03936,2024-09-28,UPS,Shipping & Logistics,25,USD,paid,HR,CC-003,PO-34571,INV-446549,UPS - Shipping & Logistics,EMP-1185,Rejected
TXN-03937,2024-11-07,Lyft Inc,Travel - Ground,12,USD,delivered,Sales,CC-004,PO-54967,INV-938101,Lyft Inc - Travel - Ground,EMP-1067,Approved
TXN-03938,2024-01-29,Deloitte,Professional Services,50000,USD,completed,Marketing,CC-005,PO-91741,INV-745354,Deloitte - Professional Services,EMP-1144,Approved
TXN-03939,2024-02-28,UPS,Shipping & Logistics,120,USD,invoiced,Sales,CC-003,PO-59327,INV-339449,UPS - Shipping & Logistics,EMP-1215,Approved
TXN-03940,2025-03-22,Accenture,Professional Services,3000,USD,invoiced,Engineering,CC-005,,INV-527495,Accenture - Professional Services,EMP-1112,Rejected
TXN-03941,2025-03-03,Grubhub,Meals & Entertainment,100,USD,completed,Operations,CC-002,PO-76235,INV-636374,Grubhub - Meals & Entertainment,EMP-1035,Rejected
TXN-03942,2024-01-11,American Airlines,Travel - Airfare,1500,USD,invoiced,Engineering,CC-005,PO-44094,INV-691262,American Airlines - Travel - Airfare,EMP-1152,Pending
TXN-03943,2024-06-16,Verizon,Utilities - Telecom,100,USD,delivered,HR,CC-002,PO-78613,INV-173966,Verizon - Utilities - Telecom,EMP-1005,Pending
TXN-03944,2024-05-16,Apple,Hardware - Equipment,1200,USD,paid,Sales,CC-002,,INV-350462,Apple - Hardware - Equipment,EMP-1164,Approved
TXN-03945,2025-02-04,LawDepot,Legal Services,1000,USD,completed,Operations,CC-005,PO-28505,INV-793076,LawDepot - Legal Services,EMP-1065,Pending
TXN-03946,2024-09-13,Salesforce,Software - SaaS,2500,USD,paid,Finance,CC-003,PO-13411,INV-346910,Salesforce - Software - SaaS,EMP-1174,Rejected
TXN-03947,2024-10-10,Lyft,Travel - Ground,40,USD,paid,HR,CC-002,PO-58854,INV-354427,Lyft - Travel - Ground,EMP-1037,Approved
TXN-03948,2025-01-04,Deloitte,Professional Services,25000,USD,invoiced,HR,CC-002,PO-48613,INV-718882,Deloitte - Professional Services,EMP-1200,Rejected
TXN-03949,2024-01-05,Twilio,Software - Communications,50,USD,pending,HR,CC-003,PO-47781,INV-154634,Twilio - Software - Communications,EMP-1234,Approved
TXN-03950,2025-03-31,Amazon,Hardware - Equipment,2499,USD,invoiced,Sales,CC-005,PO-84012,INV-399765,Amazon - Hardware - Equipment,EMP-1141,Pending
TXN-03951,2024-04-29,LinkedIn Ads,Marketing - Digital,5000,USD,pending,HR,CC-001,,INV-584671,LinkedIn Ads - Marketing - Digital,EMP-1117,Approved
TXN-03952,2024-12-04,American Airlines,Travel - Airfare,1500,USD,paid,Marketing,CC-005,PO-80743,INV-127649,American Airlines - Travel - Airfare,EMP-1173,Pending
TXN-03953,2024-09-07,UberEats,Meals & Entertainment,100,USD,invoiced,Operations,CC-004,PO-98356,INV-307617,UberEats - Meals & Entertainment,EMP-1084,Rejected
TXN-03954,2024-07-27,HubSpot,Marketing - Software,50,USD,pending,HR,CC-003,,INV-745943,HubSpot - Marketing - Software,EMP-1091,Rejected
TXN-03955,2024-08-25,LawDepot,Legal Services,200,USD,delivered,Operations,CC-002,PO-34901,INV-497656,LawDepot - Legal Services,EMP-1123,Approved
TXN-03956,2024-10-16,Xero,Accounting Software,200,USD,invoiced,Operations,CC-005,PO-83586,INV-640972,Xero - Accounting Software,EMP-1091,Pending
TXN-03957,2024-05-26,Time Warner,Utilities - Internet,100,USD,delivered,Engineering,CC-004,PO-88665,INV-625812,Time Warner - Utilities - Internet,EMP-1165,Approved
TXN-03958,2024-02-25,Stripe,Software - Payments,100,USD,paid,Operations,CC-002,PO-91056,INV-142508,Stripe - Software - Payments,EMP-1237,Pending
TXN-03959,2024-09-28,Amazon,Hardware - Equipment,599,USD,completed,Marketing,CC-002,PO-51027,INV-182860,Amazon - Hardware - Equipment,EMP-1088,Rejected
TXN-03960,2024-01-22,Zoom,Software - SaaS,100,USD,delivered,Marketing,CC-004,PO-66956,INV-297508,Zoom - Software - SaaS,EMP-1016,Approved
TXN-03961,2025-03-18,QuickBooks,Accounting Software,120,USD,pending,Sales,CC-001,PO-90761,INV-216872,QuickBooks - Accounting Software,EMP-1244,Approved
TXN-03962,2024-09-16,xero,Accounting Software,99,USD,pending,HR,CC-004,PO-43201,INV-960822,xero - Accounting Software,EMP-1164,Pending
TXN-03963,2024-10-03,DHL,Shipping & Logistics,400,USD,delivered,Sales,CC-002,PO-18358,INV-260019,DHL - Shipping & Logistics,EMP-1219,Rejected
TXN-03964,2025-03-31,Accenture,Professional Services,7000,USD,delivered,Marketing,CC-005,PO-12958,INV-249756,Accenture - Professional Services,EMP-1098,Approved
TXN-03965,2024-08-27,UPS,Shipping & Logistics,120,USD,pending,HR,CC-003,PO-58536,INV-516377,UPS - Shipping & Logistics,EMP-1004,Approved
TXN-03966,2024-01-17,Amazon Business,Office Supplies,500,USD,delivered,HR,CC-004,PO-37984,INV-384804,Amazon Business - Office Supplies,EMP-1240,Pending
TXN-03967,2025-03-17,Uber,Travel - Ground,65,USD,paid,HR,CC-005,PO-43214,INV-449494,Uber - Travel - Ground,EMP-1012,Approved
TXN-03968,2025-03-09,Xero,Accounting Software,400,USD,invoiced,Operations,CC-004,PO-34602,INV-673880,Xero - Accounting Software,EMP-1193,Rejected
TXN-03969,2024-03-27,Restaurants.com,Meals & Entertainment,150,USD,invoiced,Engineering,CC-001,PO-59715,INV-921249,Restaurants.com - Meals & Entertainment,EMP-1149,Pending
TXN-03970,2024-10-24,Amazon Business,Office Supplies,250,USD,completed,Marketing,CC-005,PO-89393,INV-209426,Amazon Business - Office Supplies,EMP-1161,Pending
TXN-03971,2024-11-08,Stripe,Software - Payments,100,USD,paid,Engineering,CC-005,,INV-822242,Stripe - Software - Payments,EMP-1081,Rejected
TXN-03972,2024-10-22,Amazon Business,Office Supplies,100,USD,paid,Finance,CC-005,PO-89535,INV-401897,Amazon Business - Office Supplies,EMP-1154,Rejected
TXN-03973,2024-07-29,Slack,Software - SaaS,199,USD,delivered,Marketing,CC-003,PO-34763,INV-440867,Slack - Software - SaaS,EMP-1074,Rejected
TXN-03974,2025-03-26,IKEA,Furniture - Fixed Asset,600,USD,delivered,Marketing,CC-001,PO-64938,INV-569782,IKEA - Furniture - Fixed Asset,EMP-1233,Rejected
TXN-03975,2024-05-11,FedEx,Shipping & Logistics,300,USD,pending,Marketing,CC-003,PO-88734,INV-254736,FedEx - Shipping & Logistics,EMP-1223,Pending
TXN-03976,2024-07-01,United Airlines,Travel - Airfare,850,USD,pending,Engineering,CC-005,PO-77826,INV-391620,United Airlines - Travel - Airfare,EMP-1188,Approved
TXN-03977,2025-02-07,Office Depot,Office Supplies,350,USD,paid,Operations,CC-002,,INV-355682,Office Depot - Office Supplies,EMP-1078,Rejected
TXN-03978,2025-03-26,AT&T,Utilities - Telecom,300,USD,delivered,Operations,CC-002,PO-21240,INV-917623,AT&T - Utilities - Telecom,EMP-1154,Pending
TXN-03979,2024-02-03,Lenovo,Hardware - Equipment,1000,USD,delivered,Operations,CC-005,PO-57651,INV-604551,Lenovo - Hardware - Equipment,EMP-1099,Rejected
TXN-03980,2024-01-19,LinkedIn Ads,Marketing - Digital,1000,USD,completed,Sales,CC-005,PO-88264,INV-966121,LinkedIn Ads - Marketing - Digital,EMP-1071,Rejected
TXN-03981,2024-01-30,Microsoft Azure,Software - Cloud,800,USD,completed,Operations,CC-003,PO-81521,INV-872340,Microsoft Azure - Software - Cloud,EMP-1140,Approved
TXN-03982,2025-03-15,Microsoft Azure,Software - Cloud,800,USD,pending,Marketing,CC-002,PO-83822,INV-732215,Microsoft Azure - Software - Cloud,EMP-1175,Pending
TXN-03983,2024-11-24,Best Buy,Hardware - Equipment,500,USD,delivered,HR,CC-005,PO-19686,INV-908295,Best Buy - Hardware - Equipment,EMP-1023,Approved
TXN-03984,2024-09-08,Office Depot,Office Supplies,75,USD,paid,HR,CC-002,PO-11988,INV-590883,Office Depot - Office Supplies,EMP-1109,Rejected
TXN-03985,2024-12-29,Amazon,Hardware - Equipment,599,USD,pending,Marketing,CC-002,PO-33437,INV-146548,Amazon - Hardware - Equipment,EMP-1178,Rejected
TXN-03986,2025-03-05,DHL,Shipping & Logistics,150,USD,delivered,Finance,CC-003,PO-45725,INV-466053,DHL - Shipping & Logistics,EMP-1049,Pending
TXN-03987,2024-12-18,UPS,Shipping & Logistics,120,USD,pending,Finance,CC-005,,INV-951463,UPS - Shipping & Logistics,EMP-1244,Pending
TXN-03988,2024-08-15,Dell,Hardware - Equipment,500,USD,pending,Engineering,CC-005,PO-91447,INV-801556,Dell - Hardware - Equipment,EMP-1218,Rejected
TXN-03989,2024-07-24,Office Depot,Office Supplies,200,USD,completed,Marketing,CC-003,PO-79767,INV-846171,Office Depot - Office Supplies,EMP-1053,Pending
TXN-03990,2024-03-14,Hilton Hotels Inc,Travel - Lodging,120,USD,invoiced,Operations,CC-002,PO-61866,INV-749391,Hilton Hotels Inc - Travel - Lodging,EMP-1025,Rejected
TXN-03991,2025-03-10,Grubhub,Meals & Entertainment,180,USD,completed,Operations,CC-002,PO-43570,INV-973728,Grubhub - Meals & Entertainment,EMP-1137,Pending
TXN-03992,2024-04-02,Deloitte,Professional Services,25000,USD,pending,HR,CC-004,PO-40793,INV-321680,Deloitte - Professional Services,EMP-1024,Pending
TXN-03993,2024-10-18,LawDepot,Legal Services,200,USD,completed,Engineering,CC-002,PO-77959,INV-107742,LawDepot - Legal Services,EMP-1001,Pending
TXN-03994,2024-11-16,Google Ads,Marketing - Digital,1000,USD,paid,Engineering,CC-002,PO-97442,INV-581380,Google Ads - Marketing - Digital,EMP-1201,Rejected
TXN-03995,2024-04-10,Best Buy Inc,Hardware - Equipment,100,USD,completed,Marketing,CC-001,PO-99864,INV-517741,Best Buy Inc - Hardware - Equipment,EMP-1226,Pending
TXN-03996,2024-09-30,Facebook Ads,Marketing - Digital,300,USD,completed,Engineering,CC-005,PO-69454,INV-406878,Facebook Ads - Marketing - Digital,EMP-1028,Pending
TXN-03997,2024-12-03,Steelcase,Furniture - Fixed Asset,2500,USD,delivered,HR,CC-003,PO-58255,INV-558532,Steelcase - Furniture - Fixed Asset,EMP-1153,Rejected
TXN-03998,2024-09-29,Twilio,Software - Communications,50,USD,completed,Operations,CC-005,PO-96059,INV-121140,Twilio - Software - Communications,EMP-1115,Pending
TXN-03999,2025-02-09,Salesforce,Software - SaaS,1200,USD,invoiced,Engineering,CC-003,PO-90621,INV-939880,Salesforce - Software - SaaS,EMP-1136,Rejected
TXN-04000,2025-01-11,Lenovo,Hardware - Equipment,2000,USD,completed,HR,CC-003,PO-11640,INV-553399,Lenovo - Hardware - Equipment,EMP-1223,Approved
TXN-04001,2024-09-30,HubSpot,Marketing - Software,200,USD,invoiced,Marketing,CC-004,PO-43648,INV-957417,HubSpot - Marketing - Software,EMP-1120,Rejected
TXN-04002,2025-02-08,FedEx,Shipping & Logistics,100,USD,invoiced,Marketing,CC-002,PO-49742,INV-909290,FedEx - Shipping & Logistics,EMP-1194,Approved
TXN-04003,2024-11-13,Delta Airlines,Travel - Airfare,900,USD,invoiced,Engineering,CC-005,PO-97234,INV-733009,Delta Airlines - Travel - Airfare,EMP-1212,Rejected
TXN-04004,2024-05-28,Dell,Hardware - Equipment,500,USD,completed,Engineering,CC-003,PO-53676,INV-251446,Dell - Hardware - Equipment,EMP-1176,Rejected
TXN-04005,2024-11-27,Office Depot,Office Supplies,350,USD,pending,Finance,CC-004,PO-63949,INV-848170,Office Depot - Office Supplies,EMP-1171,Rejected
TXN-04006,2025-03-02,Verizon,Utilities - Telecom,200,USD,pending,Marketing,CC-004,PO-22138,INV-955043,Verizon - Utilities - Telecom,EMP-1219,Approved
TXN-04007,2024-11-01,Lenovo,Hardware - Equipment,2000,USD,invoiced,Marketing,CC-004,PO-42059,INV-399128,Lenovo - Hardware - Equipment,EMP-1151,Pending
TXN-04008,2024-08-13,VERIZON,Utilities - Telecom,100,USD,paid,Engineering,CC-001,PO-88851,INV-954722,VERIZON - Utilities - Telecom,EMP-1153,Approved
TXN-04009,2024-07-10,Accenture,Professional Services,3000,USD,pending,Sales,CC-001,PO-90799,INV-164173,Accenture - Professional Services,EMP-1235,Approved
TXN-04010,2025-03-26,Best Buy,Hardware - Equipment,100,USD,completed,Marketing,CC-005,PO-41933,INV-719029,Best Buy - Hardware - Equipment,EMP-1247,Rejected
TXN-04011,2024-09-23,Datadog,Software - Monitoring,800,USD,paid,Finance,CC-004,PO-49519,INV-138909,Datadog - Software - Monitoring,EMP-1117,Pending
TXN-04012,2024-02-17,Delta Airlines,Travel - Airfare,900,USD,delivered,Marketing,CC-003,PO-44100,INV-681356,Delta Airlines - Travel - Airfare,EMP-1102,Approved
TXN-04013,2024-02-11,GitHub Inc,Software - Development,21,USD,invoiced,Engineering,CC-005,PO-45412,INV-939704,GitHub Inc - Software - Development,EMP-1238,Pending
TXN-04014,2024-01-10,Delta Airlines,Travel - Airfare,500,USD,completed,Finance,CC-001,PO-24349,INV-486761,Delta Airlines - Travel - Airfare,EMP-1048,Rejected
TXN-04015,2024-09-25,Delta Airlines,Travel - Airfare,900,USD,delivered,Marketing,CC-005,PO-86914,INV-586065,Delta Airlines - Travel - Airfare,EMP-1246,Approved
TXN-04016,2024-01-14,Slack,Software - SaaS,199,USD,paid,HR,CC-002,PO-43770,INV-743290,Slack - Software - SaaS,EMP-1177,Pending
TXN-04017,2025-02-15,Twilio,Software - Communications,1000,USD,completed,Marketing,CC-003,PO-32763,INV-149973,Twilio - Software - Communications,EMP-1178,Approved
TXN-04018,2024-04-03,Delta Airlines,Travel - Airfare,280,USD,completed,Sales,CC-003,PO-74163,INV-204994,Delta Airlines - Travel - Airfare,EMP-1179,Approved
TXN-04019,2025-01-28,GitHub,Software - Development,21,USD,invoiced,Engineering,CC-003,PO-30742,INV-686611,GitHub - Software - Development,EMP-1095,Pending
TXN-04020,2024-04-17,Verizon,Utilities - Telecom,100,USD,completed,Marketing,CC-001,PO-55412,INV-194889,Verizon - Utilities - Telecom,EMP-1235,Pending
TXN-04021,2025-01-11,AWS,Software - Cloud,500,USD,completed,Marketing,CC-001,PO-84382,INV-478514,AWS - Software - Cloud,EMP-1141,Approved
TXN-04022,2024-09-16,Apple,Hardware - Equipment,199,USD,completed,Marketing,CC-004,PO-53239,INV-788644,Apple - Hardware - Equipment,EMP-1193,Pending
TXN-04023,2025-02-19,American Airlines,Travel - Airfare,300,USD,pending,Sales,CC-005,PO-23249,INV-242266,American Airlines - Travel - Airfare,EMP-1042,Approved
TXN-04024,2025-03-29,Twilio,Software - Communications,50,USD,invoiced,HR,CC-002,PO-56510,INV-402047,Twilio - Software - Communications,EMP-1119,Rejected
TXN-04025,2024-05-30,Uber,Travel - Ground,25,USD,pending,Marketing,CC-001,PO-10416,INV-650022,Uber - Travel - Ground,EMP-1216,Approved
TXN-04026,2024-10-20,LawDepot,Legal Services,200,USD,completed,Sales,CC-002,PO-36192,INV-648765,LawDepot - Legal Services,EMP-1174,Rejected
TXN-04027,2024-09-17,Microsoft Azure,Software - Cloud,1500,USD,paid,Sales,CC-001,PO-44650,INV-417308,Microsoft Azure - Software - Cloud,EMP-1219,Approved
TXN-04028,2025-03-20,Best Buy,Hardware - Equipment,1200,USD,delivered,Marketing,CC-003,PO-71796,INV-904298,Best Buy - Hardware - Equipment,EMP-1106,Rejected
TXN-04029,2025-03-23,Datadog,Software - Monitoring,1500,USD,paid,Finance,CC-005,PO-44615,INV-866795,Datadog - Software - Monitoring,EMP-1109,Rejected
TXN-04030,2024-03-06,Amazon Business,Office Supplies,250,USD,pending,Operations,CC-003,PO-69690,INV-782296,Amazon Business - Office Supplies,EMP-1162,Rejected
TXN-04031,2024-10-24,Hilton Hotels,Travel - Lodging,400,USD,pending,HR,CC-001,PO-83475,INV-569879,Hilton Hotels - Travel - Lodging,EMP-1156,Rejected
TXN-04032,2024-07-04,DoorDash,Meals & Entertainment,50,USD,completed,Sales,CC-005,PO-16612,INV-316873,DoorDash - Meals & Entertainment,EMP-1226,Rejected
TXN-04033,2024-09-21,LinkedIn Ads,Marketing - Digital,1000,USD,pending,HR,CC-001,PO-34327,INV-972831,LinkedIn Ads - Marketing - Digital,EMP-1084,Pending
TXN-04034,2024-04-03,United Airlines,Travel - Airfare,1200,USD,paid,HR,CC-002,,INV-917460,United Airlines - Travel - Airfare,EMP-1145,Rejected
TXN-04035,2024-07-19,Xero Inc,Accounting Software,99,USD,invoiced,Marketing,CC-005,PO-98357,INV-883515,Xero Inc - Accounting Software,EMP-1229,Pending
TXN-04036,2024-12-04,HubSpot,Marketing - Software,200,USD,completed,Engineering,CC-001,PO-66035,INV-457363,HubSpot - Marketing - Software,EMP-1042,Pending
TXN-04037,2024-03-14,Dell,Hardware - Equipment,1200,USD,delivered,Finance,CC-002,PO-98031,INV-346986,Dell - Hardware - Equipment,EMP-1108,Pending
TXN-04038,2024-12-07,Time Warner,Utilities - Internet,60,USD,completed,Engineering,CC-002,PO-24239,INV-991023,Time Warner - Utilities - Internet,EMP-1062,Pending
TXN-04039,2025-01-12,Amazon Business,Office Supplies,100,USD,pending,Engineering,CC-002,PO-15889,INV-243295,Amazon Business - Office Supplies,EMP-1001,Approved
TXN-04040,2024-08-28,Zoom,Software - SaaS,100,USD,invoiced,Operations,CC-004,PO-31170,INV-373102,Zoom - Software - SaaS,EMP-1031,Pending
TXN-04041,2024-03-18,HubSpot,Marketing - Software,500,USD,pending,Marketing,CC-001,PO-75868,INV-646050,HubSpot - Marketing - Software,EMP-1152,Pending
TXN-04042,2024-04-23,Google Cloud,Software - Cloud,400,USD,delivered,Engineering,CC-001,PO-49855,INV-321595,Google Cloud - Software - Cloud,EMP-1207,Pending
TXN-04043,2024-05-20,Microsoft Azure,Software - Cloud,1500,USD,delivered,HR,CC-003,PO-38917,INV-311506,Microsoft Azure - Software - Cloud,EMP-1160,Pending
TXN-04044,2024-10-05,UPS,Shipping & Logistics,25,USD,invoiced,Marketing,CC-005,PO-92252,INV-734929,UPS - Shipping & Logistics,EMP-1069,Pending
TXN-04045,2024-01-08,Marriott Hotels,Travel - Lodging,250,USD,invoiced,Sales,CC-004,PO-19580,INV-460815,Marriott Hotels - Travel - Lodging,EMP-1230,Approved
TXN-04046,2024-09-06,UPS,Shipping & Logistics,120,USD,invoiced,HR,CC-002,PO-34642,INV-107868,UPS - Shipping & Logistics,EMP-1120,Pending
TXN-04047,2024-06-19,Restaurants.com,Meals & Entertainment,40,USD,completed,Sales,CC-002,PO-16040,INV-248800,Restaurants.com - Meals & Entertainment,EMP-1225,Rejected
TXN-04048,2024-07-12,Verizon,Utilities - Telecom,100,USD,paid,Finance,CC-005,PO-24953,INV-897326,Verizon - Utilities - Telecom,EMP-1202,Approved
TXN-04049,2025-03-16,Amazon Business,Office Supplies,100,USD,pending,Finance,CC-004,PO-36977,INV-396284,Amazon Business - Office Supplies,EMP-1245,Approved
TXN-04050,2024-11-02,Xero,Accounting Software,99,USD,paid,Finance,CC-001,,INV-357998,Xero - Accounting Software,EMP-1016,Rejected
TXN-04051,2024-09-15,PwC,Professional Services,20000,USD,completed,Engineering,CC-003,PO-71036,INV-661558,PwC - Professional Services,EMP-1068,Pending
TXN-04052,2024-02-13,Starbucks,Meals & Entertainment,10,USD,invoiced,Operations,CC-003,PO-63283,INV-848549,Starbucks - Meals & Entertainment,EMP-1176,Rejected
TXN-04053,2024-10-20,AWS,Software - Cloud,5000,USD,pending,Operations,CC-004,PO-44729,INV-410604,AWS - Software - Cloud,EMP-1167,Approved
TXN-04054,2025-02-24,QuickBooks,Accounting Software,120,USD,pending,Sales,CC-003,PO-10357,INV-260545,QuickBooks - Accounting Software,EMP-1005,Pending
TXN-04055,2024-02-18,Google Ads,Marketing - Digital,500,USD,delivered,Engineering,CC-001,,INV-525534,Google Ads - Marketing - Digital,EMP-1128,Pending
TXN-04056,2025-02-11,Chipotle,Meals & Entertainment,25,USD,pending,Sales,CC-004,PO-13581,INV-979595,Chipotle - Meals & Entertainment,EMP-1009,Rejected
TXN-04057,2024-11-03,Time Warner,Utilities - Internet,100,USD,completed,Sales,CC-005,PO-58281,INV-471179,Time Warner - Utilities - Internet,EMP-1226,Approved
TXN-04058,2024-01-03,Microsoft Azure,Software - Cloud,300,USD,invoiced,Marketing,CC-002,PO-58659,INV-996962,Microsoft Azure - Software - Cloud,EMP-1151,Rejected
TXN-04059,2024-11-08,Deloitte,Professional Services,5000,USD,completed,Marketing,CC-002,PO-28695,INV-515668,Deloitte - Professional Services,EMP-1131,Approved
TXN-04060,2024-09-04,Amazon Business,Office Supplies,100,USD,pending,Operations,CC-001,PO-58984,INV-134461,Amazon Business - Office Supplies,EMP-1220,Pending
TXN-04061,2025-01-04,Google Ads,Marketing - Digital,1000,USD,delivered,Operations,CC-003,PO-50157,INV-134102,Google Ads - Marketing - Digital,EMP-1170,Rejected
TXN-04062,2024-06-06,Best Buy,Hardware - Equipment,100,USD,pending,Sales,CC-001,PO-29311,INV-875481,Best Buy - Hardware - Equipment,EMP-1153,Pending
TXN-04063,2025-02-09,Apple Inc,Hardware - Equipment,199,USD,invoiced,Sales,CC-004,PO-26482,INV-832663,Apple Inc - Hardware - Equipment,EMP-1018,Approved
TXN-04064,2024-03-18,Southwest Airlines,Travel - Airfare,150,USD,pending,HR,CC-003,PO-74207,INV-924120,Southwest Airlines - Travel - Airfare,EMP-1228,Rejected
TXN-04065,2025-02-20,Dell,Hardware - Equipment,500,USD,delivered,Engineering,CC-002,PO-93548,INV-111911,Dell - Hardware - Equipment,EMP-1050,Rejected
TXN-04066,2024-08-07,Zoom,Software - SaaS,200,USD,invoiced,Finance,CC-004,PO-27956,INV-464657,Zoom - Software - SaaS,EMP-1168,Pending
TXN-04067,2024-01-25,Restaurants.com,Meals & Entertainment,40,USD,paid,Finance,CC-005,PO-13397,INV-165037,Restaurants.com - Meals & Entertainment,EMP-1223,Rejected
TXN-04068,2025-02-11,Verizon,Utilities - Telecom,350,USD,pending,Finance,CC-003,PO-84490,INV-142356,Verizon - Utilities - Telecom,EMP-1095,Approved
TXN-04069,2024-04-15,Uber,Travel - Ground,25,USD,paid,Operations,CC-005,PO-91150,INV-505139,Uber - Travel - Ground,EMP-1042,Pending
TXN-04070,2024-11-26,Xero,Accounting Software,400,USD,completed,Sales,CC-001,PO-25785,INV-591613,Xero - Accounting Software,EMP-1206,Approved
TXN-04071,2024-10-02,Xero,Accounting Software,400,USD,invoiced,HR,CC-005,PO-44005,INV-699982,Xero - Accounting Software,EMP-1021,Pending
TXN-04072,2024-07-04,Microsoft Azure,Software - Cloud,1500,USD,invoiced,Finance,CC-005,PO-27552,INV-986366,Microsoft Azure - Software - Cloud,EMP-1210,Pending
TXN-04073,2024-08-13,Herman Miller,Furniture - Fixed Asset,800,USD,paid,Finance,CC-001,,INV-660266,Herman Miller - Furniture - Fixed Asset,EMP-1068,Pending
TXN-04074,2024-08-04,Chipotle,Meals & Entertainment,20,USD,paid,HR,CC-004,PO-66587,INV-878016,Chipotle - Meals & Entertainment,EMP-1197,Pending
TXN-04075,2024-02-12,Google Cloud,Software - Cloud,400,USD,completed,Finance,CC-001,PO-97714,INV-408297,Google Cloud - Software - Cloud,EMP-1159,Pending
TXN-04076,2024-09-21,Delta Airlines,Travel - Airfare,900,USD,paid,HR,CC-005,PO-58576,INV-999039,Delta Airlines - Travel - Airfare,EMP-1247,Approved
TXN-04077,2024-04-20,Office Depot,Office Supplies,75,USD,completed,Sales,CC-005,PO-27526,INV-155262,Office Depot - Office Supplies,EMP-1217,Rejected
TXN-04078,2025-03-09,Restaurants.com,Meals & Entertainment,40,USD,paid,Marketing,CC-004,PO-38206,INV-209384,Restaurants.com - Meals & Entertainment,EMP-1113,Approved
TXN-04079,2024-12-19,Herman Miller Inc,Furniture - Fixed Asset,3000,USD,pending,HR,CC-003,PO-95788,INV-228265,Herman Miller Inc - Furniture - Fixed Asset,EMP-1009,Pending
TXN-04080,2024-11-13,LinkedIn Ads,Marketing - Digital,1000,USD,pending,Finance,CC-005,PO-90323,INV-264475,LinkedIn Ads - Marketing - Digital,EMP-1079,Approved
TXN-04081,2024-11-26,FedEx Inc,Shipping & Logistics,45,USD,paid,HR,CC-001,PO-20975,INV-336153,FedEx Inc - Shipping & Logistics,EMP-1248,Pending
TXN-04082,2025-03-14,Dell,Hardware - Equipment,1200,USD,invoiced,Finance,CC-004,PO-76780,INV-690794,Dell - Hardware - Equipment,EMP-1196,Rejected
TXN-04083,2025-03-17,AWS,Software - Cloud,2341,USD,invoiced,Operations,CC-005,PO-21630,INV-408223,AWS - Software - Cloud,EMP-1065,Approved
TXN-04084,2024-07-24,Dell,Hardware - Equipment,1200,USD,invoiced,Finance,CC-003,PO-50732,INV-215360,Dell - Hardware - Equipment,EMP-1069,Pending
TXN-04085,2024-04-22,Microsoft Azure,Software - Cloud,1500,USD,pending,Sales,CC-001,PO-71372,INV-902043,Microsoft Azure - Software - Cloud,EMP-1068,Rejected
TXN-04086,2024-04-17,Verizon,Utilities - Telecom,200,USD,paid,Sales,CC-001,PO-32852,INV-265434,Verizon - Utilities - Telecom,EMP-1068,Pending
TXN-04087,2024-11-26,Herman Miller,Furniture - Fixed Asset,1500,USD,paid,Sales,CC-001,PO-36759,INV-846677,Herman Miller - Furniture - Fixed Asset,EMP-1071,Approved
TXN-04088,2025-01-22,Google Ads,Marketing - Digital,500,USD,delivered,Marketing,CC-004,PO-69272,INV-684815,Google Ads - Marketing - Digital,EMP-1192,Pending
TXN-04089,2024-09-24,AWS,Software - Cloud,2341,USD,completed,Sales,CC-005,PO-91100,INV-221642,AWS - Software - Cloud,EMP-1070,Approved
TXN-04090,2024-12-11,Office Depot,Office Supplies,75,USD,invoiced,Sales,CC-002,PO-30979,INV-493467,Office Depot - Office Supplies,EMP-1052,Pending
TXN-04091,2024-07-10,AT&T,Utilities - Telecom,300,USD,pending,Finance,CC-003,PO-52299,INV-521942,AT&T - Utilities - Telecom,EMP-1083,Rejected
TXN-04092,2024-03-20,Lyft,Travel - Ground,22,USD,invoiced,HR,CC-004,,INV-533727,Lyft - Travel - Ground,EMP-1096,Approved
TXN-04093,2025-01-13,Accenture,Professional Services,7000,USD,invoiced,Sales,CC-001,,INV-477844,Accenture - Professional Services,EMP-1115,Approved
TXN-04094,2024-01-16,Microsoft Azure,Software - Cloud,1500,USD,completed,Sales,CC-004,PO-56007,INV-332193,Microsoft Azure - Software - Cloud,EMP-1249,Rejected
TXN-04095,2024-03-30,American Airlines,Travel - Airfare,300,USD,paid,Marketing,CC-001,PO-15198,INV-353028,American Airlines - Travel - Airfare,EMP-1048,Rejected
TXN-04096,2024-01-03,Herman Miller Inc,Furniture - Fixed Asset,3000,USD,paid,Finance,CC-002,PO-46663,INV-963591,Herman Miller Inc - Furniture - Fixed Asset,EMP-1077,Pending
TXN-04097,2024-02-04,DoorDash,Meals & Entertainment,25,USD,paid,Marketing,CC-005,,INV-885311,DoorDash - Meals & Entertainment,EMP-1194,Pending
TXN-04098,2024-11-05,UberEats Inc,Meals & Entertainment,185,USD,delivered,Operations,CC-003,PO-50755,INV-747354,UberEats Inc - Meals & Entertainment,EMP-1048,Approved
TXN-04099,2024-03-31,Amazon,Hardware - Equipment,299,USD,delivered,Sales,CC-004,PO-31860,INV-580929,Amazon - Hardware - Equipment,EMP-1132,Approved
TXN-04100,2024-02-17,Dell,Hardware - Equipment,2500,USD,pending,Operations,CC-003,,INV-530717,Dell - Hardware - Equipment,EMP-1142,Pending
TXN-04101,2025-01-26,Southwest Airlines,Travel - Airfare,1000,USD,paid,Sales,CC-003,PO-81996,INV-583237,Southwest Airlines - Travel - Airfare,EMP-1027,Pending
TXN-04102,2024-01-28,Amazon Business,Office Supplies,500,USD,paid,HR,CC-002,PO-92516,INV-625603,Amazon Business - Office Supplies,EMP-1109,Approved
TXN-04103,2024-09-21,Google Cloud,Software - Cloud,4000,USD,delivered,Sales,CC-002,PO-40420,INV-760106,Google Cloud - Software - Cloud,EMP-1053,Rejected
TXN-04104,2024-07-14,Time Warner,Utilities - Internet,180,USD,paid,Sales,CC-004,PO-19397,INV-140894,Time Warner - Utilities - Internet,EMP-1221,Rejected
TXN-04105,2025-02-09,Restaurants.com,Meals & Entertainment,40,USD,delivered,Finance,CC-003,PO-69159,INV-143932,Restaurants.com - Meals & Entertainment,EMP-1132,Approved
TXN-04106,2025-03-24,QuickBooks,Accounting Software,600,USD,invoiced,Sales,CC-001,PO-68581,INV-918001,QuickBooks - Accounting Software,EMP-1120,Pending
TXN-04107,2025-03-06,QuickBooks,Accounting Software,600,USD,completed,Sales,CC-005,PO-26936,INV-884929,QuickBooks - Accounting Software,EMP-1164,Approved
TXN-04108,2024-01-17,Apple,Hardware - Equipment,1999,USD,paid,Sales,CC-004,PO-43758,INV-410008,Apple - Hardware - Equipment,EMP-1117,Rejected
TXN-04109,2024-08-14,Airbnb,Travel - Lodging,80,USD,pending,HR,CC-004,PO-33087,INV-546695,Airbnb - Travel - Lodging,EMP-1195,Approved
TXN-04110,2024-08-06,American Airlines Inc,Travel - Airfare,550,USD,delivered,Finance,CC-002,PO-37292,INV-380306,American Airlines Inc - Travel - Airfare,EMP-1151,Pending
TXN-04111,2024-09-15,Accenture,Professional Services,7000,USD,completed,Sales,CC-002,PO-67888,INV-502511,Accenture - Professional Services,EMP-1222,Rejected
TXN-04112,2024-07-08,Best Buy,Hardware - Equipment,1200,USD,pending,Engineering,CC-003,PO-14565,INV-627044,Best Buy - Hardware - Equipment,EMP-1036,Rejected
TXN-04113,2025-03-27,FedEx,Shipping & Logistics,500,USD,paid,Marketing,CC-004,PO-66511,INV-581843,FedEx - Shipping & Logistics,EMP-1041,Pending
TXN-04114,2025-03-04,Amazon Business,Office Supplies,500,USD,paid,Marketing,CC-001,PO-10706,INV-603698,Amazon Business - Office Supplies,EMP-1093,Approved
TXN-04115,2024-07-26,Amazon,Hardware - Equipment,2499,USD,invoiced,Sales,CC-001,PO-80633,INV-413698,Amazon - Hardware - Equipment,EMP-1179,Rejected
TXN-04116,2024-03-10,Marriott Hotels,Travel - Lodging,250,USD,paid,Sales,CC-003,PO-91017,INV-302337,Marriott Hotels - Travel - Lodging,EMP-1049,Pending
TXN-04117,2025-03-20,McKinsey,Professional Services,60000,USD,paid,Marketing,CC-003,PO-32524,INV-955698,McKinsey - Professional Services,EMP-1183,Pending
TXN-04118,2025-03-05,Steelcase,Furniture - Fixed Asset,2500,USD,completed,HR,CC-002,PO-85754,INV-657257,Steelcase - Furniture - Fixed Asset,EMP-1088,Pending
TXN-04119,2024-06-11,IKEA,Furniture - Fixed Asset,1200,USD,delivered,HR,CC-004,PO-13487,INV-840346,IKEA - Furniture - Fixed Asset,EMP-1148,Approved
TXN-04120,2025-03-25,Xero,Accounting Software,99,USD,pending,Engineering,CC-002,PO-84529,INV-292867,Xero - Accounting Software,EMP-1147,Pending
TXN-04121,2025-02-05,Herman Miller,Furniture - Fixed Asset,800,USD,paid,Finance,CC-005,PO-77667,INV-524880,Herman Miller - Furniture - Fixed Asset,EMP-1151,Rejected
TXN-04122,2024-06-27,Restaurants.com,Meals & Entertainment,40,USD,delivered,Operations,CC-003,PO-42417,INV-591576,Restaurants.com - Meals & Entertainment,EMP-1154,Pending
TXN-04123,2024-12-29,Steelcase,Furniture - Fixed Asset,600,USD,delivered,Sales,CC-001,,INV-495093,Steelcase - Furniture - Fixed Asset,EMP-1122,Pending
TXN-04124,2024-06-14,LawDepot,Legal Services,200,USD,paid,Finance,CC-004,PO-15899,INV-302083,LawDepot - Legal Services,EMP-1036,Approved
TXN-04125,2024-03-23,Verizon,Utilities - Telecom,100,USD,completed,Finance,CC-001,PO-20956,INV-432752,Verizon - Utilities - Telecom,EMP-1219,Rejected
TXN-04126,2024-02-29,Starbucks,Meals & Entertainment,15,USD,paid,Operations,CC-003,PO-84957,INV-855152,Starbucks - Meals & Entertainment,EMP-1092,Rejected
TXN-04127,2025-02-21,Dell,Hardware - Equipment,1200,USD,delivered,Operations,CC-004,PO-44413,INV-375643,Dell - Hardware - Equipment,EMP-1062,Approved
TXN-04128,2024-09-18,Twilio,Software - Communications,1000,USD,delivered,Finance,CC-004,PO-64778,INV-527614,Twilio - Software - Communications,EMP-1051,Rejected
TXN-04129,2024-09-20,Facebook Ads,Marketing - Digital,800,USD,delivered,Operations,CC-001,PO-26662,INV-607975,Facebook Ads - Marketing - Digital,EMP-1029,Rejected
TXN-04130,2024-01-26,Marriott Hotels,Travel - Lodging,150,USD,delivered,HR,CC-005,PO-58228,INV-443751,Marriott Hotels - Travel - Lodging,EMP-1088,Rejected
TXN-04131,2024-02-06,Salesforce,Software - SaaS,600,USD,invoiced,Engineering,CC-003,,INV-343395,Salesforce - Software - SaaS,EMP-1066,Approved
TXN-04132,2024-12-26,Microsoft Azure,Software - Cloud,300,USD,completed,Operations,CC-005,PO-37011,INV-323178,Microsoft Azure - Software - Cloud,EMP-1052,Pending
TXN-04133,2024-08-30,Microsoft Azure Inc,Software - Cloud,1500,USD,delivered,HR,CC-001,PO-62643,INV-451298,Microsoft Azure Inc - Software - Cloud,EMP-1132,Rejected
TXN-04134,2024-06-25,Best Buy,Hardware - Equipment,1200,USD,completed,Engineering,CC-001,PO-75528,INV-285940,Best Buy - Hardware - Equipment,EMP-1059,Rejected
TXN-04135,2024-03-12,United Airlines,Travel - Airfare,250,USD,delivered,HR,CC-003,PO-78250,INV-703537,United Airlines - Travel - Airfare,EMP-1152,Approved
TXN-04136,2025-01-12,QuickBooks,Accounting Software,300,USD,completed,Operations,CC-002,PO-25743,INV-129077,QuickBooks - Accounting Software,EMP-1106,Rejected
TXN-04137,2025-03-05,United Airlines,Travel - Airfare,250,USD,pending,Sales,CC-001,PO-93042,INV-306305,United Airlines - Travel - Airfare,EMP-1105,Rejected
TXN-04138,2024-11-08,Comcast,Utilities - Internet,70,USD,pending,Engineering,CC-004,PO-83712,INV-218050,Comcast - Utilities - Internet,EMP-1013,Pending
TXN-04139,2024-03-15,QuickBooks,Accounting Software,300,USD,pending,Operations,CC-002,PO-92781,INV-175994,QuickBooks - Accounting Software,EMP-1046,Pending
TXN-04140,2024-07-10,Google Cloud,Software - Cloud,1850,USD,completed,Engineering,CC-002,PO-26406,INV-951195,Google Cloud - Software - Cloud,EMP-1189,Rejected
TXN-04141,2024-02-11,Xero Inc,Accounting Software,400,USD,completed,Operations,CC-003,PO-87514,INV-500403,Xero Inc - Accounting Software,EMP-1051,Approved
TXN-04142,2024-10-29,LawDepot,Legal Services,2500,USD,invoiced,HR,CC-003,PO-71160,INV-808599,LawDepot - Legal Services,EMP-1072,Rejected
TXN-04143,2024-11-21,Steelcase,Furniture - Fixed Asset,2500,USD,delivered,Marketing,CC-002,PO-54133,INV-335709,Steelcase - Furniture - Fixed Asset,EMP-1075,Approved
TXN-04144,2024-04-09,Slack,Software - SaaS,199,USD,invoiced,HR,CC-003,PO-48220,INV-426749,Slack - Software - SaaS,EMP-1112,Rejected
TXN-04145,2024-12-22,Google Cloud,Software - Cloud,400,USD,completed,Finance,CC-003,PO-83076,INV-138201,Google Cloud - Software - Cloud,EMP-1244,Rejected
TXN-04146,2024-10-20,Accenture,Professional Services,15000,USD,pending,Finance,CC-005,PO-30062,INV-861609,Accenture - Professional Services,EMP-1059,Rejected
TXN-04147,2024-01-12,Lyft,Travel - Ground,12,USD,completed,Finance,CC-005,PO-60469,INV-945982,Lyft - Travel - Ground,EMP-1024,Pending
TXN-04148,2024-06-22,QuickBooks,Accounting Software,600,USD,completed,Sales,CC-005,PO-11239,INV-623317,QuickBooks - Accounting Software,EMP-1202,Approved
TXN-04149,2024-11-06,Starbucks,Meals & Entertainment,15,USD,completed,Finance,CC-001,PO-65808,INV-592947,Starbucks - Meals & Entertainment,EMP-1033,Approved
TXN-04150,2024-10-30,Starbucks,Meals & Entertainment,7,USD,delivered,Finance,CC-001,PO-91680,INV-879297,Starbucks - Meals & Entertainment,EMP-1221,Approved
TXN-04151,2024-03-09,Deloitte,Professional Services,10000,USD,completed,Marketing,CC-003,,INV-125261,Deloitte - Professional Services,EMP-1105,Pending
TXN-04152,2024-03-21,Hilton Hotels,Travel - Lodging,700,USD,paid,Sales,CC-005,PO-69194,INV-443651,Hilton Hotels - Travel - Lodging,EMP-1232,Approved
TXN-04153,2024-11-09,Herman Miller,Furniture - Fixed Asset,800,USD,invoiced,Marketing,CC-002,,INV-977683,Herman Miller - Furniture - Fixed Asset,EMP-1049,Rejected
TXN-04154,2024-01-31,Twilio Inc,Software - Communications,200,USD,delivered,Marketing,CC-005,PO-90637,INV-912048,Twilio Inc - Software - Communications,EMP-1060,Pending
TXN-04155,2024-06-10,McKinsey,Professional Services,60000,USD,paid,Finance,CC-002,PO-80418,INV-697376,McKinsey - Professional Services,EMP-1198,Pending
TXN-04156,2024-12-17,IKEA,Furniture - Fixed Asset,600,USD,invoiced,Engineering,CC-005,PO-86366,INV-440516,IKEA - Furniture - Fixed Asset,EMP-1051,Pending
TXN-04157,2025-01-09,Airbnb,Travel - Lodging,150,USD,delivered,Finance,CC-004,PO-37989,INV-717131,Airbnb - Travel - Lodging,EMP-1237,Approved
TXN-04158,2024-08-25,AT&T,Utilities - Telecom,300,USD,pending,Sales,CC-005,PO-85890,INV-978081,AT&T - Utilities - Telecom,EMP-1143,Rejected
TXN-04159,2024-01-22,AT&T,Utilities - Telecom,80,USD,completed,Operations,CC-001,PO-93937,INV-165509,AT&T - Utilities - Telecom,EMP-1186,Pending
TXN-04160,2024-05-28,Marriott Hotels,Travel - Lodging,150,USD,delivered,Engineering,CC-005,PO-62112,INV-494094,Marriott Hotels - Travel - Lodging,EMP-1159,Pending
TXN-04161,2024-11-27,HubSpot,Marketing - Software,1200,USD,completed,Sales,CC-003,PO-45969,INV-252321,HubSpot - Marketing - Software,EMP-1245,Rejected
TXN-04162,2024-10-20,McKinsey,Professional Services,15000,USD,delivered,Finance,CC-002,PO-40916,INV-460592,McKinsey - Professional Services,EMP-1188,Approved
TXN-04163,2024-04-14,Dell,Hardware - Equipment,1200,USD,pending,Engineering,CC-005,PO-93979,INV-770184,Dell - Hardware - Equipment,EMP-1195,Pending
TXN-04164,2025-01-29,McKinsey,Professional Services,15000,USD,completed,HR,CC-001,,INV-489654,McKinsey - Professional Services,EMP-1177,Pending
TXN-04165,2024-11-10,Slack,Software - SaaS,299,USD,paid,Operations,CC-002,PO-44440,INV-859936,Slack - Software - SaaS,EMP-1142,Rejected
TXN-04166,2024-08-22,UberEats,Meals & Entertainment,185,USD,delivered,Finance,CC-002,PO-19104,INV-236684,UberEats - Meals & Entertainment,EMP-1169,Pending
TXN-04167,2024-08-05,Twilio,Software - Communications,500,USD,paid,Sales,CC-001,PO-45611,INV-802104,Twilio - Software - Communications,EMP-1058,Pending
TXN-04168,2024-06-30,Best Buy,Hardware - Equipment,100,USD,paid,Finance,CC-005,PO-52610,INV-750873,Best Buy - Hardware - Equipment,EMP-1177,Pending
TXN-04169,2024-12-03,McKinsey,Professional Services,6000,USD,invoiced,Sales,CC-002,PO-43161,INV-956435,McKinsey - Professional Services,EMP-1072,Approved
TXN-04170,2024-01-24,Comcast,Utilities - Internet,120,USD,completed,Operations,CC-001,PO-32156,INV-932788,Comcast - Utilities - Internet,EMP-1122,Approved
TXN-04171,2024-03-13,Office Depot,Office Supplies,350,USD,invoiced,Finance,CC-005,PO-57444,INV-871200,Office Depot - Office Supplies,EMP-1250,Rejected
TXN-04172,2024-04-03,Comcast,Utilities - Internet,70,USD,completed,Engineering,CC-002,PO-98567,INV-333940,Comcast - Utilities - Internet,EMP-1045,Rejected
TXN-04173,2024-08-03,Stripe,Software - Payments,2500,USD,completed,HR,CC-005,PO-36776,INV-485744,Stripe - Software - Payments,EMP-1132,Rejected
TXN-04174,2024-06-04,DoorDash,Meals & Entertainment,100,USD,paid,Engineering,CC-001,PO-52903,INV-240558,DoorDash - Meals & Entertainment,EMP-1198,Rejected
TXN-04175,2024-07-06,Dell,Hardware - Equipment,1200,USD,pending,Operations,CC-001,PO-13298,INV-108398,Dell - Hardware - Equipment,EMP-1048,Approved
TXN-04176,2024-10-02,Airbnb,Travel - Lodging,600,USD,completed,Operations,CC-003,PO-62561,INV-415047,Airbnb - Travel - Lodging,EMP-1115,Rejected
TXN-04177,2024-05-01,Herman Miller,Furniture - Fixed Asset,1200,USD,invoiced,Engineering,CC-002,PO-44340,INV-649115,Herman Miller - Furniture - Fixed Asset,EMP-1063,Approved
TXN-04178,2024-01-09,Facebook Ads,Marketing - Digital,4000,USD,completed,Sales,CC-004,PO-47593,INV-854321,Facebook Ads - Marketing - Digital,EMP-1044,Approved
TXN-04179,2025-01-01,DHL,Shipping & Logistics,400,USD,delivered,Engineering,CC-004,PO-36510,INV-201911,DHL - Shipping & Logistics,EMP-1031,Rejected
TXN-04180,2025-02-24,Google Cloud,Software - Cloud,1850,USD,pending,Engineering,CC-002,PO-40166,INV-102442,Google Cloud - Software - Cloud,EMP-1142,Rejected
TXN-04181,2024-09-14,HubSpot,Marketing - Software,50,USD,pending,Operations,CC-004,,INV-461926,HubSpot - Marketing - Software,EMP-1237,Approved
TXN-04182,2025-01-18,DHL,Shipping & Logistics,400,USD,pending,Finance,CC-001,PO-41066,INV-481662,DHL - Shipping & Logistics,EMP-1184,Rejected
TXN-04183,2024-09-05,Verizon,Utilities - Telecom,350,USD,pending,Sales,CC-003,PO-98460,INV-571415,Verizon - Utilities - Telecom,EMP-1244,Pending
TXN-04184,2024-02-19,FedEx,Shipping & Logistics,300,USD,completed,Operations,CC-002,PO-47456,INV-363726,FedEx - Shipping & Logistics,EMP-1032,Rejected
TXN-04185,2024-03-21,Uber,Travel - Ground,15,USD,pending,Finance,CC-004,PO-53004,INV-765787,Uber - Travel - Ground,EMP-1057,Approved
TXN-04186,2024-07-01,FedEx,Shipping & Logistics,45,USD,completed,Engineering,CC-004,PO-10684,INV-576467,FedEx - Shipping & Logistics,EMP-1187,Pending
TXN-04187,2024-03-15,Uber,Travel - Ground,65,USD,paid,Finance,CC-003,PO-62476,INV-939865,Uber - Travel - Ground,EMP-1200,Approved
TXN-04188,2024-03-28,Starbucks,Meals & Entertainment,15,USD,completed,HR,CC-002,,INV-369613,Starbucks - Meals & Entertainment,EMP-1226,Pending
TXN-04189,2024-05-11,Steelcase Inc,Furniture - Fixed Asset,2500,USD,pending,Finance,CC-003,,INV-729824,Steelcase Inc - Furniture - Fixed Asset,EMP-1191,Approved
TXN-04190,2024-12-26,Office Depot,Office Supplies,200,USD,completed,Operations,CC-003,PO-50284,INV-645888,Office Depot - Office Supplies,EMP-1228,Approved
TXN-04191,2025-01-11,GitHub,Software - Development,500,USD,pending,HR,CC-003,PO-74412,INV-900893,GitHub - Software - Development,EMP-1245,Approved
TXN-04192,2024-04-30,IKEA,Furniture - Fixed Asset,1200,USD,completed,HR,CC-003,PO-97795,INV-644227,IKEA - Furniture - Fixed Asset,EMP-1160,Rejected
TXN-04193,2025-01-08,Deloitte,Professional Services,5000,USD,paid,Finance,CC-004,PO-13861,INV-476505,Deloitte - Professional Services,EMP-1163,Approved
TXN-04194,2024-03-28,Google Cloud,Software - Cloud,950,USD,delivered,Operations,CC-005,PO-37654,INV-353522,Google Cloud - Software - Cloud,EMP-1097,Pending
TXN-04195,2024-09-20,Best Buy,Hardware - Equipment,1200,USD,pending,Engineering,CC-005,PO-94720,INV-144640,Best Buy - Hardware - Equipment,EMP-1245,Rejected
TXN-04196,2024-06-28,Herman Miller,Furniture - Fixed Asset,800,USD,paid,Sales,CC-004,PO-28897,INV-690713,Herman Miller - Furniture - Fixed Asset,EMP-1147,Approved
TXN-04197,2024-11-24,IKEA,Furniture - Fixed Asset,600,USD,paid,Operations,CC-001,PO-15260,INV-800917,IKEA - Furniture - Fixed Asset,EMP-1136,Pending
TXN-04198,2024-05-11,Staples,Office Supplies,50,USD,delivered,HR,CC-003,PO-31628,INV-560230,Staples - Office Supplies,EMP-1141,Pending
TXN-04199,2025-02-10,Grubhub,Meals & Entertainment,180,USD,delivered,Engineering,CC-001,PO-81381,INV-439689,Grubhub - Meals & Entertainment,EMP-1201,Approved
TXN-04200,2024-12-14,PwC,Professional Services,20000,USD,invoiced,Finance,CC-003,PO-73464,INV-514620,PwC - Professional Services,EMP-1092,Approved
TXN-04201,2024-12-14,Zoom,Software - SaaS,299,USD,pending,Operations,CC-001,PO-52732,INV-714095,Zoom - Software - SaaS,EMP-1216,Pending
TXN-04202,2024-09-23,Delta Airlines,Travel - Airfare,900,USD,paid,HR,CC-001,,INV-609449,Delta Airlines - Travel - Airfare,EMP-1040,Approved
TXN-04203,2024-01-19,McKinsey,Professional Services,60000,USD,completed,Operations,CC-003,PO-15434,INV-688236,McKinsey - Professional Services,EMP-1159,Rejected
TXN-04204,2024-07-16,Dell,Hardware - Equipment,500,USD,delivered,Marketing,CC-002,PO-92547,INV-259797,Dell - Hardware - Equipment,EMP-1147,Rejected
TXN-04205,2024-10-10,Zoom,Software - SaaS,100,USD,delivered,Sales,CC-005,PO-85709,INV-835028,Zoom - Software - SaaS,EMP-1170,Approved
TXN-04206,2024-07-17,Twilio,Software - Communications,1000,USD,completed,Engineering,CC-005,PO-13450,INV-893757,Twilio - Software - Communications,EMP-1141,Approved
TXN-04207,2024-03-07,Microsoft Azure,Software - Cloud,3000,USD,pending,Sales,CC-005,PO-32706,INV-409552,Microsoft Azure - Software - Cloud,EMP-1033,Rejected
TXN-04208,2024-07-11,at&t,Utilities - Telecom,300,USD,delivered,Finance,CC-004,PO-53740,INV-948501,at&t - Utilities - Telecom,EMP-1147,Rejected
TXN-04209,2024-12-15,Google Cloud,Software - Cloud,400,USD,delivered,Operations,CC-005,PO-90954,INV-849546,Google Cloud - Software - Cloud,EMP-1228,Approved
TXN-04210,2025-03-15,Herman Miller,Furniture - Fixed Asset,1200,USD,paid,Marketing,CC-003,,INV-581214,Herman Miller - Furniture - Fixed Asset,EMP-1097,Approved
TXN-04211,2024-11-05,Grubhub,Meals & Entertainment,100,USD,paid,Finance,CC-001,PO-23507,INV-797030,Grubhub - Meals & Entertainment,EMP-1066,Pending
TXN-04212,2024-06-26,PwC,Professional Services,40000,USD,delivered,Operations,CC-002,PO-99084,INV-876903,PwC - Professional Services,EMP-1120,Approved
TXN-04213,2025-02-03,Xero,Accounting Software,99,USD,completed,Marketing,CC-002,PO-85148,INV-228413,Xero - Accounting Software,EMP-1084,Approved
TXN-04214,2024-04-02,Accenture,Professional Services,15000,USD,completed,HR,CC-004,PO-73705,INV-246559,Accenture - Professional Services,EMP-1029,Approved
TXN-04215,2024-02-20,Herman Miller,Furniture - Fixed Asset,800,USD,invoiced,Marketing,CC-005,PO-10425,INV-335247,Herman Miller - Furniture - Fixed Asset,EMP-1147,Pending
TXN-04216,2024-05-06,Airbnb,Travel - Lodging,80,USD,delivered,Marketing,CC-001,,INV-480060,Airbnb - Travel - Lodging,EMP-1045,Approved
TXN-04217,2024-07-28,Accenture,Professional Services,7000,USD,paid,Sales,CC-001,PO-73678,INV-465032,Accenture - Professional Services,EMP-1217,Rejected
TXN-04218,2024-11-07,UberEats,Meals & Entertainment,185,USD,paid,Engineering,CC-004,PO-71160,INV-278426,UberEats - Meals & Entertainment,EMP-1038,Approved
TXN-04219,2025-03-31,Deloitte,Professional Services,5000,USD,pending,Operations,CC-005,PO-79408,INV-779513,Deloitte - Professional Services,EMP-1230,Approved
TXN-04220,2024-09-19,GitHub,Software - Development,231,USD,completed,Marketing,CC-005,PO-45271,INV-752981,GitHub - Software - Development,EMP-1141,Approved
TXN-04221,2024-10-14,Zoom,Software - SaaS,200,USD,delivered,HR,CC-002,PO-83536,INV-436936,Zoom - Software - SaaS,EMP-1112,Pending
TXN-04222,2024-06-26,Southwest Airlines,Travel - Airfare,650,USD,pending,Sales,CC-003,PO-24002,INV-171037,Southwest Airlines - Travel - Airfare,EMP-1065,Approved
TXN-04223,2024-04-21,Google Ads,Marketing - Digital,5000,USD,completed,Finance,CC-003,PO-62189,INV-167794,Google Ads - Marketing - Digital,EMP-1221,Pending
TXN-04224,2024-01-20,Staples,Office Supplies,50,USD,delivered,Marketing,CC-002,,INV-356848,Staples - Office Supplies,EMP-1037,Pending
TXN-04225,2024-07-25,Deloitte,Professional Services,50000,USD,paid,Engineering,CC-002,PO-38443,INV-558743,Deloitte - Professional Services,EMP-1047,Rejected
TXN-04226,2024-11-02,Grubhub,Meals & Entertainment,50,USD,pending,Sales,CC-004,PO-33475,INV-650774,Grubhub - Meals & Entertainment,EMP-1224,Approved
TXN-04227,2024-07-05,RESTAURANTS.COM,Meals & Entertainment,150,USD,pending,Marketing,CC-005,PO-28529,INV-259106,RESTAURANTS.COM - Meals & Entertainment,EMP-1191,Rejected
TXN-04228,2024-07-17,United Airlines,Travel - Airfare,450,USD,pending,Marketing,CC-004,PO-84365,INV-704368,United Airlines - Travel - Airfare,EMP-1224,Pending
TXN-04229,2024-09-18,Microsoft Azure,Software - Cloud,3000,USD,delivered,Marketing,CC-005,PO-77788,INV-720440,Microsoft Azure - Software - Cloud,EMP-1220,Pending
TXN-04230,2024-11-30,GitHub,Software - Development,231,USD,pending,Engineering,CC-003,PO-51143,INV-212757,GitHub - Software - Development,EMP-1250,Rejected
TXN-04231,2024-06-05,Hilton Hotels,Travel - Lodging,220,USD,invoiced,HR,CC-001,PO-93132,INV-358639,Hilton Hotels - Travel - Lodging,EMP-1098,Approved
TXN-04232,2024-04-28,Salesforce,Software - SaaS,2500,USD,delivered,Operations,CC-001,PO-22760,INV-475941,Salesforce - Software - SaaS,EMP-1115,Rejected
TXN-04233,2024-07-21,Accenture,Professional Services,35000,USD,completed,Operations,CC-005,PO-82771,INV-237342,Accenture - Professional Services,EMP-1138,Approved
TXN-04234,2024-12-11,American Airlines,Travel - Airfare,300,USD,paid,Engineering,CC-003,,INV-928979,American Airlines - Travel - Airfare,EMP-1010,Approved
TXN-04235,2024-08-10,Verizon,Utilities - Telecom,100,USD,invoiced,Finance,CC-003,PO-47103,INV-268049,Verizon - Utilities - Telecom,EMP-1222,Rejected
TXN-04236,2024-01-09,Starbucks,Meals & Entertainment,5,USD,completed,Marketing,CC-001,PO-95348,INV-710077,Starbucks - Meals & Entertainment,EMP-1016,Pending
TXN-04237,2024-10-30,Hilton Hotels,Travel - Lodging,700,USD,pending,Finance,CC-001,PO-95811,INV-266447,Hilton Hotels - Travel - Lodging,EMP-1092,Approved
TXN-04238,2024-06-05,Salesforce,Software - SaaS,300,USD,delivered,Marketing,CC-005,PO-40074,INV-495644,Salesforce - Software - SaaS,EMP-1140,Approved
TXN-04239,2024-12-22,Stripe,Software - Payments,1250,USD,delivered,Finance,CC-003,PO-27253,INV-912452,Stripe - Software - Payments,EMP-1103,Approved
TXN-04240,2024-04-25,Staples,Office Supplies,50,USD,completed,Operations,CC-004,PO-22188,INV-907437,Staples - Office Supplies,EMP-1060,Approved
TXN-04241,2024-04-10,Google Ads,Marketing - Digital,5000,USD,pending,Finance,CC-003,PO-41603,INV-826799,Google Ads - Marketing - Digital,EMP-1062,Approved
TXN-04242,2024-02-05,American Airlines,Travel - Airfare,1500,USD,paid,Marketing,CC-002,PO-31111,INV-466703,American Airlines - Travel - Airfare,EMP-1042,Rejected
TXN-04243,2024-06-23,Deloitte,Professional Services,25000,USD,paid,Sales,CC-001,PO-10121,INV-442818,Deloitte - Professional Services,EMP-1124,Rejected
TXN-04244,2024-12-17,Delta Airlines,Travel - Airfare,280,USD,delivered,HR,CC-003,PO-97338,INV-908718,Delta Airlines - Travel - Airfare,EMP-1230,Approved
TXN-04245,2024-03-02,Grubhub,Meals & Entertainment,50,USD,pending,Sales,CC-003,PO-85280,INV-656639,Grubhub - Meals & Entertainment,EMP-1152,Rejected
TXN-04246,2024-09-01,Zoom,Software - SaaS,100,USD,completed,Finance,CC-001,PO-74073,INV-494811,Zoom - Software - SaaS,EMP-1057,Rejected
TXN-04247,2024-10-21,AT&T,Utilities - Telecom,80,USD,paid,Finance,CC-004,PO-44220,INV-120193,AT&T - Utilities - Telecom,EMP-1247,Pending
TXN-04248,2024-04-13,Airbnb,Travel - Lodging,150,USD,paid,Operations,CC-002,,INV-154701,Airbnb - Travel - Lodging,EMP-1210,Approved
TXN-04249,2025-01-08,Dell,Hardware - Equipment,1200,USD,delivered,Marketing,CC-001,,INV-371253,Dell - Hardware - Equipment,EMP-1200,Rejected
TXN-04250,2025-02-07,Best Buy,Hardware - Equipment,500,USD,pending,Operations,CC-005,PO-11271,INV-373563,Best Buy - Hardware - Equipment,EMP-1172,Pending
TXN-04251,2024-09-27,microsoft azure,Software - Cloud,300,USD,completed,Marketing,CC-002,,INV-718841,microsoft azure - Software - Cloud,EMP-1039,Approved
TXN-04252,2024-01-17,Facebook Ads,Marketing - Digital,2000,USD,invoiced,HR,CC-001,PO-48229,INV-436047,Facebook Ads - Marketing - Digital,EMP-1176,Pending
TXN-04253,2024-11-28,AT&T,Utilities - Telecom,300,USD,paid,Finance,CC-001,PO-42398,INV-370884,AT&T - Utilities - Telecom,EMP-1134,Pending
TXN-04254,2024-06-08,HubSpot,Marketing - Software,50,USD,delivered,HR,CC-004,PO-70395,INV-407077,HubSpot - Marketing - Software,EMP-1184,Pending
TXN-04255,2024-03-30,Uber,Travel - Ground,120,USD,delivered,Engineering,CC-003,PO-21188,INV-416355,Uber - Travel - Ground,EMP-1244,Pending
TXN-04256,2024-06-30,Apple,Hardware - Equipment,1999,USD,completed,Finance,CC-003,PO-13048,INV-342462,Apple - Hardware - Equipment,EMP-1091,Rejected
TXN-04257,2024-05-10,IKEA,Furniture - Fixed Asset,1200,USD,pending,Marketing,CC-001,,INV-550897,IKEA - Furniture - Fixed Asset,EMP-1129,Pending
TXN-04258,2025-03-06,Uber,Travel - Ground,65,USD,invoiced,Operations,CC-005,PO-92006,INV-394868,Uber - Travel - Ground,EMP-1198,Rejected
TXN-04259,2024-06-17,DHL,Shipping & Logistics,60,USD,completed,Engineering,CC-004,PO-27841,INV-580581,DHL - Shipping & Logistics,EMP-1159,Rejected
TXN-04260,2024-08-25,IKEA,Furniture - Fixed Asset,100,USD,completed,Finance,CC-001,PO-21863,INV-768020,IKEA - Furniture - Fixed Asset,EMP-1077,Pending
TXN-04261,2024-03-13,Slack Inc,Software - SaaS,125,USD,completed,HR,CC-005,PO-53672,INV-494553,Slack Inc - Software - SaaS,EMP-1044,Approved
TXN-04262,2024-12-05,Dell,Hardware - Equipment,2500,USD,delivered,Sales,CC-001,,INV-104272,Dell - Hardware - Equipment,EMP-1038,Approved
TXN-04263,2025-02-12,Southwest Airlines,Travel - Airfare,350,USD,invoiced,Operations,CC-003,PO-52956,INV-468022,Southwest Airlines - Travel - Airfare,EMP-1133,Rejected
TXN-04264,2024-03-04,Grubhub,Meals & Entertainment,25,USD,delivered,Finance,CC-002,PO-80151,INV-146863,Grubhub - Meals & Entertainment,EMP-1064,Pending
TXN-04265,2024-03-13,Marriott Hotels,Travel - Lodging,250,USD,invoiced,Marketing,CC-001,PO-47808,INV-840131,Marriott Hotels - Travel - Lodging,EMP-1153,Pending
TXN-04266,2025-03-15,Lenovo,Hardware - Equipment,2000,USD,invoiced,Engineering,CC-004,,INV-172808,Lenovo - Hardware - Equipment,EMP-1133,Approved
TXN-04267,2024-02-12,GitHub,Software - Development,500,USD,paid,Finance,CC-001,PO-77913,INV-401655,GitHub - Software - Development,EMP-1225,Rejected
TXN-04268,2024-06-10,Southwest Airlines,Travel - Airfare,650,USD,delivered,Sales,CC-001,PO-21974,INV-442758,Southwest Airlines - Travel - Airfare,EMP-1244,Pending
TXN-04269,2024-03-17,MICROSOFT AZURE,Software - Cloud,1500,USD,pending,Operations,CC-003,PO-76792,INV-342619,MICROSOFT AZURE - Software - Cloud,EMP-1214,Rejected
TXN-04270,2024-10-07,LinkedIn Ads,Marketing - Digital,1000,USD,paid,Engineering,CC-004,PO-77334,INV-467745,LinkedIn Ads - Marketing - Digital,EMP-1080,Pending
TXN-04271,2024-09-30,Google Ads,Marketing - Digital,1000,USD,delivered,Sales,CC-002,PO-99585,INV-889763,Google Ads - Marketing - Digital,EMP-1244,Approved
TXN-04272,2024-02-02,AWS,Software - Cloud,500,USD,pending,Operations,CC-004,PO-80652,INV-181006,AWS - Software - Cloud,EMP-1014,Pending
TXN-04273,2024-07-05,Chipotle,Meals & Entertainment,15,USD,pending,Operations,CC-001,PO-89534,INV-137781,Chipotle - Meals & Entertainment,EMP-1113,Approved
TXN-04274,2024-02-04,Facebook Ads,Marketing - Digital,2000,USD,pending,Marketing,CC-005,PO-74099,INV-817761,Facebook Ads - Marketing - Digital,EMP-1219,Approved
TXN-04275,2025-02-10,DHL,Shipping & Logistics,30,USD,completed,Finance,CC-003,PO-24858,INV-113084,DHL - Shipping & Logistics,EMP-1105,Rejected
TXN-04276,2025-02-04,DoorDash,Meals & Entertainment,25,USD,completed,Finance,CC-003,PO-47575,INV-268844,DoorDash - Meals & Entertainment,EMP-1145,Approved
TXN-04277,2024-12-10,AWS,Software - Cloud,5000,USD,paid,Engineering,CC-003,PO-81596,INV-691864,AWS - Software - Cloud,EMP-1198,Approved
TXN-04278,2024-07-10,IKEA,Furniture - Fixed Asset,1200,USD,invoiced,Engineering,CC-005,PO-95552,INV-307774,IKEA - Furniture - Fixed Asset,EMP-1099,Pending
TXN-04279,2024-08-29,Microsoft Azure,Software - Cloud,1500,USD,invoiced,Marketing,CC-003,PO-18822,INV-656864,Microsoft Azure - Software - Cloud,EMP-1161,Approved
TXN-04280,2024-07-13,AT&T,Utilities - Telecom,150,USD,delivered,Operations,CC-005,PO-52756,INV-516151,AT&T - Utilities - Telecom,EMP-1076,Approved
TXN-04281,2024-11-16,LawDepot,Legal Services,200,USD,completed,HR,CC-003,PO-60122,INV-164756,LawDepot - Legal Services,EMP-1008,Rejected
TXN-04282,2024-08-25,Apple,Hardware - Equipment,799,USD,pending,Marketing,CC-001,PO-97032,INV-209024,Apple - Hardware - Equipment,EMP-1032,Approved
TXN-04283,2024-01-15,Steelcase,Furniture - Fixed Asset,1000,USD,invoiced,Operations,CC-003,PO-10497,INV-707166,Steelcase - Furniture - Fixed Asset,EMP-1079,Pending
TXN-04284,2024-05-26,UPS,Shipping & Logistics,50,USD,invoiced,Engineering,CC-005,PO-85842,INV-358937,UPS - Shipping & Logistics,EMP-1108,Pending
TXN-04285,2025-02-17,Zoom,Software - SaaS,299,USD,pending,Operations,CC-004,PO-86763,INV-299892,Zoom - Software - SaaS,EMP-1192,Rejected
TXN-04286,2025-01-08,Delta Airlines,Travel - Airfare,900,USD,paid,Marketing,CC-004,PO-11825,INV-742814,Delta Airlines - Travel - Airfare,EMP-1152,Approved
TXN-04287,2024-12-10,IKEA,Furniture - Fixed Asset,1200,USD,pending,Marketing,CC-004,PO-61733,INV-958337,IKEA - Furniture - Fixed Asset,EMP-1159,Approved
TXN-04288,2024-06-13,PwC,Professional Services,8000,USD,invoiced,Operations,CC-005,PO-25795,INV-482685,PwC - Professional Services,EMP-1147,Approved
TXN-04289,2025-02-03,Delta Airlines,Travel - Airfare,500,USD,pending,Operations,CC-002,PO-46772,INV-837273,Delta Airlines - Travel - Airfare,EMP-1166,Pending
TXN-04290,2025-01-02,SLACK,Software - SaaS,99,USD,completed,Engineering,CC-004,PO-29734,INV-828699,SLACK - Software - SaaS,EMP-1029,Pending
TXN-04291,2024-03-11,Microsoft Azure Inc,Software - Cloud,1500,USD,completed,Marketing,CC-002,PO-37759,INV-618878,Microsoft Azure Inc - Software - Cloud,EMP-1116,Rejected
TXN-04292,2024-04-11,LawDepot,Legal Services,1000,USD,pending,Operations,CC-002,PO-68685,INV-862226,LawDepot - Legal Services,EMP-1156,Approved
TXN-04293,2025-03-17,Lyft,Travel - Ground,40,USD,completed,Operations,CC-004,PO-32595,INV-544059,Lyft - Travel - Ground,EMP-1220,Approved
TXN-04294,2024-02-12,IKEA,Furniture - Fixed Asset,1200,USD,completed,Engineering,CC-004,PO-10229,INV-743704,IKEA - Furniture - Fixed Asset,EMP-1219,Pending
TXN-04295,2024-11-22,microsoft azure,Software - Cloud,1500,USD,pending,HR,CC-004,PO-65195,INV-147230,microsoft azure - Software - Cloud,EMP-1234,Approved
TXN-04296,2024-07-14,Twilio,Software - Communications,500,USD,pending,Engineering,CC-002,PO-79868,INV-682640,Twilio - Software - Communications,EMP-1162,Approved
TXN-04297,2024-09-22,Airbnb,Travel - Lodging,600,USD,completed,Operations,CC-004,PO-99932,INV-829870,Airbnb - Travel - Lodging,EMP-1035,Rejected
TXN-04298,2024-06-10,Slack,Software - SaaS,299,USD,paid,Operations,CC-001,PO-68410,INV-675546,Slack - Software - SaaS,EMP-1058,Pending
TXN-04299,2024-06-10,Delta Airlines,Travel - Airfare,900,USD,completed,Engineering,CC-004,PO-83695,INV-920218,Delta Airlines - Travel - Airfare,EMP-1044,Pending
TXN-04300,2024-12-26,Facebook Ads,Marketing - Digital,300,USD,completed,Operations,CC-003,PO-80170,INV-432581,Facebook Ads - Marketing - Digital,EMP-1153,Pending
TXN-04301,2024-10-12,United Airlines,Travel - Airfare,250,USD,paid,Engineering,CC-002,PO-86869,INV-734972,United Airlines - Travel - Airfare,EMP-1201,Approved
TXN-04302,2024-06-06,Slack,Software - SaaS,199,USD,invoiced,Engineering,CC-003,PO-74812,INV-406338,Slack - Software - SaaS,EMP-1003,Pending
TXN-04303,2024-04-22,Starbucks,Meals & Entertainment,10,USD,paid,Operations,CC-005,PO-63240,INV-879779,Starbucks - Meals & Entertainment,EMP-1163,Approved
TXN-04304,2024-09-21,IKEA,Furniture - Fixed Asset,300,USD,paid,Sales,CC-001,PO-89028,INV-417220,IKEA - Furniture - Fixed Asset,EMP-1188,Approved
TXN-04305,2024-10-01,Dell,Hardware - Equipment,1200,USD,completed,Marketing,CC-005,PO-75007,INV-225187,Dell - Hardware - Equipment,EMP-1204,Approved
TXN-04306,2024-01-15,Time Warner,Utilities - Internet,60,USD,invoiced,HR,CC-005,PO-25964,INV-864143,Time Warner - Utilities - Internet,EMP-1174,Approved
TXN-04307,2024-01-31,United Airlines,Travel - Airfare,1200,USD,paid,Marketing,CC-002,,INV-539217,United Airlines - Travel - Airfare,EMP-1192,Approved
TXN-04308,2024-11-30,HubSpot,Marketing - Software,500,USD,paid,Finance,CC-004,PO-79070,INV-663409,HubSpot - Marketing - Software,EMP-1223,Rejected
TXN-04309,2024-08-09,Datadog,Software - Monitoring,400,USD,delivered,Operations,CC-001,PO-31154,INV-843913,Datadog - Software - Monitoring,EMP-1100,Rejected
TXN-04310,2024-12-13,Amazon Business,Office Supplies,500,USD,delivered,Operations,CC-002,PO-16435,INV-473481,Amazon Business - Office Supplies,EMP-1226,Pending
TXN-04311,2025-03-30,Xero,Accounting Software,400,USD,paid,Sales,CC-003,PO-34659,INV-735193,Xero - Accounting Software,EMP-1209,Approved
TXN-04312,2024-04-21,DHL,Shipping & Logistics,400,USD,delivered,Marketing,CC-004,,INV-809721,DHL - Shipping & Logistics,EMP-1116,Approved
TXN-04313,2024-10-02,Delta Airlines,Travel - Airfare,1400,USD,delivered,HR,CC-003,PO-47801,INV-757634,Delta Airlines - Travel - Airfare,EMP-1191,Rejected
TXN-04314,2025-01-19,Hilton Hotels,Travel - Lodging,400,USD,delivered,Engineering,CC-004,PO-95588,INV-216873,Hilton Hotels - Travel - Lodging,EMP-1024,Approved
TXN-04315,2024-04-19,LinkedIn Ads,Marketing - Digital,5000,USD,completed,Engineering,CC-002,,INV-355426,LinkedIn Ads - Marketing - Digital,EMP-1111,Approved
TXN-04316,2024-07-11,Stripe,Software - Payments,1250,USD,pending,Marketing,CC-001,PO-23751,INV-279770,Stripe - Software - Payments,EMP-1135,Pending
TXN-04317,2024-06-15,DoorDash,Meals & Entertainment,200,USD,delivered,Sales,CC-003,PO-82156,INV-861003,DoorDash - Meals & Entertainment,EMP-1006,Approved
TXN-04318,2025-02-23,Chipotle,Meals & Entertainment,15,USD,pending,Marketing,CC-005,PO-42074,INV-181450,Chipotle - Meals & Entertainment,EMP-1069,Rejected
TXN-04319,2025-01-06,DoorDash,Meals & Entertainment,200,USD,pending,Marketing,CC-002,PO-28350,INV-997800,DoorDash - Meals & Entertainment,EMP-1155,Approved
TXN-04320,2024-06-11,Lyft,Travel - Ground,12,USD,delivered,Marketing,CC-003,PO-97479,INV-787601,Lyft - Travel - Ground,EMP-1137,Pending
TXN-04321,2024-05-16,Grubhub,Meals & Entertainment,25,USD,invoiced,Finance,CC-003,PO-82201,INV-295364,Grubhub - Meals & Entertainment,EMP-1240,Rejected
TXN-04322,2025-03-27,Lyft,Travel - Ground,60,USD,paid,Finance,CC-003,PO-62745,INV-539677,Lyft - Travel - Ground,EMP-1177,Rejected
TXN-04323,2024-07-03,UberEats,Meals & Entertainment,20,USD,invoiced,Finance,CC-002,PO-52997,INV-542995,UberEats - Meals & Entertainment,EMP-1102,Rejected
TXN-04324,2024-03-19,Salesforce,Software - SaaS,1200,USD,paid,Sales,CC-004,,INV-647226,Salesforce - Software - SaaS,EMP-1195,Rejected
TXN-04325,2025-02-06,Datadog,Software - Monitoring,1500,USD,delivered,Engineering,CC-005,PO-18813,INV-830633,Datadog - Software - Monitoring,EMP-1058,Pending
TXN-04326,2025-01-21,Comcast,Utilities - Internet,120,USD,paid,Operations,CC-002,PO-50586,INV-725130,Comcast - Utilities - Internet,EMP-1204,Approved
TXN-04327,2024-07-31,HubSpot,Marketing - Software,1200,USD,delivered,Engineering,CC-001,PO-76119,INV-903714,HubSpot - Marketing - Software,EMP-1177,Rejected
TXN-04328,2025-01-28,PwC,Professional Services,20000,USD,paid,Sales,CC-001,PO-44109,INV-912006,PwC - Professional Services,EMP-1222,Rejected
TXN-04329,2024-11-11,Starbucks,Meals & Entertainment,15,USD,completed,Sales,CC-001,,INV-430816,Starbucks - Meals & Entertainment,EMP-1238,Pending
TXN-04330,2025-01-10,Airbnb,Travel - Lodging,80,USD,invoiced,Marketing,CC-004,PO-38218,INV-119834,Airbnb - Travel - Lodging,EMP-1216,Pending
TXN-04331,2024-01-07,Starbucks,Meals & Entertainment,15,USD,completed,Sales,CC-003,,INV-890169,Starbucks - Meals & Entertainment,EMP-1125,Pending
TXN-04332,2025-02-11,Microsoft Azure,Software - Cloud,800,USD,invoiced,Engineering,CC-003,PO-91961,INV-437510,Microsoft Azure - Software - Cloud,EMP-1161,Rejected
TXN-04333,2024-05-10,Salesforce,Software - SaaS,1200,USD,invoiced,Finance,CC-003,PO-31702,INV-355089,Salesforce - Software - SaaS,EMP-1171,Approved
TXN-04334,2025-02-01,United Airlines,Travel - Airfare,1200,USD,completed,Operations,CC-004,,INV-227811,United Airlines - Travel - Airfare,EMP-1015,Pending
TXN-04335,2024-12-08,UPS,Shipping & Logistics,50,USD,completed,Sales,CC-002,PO-44314,INV-184129,UPS - Shipping & Logistics,EMP-1209,Approved
TXN-04336,2024-12-06,Hilton Hotels,Travel - Lodging,400,USD,delivered,Marketing,CC-002,PO-22701,INV-470505,Hilton Hotels - Travel - Lodging,EMP-1001,Pending
TXN-04337,2024-11-05,Time Warner,Utilities - Internet,100,USD,completed,Engineering,CC-002,PO-28100,INV-550101,Time Warner - Utilities - Internet,EMP-1094,Approved
TXN-04338,2024-04-07,Amazon Business,Office Supplies,100,USD,delivered,Marketing,CC-004,PO-79466,INV-731843,Amazon Business - Office Supplies,EMP-1116,Rejected
TXN-04339,2024-10-15,Stripe,Software - Payments,2500,USD,paid,Engineering,CC-004,,INV-962642,Stripe - Software - Payments,EMP-1041,Pending
TXN-04340,2024-09-18,Time Warner Inc,Utilities - Internet,100,USD,pending,Marketing,CC-004,PO-33157,INV-626744,Time Warner Inc - Utilities - Internet,EMP-1122,Rejected
TXN-04341,2024-04-15,Datadog Inc,Software - Monitoring,3000,USD,delivered,Operations,CC-003,,INV-208489,Datadog Inc - Software - Monitoring,EMP-1016,Pending
TXN-04342,2024-09-19,AT&T,Utilities - Telecom,150,USD,delivered,HR,CC-004,PO-75588,INV-864379,AT&T - Utilities - Telecom,EMP-1129,Pending
TXN-04343,2024-06-01,GitHub,Software - Development,231,USD,invoiced,Sales,CC-003,PO-41304,INV-551036,GitHub - Software - Development,EMP-1242,Rejected
TXN-04344,2024-02-04,FedEx,Shipping & Logistics,100,USD,completed,Engineering,CC-003,PO-56473,INV-343102,FedEx - Shipping & Logistics,EMP-1078,Pending
TXN-04345,2025-02-07,DoorDash,Meals & Entertainment,50,USD,paid,Operations,CC-002,PO-25018,INV-766624,DoorDash - Meals & Entertainment,EMP-1108,Rejected
TXN-04346,2024-06-24,Restaurants.com,Meals & Entertainment,80,USD,completed,Operations,CC-003,PO-63928,INV-896026,Restaurants.com - Meals & Entertainment,EMP-1171,Approved
TXN-04347,2024-08-01,UberEats Inc,Meals & Entertainment,185,USD,completed,Marketing,CC-003,PO-78452,INV-503795,UberEats Inc - Meals & Entertainment,EMP-1034,Approved
TXN-04348,2025-01-09,GitHub,Software - Development,231,USD,paid,HR,CC-002,PO-18784,INV-845978,GitHub - Software - Development,EMP-1148,Approved
TXN-04349,2024-11-01,Microsoft Azure,Software - Cloud,800,USD,invoiced,Sales,CC-001,PO-71242,INV-690606,Microsoft Azure - Software - Cloud,EMP-1005,Approved
TXN-04350,2024-11-05,Southwest Airlines,Travel - Airfare,350,USD,invoiced,HR,CC-001,,INV-409364,Southwest Airlines - Travel - Airfare,EMP-1038,Approved
TXN-04351,2024-12-02,Salesforce,Software - SaaS,2500,USD,pending,Finance,CC-003,PO-37880,INV-396192,Salesforce - Software - SaaS,EMP-1122,Approved
TXN-04352,2024-06-20,Stripe Inc,Software - Payments,100,USD,invoiced,Sales,CC-001,PO-83762,INV-945460,Stripe Inc - Software - Payments,EMP-1205,Pending
TXN-04353,2024-05-08,Chipotle,Meals & Entertainment,15,USD,delivered,Finance,CC-002,PO-66465,INV-322664,Chipotle - Meals & Entertainment,EMP-1237,Approved
TXN-04354,2024-12-01,Amazon Business,Office Supplies,500,USD,paid,HR,CC-005,PO-75664,INV-840343,Amazon Business - Office Supplies,EMP-1244,Pending
TXN-04355,2024-01-01,United Airlines,Travel - Airfare,850,USD,completed,Operations,CC-004,PO-67801,INV-576796,United Airlines - Travel - Airfare,EMP-1090,Approved
TXN-04356,2024-11-04,DHL,Shipping & Logistics,400,USD,delivered,Sales,CC-005,,INV-924414,DHL - Shipping & Logistics,EMP-1150,Rejected
TXN-04357,2025-03-09,Amazon,Hardware - Equipment,1200,USD,completed,Engineering,CC-003,,INV-735053,Amazon - Hardware - Equipment,EMP-1166,Rejected
TXN-04358,2024-04-06,Staples,Office Supplies,50,USD,delivered,Marketing,CC-004,PO-16090,INV-450970,Staples - Office Supplies,EMP-1237,Pending
TXN-04359,2024-12-29,Google Ads,Marketing - Digital,1000,USD,pending,HR,CC-002,PO-55991,INV-309092,Google Ads - Marketing - Digital,EMP-1180,Approved
TXN-04360,2024-06-06,Lyft,Travel - Ground,60,USD,pending,Finance,CC-003,,INV-375743,Lyft - Travel - Ground,EMP-1195,Rejected
TXN-04361,2024-02-11,Datadog,Software - Monitoring,800,USD,paid,Engineering,CC-003,,INV-475780,Datadog - Software - Monitoring,EMP-1162,Approved
TXN-04362,2024-07-22,Hilton Hotels,Travel - Lodging,220,USD,pending,Engineering,CC-002,PO-45436,INV-672283,Hilton Hotels - Travel - Lodging,EMP-1200,Rejected
TXN-04363,2025-01-06,AWS,Software - Cloud,5000,USD,pending,Marketing,CC-005,PO-88178,INV-704435,AWS - Software - Cloud,EMP-1001,Pending
TXN-04364,2024-05-15,Steelcase,Furniture - Fixed Asset,600,USD,completed,Engineering,CC-002,PO-14444,INV-425654,Steelcase - Furniture - Fixed Asset,EMP-1136,Rejected
TXN-04365,2025-03-21,Hilton Hotels,Travel - Lodging,220,USD,invoiced,Engineering,CC-001,PO-25394,INV-111090,Hilton Hotels - Travel - Lodging,EMP-1041,Pending
TXN-04366,2024-01-19,Amazon Business,Office Supplies,250,USD,invoiced,Finance,CC-001,PO-84504,INV-899963,Amazon Business - Office Supplies,EMP-1230,Rejected
TXN-04367,2024-09-23,Lyft,Travel - Ground,22,USD,paid,Finance,CC-003,PO-26735,INV-147388,Lyft - Travel - Ground,EMP-1198,Pending
TXN-04368,2024-01-02,Time Warner,Utilities - Internet,100,USD,delivered,Engineering,CC-004,PO-72028,INV-628671,Time Warner - Utilities - Internet,EMP-1177,Approved
TXN-04369,2024-06-16,restaurants.com,Meals & Entertainment,80,USD,completed,Operations,CC-001,PO-76735,INV-164578,restaurants.com - Meals & Entertainment,EMP-1044,Approved
TXN-04370,2024-05-03,PwC,Professional Services,20000,USD,invoiced,Engineering,CC-001,PO-60596,INV-485897,PwC - Professional Services,EMP-1228,Approved
TXN-04371,2024-12-20,Dell,Hardware - Equipment,1200,USD,invoiced,Finance,CC-001,PO-82408,INV-659532,Dell - Hardware - Equipment,EMP-1234,Rejected
TXN-04372,2024-01-04,LawDepot,Legal Services,1000,USD,completed,Engineering,CC-005,,INV-502889,LawDepot - Legal Services,EMP-1121,Pending
TXN-04373,2024-08-10,Staples,Office Supplies,50,USD,completed,Finance,CC-002,PO-10692,INV-462470,Staples - Office Supplies,EMP-1148,Rejected
TXN-04374,2024-08-17,LawDepot,Legal Services,1000,USD,pending,Finance,CC-002,PO-26373,INV-597084,LawDepot - Legal Services,EMP-1001,Rejected
TXN-04375,2024-07-17,Microsoft Azure,Software - Cloud,800,USD,delivered,Marketing,CC-003,,INV-775439,Microsoft Azure - Software - Cloud,EMP-1238,Rejected
TXN-04376,2024-04-24,Apple,Hardware - Equipment,199,USD,completed,Finance,CC-003,PO-69245,INV-159476,Apple - Hardware - Equipment,EMP-1088,Approved
TXN-04377,2024-10-25,Chipotle,Meals & Entertainment,15,USD,delivered,Engineering,CC-003,PO-37742,INV-404010,Chipotle - Meals & Entertainment,EMP-1174,Pending
TXN-04378,2024-08-31,Restaurants.com,Meals & Entertainment,80,USD,invoiced,HR,CC-005,PO-85152,INV-295246,Restaurants.com - Meals & Entertainment,EMP-1059,Rejected
TXN-04379,2024-09-09,Steelcase Inc,Furniture - Fixed Asset,600,USD,completed,Marketing,CC-001,PO-65430,INV-948608,Steelcase Inc - Furniture - Fixed Asset,EMP-1235,Approved
TXN-04380,2024-02-21,Steelcase,Furniture - Fixed Asset,1000,USD,invoiced,Sales,CC-002,PO-52003,INV-747255,Steelcase - Furniture - Fixed Asset,EMP-1241,Approved
TXN-04381,2024-09-08,Datadog,Software - Monitoring,400,USD,invoiced,Finance,CC-001,PO-74053,INV-249825,Datadog - Software - Monitoring,EMP-1144,Pending
TXN-04382,2025-03-03,GitHub,Software - Development,21,USD,pending,Sales,CC-001,,INV-619338,GitHub - Software - Development,EMP-1072,Rejected
TXN-04383,2024-05-27,QuickBooks,Accounting Software,120,USD,paid,HR,CC-004,PO-69381,INV-908940,QuickBooks - Accounting Software,EMP-1241,Pending
TXN-04384,2024-03-11,Starbucks,Meals & Entertainment,5,USD,paid,Finance,CC-004,PO-93353,INV-906485,Starbucks - Meals & Entertainment,EMP-1108,Rejected
TXN-04385,2024-09-03,FedEx,Shipping & Logistics,300,USD,invoiced,Finance,CC-005,PO-84654,INV-433348,FedEx - Shipping & Logistics,EMP-1216,Approved
TXN-04386,2024-07-11,Amazon,Hardware - Equipment,299,USD,pending,HR,CC-005,PO-85241,INV-774813,Amazon - Hardware - Equipment,EMP-1134,Approved
TXN-04387,2025-03-28,Slack,Software - SaaS,199,USD,paid,Operations,CC-002,PO-94071,INV-492336,Slack - Software - SaaS,EMP-1048,Approved
TXN-04388,2025-02-24,UberEats,Meals & Entertainment,20,USD,completed,HR,CC-004,PO-13571,INV-250745,UberEats - Meals & Entertainment,EMP-1043,Rejected
TXN-04389,2024-09-16,United Airlines,Travel - Airfare,250,USD,invoiced,Operations,CC-005,PO-67034,INV-739653,United Airlines - Travel - Airfare,EMP-1235,Rejected
TXN-04390,2024-10-28,UPS,Shipping & Logistics,350,USD,pending,HR,CC-005,,INV-396802,UPS - Shipping & Logistics,EMP-1045,Rejected
TXN-04391,2025-02-02,Marriott Hotels,Travel - Lodging,250,USD,pending,Operations,CC-003,PO-61648,INV-834034,Marriott Hotels - Travel - Lodging,EMP-1018,Pending
TXN-04392,2024-06-07,Amazon Business,Office Supplies,250,USD,completed,Operations,CC-001,PO-94361,INV-945803,Amazon Business - Office Supplies,EMP-1237,Approved
TXN-04393,2024-05-10,LawDepot,Legal Services,1000,USD,invoiced,Operations,CC-002,PO-62728,INV-178783,LawDepot - Legal Services,EMP-1143,Approved
TXN-04394,2024-05-14,Facebook Ads,Marketing - Digital,300,USD,paid,HR,CC-003,PO-60996,INV-989155,Facebook Ads - Marketing - Digital,EMP-1095,Rejected
TXN-04395,2024-12-27,HubSpot,Marketing - Software,500,USD,completed,HR,CC-002,PO-65826,INV-106249,HubSpot - Marketing - Software,EMP-1193,Pending
TXN-04396,2024-07-30,Google Cloud,Software - Cloud,950,USD,paid,HR,CC-005,PO-62071,INV-233545,Google Cloud - Software - Cloud,EMP-1167,Rejected
TXN-04397,2024-04-21,Herman Miller,Furniture - Fixed Asset,800,USD,completed,Finance,CC-005,PO-84924,INV-232249,Herman Miller - Furniture - Fixed Asset,EMP-1234,Pending
TXN-04398,2024-04-21,Twilio,Software - Communications,500,USD,completed,Marketing,CC-001,PO-82481,INV-147309,Twilio - Software - Communications,EMP-1126,Approved
TXN-04399,2024-01-18,HubSpot,Marketing - Software,200,USD,pending,HR,CC-005,PO-77365,INV-869919,HubSpot - Marketing - Software,EMP-1003,Approved
TXN-04400,2025-02-06,QuickBooks,Accounting Software,600,USD,invoiced,Operations,CC-003,PO-89506,INV-145010,QuickBooks - Accounting Software,EMP-1158,Pending
TXN-04401,2024-02-11,Time Warner,Utilities - Internet,180,USD,delivered,Engineering,CC-005,PO-36072,INV-380369,Time Warner - Utilities - Internet,EMP-1116,Pending
TXN-04402,2024-09-21,Chipotle,Meals & Entertainment,20,USD,delivered,Finance,CC-005,PO-43614,INV-742708,Chipotle - Meals & Entertainment,EMP-1083,Pending
TXN-04403,2024-12-27,Google Ads,Marketing - Digital,5000,USD,paid,Engineering,CC-005,PO-96385,INV-372789,Google Ads - Marketing - Digital,EMP-1144,Approved
TXN-04404,2024-02-23,Lyft,Travel - Ground,12,USD,paid,Engineering,CC-002,PO-69931,INV-887016,Lyft - Travel - Ground,EMP-1170,Rejected
TXN-04405,2024-03-29,Lenovo,Hardware - Equipment,2000,USD,pending,Engineering,CC-003,,INV-411829,Lenovo - Hardware - Equipment,EMP-1037,Approved
TXN-04406,2024-04-07,Amazon,Hardware - Equipment,299,USD,pending,Finance,CC-002,PO-65426,INV-601756,Amazon - Hardware - Equipment,EMP-1228,Approved
TXN-04407,2024-07-01,Amazon Business,Office Supplies,500,USD,delivered,Marketing,CC-002,PO-59195,INV-596650,Amazon Business - Office Supplies,EMP-1014,Approved
TXN-04408,2024-01-04,Hilton Hotels,Travel - Lodging,400,USD,completed,Marketing,CC-002,PO-39517,INV-885556,Hilton Hotels - Travel - Lodging,EMP-1155,Approved
TXN-04409,2025-03-21,Chipotle,Meals & Entertainment,10,USD,paid,Engineering,CC-005,PO-97579,INV-618068,Chipotle - Meals & Entertainment,EMP-1214,Approved
TXN-04410,2024-03-18,Verizon,Utilities - Telecom,100,USD,invoiced,Finance,CC-002,PO-73507,INV-436266,Verizon - Utilities - Telecom,EMP-1236,Rejected
TXN-04411,2024-06-05,Restaurants.com,Meals & Entertainment,300,USD,delivered,HR,CC-002,PO-24161,INV-753556,Restaurants.com - Meals & Entertainment,EMP-1135,Approved
TXN-04412,2024-08-19,Google Cloud,Software - Cloud,4000,USD,pending,Marketing,CC-001,PO-87072,INV-875080,Google Cloud - Software - Cloud,EMP-1050,Approved
TXN-04413,2024-02-01,Salesforce,Software - SaaS,300,USD,completed,HR,CC-002,PO-31620,INV-577536,Salesforce - Software - SaaS,EMP-1226,Approved
TXN-04414,2024-12-29,McKinsey,Professional Services,30000,USD,delivered,Operations,CC-004,PO-18415,INV-341051,McKinsey - Professional Services,EMP-1134,Rejected
TXN-04415,2025-02-24,Accenture,Professional Services,15000,USD,pending,Finance,CC-001,PO-12918,INV-353863,Accenture - Professional Services,EMP-1194,Rejected
TXN-04416,2024-07-29,HubSpot,Marketing - Software,200,USD,invoiced,Operations,CC-005,PO-34769,INV-953456,HubSpot - Marketing - Software,EMP-1234,Rejected
TXN-04417,2024-05-07,Slack,Software - SaaS,125,USD,completed,Operations,CC-003,PO-56286,INV-827958,Slack - Software - SaaS,EMP-1246,Pending
TXN-04418,2024-01-23,Facebook Ads,Marketing - Digital,300,USD,paid,Sales,CC-002,PO-95207,INV-471151,Facebook Ads - Marketing - Digital,EMP-1128,Pending
TXN-04419,2024-04-06,Office Depot,Office Supplies,350,USD,completed,Finance,CC-003,PO-78265,INV-336504,Office Depot - Office Supplies,EMP-1147,Rejected
TXN-04420,2024-09-07,Twilio,Software - Communications,50,USD,pending,HR,CC-001,PO-40987,INV-789878,Twilio - Software - Communications,EMP-1130,Pending
TXN-04421,2024-04-15,Steelcase,Furniture - Fixed Asset,1000,USD,invoiced,HR,CC-001,PO-65293,INV-202333,Steelcase - Furniture - Fixed Asset,EMP-1078,Pending
TXN-04422,2024-09-10,Herman Miller,Furniture - Fixed Asset,800,USD,delivered,Operations,CC-003,PO-42566,INV-750873,Herman Miller - Furniture - Fixed Asset,EMP-1040,Approved
TXN-04423,2025-01-07,AWS,Software - Cloud,2341,USD,pending,Finance,CC-005,PO-56059,INV-128160,AWS - Software - Cloud,EMP-1041,Approved
TXN-04424,2024-09-29,grubhub,Meals & Entertainment,100,USD,paid,HR,CC-001,PO-34658,INV-306387,grubhub - Meals & Entertainment,EMP-1106,Approved
TXN-04425,2024-11-18,Google Cloud,Software - Cloud,950,USD,invoiced,Operations,CC-005,PO-32273,INV-913522,Google Cloud - Software - Cloud,EMP-1250,Approved
TXN-04426,2024-09-14,LinkedIn Ads,Marketing - Digital,2500,USD,delivered,Operations,CC-004,PO-80680,INV-973426,LinkedIn Ads - Marketing - Digital,EMP-1109,Pending
TXN-04427,2024-03-29,IKEA,Furniture - Fixed Asset,1200,USD,pending,Operations,CC-003,PO-95520,INV-655234,IKEA - Furniture - Fixed Asset,EMP-1227,Approved
TXN-04428,2024-01-03,Office Depot,Office Supplies,200,USD,delivered,HR,CC-003,,INV-201908,Office Depot - Office Supplies,EMP-1125,Rejected
TXN-04429,2025-02-22,Lenovo,Hardware - Equipment,2000,USD,paid,Finance,CC-005,PO-93785,INV-954899,Lenovo - Hardware - Equipment,EMP-1115,Rejected
TXN-04430,2025-01-16,Lyft,Travel - Ground,40,USD,paid,Finance,CC-005,,INV-411290,Lyft - Travel - Ground,EMP-1247,Pending
TXN-04431,2024-08-27,Starbucks,Meals & Entertainment,7,USD,paid,Marketing,CC-004,PO-90506,INV-232657,Starbucks - Meals & Entertainment,EMP-1087,Pending
TXN-04432,2024-04-22,American Airlines Inc,Travel - Airfare,300,USD,pending,Finance,CC-005,PO-92245,INV-647858,American Airlines Inc - Travel - Airfare,EMP-1093,Approved
TXN-04433,2024-08-31,Airbnb,Travel - Lodging,80,USD,completed,Operations,CC-003,PO-87276,INV-507352,Airbnb - Travel - Lodging,EMP-1032,Approved
TXN-04434,2024-09-22,Uber,Travel - Ground,45,USD,completed,Sales,CC-002,PO-74052,INV-715711,Uber - Travel - Ground,EMP-1220,Pending
TXN-04435,2024-03-02,Amazon Business,Office Supplies,250,USD,pending,Finance,CC-003,PO-72502,INV-480992,Amazon Business - Office Supplies,EMP-1223,Approved
TXN-04436,2024-04-10,Starbucks,Meals & Entertainment,7,USD,delivered,Sales,CC-004,PO-58532,INV-713598,Starbucks - Meals & Entertainment,EMP-1137,Pending
TXN-04437,2024-02-12,Verizon,Utilities - Telecom,350,USD,completed,HR,CC-002,PO-37463,INV-245363,Verizon - Utilities - Telecom,EMP-1144,Approved
TXN-04438,2024-02-27,Staples,Office Supplies,150,USD,paid,Finance,CC-003,PO-97412,INV-641065,Staples - Office Supplies,EMP-1009,Pending
TXN-04439,2024-08-25,Staples,Office Supplies,150,USD,pending,HR,CC-004,PO-93314,INV-613987,Staples - Office Supplies,EMP-1031,Approved
TXN-04440,2024-12-14,Best Buy,Hardware - Equipment,1200,USD,invoiced,Operations,CC-005,PO-69533,INV-342873,Best Buy - Hardware - Equipment,EMP-1237,Pending
TXN-04441,2024-08-27,AT&T,Utilities - Telecom,80,USD,completed,Sales,CC-003,,INV-497249,AT&T - Utilities - Telecom,EMP-1039,Pending
TXN-04442,2024-04-16,United Airlines Inc,Travel - Airfare,250,USD,delivered,Engineering,CC-001,PO-30038,INV-499447,United Airlines Inc - Travel - Airfare,EMP-1007,Approved
TXN-04443,2025-02-19,DoorDash,Meals & Entertainment,100,USD,completed,Finance,CC-005,PO-16843,INV-442765,DoorDash - Meals & Entertainment,EMP-1139,Approved
TXN-04444,2024-02-20,McKinsey,Professional Services,15000,USD,delivered,Engineering,CC-002,PO-98670,INV-699694,McKinsey - Professional Services,EMP-1185,Approved
TXN-04445,2025-01-31,Lyft,Travel - Ground,22,USD,paid,Operations,CC-005,PO-22123,INV-737974,Lyft - Travel - Ground,EMP-1164,Pending
TXN-04446,2024-12-02,AWS,Software - Cloud,10000,USD,invoiced,Finance,CC-004,PO-82840,INV-185092,AWS - Software - Cloud,EMP-1155,Rejected
TXN-04447,2024-10-28,American Airlines,Travel - Airfare,1500,USD,completed,Sales,CC-005,PO-47767,INV-732496,American Airlines - Travel - Airfare,EMP-1117,Rejected
TXN-04448,2025-01-30,GitHub,Software - Development,231,USD,pending,Finance,CC-002,PO-39678,INV-439389,GitHub - Software - Development,EMP-1185,Rejected
TXN-04449,2024-10-16,Restaurants.com,Meals & Entertainment,300,USD,completed,Engineering,CC-001,PO-62430,INV-146604,Restaurants.com - Meals & Entertainment,EMP-1183,Pending
TXN-04450,2025-03-04,QuickBooks,Accounting Software,300,USD,pending,HR,CC-003,PO-72141,INV-753862,QuickBooks - Accounting Software,EMP-1045,Pending
TXN-04451,2024-09-11,Starbucks,Meals & Entertainment,7,USD,invoiced,Finance,CC-002,PO-56029,INV-943197,Starbucks - Meals & Entertainment,EMP-1171,Rejected
TXN-04452,2024-11-27,DoorDash,Meals & Entertainment,200,USD,delivered,HR,CC-003,PO-75999,INV-977226,DoorDash - Meals & Entertainment,EMP-1161,Rejected
TXN-04453,2024-02-26,Salesforce,Software - SaaS,2500,USD,pending,Finance,CC-002,PO-34032,INV-443829,Salesforce - Software - SaaS,EMP-1197,Pending
TXN-04454,2024-08-11,UPS,Shipping & Logistics,50,USD,delivered,Sales,CC-004,,INV-950570,UPS - Shipping & Logistics,EMP-1194,Approved
TXN-04455,2024-10-16,Uber,Travel - Ground,15,USD,pending,Finance,CC-001,PO-21552,INV-638479,Uber - Travel - Ground,EMP-1160,Pending
TXN-04456,2024-05-27,Dell,Hardware - Equipment,1200,USD,invoiced,Finance,CC-001,PO-12305,INV-388952,Dell - Hardware - Equipment,EMP-1005,Rejected
TXN-04457,2024-01-11,Salesforce,Software - SaaS,300,USD,pending,HR,CC-001,PO-99142,INV-409529,Salesforce - Software - SaaS,EMP-1158,Approved
TXN-04458,2024-04-05,Google Cloud,Software - Cloud,950,USD,delivered,Operations,CC-004,PO-29548,INV-488110,Google Cloud - Software - Cloud,EMP-1058,Rejected
TXN-04459,2024-10-24,Hilton Hotels,Travel - Lodging,220,USD,pending,Marketing,CC-001,PO-67757,INV-786336,Hilton Hotels - Travel - Lodging,EMP-1214,Rejected
TXN-04460,2024-09-10,AWS,Software - Cloud,1000,USD,pending,Sales,CC-003,PO-62546,INV-663896,AWS - Software - Cloud,EMP-1018,Pending
TXN-04461,2025-03-06,Grubhub,Meals & Entertainment,25,USD,pending,Operations,CC-002,PO-64724,INV-144184,Grubhub - Meals & Entertainment,EMP-1174,Pending
TXN-04462,2024-12-18,Lyft,Travel - Ground,40,USD,invoiced,Operations,CC-003,PO-54629,INV-967374,Lyft - Travel - Ground,EMP-1033,Pending
TXN-04463,2025-02-25,PwC,Professional Services,8000,USD,invoiced,Finance,CC-002,PO-33014,INV-682706,PwC - Professional Services,EMP-1130,Pending
TXN-04464,2024-06-17,DoorDash,Meals & Entertainment,100,USD,paid,Operations,CC-001,PO-50864,INV-266827,DoorDash - Meals & Entertainment,EMP-1192,Approved
TXN-04465,2025-01-02,Uber,Travel - Ground,15,USD,paid,HR,CC-005,PO-42838,INV-262308,Uber - Travel - Ground,EMP-1135,Pending
TXN-04466,2024-10-13,Marriott Hotels,Travel - Lodging,800,USD,delivered,Marketing,CC-003,PO-24446,INV-825998,Marriott Hotels - Travel - Lodging,EMP-1095,Pending
TXN-04467,2024-04-30,Deloitte,Professional Services,5000,USD,completed,Operations,CC-004,PO-39980,INV-504503,Deloitte - Professional Services,EMP-1225,Pending
TXN-04468,2024-08-13,Verizon,Utilities - Telecom,200,USD,pending,Sales,CC-004,PO-55527,INV-152598,Verizon - Utilities - Telecom,EMP-1103,Pending
TXN-04469,2025-01-18,AT&T,Utilities - Telecom,80,USD,invoiced,Engineering,CC-001,PO-87716,INV-600149,AT&T - Utilities - Telecom,EMP-1073,Rejected
TXN-04470,2024-11-27,Amazon Business,Office Supplies,100,USD,invoiced,Operations,CC-004,PO-45338,INV-392597,Amazon Business - Office Supplies,EMP-1159,Pending
TXN-04471,2024-01-28,Uber,Travel - Ground,15,USD,paid,Engineering,CC-002,PO-54528,INV-534258,Uber - Travel - Ground,EMP-1213,Rejected
TXN-04472,2024-04-10,DoorDash,Meals & Entertainment,25,USD,paid,Sales,CC-005,PO-84573,INV-273651,DoorDash - Meals & Entertainment,EMP-1028,Approved
TXN-04473,2024-03-03,QuickBooks,Accounting Software,120,USD,pending,Marketing,CC-004,PO-21235,INV-375309,QuickBooks - Accounting Software,EMP-1087,Pending
TXN-04474,2024-07-23,PwC,Professional Services,4000,USD,invoiced,Operations,CC-005,PO-75833,INV-408940,PwC - Professional Services,EMP-1153,Approved
TXN-04475,2025-03-31,LinkedIn Ads,Marketing - Digital,2500,USD,pending,Engineering,CC-004,PO-93393,INV-489850,LinkedIn Ads - Marketing - Digital,EMP-1229,Pending
TXN-04476,2024-07-25,Slack,Software - SaaS,299,USD,paid,Marketing,CC-002,PO-57664,INV-312333,Slack - Software - SaaS,EMP-1011,Pending
TXN-04477,2024-06-07,Xero,Accounting Software,200,USD,paid,Finance,CC-001,,INV-499831,Xero - Accounting Software,EMP-1114,Approved
TXN-04478,2024-04-08,UPS,Shipping & Logistics,50,USD,pending,Operations,CC-003,PO-15254,INV-342811,UPS - Shipping & Logistics,EMP-1232,Pending
TXN-04479,2024-12-18,Salesforce Inc,Software - SaaS,300,USD,invoiced,Sales,CC-002,PO-39898,INV-872688,Salesforce Inc - Software - SaaS,EMP-1160,Approved
TXN-04480,2025-01-10,Verizon,Utilities - Telecom,200,USD,pending,Operations,CC-003,PO-84238,INV-570997,Verizon - Utilities - Telecom,EMP-1021,Rejected
TXN-04481,2024-12-29,FedEx,Shipping & Logistics,20,USD,paid,Sales,CC-001,PO-54991,INV-927318,FedEx - Shipping & Logistics,EMP-1069,Approved
TXN-04482,2024-01-01,Herman Miller,Furniture - Fixed Asset,3000,USD,delivered,Operations,CC-001,PO-98659,INV-950719,Herman Miller - Furniture - Fixed Asset,EMP-1132,Rejected
TXN-04483,2024-10-19,Facebook Ads,Marketing - Digital,4000,USD,paid,Operations,CC-001,PO-63393,INV-698087,Facebook Ads - Marketing - Digital,EMP-1133,Approved
TXN-04484,2024-09-27,Deloitte,Professional Services,25000,USD,delivered,Sales,CC-003,PO-28405,INV-333636,Deloitte - Professional Services,EMP-1246,Approved
TXN-04485,2024-01-27,QuickBooks,Accounting Software,600,USD,completed,HR,CC-004,PO-71576,INV-487623,QuickBooks - Accounting Software,EMP-1089,Pending
TXN-04486,2024-10-27,UberEats,Meals & Entertainment,45,USD,invoiced,Marketing,CC-005,,INV-672536,UberEats - Meals & Entertainment,EMP-1222,Rejected
TXN-04487,2024-09-23,QuickBooks,Accounting Software,600,USD,completed,Engineering,CC-001,PO-91399,INV-388930,QuickBooks - Accounting Software,EMP-1139,Pending
TXN-04488,2024-03-14,Best Buy,Hardware - Equipment,100,USD,delivered,Sales,CC-004,PO-59047,INV-434209,Best Buy - Hardware - Equipment,EMP-1039,Pending
TXN-04489,2024-09-04,Dell,Hardware - Equipment,1200,USD,completed,HR,CC-003,PO-60640,INV-657902,Dell - Hardware - Equipment,EMP-1109,Approved
TXN-04490,2024-04-28,Deloitte,Professional Services,10000,USD,pending,Sales,CC-004,PO-98313,INV-160457,Deloitte - Professional Services,EMP-1057,Rejected
TXN-04491,2024-03-15,Staples,Office Supplies,50,USD,paid,HR,CC-002,PO-45317,INV-135623,Staples - Office Supplies,EMP-1008,Approved
TXN-04492,2024-04-22,UberEats,Meals & Entertainment,185,USD,invoiced,Marketing,CC-001,PO-41408,INV-600701,UberEats - Meals & Entertainment,EMP-1216,Pending
TXN-04493,2025-01-10,AWS,Software - Cloud,1000,USD,completed,Marketing,CC-003,PO-42141,INV-958511,AWS - Software - Cloud,EMP-1121,Pending
TXN-04494,2024-12-08,Chipotle,Meals & Entertainment,15,USD,paid,Sales,CC-001,PO-26563,INV-201631,Chipotle - Meals & Entertainment,EMP-1104,Approved
TXN-04495,2024-09-10,Accenture,Professional Services,15000,USD,delivered,HR,CC-005,PO-63272,INV-284273,Accenture - Professional Services,EMP-1191,Pending
TXN-04496,2024-08-28,Grubhub,Meals & Entertainment,180,USD,delivered,HR,CC-003,PO-77688,INV-342898,Grubhub - Meals & Entertainment,EMP-1055,Approved
TXN-04497,2024-01-15,Southwest Airlines,Travel - Airfare,1000,USD,completed,Sales,CC-004,PO-34143,INV-903283,Southwest Airlines - Travel - Airfare,EMP-1226,Approved
TXN-04498,2024-01-17,Office Depot,Office Supplies,350,USD,completed,Finance,CC-002,PO-83416,INV-989666,Office Depot - Office Supplies,EMP-1203,Approved
TXN-04499,2024-08-22,Office Depot,Office Supplies,200,USD,paid,Sales,CC-005,PO-31468,INV-127186,Office Depot - Office Supplies,EMP-1185,Pending
TXN-04500,2024-08-23,Dell,Hardware - Equipment,500,USD,invoiced,Finance,CC-004,PO-64952,INV-714037,Dell - Hardware - Equipment,EMP-1163,Approved
TXN-04501,2025-01-23,Herman Miller,Furniture - Fixed Asset,800,USD,invoiced,Sales,CC-001,PO-25287,INV-822121,Herman Miller - Furniture - Fixed Asset,EMP-1189,Pending
TXN-04502,2025-03-06,UberEats,Meals & Entertainment,20,USD,paid,Finance,CC-002,PO-27826,INV-108435,UberEats - Meals & Entertainment,EMP-1135,Approved
TXN-04503,2024-06-27,Google Ads,Marketing - Digital,500,USD,completed,Sales,CC-003,PO-52310,INV-639105,Google Ads - Marketing - Digital,EMP-1055,Approved
TXN-04504,2024-11-08,Steelcase,Furniture - Fixed Asset,1000,USD,invoiced,Marketing,CC-002,PO-21649,INV-720244,Steelcase - Furniture - Fixed Asset,EMP-1212,Pending
TXN-04505,2024-09-04,Lyft,Travel - Ground,22,USD,paid,HR,CC-004,PO-85971,INV-901994,Lyft - Travel - Ground,EMP-1239,Approved
TXN-04506,2024-12-24,Amazon Business,Office Supplies,100,USD,delivered,Operations,CC-001,PO-11655,INV-801935,Amazon Business - Office Supplies,EMP-1244,Rejected
TXN-04507,2024-02-08,Google Ads,Marketing - Digital,5000,USD,completed,Finance,CC-003,PO-19757,INV-535531,Google Ads - Marketing - Digital,EMP-1101,Approved
TXN-04508,2024-09-22,Dell,Hardware - Equipment,1200,USD,paid,Engineering,CC-002,,INV-413400,Dell - Hardware - Equipment,EMP-1042,Approved
TXN-04509,2024-11-28,Office Depot,Office Supplies,200,USD,invoiced,Finance,CC-005,PO-34640,INV-587344,Office Depot - Office Supplies,EMP-1125,Rejected
TXN-04510,2024-12-17,Airbnb,Travel - Lodging,300,USD,pending,HR,CC-002,PO-96963,INV-316957,Airbnb - Travel - Lodging,EMP-1224,Approved
TXN-04511,2024-02-10,Dell,Hardware - Equipment,2500,USD,completed,Marketing,CC-005,PO-53737,INV-837913,Dell - Hardware - Equipment,EMP-1110,Approved
TXN-04512,2024-08-18,QuickBooks,Accounting Software,300,USD,paid,Finance,CC-005,PO-26219,INV-544786,QuickBooks - Accounting Software,EMP-1203,Pending
TXN-04513,2024-03-18,Slack,Software - SaaS,199,USD,pending,HR,CC-003,PO-52196,INV-588257,Slack - Software - SaaS,EMP-1132,Pending
TXN-04514,2025-01-25,LinkedIn Ads,Marketing - Digital,1000,USD,invoiced,Operations,CC-005,PO-65841,INV-630706,LinkedIn Ads - Marketing - Digital,EMP-1043,Approved
TXN-04515,2024-11-11,Herman Miller,Furniture - Fixed Asset,1200,USD,delivered,Finance,CC-001,PO-25862,INV-728868,Herman Miller - Furniture - Fixed Asset,EMP-1225,Approved
TXN-04516,2024-05-07,LinkedIn Ads,Marketing - Digital,2500,USD,invoiced,Sales,CC-004,PO-45470,INV-287189,LinkedIn Ads - Marketing - Digital,EMP-1010,Pending
TXN-04517,2024-09-24,LawDepot,Legal Services,2500,USD,completed,Sales,CC-003,PO-84473,INV-455679,LawDepot - Legal Services,EMP-1193,Pending
TXN-04518,2025-01-22,Comcast,Utilities - Internet,70,USD,paid,HR,CC-005,PO-41917,INV-758154,Comcast - Utilities - Internet,EMP-1184,Pending
TXN-04519,2024-09-02,Facebook Ads,Marketing - Digital,2000,USD,invoiced,Finance,CC-004,PO-31663,INV-634845,Facebook Ads - Marketing - Digital,EMP-1021,Approved
TXN-04520,2024-06-25,IKEA,Furniture - Fixed Asset,600,USD,paid,Sales,CC-005,PO-60489,INV-707413,IKEA - Furniture - Fixed Asset,EMP-1123,Pending
TXN-04521,2025-02-17,Hilton Hotels,Travel - Lodging,400,USD,invoiced,Engineering,CC-005,PO-60941,INV-398881,Hilton Hotels - Travel - Lodging,EMP-1096,Approved
TXN-04522,2024-01-27,IKEA,Furniture - Fixed Asset,600,USD,completed,Sales,CC-001,PO-10762,INV-319758,IKEA - Furniture - Fixed Asset,EMP-1056,Rejected
TXN-04523,2024-03-23,Twilio,Software - Communications,1000,USD,invoiced,Engineering,CC-001,PO-84184,INV-231171,Twilio - Software - Communications,EMP-1071,Pending
TXN-04524,2024-01-22,HubSpot,Marketing - Software,1200,USD,invoiced,Finance,CC-005,PO-73861,INV-817052,HubSpot - Marketing - Software,EMP-1153,Approved
TXN-04525,2024-09-22,Xero,Accounting Software,99,USD,paid,Operations,CC-002,PO-12856,INV-593832,Xero - Accounting Software,EMP-1180,Approved
TXN-04526,2024-10-18,UberEats,Meals & Entertainment,100,USD,paid,Sales,CC-005,PO-16438,INV-896731,UberEats - Meals & Entertainment,EMP-1064,Approved
TXN-04527,2024-09-22,DoorDash,Meals & Entertainment,100,USD,completed,Operations,CC-005,,INV-677738,DoorDash - Meals & Entertainment,EMP-1131,Pending
TXN-04528,2024-09-25,Office Depot,Office Supplies,75,USD,completed,Marketing,CC-001,PO-35341,INV-523060,Office Depot - Office Supplies,EMP-1131,Pending
TXN-04529,2024-09-01,Airbnb,Travel - Lodging,80,USD,delivered,HR,CC-002,PO-46091,INV-318231,Airbnb - Travel - Lodging,EMP-1068,Rejected
TXN-04530,2024-01-21,American Airlines,Travel - Airfare,550,USD,paid,Marketing,CC-005,PO-44206,INV-115829,American Airlines - Travel - Airfare,EMP-1080,Pending
TXN-04531,2025-03-06,Facebook Ads,Marketing - Digital,300,USD,completed,Finance,CC-004,PO-99007,INV-875435,Facebook Ads - Marketing - Digital,EMP-1027,Rejected
TXN-04532,2024-01-17,GitHub,Software - Development,500,USD,delivered,Sales,CC-002,PO-53026,INV-300832,GitHub - Software - Development,EMP-1050,Approved
TXN-04533,2024-03-27,UberEats,Meals & Entertainment,185,USD,delivered,Marketing,CC-002,PO-54820,INV-987819,UberEats - Meals & Entertainment,EMP-1143,Approved
TXN-04534,2024-04-21,LinkedIn Ads,Marketing - Digital,400,USD,completed,Engineering,CC-001,PO-68495,INV-872902,LinkedIn Ads - Marketing - Digital,EMP-1166,Rejected
TXN-04535,2024-06-19,Restaurants.com Inc,Meals & Entertainment,40,USD,delivered,Finance,CC-002,PO-23141,INV-930670,Restaurants.com Inc - Meals & Entertainment,EMP-1164,Approved
TXN-04536,2024-04-18,United Airlines,Travel - Airfare,250,USD,paid,Sales,CC-005,PO-27269,INV-236740,United Airlines - Travel - Airfare,EMP-1236,Rejected
TXN-04537,2024-10-07,LinkedIn Ads,Marketing - Digital,2500,USD,paid,Sales,CC-005,,INV-692551,LinkedIn Ads - Marketing - Digital,EMP-1214,Pending
TXN-04538,2024-05-29,Deloitte,Professional Services,5000,USD,completed,Engineering,CC-005,PO-63734,INV-142961,Deloitte - Professional Services,EMP-1208,Pending
TXN-04539,2024-06-08,Chipotle,Meals & Entertainment,10,USD,paid,Sales,CC-002,,INV-525396,Chipotle - Meals & Entertainment,EMP-1088,Approved
TXN-04540,2024-11-05,LinkedIn Ads,Marketing - Digital,400,USD,delivered,HR,CC-003,PO-76817,INV-805457,LinkedIn Ads - Marketing - Digital,EMP-1014,Pending
TXN-04541,2024-08-15,IKEA,Furniture - Fixed Asset,600,USD,completed,Marketing,CC-002,PO-52472,INV-971856,IKEA - Furniture - Fixed Asset,EMP-1236,Rejected
TXN-04542,2024-04-30,Airbnb,Travel - Lodging,600,USD,pending,Finance,CC-001,PO-76056,INV-735121,Airbnb - Travel - Lodging,EMP-1041,Approved
TXN-04543,2024-07-19,Google Cloud,Software - Cloud,950,USD,pending,Marketing,CC-005,PO-29506,INV-810292,Google Cloud - Software - Cloud,EMP-1090,Rejected
TXN-04544,2025-01-22,Best Buy,Hardware - Equipment,500,USD,completed,Marketing,CC-001,PO-38394,INV-482321,Best Buy - Hardware - Equipment,EMP-1189,Rejected
TXN-04545,2024-01-28,UberEats,Meals & Entertainment,20,USD,completed,Finance,CC-005,,INV-888884,UberEats - Meals & Entertainment,EMP-1010,Pending
TXN-04546,2024-01-02,Time Warner,Utilities - Internet,100,USD,delivered,Engineering,CC-005,PO-45788,INV-832335,Time Warner - Utilities - Internet,EMP-1065,Rejected
TXN-04547,2024-01-24,Apple,Hardware - Equipment,1200,USD,completed,Operations,CC-002,PO-35775,INV-239333,Apple - Hardware - Equipment,EMP-1183,Rejected
TXN-04548,2024-12-27,Delta Airlines,Travel - Airfare,1400,USD,paid,Finance,CC-004,PO-99903,INV-585096,Delta Airlines - Travel - Airfare,EMP-1101,Pending
TXN-04549,2024-09-20,GitHub,Software - Development,500,USD,paid,HR,CC-003,PO-72928,INV-439402,GitHub - Software - Development,EMP-1036,Rejected
TXN-04550,2024-03-28,Microsoft Azure,Software - Cloud,3000,USD,completed,Marketing,CC-003,PO-70081,INV-551803,Microsoft Azure - Software - Cloud,EMP-1056,Approved
TXN-04551,2024-04-24,Accenture,Professional Services,35000,USD,delivered,HR,CC-002,PO-52161,INV-366610,Accenture - Professional Services,EMP-1089,Approved
TXN-04552,2025-02-25,PwC,Professional Services,4000,USD,paid,Sales,CC-003,PO-46833,INV-135828,PwC - Professional Services,EMP-1030,Pending
TXN-04553,2024-07-01,Dell,Hardware - Equipment,500,USD,completed,HR,CC-001,PO-35704,INV-615856,Dell - Hardware - Equipment,EMP-1190,Pending
TXN-04554,2025-02-16,AWS,Software - Cloud,2341,USD,invoiced,HR,CC-003,PO-45652,INV-614238,AWS - Software - Cloud,EMP-1060,Rejected
TXN-04555,2024-10-28,Amazon Business,Office Supplies,500,USD,pending,Engineering,CC-005,PO-96693,INV-743276,Amazon Business - Office Supplies,EMP-1180,Rejected
TXN-04556,2024-03-23,accenture,Professional Services,7000,USD,pending,Finance,CC-002,PO-36642,INV-688012,accenture - Professional Services,EMP-1156,Rejected
TXN-04557,2024-11-21,UPS,Shipping & Logistics,50,USD,paid,Marketing,CC-002,PO-30080,INV-410078,UPS - Shipping & Logistics,EMP-1213,Pending
TXN-04558,2024-06-30,Airbnb,Travel - Lodging,80,USD,completed,Finance,CC-004,PO-76633,INV-166333,Airbnb - Travel - Lodging,EMP-1081,Approved
TXN-04559,2024-03-12,Starbucks,Meals & Entertainment,10,USD,completed,HR,CC-003,PO-55169,INV-548740,Starbucks - Meals & Entertainment,EMP-1235,Approved
TXN-04560,2024-07-20,American Airlines,Travel - Airfare,550,USD,paid,Operations,CC-001,,INV-567161,American Airlines - Travel - Airfare,EMP-1137,Pending
TXN-04561,2024-09-30,Uber,Travel - Ground,45,USD,paid,Sales,CC-005,PO-83674,INV-953615,Uber - Travel - Ground,EMP-1206,Pending
TXN-04562,2025-01-19,Uber,Travel - Ground,120,USD,completed,Sales,CC-001,PO-23105,INV-490630,Uber - Travel - Ground,EMP-1043,Rejected
TXN-04563,2025-02-06,AWS,Software - Cloud,500,USD,invoiced,Operations,CC-002,PO-41746,INV-936226,AWS - Software - Cloud,EMP-1130,Pending
TXN-04564,2024-10-26,Time Warner,Utilities - Internet,100,USD,pending,HR,CC-002,PO-36664,INV-705184,Time Warner - Utilities - Internet,EMP-1128,Pending
TXN-04565,2024-10-11,DoorDash,Meals & Entertainment,200,USD,completed,Sales,CC-004,,INV-485691,DoorDash - Meals & Entertainment,EMP-1086,Rejected
TXN-04566,2024-06-26,Salesforce,Software - SaaS,300,USD,pending,Marketing,CC-004,PO-36105,INV-873750,Salesforce - Software - SaaS,EMP-1244,Approved
TXN-04567,2024-10-21,UberEats,Meals & Entertainment,20,USD,completed,HR,CC-002,PO-33558,INV-500122,UberEats - Meals & Entertainment,EMP-1241,Pending
TXN-04568,2024-04-05,Salesforce,Software - SaaS,300,USD,completed,Operations,CC-002,PO-54411,INV-913942,Salesforce - Software - SaaS,EMP-1250,Pending
TXN-04569,2024-11-03,American Airlines,Travel - Airfare,950,USD,delivered,HR,CC-001,PO-86465,INV-506069,American Airlines - Travel - Airfare,EMP-1229,Approved
TXN-04570,2025-02-09,HubSpot Inc,Marketing - Software,200,USD,delivered,HR,CC-004,,INV-248947,HubSpot Inc - Marketing - Software,EMP-1222,Approved
TXN-04571,2024-04-05,Herman Miller,Furniture - Fixed Asset,1500,USD,paid,Engineering,CC-005,PO-43277,INV-213428,Herman Miller - Furniture - Fixed Asset,EMP-1250,Rejected
TXN-04572,2024-04-20,Marriott Hotels,Travel - Lodging,150,USD,delivered,Finance,CC-005,PO-68802,INV-536068,Marriott Hotels - Travel - Lodging,EMP-1206,Rejected
TXN-04573,2024-06-12,AT&T,Utilities - Telecom,150,USD,completed,Finance,CC-004,PO-82476,INV-828366,AT&T - Utilities - Telecom,EMP-1007,Pending
TXN-04574,2025-01-22,Microsoft Azure,Software - Cloud,3000,USD,delivered,Operations,CC-004,PO-94161,INV-280584,Microsoft Azure - Software - Cloud,EMP-1172,Approved
TXN-04575,2024-07-25,Office Depot,Office Supplies,350,USD,completed,Engineering,CC-001,PO-12417,INV-842911,Office Depot - Office Supplies,EMP-1230,Approved
TXN-04576,2024-04-13,Twilio,Software - Communications,500,USD,completed,Operations,CC-002,PO-22753,INV-522625,Twilio - Software - Communications,EMP-1075,Pending
TXN-04577,2024-12-31,Zoom,Software - SaaS,100,USD,invoiced,Engineering,CC-002,PO-58202,INV-107810,Zoom - Software - SaaS,EMP-1175,Approved
TXN-04578,2024-03-30,Hilton Hotels,Travel - Lodging,120,USD,pending,Engineering,CC-002,PO-71174,INV-218127,Hilton Hotels - Travel - Lodging,EMP-1090,Rejected
TXN-04579,2024-04-07,Hilton Hotels,Travel - Lodging,700,USD,paid,Finance,CC-005,PO-37315,INV-947811,Hilton Hotels - Travel - Lodging,EMP-1147,Rejected
TXN-04580,2024-11-25,Airbnb,Travel - Lodging,150,USD,pending,Finance,CC-002,PO-98901,INV-396021,Airbnb - Travel - Lodging,EMP-1047,Rejected
TXN-04581,2024-12-02,Accenture,Professional Services,3000,USD,paid,Engineering,CC-003,PO-96177,INV-397345,Accenture - Professional Services,EMP-1007,Rejected
TXN-04582,2024-01-14,Best Buy,Hardware - Equipment,1200,USD,pending,Sales,CC-002,PO-47716,INV-918275,Best Buy - Hardware - Equipment,EMP-1075,Pending
TXN-04583,2024-08-21,Grubhub,Meals & Entertainment,25,USD,completed,HR,CC-003,PO-40553,INV-714924,Grubhub - Meals & Entertainment,EMP-1237,Rejected
TXN-04584,2024-02-24,AT&T,Utilities - Telecom,80,USD,pending,Finance,CC-001,PO-20893,INV-148769,AT&T - Utilities - Telecom,EMP-1015,Pending
TXN-04585,2024-09-25,Chipotle,Meals & Entertainment,10,USD,invoiced,HR,CC-001,PO-85336,INV-591434,Chipotle - Meals & Entertainment,EMP-1114,Rejected
TXN-04586,2024-06-19,Accenture,Professional Services,3000,USD,paid,Marketing,CC-003,PO-28151,INV-981929,Accenture - Professional Services,EMP-1236,Approved
TXN-04587,2024-06-30,Verizon,Utilities - Telecom,100,USD,delivered,Operations,CC-001,PO-94483,INV-515709,Verizon - Utilities - Telecom,EMP-1038,Pending
TXN-04588,2025-01-06,Marriott Hotels,Travel - Lodging,450,USD,pending,Operations,CC-005,PO-60227,INV-604015,Marriott Hotels - Travel - Lodging,EMP-1250,Approved
TXN-04589,2024-10-04,Delta Airlines,Travel - Airfare,280,USD,pending,Finance,CC-004,PO-37140,INV-248822,Delta Airlines - Travel - Airfare,EMP-1245,Approved
TXN-04590,2024-07-15,Starbucks,Meals & Entertainment,10,USD,paid,Sales,CC-003,,INV-308756,Starbucks - Meals & Entertainment,EMP-1002,Pending
TXN-04591,2025-01-11,Restaurants.com,Meals & Entertainment,300,USD,delivered,Operations,CC-001,PO-30871,INV-250909,Restaurants.com - Meals & Entertainment,EMP-1048,Pending
TXN-04592,2024-04-27,IKEA Inc,Furniture - Fixed Asset,600,USD,invoiced,Finance,CC-002,PO-93968,INV-503761,IKEA Inc - Furniture - Fixed Asset,EMP-1088,Approved
TXN-04593,2024-04-11,Microsoft Azure,Software - Cloud,3000,USD,invoiced,Finance,CC-004,PO-55713,INV-856146,Microsoft Azure - Software - Cloud,EMP-1242,Rejected
TXN-04594,2024-04-06,Xero,Accounting Software,400,USD,pending,HR,CC-003,PO-32102,INV-553839,Xero - Accounting Software,EMP-1249,Rejected
TXN-04595,2024-03-06,Best Buy,Hardware - Equipment,500,USD,paid,HR,CC-001,PO-30231,INV-290354,Best Buy - Hardware - Equipment,EMP-1111,Pending
TXN-04596,2024-07-27,Deloitte,Professional Services,50000,USD,invoiced,Engineering,CC-003,PO-23231,INV-651911,Deloitte - Professional Services,EMP-1012,Pending
TXN-04597,2025-03-15,UBEREATS,Meals & Entertainment,20,USD,pending,Engineering,CC-004,PO-12285,INV-495311,UBEREATS - Meals & Entertainment,EMP-1166,Rejected
TXN-04598,2024-02-09,UPS,Shipping & Logistics,350,USD,delivered,HR,CC-002,PO-54340,INV-787046,UPS - Shipping & Logistics,EMP-1103,Approved
TXN-04599,2024-03-16,United Airlines,Travel - Airfare,850,USD,invoiced,Sales,CC-003,,INV-491630,United Airlines - Travel - Airfare,EMP-1170,Pending
TXN-04600,2024-05-30,Herman Miller,Furniture - Fixed Asset,1500,USD,completed,Sales,CC-003,PO-84858,INV-130900,Herman Miller - Furniture - Fixed Asset,EMP-1195,Rejected
TXN-04601,2024-05-06,Xero,Accounting Software,400,USD,delivered,Finance,CC-003,PO-25082,INV-494890,Xero - Accounting Software,EMP-1155,Rejected
TXN-04602,2024-11-09,Facebook Ads,Marketing - Digital,2000,USD,delivered,Operations,CC-005,PO-95317,INV-826331,Facebook Ads - Marketing - Digital,EMP-1083,Approved
TXN-04603,2024-04-11,UberEats,Meals & Entertainment,100,USD,delivered,Sales,CC-005,PO-17085,INV-100229,UberEats - Meals & Entertainment,EMP-1037,Pending
TXN-04604,2024-07-31,Staples,Office Supplies,500,USD,paid,Operations,CC-002,PO-33048,INV-866027,Staples - Office Supplies,EMP-1178,Pending
TXN-04605,2024-04-24,Time Warner,Utilities - Internet,180,USD,delivered,Finance,CC-002,PO-66486,INV-367801,Time Warner - Utilities - Internet,EMP-1036,Pending
TXN-04606,2024-11-30,Twilio,Software - Communications,1000,USD,delivered,Operations,CC-005,PO-26158,INV-349748,Twilio - Software - Communications,EMP-1174,Rejected
TXN-04607,2024-08-09,UberEats,Meals & Entertainment,20,USD,pending,HR,CC-002,PO-24877,INV-371878,UberEats - Meals & Entertainment,EMP-1215,Rejected
TXN-04608,2024-02-03,AT&T,Utilities - Telecom,300,USD,pending,Engineering,CC-002,PO-99751,INV-162803,AT&T - Utilities - Telecom,EMP-1202,Pending
TXN-04609,2025-03-23,McKinsey,Professional Services,60000,USD,completed,Engineering,CC-001,PO-70610,INV-389157,McKinsey - Professional Services,EMP-1144,Rejected
TXN-04610,2024-12-16,Google Ads,Marketing - Digital,5000,USD,paid,Sales,CC-005,PO-72255,INV-788819,Google Ads - Marketing - Digital,EMP-1128,Approved
TXN-04611,2024-05-19,Verizon,Utilities - Telecom,100,USD,completed,Finance,CC-002,PO-18634,INV-504340,Verizon - Utilities - Telecom,EMP-1211,Approved
TXN-04612,2024-06-24,Facebook Ads,Marketing - Digital,4000,USD,completed,Finance,CC-001,,INV-742534,Facebook Ads - Marketing - Digital,EMP-1013,Approved
TXN-04613,2024-01-19,Hilton Hotels,Travel - Lodging,700,USD,invoiced,Sales,CC-001,PO-99018,INV-763657,Hilton Hotels - Travel - Lodging,EMP-1220,Pending
TXN-04614,2025-02-27,Time Warner,Utilities - Internet,180,USD,pending,HR,CC-004,PO-71724,INV-116762,Time Warner - Utilities - Internet,EMP-1190,Pending
TXN-04615,2024-03-11,Chipotle,Meals & Entertainment,10,USD,paid,Marketing,CC-003,PO-30860,INV-911702,Chipotle - Meals & Entertainment,EMP-1204,Approved
TXN-04616,2025-02-24,DoorDash,Meals & Entertainment,100,USD,paid,Marketing,CC-002,PO-15410,INV-573812,DoorDash - Meals & Entertainment,EMP-1091,Approved
TXN-04617,2024-09-16,AT&T,Utilities - Telecom,150,USD,completed,Operations,CC-002,PO-47230,INV-207770,AT&T - Utilities - Telecom,EMP-1224,Pending
TXN-04618,2024-03-19,Airbnb,Travel - Lodging,300,USD,paid,HR,CC-005,,INV-134962,Airbnb - Travel - Lodging,EMP-1136,Pending
TXN-04619,2024-09-19,deloitte,Professional Services,5000,USD,paid,Operations,CC-002,PO-33693,INV-517574,deloitte - Professional Services,EMP-1085,Approved
TXN-04620,2024-12-25,AT&T,Utilities - Telecom,300,USD,pending,Engineering,CC-004,,INV-715310,AT&T - Utilities - Telecom,EMP-1108,Pending
TXN-04621,2024-12-06,Datadog,Software - Monitoring,3000,USD,paid,Operations,CC-001,PO-51399,INV-566100,Datadog - Software - Monitoring,EMP-1118,Rejected
TXN-04622,2024-09-19,DoorDash,Meals & Entertainment,25,USD,delivered,HR,CC-005,PO-28643,INV-802660,DoorDash - Meals & Entertainment,EMP-1177,Approved
TXN-04623,2024-10-24,Zoom Inc,Software - SaaS,200,USD,completed,Operations,CC-002,PO-15382,INV-499370,Zoom Inc - Software - SaaS,EMP-1034,Pending
TXN-04624,2024-06-22,UberEats,Meals & Entertainment,20,USD,delivered,Engineering,CC-005,PO-61530,INV-275198,UberEats - Meals & Entertainment,EMP-1153,Approved
TXN-04625,2025-02-20,IKEA,Furniture - Fixed Asset,600,USD,pending,Marketing,CC-003,PO-20091,INV-530226,IKEA - Furniture - Fixed Asset,EMP-1009,Approved
TXN-04626,2024-02-15,Office Depot,Office Supplies,350,USD,pending,Finance,CC-005,PO-99401,INV-357794,Office Depot - Office Supplies,EMP-1076,Rejected
TXN-04627,2024-06-10,Verizon,Utilities - Telecom,200,USD,invoiced,Operations,CC-004,,INV-316431,Verizon - Utilities - Telecom,EMP-1131,Pending
TXN-04628,2025-03-20,Office Depot,Office Supplies,200,USD,invoiced,Operations,CC-002,,INV-912523,Office Depot - Office Supplies,EMP-1169,Rejected
TXN-04629,2024-11-28,Facebook Ads,Marketing - Digital,800,USD,invoiced,Sales,CC-002,PO-20879,INV-188332,Facebook Ads - Marketing - Digital,EMP-1151,Pending
TXN-04630,2024-01-22,Microsoft Azure,Software - Cloud,300,USD,invoiced,HR,CC-001,PO-17218,INV-982939,Microsoft Azure - Software - Cloud,EMP-1246,Pending
TXN-04631,2025-02-20,Dell,Hardware - Equipment,2500,USD,invoiced,HR,CC-002,PO-36781,INV-377652,Dell - Hardware - Equipment,EMP-1188,Pending
TXN-04632,2024-11-15,Herman Miller,Furniture - Fixed Asset,1500,USD,pending,Marketing,CC-005,PO-72086,INV-798386,Herman Miller - Furniture - Fixed Asset,EMP-1139,Approved
TXN-04633,2025-01-16,Hilton Hotels Inc,Travel - Lodging,700,USD,delivered,Engineering,CC-002,PO-91240,INV-983164,Hilton Hotels Inc - Travel - Lodging,EMP-1008,Pending
TXN-04634,2024-02-11,Google Cloud,Software - Cloud,1850,USD,paid,HR,CC-001,PO-54043,INV-920737,Google Cloud - Software - Cloud,EMP-1056,Pending
TXN-04635,2025-02-23,Zoom,Software - SaaS,200,USD,invoiced,Marketing,CC-005,PO-60860,INV-300829,Zoom - Software - SaaS,EMP-1007,Rejected
TXN-04636,2024-10-02,Herman Miller,Furniture - Fixed Asset,800,USD,paid,Operations,CC-003,PO-80479,INV-563501,Herman Miller - Furniture - Fixed Asset,EMP-1137,Rejected
TXN-04637,2024-07-03,Deloitte,Professional Services,5000,USD,pending,Marketing,CC-002,,INV-929872,Deloitte - Professional Services,EMP-1016,Pending
TXN-04638,2025-01-28,Comcast,Utilities - Internet,70,USD,paid,HR,CC-001,PO-66259,INV-932832,Comcast - Utilities - Internet,EMP-1160,Pending
TXN-04639,2025-01-02,Datadog,Software - Monitoring,800,USD,invoiced,Sales,CC-001,PO-20595,INV-848108,Datadog - Software - Monitoring,EMP-1034,Approved
TXN-04640,2024-05-28,Airbnb,Travel - Lodging,150,USD,paid,Operations,CC-004,PO-50821,INV-815879,Airbnb - Travel - Lodging,EMP-1150,Approved
TXN-04641,2024-11-15,Uber,Travel - Ground,15,USD,paid,Operations,CC-003,,INV-859771,Uber - Travel - Ground,EMP-1207,Approved
TXN-04642,2024-08-03,UPS,Shipping & Logistics,120,USD,paid,Engineering,CC-001,PO-87743,INV-675649,UPS - Shipping & Logistics,EMP-1249,Pending
TXN-04643,2024-04-01,Dell,Hardware - Equipment,1200,USD,completed,Operations,CC-002,PO-12838,INV-344922,Dell - Hardware - Equipment,EMP-1235,Rejected
TXN-04644,2024-08-25,Comcast,Utilities - Internet,200,USD,paid,Marketing,CC-004,PO-77116,INV-392882,Comcast - Utilities - Internet,EMP-1212,Rejected
TXN-04645,2024-08-06,Deloitte,Professional Services,50000,USD,delivered,HR,CC-002,PO-18795,INV-429405,Deloitte - Professional Services,EMP-1161,Pending
TXN-04646,2024-08-18,Twilio,Software - Communications,500,USD,paid,Finance,CC-002,PO-15529,INV-644202,Twilio - Software - Communications,EMP-1067,Pending
TXN-04647,2024-08-27,Datadog,Software - Monitoring,400,USD,delivered,Operations,CC-004,PO-50457,INV-346544,Datadog - Software - Monitoring,EMP-1005,Pending
TXN-04648,2024-05-12,Time Warner,Utilities - Internet,100,USD,completed,HR,CC-003,PO-34887,INV-286076,Time Warner - Utilities - Internet,EMP-1052,Rejected
TXN-04649,2024-06-13,United Airlines,Travel - Airfare,450,USD,delivered,HR,CC-001,PO-34264,INV-398019,United Airlines - Travel - Airfare,EMP-1218,Approved
TXN-04650,2024-01-24,Accenture,Professional Services,7000,USD,pending,Operations,CC-004,PO-84003,INV-860069,Accenture - Professional Services,EMP-1021,Pending
TXN-04651,2024-01-10,LawDepot,Legal Services,500,USD,delivered,Operations,CC-003,PO-78096,INV-929574,LawDepot - Legal Services,EMP-1193,Rejected
TXN-04652,2024-11-19,Delta Airlines,Travel - Airfare,900,USD,delivered,HR,CC-001,PO-82364,INV-612204,Delta Airlines - Travel - Airfare,EMP-1178,Rejected
TXN-04653,2024-03-05,Verizon,Utilities - Telecom,200,USD,completed,Operations,CC-003,PO-84596,INV-310184,Verizon - Utilities - Telecom,EMP-1134,Pending
TXN-04654,2024-11-02,Lenovo,Hardware - Equipment,1000,USD,invoiced,HR,CC-001,PO-51438,INV-985802,Lenovo - Hardware - Equipment,EMP-1200,Approved
TXN-04655,2024-01-10,Time Warner,Utilities - Internet,180,USD,paid,Operations,CC-005,,INV-732591,Time Warner - Utilities - Internet,EMP-1100,Pending
TXN-04656,2024-06-21,UPS,Shipping & Logistics,25,USD,completed,Sales,CC-003,PO-71905,INV-413155,UPS - Shipping & Logistics,EMP-1216,Pending
TXN-04657,2024-07-25,Google Cloud,Software - Cloud,950,USD,pending,Operations,CC-003,PO-21026,INV-391303,Google Cloud - Software - Cloud,EMP-1076,Rejected
TXN-04658,2024-11-19,Delta Airlines,Travel - Airfare,280,USD,pending,HR,CC-004,PO-24235,INV-559973,Delta Airlines - Travel - Airfare,EMP-1051,Rejected
TXN-04659,2025-01-28,Slack,Software - SaaS,299,USD,invoiced,Sales,CC-003,PO-91694,INV-540858,Slack - Software - SaaS,EMP-1226,Approved
TXN-04660,2024-11-14,Chipotle,Meals & Entertainment,20,USD,paid,HR,CC-001,PO-69116,INV-477115,Chipotle - Meals & Entertainment,EMP-1200,Pending
TXN-04661,2025-03-11,HubSpot,Marketing - Software,50,USD,delivered,Engineering,CC-001,PO-54261,INV-825529,HubSpot - Marketing - Software,EMP-1113,Approved
TXN-04662,2024-11-16,Time Warner,Utilities - Internet,180,USD,paid,HR,CC-005,PO-99941,INV-786924,Time Warner - Utilities - Internet,EMP-1185,Pending
TXN-04663,2025-01-31,DoorDash Inc,Meals & Entertainment,25,USD,paid,Sales,CC-003,PO-87356,INV-141599,DoorDash Inc - Meals & Entertainment,EMP-1024,Approved
TXN-04664,2025-02-01,Xero,Accounting Software,99,USD,invoiced,Sales,CC-002,PO-32542,INV-449901,Xero - Accounting Software,EMP-1064,Approved
TXN-04665,2024-10-14,PwC,Professional Services,4000,USD,completed,Sales,CC-001,PO-45687,INV-899173,PwC - Professional Services,EMP-1102,Pending
TXN-04666,2024-11-17,Datadog,Software - Monitoring,3000,USD,pending,Sales,CC-004,PO-61775,INV-198129,Datadog - Software - Monitoring,EMP-1151,Rejected
TXN-04667,2024-01-11,AWS,Software - Cloud,500,USD,paid,Operations,CC-001,PO-18461,INV-938680,AWS - Software - Cloud,EMP-1015,Rejected
TXN-04668,2024-09-13,Grubhub,Meals & Entertainment,25,USD,delivered,Sales,CC-005,PO-34257,INV-376484,Grubhub - Meals & Entertainment,EMP-1039,Approved
TXN-04669,2024-05-31,Uber,Travel - Ground,25,USD,completed,HR,CC-005,PO-45885,INV-184319,Uber - Travel - Ground,EMP-1179,Pending
TXN-04670,2024-11-10,Amazon Business,Office Supplies,100,USD,completed,Sales,CC-003,PO-89267,INV-827513,Amazon Business - Office Supplies,EMP-1112,Pending
TXN-04671,2024-11-28,UPS,Shipping & Logistics,120,USD,paid,Engineering,CC-005,PO-84671,INV-920076,UPS - Shipping & Logistics,EMP-1062,Rejected
TXN-04672,2024-04-14,Comcast,Utilities - Internet,70,USD,invoiced,Sales,CC-003,PO-71581,INV-309997,Comcast - Utilities - Internet,EMP-1089,Pending
TXN-04673,2024-06-08,Stripe,Software - Payments,100,USD,invoiced,Engineering,CC-005,PO-93195,INV-487053,Stripe - Software - Payments,EMP-1109,Approved
TXN-04674,2024-07-05,Facebook Ads Inc,Marketing - Digital,300,USD,delivered,Engineering,CC-004,PO-66887,INV-372381,Facebook Ads Inc - Marketing - Digital,EMP-1244,Rejected
TXN-04675,2024-11-03,Xero,Accounting Software,200,USD,invoiced,Finance,CC-002,PO-61434,INV-329389,Xero - Accounting Software,EMP-1059,Approved
TXN-04676,2024-08-22,Best Buy,Hardware - Equipment,1200,USD,delivered,Engineering,CC-004,PO-62623,INV-723345,Best Buy - Hardware - Equipment,EMP-1101,Pending
TXN-04677,2024-07-09,FedEx,Shipping & Logistics,300,USD,pending,Sales,CC-001,PO-99871,INV-841459,FedEx - Shipping & Logistics,EMP-1132,Approved
TXN-04678,2024-06-07,Microsoft Azure,Software - Cloud,800,USD,completed,Finance,CC-002,PO-75070,INV-106162,Microsoft Azure - Software - Cloud,EMP-1137,Rejected
TXN-04679,2024-05-01,Facebook Ads,Marketing - Digital,300,USD,pending,Engineering,CC-003,PO-78546,INV-851955,Facebook Ads - Marketing - Digital,EMP-1005,Pending
TXN-04680,2025-03-28,Amazon,Hardware - Equipment,299,USD,pending,Operations,CC-003,PO-12278,INV-710317,Amazon - Hardware - Equipment,EMP-1052,Approved
TXN-04681,2024-03-15,Xero,Accounting Software,200,USD,delivered,HR,CC-004,PO-10972,INV-846824,Xero - Accounting Software,EMP-1063,Rejected
TXN-04682,2024-06-27,Dell,Hardware - Equipment,1200,USD,delivered,Sales,CC-002,PO-95850,INV-700179,Dell - Hardware - Equipment,EMP-1106,Rejected
TXN-04683,2025-01-24,UberEats,Meals & Entertainment,45,USD,delivered,Marketing,CC-004,PO-55788,INV-552169,UberEats - Meals & Entertainment,EMP-1116,Approved
TXN-04684,2024-11-13,GitHub,Software - Development,21,USD,completed,Finance,CC-005,,INV-615702,GitHub - Software - Development,EMP-1213,Rejected
TXN-04685,2024-03-25,Staples,Office Supplies,500,USD,delivered,Marketing,CC-001,PO-34113,INV-776954,Staples - Office Supplies,EMP-1216,Pending
TXN-04686,2024-01-05,Hilton Hotels,Travel - Lodging,400,USD,paid,Engineering,CC-002,PO-22503,INV-690039,Hilton Hotels - Travel - Lodging,EMP-1143,Pending
TXN-04687,2024-10-27,Chipotle,Meals & Entertainment,10,USD,paid,HR,CC-003,PO-30005,INV-396929,Chipotle - Meals & Entertainment,EMP-1116,Pending
TXN-04688,2024-12-08,QuickBooks,Accounting Software,120,USD,paid,Finance,CC-005,PO-91588,INV-146372,QuickBooks - Accounting Software,EMP-1123,Pending
TXN-04689,2024-05-19,IKEA,Furniture - Fixed Asset,300,USD,pending,Engineering,CC-001,PO-97532,INV-463549,IKEA - Furniture - Fixed Asset,EMP-1160,Pending
TXN-04690,2024-12-28,FedEx,Shipping & Logistics,100,USD,completed,Finance,CC-005,PO-54449,INV-238262,FedEx - Shipping & Logistics,EMP-1112,Rejected
TXN-04691,2024-10-10,Apple,Hardware - Equipment,799,USD,paid,Finance,CC-002,,INV-168611,Apple - Hardware - Equipment,EMP-1164,Approved
TXN-04692,2024-05-01,DoorDash Inc,Meals & Entertainment,25,USD,paid,Sales,CC-001,PO-88842,INV-359124,DoorDash Inc - Meals & Entertainment,EMP-1082,Pending
TXN-04693,2024-07-08,Accenture,Professional Services,15000,USD,invoiced,Operations,CC-005,PO-43890,INV-275905,Accenture - Professional Services,EMP-1005,Pending
TXN-04694,2024-05-24,Deloitte,Professional Services,50000,USD,paid,Marketing,CC-001,PO-99961,INV-248202,Deloitte - Professional Services,EMP-1060,Approved
TXN-04695,2024-01-21,Steelcase,Furniture - Fixed Asset,600,USD,invoiced,Finance,CC-002,PO-70496,INV-800071,Steelcase - Furniture - Fixed Asset,EMP-1002,Approved
TXN-04696,2024-07-17,HubSpot,Marketing - Software,200,USD,invoiced,Marketing,CC-004,PO-31069,INV-314034,HubSpot - Marketing - Software,EMP-1175,Approved
TXN-04697,2025-03-22,UPS,Shipping & Logistics,350,USD,paid,Engineering,CC-001,PO-26739,INV-406245,UPS - Shipping & Logistics,EMP-1170,Rejected
TXN-04698,2024-12-01,Staples,Office Supplies,300,USD,completed,Sales,CC-003,PO-96795,INV-272254,Staples - Office Supplies,EMP-1115,Rejected
TXN-04699,2024-08-06,Verizon,Utilities - Telecom,350,USD,paid,HR,CC-004,,INV-720477,Verizon - Utilities - Telecom,EMP-1227,Pending
TXN-04700,2024-06-19,Starbucks,Meals & Entertainment,5,USD,delivered,Operations,CC-001,PO-44953,INV-246823,Starbucks - Meals & Entertainment,EMP-1240,Approved
TXN-04701,2024-04-04,Southwest Airlines,Travel - Airfare,150,USD,completed,Finance,CC-005,PO-12505,INV-783688,Southwest Airlines - Travel - Airfare,EMP-1229,Rejected
TXN-04702,2025-03-06,Dell,Hardware - Equipment,2500,USD,invoiced,Sales,CC-004,PO-81618,INV-895494,Dell - Hardware - Equipment,EMP-1133,Rejected
TXN-04703,2024-07-15,UberEats,Meals & Entertainment,100,USD,pending,Sales,CC-003,PO-14396,INV-773905,UberEats - Meals & Entertainment,EMP-1062,Rejected
TXN-04704,2024-04-22,LinkedIn Ads,Marketing - Digital,2500,USD,pending,Operations,CC-001,PO-41107,INV-183594,LinkedIn Ads - Marketing - Digital,EMP-1025,Approved
TXN-04705,2024-05-08,Lyft,Travel - Ground,12,USD,delivered,Engineering,CC-001,PO-14899,INV-602718,Lyft - Travel - Ground,EMP-1101,Rejected
TXN-04706,2024-05-05,QuickBooks,Accounting Software,120,USD,delivered,Sales,CC-002,PO-65027,INV-651679,QuickBooks - Accounting Software,EMP-1068,Approved
TXN-04707,2024-01-20,Grubhub,Meals & Entertainment,50,USD,paid,Marketing,CC-003,PO-56654,INV-154924,Grubhub - Meals & Entertainment,EMP-1232,Approved
TXN-04708,2024-02-02,Facebook Ads,Marketing - Digital,4000,USD,delivered,Engineering,CC-002,PO-66761,INV-690612,Facebook Ads - Marketing - Digital,EMP-1011,Approved
TXN-04709,2025-02-11,Office Depot,Office Supplies,350,USD,completed,Operations,CC-002,PO-37090,INV-709121,Office Depot - Office Supplies,EMP-1081,Approved
TXN-04710,2024-10-09,Lyft,Travel - Ground,40,USD,pending,HR,CC-003,PO-92127,INV-928246,Lyft - Travel - Ground,EMP-1112,Pending
TXN-04711,2024-11-22,Google Ads,Marketing - Digital,500,USD,delivered,Operations,CC-001,PO-44648,INV-805440,Google Ads - Marketing - Digital,EMP-1248,Rejected
TXN-04712,2025-01-12,United Airlines,Travel - Airfare,2500,USD,completed,Marketing,CC-004,PO-58080,INV-502127,United Airlines - Travel - Airfare,EMP-1244,Pending
TXN-04713,2024-04-24,lyft,Travel - Ground,40,USD,completed,Marketing,CC-003,PO-13583,INV-523336,lyft - Travel - Ground,EMP-1041,Pending
TXN-04714,2024-09-08,American Airlines,Travel - Airfare,1500,USD,delivered,HR,CC-005,PO-34379,INV-966260,American Airlines - Travel - Airfare,EMP-1078,Approved
TXN-04715,2024-04-29,Comcast,Utilities - Internet,70,USD,completed,Operations,CC-003,PO-93605,INV-192397,Comcast - Utilities - Internet,EMP-1030,Pending
TXN-04716,2024-08-22,Google Cloud,Software - Cloud,1850,USD,paid,Finance,CC-002,PO-57565,INV-116024,Google Cloud - Software - Cloud,EMP-1161,Rejected
TXN-04717,2024-04-25,Restaurants.com,Meals & Entertainment,80,USD,pending,Marketing,CC-005,,INV-760328,Restaurants.com - Meals & Entertainment,EMP-1238,Pending
TXN-04718,2024-03-21,Deloitte,Professional Services,5000,USD,invoiced,Operations,CC-001,,INV-736333,Deloitte - Professional Services,EMP-1214,Rejected
TXN-04719,2025-01-13,Dell,Hardware - Equipment,1200,USD,pending,Marketing,CC-002,PO-62144,INV-303082,Dell - Hardware - Equipment,EMP-1044,Rejected
TXN-04720,2025-02-04,Airbnb,Travel - Lodging,150,USD,pending,Sales,CC-001,PO-70261,INV-484776,Airbnb - Travel - Lodging,EMP-1076,Rejected
TXN-04721,2025-01-15,Accenture,Professional Services,15000,USD,paid,Sales,CC-005,PO-84446,INV-756873,Accenture - Professional Services,EMP-1210,Approved
TXN-04722,2024-10-17,Verizon,Utilities - Telecom,200,USD,delivered,Sales,CC-002,PO-95874,INV-401439,Verizon - Utilities - Telecom,EMP-1127,Pending
TXN-04723,2024-07-16,FedEx,Shipping & Logistics,500,USD,delivered,HR,CC-005,PO-58464,INV-942900,FedEx - Shipping & Logistics,EMP-1169,Approved
TXN-04724,2024-01-21,Herman Miller,Furniture - Fixed Asset,800,USD,completed,Marketing,CC-002,PO-55955,INV-152872,Herman Miller - Furniture - Fixed Asset,EMP-1122,Pending
TXN-04725,2024-02-22,Accenture,Professional Services,3000,USD,paid,Engineering,CC-002,PO-13577,INV-525444,Accenture - Professional Services,EMP-1188,Pending
TXN-04726,2024-08-23,Best Buy,Hardware - Equipment,100,USD,paid,Operations,CC-004,PO-51465,INV-945739,Best Buy - Hardware - Equipment,EMP-1148,Pending
TXN-04727,2024-08-10,UberEats,Meals & Entertainment,185,USD,pending,Finance,CC-001,PO-73696,INV-789324,UberEats - Meals & Entertainment,EMP-1141,Approved
TXN-04728,2024-04-26,UPS,Shipping & Logistics,350,USD,delivered,Marketing,CC-002,PO-73814,INV-925398,UPS - Shipping & Logistics,EMP-1092,Rejected
TXN-04729,2024-02-15,Uber,Travel - Ground,45,USD,delivered,Marketing,CC-005,PO-87420,INV-964888,Uber - Travel - Ground,EMP-1160,Approved
TXN-04730,2024-10-15,IKEA,Furniture - Fixed Asset,1200,USD,pending,Finance,CC-002,,INV-805217,IKEA - Furniture - Fixed Asset,EMP-1203,Rejected
TXN-04731,2024-12-07,QuickBooks,Accounting Software,120,USD,paid,Marketing,CC-004,PO-60814,INV-260081,QuickBooks - Accounting Software,EMP-1141,Rejected
TXN-04732,2025-03-25,Facebook Ads,Marketing - Digital,300,USD,invoiced,Finance,CC-001,PO-52171,INV-644098,Facebook Ads - Marketing - Digital,EMP-1065,Rejected
TXN-04733,2024-11-07,DHL,Shipping & Logistics,30,USD,invoiced,Engineering,CC-003,PO-96024,INV-267473,DHL - Shipping & Logistics,EMP-1229,Pending
TXN-04734,2024-02-09,Time Warner,Utilities - Internet,60,USD,delivered,HR,CC-005,PO-34303,INV-852460,Time Warner - Utilities - Internet,EMP-1011,Rejected
TXN-04735,2024-12-09,IKEA,Furniture - Fixed Asset,1200,USD,invoiced,Marketing,CC-004,PO-45013,INV-235604,IKEA - Furniture - Fixed Asset,EMP-1058,Rejected
TXN-04736,2024-08-24,Best Buy,Hardware - Equipment,1200,USD,delivered,Sales,CC-005,PO-85273,INV-480766,Best Buy - Hardware - Equipment,EMP-1182,Pending
TXN-04737,2024-02-14,Office Depot,Office Supplies,200,USD,pending,Engineering,CC-002,PO-63684,INV-259174,Office Depot - Office Supplies,EMP-1216,Approved
TXN-04738,2024-12-11,Amazon Business,Office Supplies,100,USD,invoiced,Sales,CC-005,,INV-908370,Amazon Business - Office Supplies,EMP-1159,Pending
TXN-04739,2024-05-04,Staples,Office Supplies,500,USD,pending,Engineering,CC-005,PO-39414,INV-540894,Staples - Office Supplies,EMP-1119,Rejected
TXN-04740,2024-04-02,Grubhub,Meals & Entertainment,180,USD,delivered,Sales,CC-005,PO-47998,INV-964709,Grubhub - Meals & Entertainment,EMP-1214,Approved
TXN-04741,2024-08-17,Office Depot,Office Supplies,350,USD,paid,Operations,CC-003,PO-44029,INV-145049,Office Depot - Office Supplies,EMP-1245,Pending
TXN-04742,2024-03-24,American Airlines,Travel - Airfare,950,USD,pending,Finance,CC-002,PO-30152,INV-782317,American Airlines - Travel - Airfare,EMP-1202,Approved
TXN-04743,2024-01-08,American Airlines,Travel - Airfare,550,USD,delivered,Marketing,CC-004,PO-92346,INV-485053,American Airlines - Travel - Airfare,EMP-1111,Rejected
TXN-04744,2024-10-22,Apple,Hardware - Equipment,1999,USD,delivered,HR,CC-002,PO-74659,INV-444596,Apple - Hardware - Equipment,EMP-1218,Rejected
TXN-04745,2024-08-24,Starbucks,Meals & Entertainment,5,USD,pending,Operations,CC-004,PO-90771,INV-529769,Starbucks - Meals & Entertainment,EMP-1106,Rejected
TXN-04746,2025-01-11,Best Buy,Hardware - Equipment,500,USD,invoiced,Engineering,CC-003,PO-14742,INV-700181,Best Buy - Hardware - Equipment,EMP-1103,Approved
TXN-04747,2024-11-26,Verizon,Utilities - Telecom,100,USD,delivered,Operations,CC-003,,INV-417939,Verizon - Utilities - Telecom,EMP-1028,Approved
TXN-04748,2024-12-25,Steelcase,Furniture - Fixed Asset,600,USD,delivered,Operations,CC-001,PO-89020,INV-236802,Steelcase - Furniture - Fixed Asset,EMP-1028,Approved
TXN-04749,2024-08-23,Starbucks,Meals & Entertainment,15,USD,pending,Finance,CC-003,PO-86579,INV-438774,Starbucks - Meals & Entertainment,EMP-1105,Pending
TXN-04750,2024-06-03,GitHub,Software - Development,500,USD,invoiced,Operations,CC-005,PO-11332,INV-100707,GitHub - Software - Development,EMP-1027,Pending
TXN-04751,2024-08-03,Xero,Accounting Software,99,USD,completed,Finance,CC-005,PO-82773,INV-644451,Xero - Accounting Software,EMP-1114,Rejected
TXN-04752,2024-02-25,Office Depot,Office Supplies,75,USD,delivered,HR,CC-005,PO-62771,INV-791924,Office Depot - Office Supplies,EMP-1236,Approved
TXN-04753,2024-05-24,Lyft,Travel - Ground,22,USD,invoiced,Marketing,CC-003,PO-51893,INV-353734,Lyft - Travel - Ground,EMP-1108,Approved
TXN-04754,2024-09-01,Best Buy,Hardware - Equipment,100,USD,paid,Marketing,CC-002,PO-65788,INV-115881,Best Buy - Hardware - Equipment,EMP-1098,Rejected
TXN-04755,2024-03-29,American Airlines,Travel - Airfare,300,USD,pending,Engineering,CC-002,PO-51336,INV-793910,American Airlines - Travel - Airfare,EMP-1105,Pending
TXN-04756,2024-02-21,QuickBooks,Accounting Software,600,USD,paid,Finance,CC-004,PO-59758,INV-535864,QuickBooks - Accounting Software,EMP-1015,Approved
TXN-04757,2024-09-16,Starbucks,Meals & Entertainment,7,USD,invoiced,Sales,CC-003,PO-22137,INV-269172,Starbucks - Meals & Entertainment,EMP-1001,Rejected
TXN-04758,2024-06-20,UPS,Shipping & Logistics,50,USD,completed,HR,CC-003,,INV-857917,UPS - Shipping & Logistics,EMP-1217,Pending
TXN-04759,2025-02-16,Microsoft Azure,Software - Cloud,800,USD,pending,HR,CC-001,PO-13233,INV-541790,Microsoft Azure - Software - Cloud,EMP-1124,Pending
TXN-04760,2024-01-03,Starbucks,Meals & Entertainment,10,USD,delivered,Operations,CC-003,PO-16357,INV-299753,Starbucks - Meals & Entertainment,EMP-1200,Pending
TXN-04761,2025-02-13,Delta Airlines,Travel - Airfare,1400,USD,paid,Sales,CC-002,PO-86489,INV-840782,Delta Airlines - Travel - Airfare,EMP-1183,Approved
TXN-04762,2025-02-20,Xero,Accounting Software,400,USD,paid,HR,CC-004,PO-68018,INV-844775,Xero - Accounting Software,EMP-1068,Pending
TXN-04763,2025-02-25,Amazon Business,Office Supplies,100,USD,pending,Sales,CC-001,PO-61579,INV-122802,Amazon Business - Office Supplies,EMP-1022,Pending
TXN-04764,2024-11-11,Herman Miller,Furniture - Fixed Asset,3000,USD,paid,Finance,CC-005,PO-54386,INV-413597,Herman Miller - Furniture - Fixed Asset,EMP-1218,Pending
TXN-04765,2024-09-18,Datadog,Software - Monitoring,400,USD,delivered,Engineering,CC-004,PO-49673,INV-987521,Datadog - Software - Monitoring,EMP-1095,Approved
TXN-04766,2024-11-25,American Airlines,Travel - Airfare,300,USD,pending,Sales,CC-001,PO-53118,INV-202465,American Airlines - Travel - Airfare,EMP-1030,Rejected
TXN-04767,2024-10-20,Zoom,Software - SaaS,200,USD,pending,Marketing,CC-005,PO-93760,INV-130317,Zoom - Software - SaaS,EMP-1097,Rejected
TXN-04768,2024-03-01,Stripe,Software - Payments,2500,USD,pending,Marketing,CC-003,PO-75637,INV-295123,Stripe - Software - Payments,EMP-1190,Pending
TXN-04769,2024-04-04,Apple,Hardware - Equipment,199,USD,paid,Finance,CC-003,PO-94368,INV-286574,Apple - Hardware - Equipment,EMP-1061,Approved
TXN-04770,2024-09-19,Staples,Office Supplies,300,USD,delivered,Finance,CC-001,PO-16978,INV-260020,Staples - Office Supplies,EMP-1166,Rejected
TXN-04771,2024-10-07,DHL,Shipping & Logistics,30,USD,invoiced,HR,CC-004,PO-74372,INV-910209,DHL - Shipping & Logistics,EMP-1011,Pending
TXN-04772,2024-06-18,QuickBooks,Accounting Software,600,USD,completed,Marketing,CC-003,PO-49107,INV-897494,QuickBooks - Accounting Software,EMP-1080,Approved
TXN-04773,2024-04-01,Datadog,Software - Monitoring,400,USD,delivered,Marketing,CC-005,,INV-262534,Datadog - Software - Monitoring,EMP-1211,Rejected
TXN-04774,2024-04-20,Office Depot,Office Supplies,350,USD,paid,Marketing,CC-003,PO-45364,INV-722200,Office Depot - Office Supplies,EMP-1031,Pending
TXN-04775,2024-01-08,Accenture,Professional Services,15000,USD,delivered,Marketing,CC-001,,INV-126077,Accenture - Professional Services,EMP-1203,Approved
TXN-04776,2024-02-03,Deloitte,Professional Services,5000,USD,invoiced,Engineering,CC-005,PO-97122,INV-586458,Deloitte - Professional Services,EMP-1195,Rejected
TXN-04777,2024-07-24,IKEA,Furniture - Fixed Asset,100,USD,delivered,Finance,CC-001,PO-62247,INV-894462,IKEA - Furniture - Fixed Asset,EMP-1063,Pending
TXN-04778,2024-12-11,Office Depot,Office Supplies,75,USD,delivered,Operations,CC-003,PO-31752,INV-761684,Office Depot - Office Supplies,EMP-1224,Pending
TXN-04779,2024-10-30,Uber,Travel - Ground,25,USD,paid,Sales,CC-003,PO-45864,INV-361459,Uber - Travel - Ground,EMP-1044,Approved
TXN-04780,2024-03-22,Staples,Office Supplies,150,USD,paid,Finance,CC-002,PO-66012,INV-938875,Staples - Office Supplies,EMP-1155,Approved
TXN-04781,2024-01-06,FedEx,Shipping & Logistics,300,USD,pending,Operations,CC-005,PO-33402,INV-898622,FedEx - Shipping & Logistics,EMP-1104,Approved
TXN-04782,2025-03-27,Comcast,Utilities - Internet,70,USD,completed,Sales,CC-005,PO-68765,INV-706680,Comcast - Utilities - Internet,EMP-1104,Rejected
TXN-04783,2025-03-25,Microsoft Azure,Software - Cloud,3000,USD,delivered,Sales,CC-001,PO-19244,INV-890003,Microsoft Azure - Software - Cloud,EMP-1037,Approved
TXN-04784,2024-07-17,Delta Airlines,Travel - Airfare,500,USD,invoiced,Engineering,CC-002,PO-48401,INV-991319,Delta Airlines - Travel - Airfare,EMP-1118,Rejected
TXN-04785,2024-12-08,Southwest Airlines,Travel - Airfare,350,USD,completed,Finance,CC-002,PO-33949,INV-885859,Southwest Airlines - Travel - Airfare,EMP-1069,Pending
TXN-04786,2024-06-28,UberEats,Meals & Entertainment,185,USD,pending,Sales,CC-001,PO-43530,INV-355252,UberEats - Meals & Entertainment,EMP-1179,Rejected
TXN-04787,2024-07-02,DoorDash,Meals & Entertainment,100,USD,completed,Finance,CC-005,PO-11072,INV-465826,DoorDash - Meals & Entertainment,EMP-1172,Pending
TXN-04788,2024-05-17,Marriott Hotels,Travel - Lodging,250,USD,pending,Engineering,CC-001,PO-29010,INV-560022,Marriott Hotels - Travel - Lodging,EMP-1044,Rejected
TXN-04789,2024-01-20,Google Cloud,Software - Cloud,4000,USD,paid,Engineering,CC-003,PO-18035,INV-151101,Google Cloud - Software - Cloud,EMP-1220,Rejected
TXN-04790,2024-08-04,Datadog,Software - Monitoring,1500,USD,completed,Marketing,CC-001,,INV-939427,Datadog - Software - Monitoring,EMP-1213,Rejected
TXN-04791,2024-03-07,Starbucks,Meals & Entertainment,5,USD,delivered,Finance,CC-003,PO-47570,INV-221425,Starbucks - Meals & Entertainment,EMP-1037,Pending
TXN-04792,2024-09-13,PwC,Professional Services,20000,USD,invoiced,Operations,CC-001,PO-54844,INV-646595,PwC - Professional Services,EMP-1091,Approved
TXN-04793,2025-01-19,UPS,Shipping & Logistics,50,USD,delivered,Engineering,CC-001,PO-23953,INV-601708,UPS - Shipping & Logistics,EMP-1024,Rejected
TXN-04794,2024-09-07,Facebook Ads,Marketing - Digital,800,USD,invoiced,HR,CC-002,PO-82148,INV-192923,Facebook Ads - Marketing - Digital,EMP-1101,Approved
TXN-04795,2024-04-14,IKEA,Furniture - Fixed Asset,600,USD,pending,Operations,CC-005,PO-53160,INV-558439,IKEA - Furniture - Fixed Asset,EMP-1053,Pending
TXN-04796,2024-01-07,Airbnb,Travel - Lodging,80,USD,invoiced,Operations,CC-004,PO-62185,INV-345235,Airbnb - Travel - Lodging,EMP-1037,Pending
TXN-04797,2025-01-25,Twilio,Software - Communications,200,USD,completed,Engineering,CC-004,PO-44802,INV-489123,Twilio - Software - Communications,EMP-1082,Rejected
TXN-04798,2024-02-08,Apple,Hardware - Equipment,799,USD,delivered,Finance,CC-002,PO-87085,INV-303976,Apple - Hardware - Equipment,EMP-1113,Pending
TXN-04799,2024-04-30,UPS,Shipping & Logistics,350,USD,delivered,Marketing,CC-002,PO-47830,INV-792045,UPS - Shipping & Logistics,EMP-1217,Approved
TXN-04800,2024-03-11,American Airlines,Travel - Airfare,300,USD,invoiced,Operations,CC-003,PO-98760,INV-679128,American Airlines - Travel - Airfare,EMP-1096,Approved
TXN-04801,2025-03-29,Twilio,Software - Communications,500,USD,invoiced,Marketing,CC-005,PO-49142,INV-945606,Twilio - Software - Communications,EMP-1043,Pending
TXN-04802,2024-09-11,Stripe,Software - Payments,500,USD,paid,Sales,CC-005,PO-50069,INV-287831,Stripe - Software - Payments,EMP-1231,Pending
TXN-04803,2025-02-22,LawDepot,Legal Services,500,USD,pending,Marketing,CC-002,PO-27457,INV-751206,LawDepot - Legal Services,EMP-1174,Rejected
TXN-04804,2024-02-21,DoorDash,Meals & Entertainment,25,USD,delivered,Finance,CC-001,PO-76152,INV-791998,DoorDash - Meals & Entertainment,EMP-1038,Pending
TXN-04805,2025-01-20,DHL,Shipping & Logistics,60,USD,paid,Sales,CC-003,PO-80687,INV-147543,DHL - Shipping & Logistics,EMP-1178,Pending
TXN-04806,2024-02-08,Dell,Hardware - Equipment,1200,USD,invoiced,Finance,CC-005,PO-76990,INV-949020,Dell - Hardware - Equipment,EMP-1061,Pending
TXN-04807,2024-10-17,FedEx,Shipping & Logistics,45,USD,delivered,HR,CC-004,PO-66290,INV-333535,FedEx - Shipping & Logistics,EMP-1061,Approved
TXN-04808,2024-01-20,Lyft,Travel - Ground,22,USD,pending,Operations,CC-001,PO-42788,INV-962906,Lyft - Travel - Ground,EMP-1093,Approved
TXN-04809,2024-01-30,Comcast,Utilities - Internet,120,USD,paid,Engineering,CC-002,PO-52569,INV-872002,Comcast - Utilities - Internet,EMP-1213,Approved
TXN-04810,2024-10-06,DHL,Shipping & Logistics,150,USD,paid,Operations,CC-002,PO-84562,INV-682152,DHL - Shipping & Logistics,EMP-1017,Rejected
TXN-04811,2025-02-08,Herman Miller,Furniture - Fixed Asset,1500,USD,paid,Marketing,CC-001,PO-29218,INV-393423,Herman Miller - Furniture - Fixed Asset,EMP-1164,Pending
TXN-04812,2024-12-31,Time Warner,Utilities - Internet,180,USD,paid,Marketing,CC-003,PO-32889,INV-779588,Time Warner - Utilities - Internet,EMP-1227,Pending
TXN-04813,2025-02-17,Herman Miller,Furniture - Fixed Asset,3000,USD,invoiced,Operations,CC-001,PO-82483,INV-829804,Herman Miller - Furniture - Fixed Asset,EMP-1101,Approved
TXN-04814,2025-03-13,FedEx,Shipping & Logistics,500,USD,paid,Marketing,CC-003,PO-83936,INV-876687,FedEx - Shipping & Logistics,EMP-1197,Approved
TXN-04815,2024-09-20,Hilton Hotels,Travel - Lodging,700,USD,delivered,Engineering,CC-004,PO-34633,INV-344590,Hilton Hotels - Travel - Lodging,EMP-1033,Pending
TXN-04816,2024-12-19,Southwest Airlines,Travel - Airfare,150,USD,paid,Operations,CC-002,PO-26439,INV-998983,Southwest Airlines - Travel - Airfare,EMP-1059,Approved
TXN-04817,2024-03-28,Chipotle Inc,Meals & Entertainment,20,USD,completed,Engineering,CC-003,PO-71817,INV-292265,Chipotle Inc - Meals & Entertainment,EMP-1195,Approved
TXN-04818,2024-01-17,Office Depot,Office Supplies,350,USD,delivered,Operations,CC-004,PO-38556,INV-229382,Office Depot - Office Supplies,EMP-1067,Pending
TXN-04819,2024-03-25,Google Ads,Marketing - Digital,1000,USD,completed,Operations,CC-003,PO-32796,INV-872531,Google Ads - Marketing - Digital,EMP-1162,Rejected
TXN-04820,2024-10-20,Staples,Office Supplies,300,USD,invoiced,Operations,CC-005,PO-77722,INV-867656,Staples - Office Supplies,EMP-1019,Pending
TXN-04821,2024-11-26,McKinsey,Professional Services,15000,USD,paid,Operations,CC-002,,INV-810764,McKinsey - Professional Services,EMP-1246,Approved
TXN-04822,2024-12-29,AWS,Software - Cloud,10000,USD,completed,Operations,CC-005,PO-52936,INV-991848,AWS - Software - Cloud,EMP-1238,Approved
TXN-04823,2024-03-19,Southwest Airlines Inc,Travel - Airfare,350,USD,delivered,Finance,CC-002,PO-11668,INV-637366,Southwest Airlines Inc - Travel - Airfare,EMP-1032,Approved
TXN-04824,2025-03-09,Best Buy,Hardware - Equipment,1200,USD,pending,Finance,CC-005,PO-56454,INV-111788,Best Buy - Hardware - Equipment,EMP-1017,Approved
TXN-04825,2024-07-05,Starbucks,Meals & Entertainment,10,USD,paid,Marketing,CC-003,PO-10854,INV-310009,Starbucks - Meals & Entertainment,EMP-1120,Pending
TXN-04826,2024-08-28,DoorDash,Meals & Entertainment,100,USD,pending,Sales,CC-003,PO-21878,INV-158537,DoorDash - Meals & Entertainment,EMP-1205,Rejected
TXN-04827,2025-03-09,Delta Airlines,Travel - Airfare,900,USD,invoiced,Finance,CC-005,,INV-202949,Delta Airlines - Travel - Airfare,EMP-1202,Pending
TXN-04828,2024-02-01,Restaurants.com,Meals & Entertainment,80,USD,delivered,Marketing,CC-002,PO-15436,INV-597334,Restaurants.com - Meals & Entertainment,EMP-1006,Pending
TXN-04829,2024-11-11,Stripe,Software - Payments,500,USD,completed,Finance,CC-004,PO-65513,INV-953383,Stripe - Software - Payments,EMP-1152,Rejected
TXN-04830,2024-05-31,Comcast,Utilities - Internet,70,USD,pending,HR,CC-002,PO-23091,INV-242180,Comcast - Utilities - Internet,EMP-1128,Rejected
TXN-04831,2024-03-10,Google Cloud,Software - Cloud,4000,USD,invoiced,Engineering,CC-003,PO-21530,INV-634335,Google Cloud - Software - Cloud,EMP-1215,Rejected
TXN-04832,2024-03-02,DHL,Shipping & Logistics,150,USD,invoiced,HR,CC-004,PO-67028,INV-250287,DHL - Shipping & Logistics,EMP-1123,Approved
TXN-04833,2024-11-04,Datadog,Software - Monitoring,400,USD,completed,Operations,CC-001,,INV-173181,Datadog - Software - Monitoring,EMP-1161,Approved
TXN-04834,2024-06-25,DoorDash,Meals & Entertainment,50,USD,paid,Finance,CC-002,PO-51412,INV-384435,DoorDash - Meals & Entertainment,EMP-1144,Approved
TXN-04835,2025-03-11,LawDepot,Legal Services,500,USD,completed,Finance,CC-001,PO-91758,INV-936865,LawDepot - Legal Services,EMP-1048,Approved
TXN-04836,2024-01-05,Time Warner,Utilities - Internet,180,USD,completed,Finance,CC-002,PO-93505,INV-176984,Time Warner - Utilities - Internet,EMP-1160,Approved
TXN-04837,2024-03-30,Deloitte,Professional Services,25000,USD,delivered,Finance,CC-003,,INV-331137,Deloitte - Professional Services,EMP-1033,Rejected
TXN-04838,2024-11-03,lyft,Travel - Ground,12,USD,delivered,HR,CC-003,PO-87563,INV-506439,lyft - Travel - Ground,EMP-1162,Rejected
TXN-04839,2025-02-06,Time Warner,Utilities - Internet,180,USD,completed,Engineering,CC-001,PO-83791,INV-333256,Time Warner - Utilities - Internet,EMP-1027,Approved
TXN-04840,2024-02-16,Best Buy,Hardware - Equipment,100,USD,invoiced,Operations,CC-002,PO-37402,INV-425274,Best Buy - Hardware - Equipment,EMP-1138,Rejected
TXN-04841,2024-03-12,PwC,Professional Services,8000,USD,delivered,Marketing,CC-005,PO-40995,INV-883853,PwC - Professional Services,EMP-1133,Approved
TXN-04842,2025-03-17,Restaurants.com,Meals & Entertainment,150,USD,completed,Finance,CC-005,PO-75685,INV-478025,Restaurants.com - Meals & Entertainment,EMP-1007,Approved
TXN-04843,2024-02-07,Google Cloud,Software - Cloud,1850,USD,invoiced,Engineering,CC-003,PO-10220,INV-690670,Google Cloud - Software - Cloud,EMP-1141,Pending
TXN-04844,2024-04-08,QuickBooks,Accounting Software,600,USD,paid,Finance,CC-003,PO-17478,INV-707927,QuickBooks - Accounting Software,EMP-1011,Rejected
TXN-04845,2024-07-22,Lyft,Travel - Ground,12,USD,delivered,Sales,CC-005,,INV-363405,Lyft - Travel - Ground,EMP-1052,Pending
TXN-04846,2024-03-03,GitHub,Software - Development,21,USD,completed,Marketing,CC-002,,INV-884110,GitHub - Software - Development,EMP-1002,Pending
TXN-04847,2025-01-01,linkedin ads,Marketing - Digital,5000,USD,invoiced,Finance,CC-001,PO-33513,INV-199816,linkedin ads - Marketing - Digital,EMP-1031,Approved
TXN-04848,2024-05-22,Google Cloud,Software - Cloud,1850,USD,delivered,Sales,CC-001,PO-46933,INV-630193,Google Cloud - Software - Cloud,EMP-1014,Approved
TXN-04849,2024-11-21,Chipotle,Meals & Entertainment,20,USD,pending,Finance,CC-002,PO-83486,INV-781275,Chipotle - Meals & Entertainment,EMP-1186,Pending
TXN-04850,2024-01-26,QuickBooks,Accounting Software,120,USD,completed,HR,CC-002,PO-54609,INV-284183,QuickBooks - Accounting Software,EMP-1038,Rejected
TXN-04851,2025-03-12,Marriott Hotels,Travel - Lodging,450,USD,paid,HR,CC-002,PO-21616,INV-614350,Marriott Hotels - Travel - Lodging,EMP-1061,Approved
TXN-04852,2025-01-04,PwC,Professional Services,4000,USD,invoiced,Sales,CC-001,PO-67853,INV-193045,PwC - Professional Services,EMP-1158,Approved
TXN-04853,2024-02-04,apple,Hardware - Equipment,799,USD,pending,Finance,CC-005,PO-24196,INV-615453,apple - Hardware - Equipment,EMP-1108,Rejected
TXN-04854,2024-06-20,AWS,Software - Cloud,10000,USD,pending,Engineering,CC-004,,INV-375957,AWS - Software - Cloud,EMP-1013,Rejected
TXN-04855,2024-04-02,Google Cloud,Software - Cloud,1850,USD,pending,Finance,CC-002,PO-85680,INV-487030,Google Cloud - Software - Cloud,EMP-1242,Pending
TXN-04856,2024-08-19,Lenovo,Hardware - Equipment,400,USD,pending,Operations,CC-001,PO-49999,INV-953576,Lenovo - Hardware - Equipment,EMP-1239,Approved
TXN-04857,2025-01-05,Lyft,Travel - Ground,22,USD,paid,Finance,CC-001,PO-28472,INV-596240,Lyft - Travel - Ground,EMP-1201,Pending
TXN-04858,2024-06-21,Zoom,Software - SaaS,100,USD,invoiced,Operations,CC-004,PO-48494,INV-412235,Zoom - Software - SaaS,EMP-1108,Approved
TXN-04859,2024-11-17,Apple,Hardware - Equipment,799,USD,delivered,Marketing,CC-003,PO-64347,INV-897419,Apple - Hardware - Equipment,EMP-1108,Pending
TXN-04860,2025-01-02,Salesforce,Software - SaaS,2500,USD,pending,Finance,CC-004,PO-20284,INV-875489,Salesforce - Software - SaaS,EMP-1207,Rejected
TXN-04861,2025-03-04,Apple,Hardware - Equipment,1200,USD,paid,Sales,CC-004,PO-28705,INV-244954,Apple - Hardware - Equipment,EMP-1029,Rejected
TXN-04862,2024-12-20,Lyft,Travel - Ground,22,USD,delivered,HR,CC-004,PO-17938,INV-130836,Lyft - Travel - Ground,EMP-1044,Pending
TXN-04863,2024-03-22,DoorDash,Meals & Entertainment,25,USD,delivered,Engineering,CC-005,PO-91724,INV-788673,DoorDash - Meals & Entertainment,EMP-1053,Approved
TXN-04864,2024-05-06,Lenovo,Hardware - Equipment,2000,USD,delivered,Finance,CC-001,PO-71645,INV-592473,Lenovo - Hardware - Equipment,EMP-1143,Rejected
TXN-04865,2024-06-02,Amazon,Hardware - Equipment,299,USD,pending,Operations,CC-003,PO-77958,INV-673488,Amazon - Hardware - Equipment,EMP-1015,Rejected
TXN-04866,2024-05-06,Verizon,Utilities - Telecom,350,USD,delivered,Finance,CC-005,PO-91398,INV-462920,Verizon - Utilities - Telecom,EMP-1010,Rejected
TXN-04867,2024-10-08,LinkedIn Ads,Marketing - Digital,2500,USD,pending,HR,CC-002,PO-14059,INV-802892,LinkedIn Ads - Marketing - Digital,EMP-1250,Pending
TXN-04868,2024-03-29,McKinsey,Professional Services,60000,USD,completed,HR,CC-002,PO-47664,INV-437520,McKinsey - Professional Services,EMP-1174,Pending
TXN-04869,2025-03-13,Zoom,Software - SaaS,200,USD,invoiced,Marketing,CC-005,PO-76276,INV-714895,Zoom - Software - SaaS,EMP-1212,Rejected
TXN-04870,2024-12-22,Lenovo,Hardware - Equipment,400,USD,invoiced,Marketing,CC-003,PO-75332,INV-501915,Lenovo - Hardware - Equipment,EMP-1088,Rejected
TXN-04871,2024-01-01,Salesforce,Software - SaaS,600,USD,delivered,Sales,CC-001,PO-56976,INV-157266,Salesforce - Software - SaaS,EMP-1112,Pending
TXN-04872,2024-01-28,Amazon Business,Office Supplies,250,USD,invoiced,Finance,CC-002,,INV-454350,Amazon Business - Office Supplies,EMP-1112,Approved
TXN-04873,2025-03-13,Marriott Hotels,Travel - Lodging,800,USD,paid,Marketing,CC-002,PO-64112,INV-475201,Marriott Hotels - Travel - Lodging,EMP-1221,Approved
TXN-04874,2024-06-29,Facebook Ads,Marketing - Digital,300,USD,pending,Finance,CC-003,PO-13588,INV-622258,Facebook Ads - Marketing - Digital,EMP-1212,Pending
TXN-04875,2024-01-04,Stripe,Software - Payments,2500,USD,completed,Finance,CC-005,PO-49969,INV-720333,Stripe - Software - Payments,EMP-1066,Pending
TXN-04876,2024-12-20,Delta Airlines,Travel - Airfare,500,USD,pending,Finance,CC-004,PO-24674,INV-310985,Delta Airlines - Travel - Airfare,EMP-1001,Approved
TXN-04877,2024-06-29,Herman Miller,Furniture - Fixed Asset,1200,USD,completed,Marketing,CC-004,PO-67080,INV-457721,Herman Miller - Furniture - Fixed Asset,EMP-1099,Rejected
TXN-04878,2024-05-27,Xero,Accounting Software,400,USD,invoiced,Operations,CC-002,PO-24109,INV-876756,Xero - Accounting Software,EMP-1227,Approved
TXN-04879,2024-03-27,IKEA,Furniture - Fixed Asset,600,USD,invoiced,Operations,CC-003,PO-36187,INV-299484,IKEA - Furniture - Fixed Asset,EMP-1030,Pending
TXN-04880,2024-08-09,LinkedIn Ads,Marketing - Digital,1000,USD,completed,Marketing,CC-004,PO-17155,INV-313592,LinkedIn Ads - Marketing - Digital,EMP-1164,Approved
TXN-04881,2024-08-12,Google Cloud,Software - Cloud,1850,USD,pending,Sales,CC-004,,INV-296622,Google Cloud - Software - Cloud,EMP-1083,Approved
TXN-04882,2024-03-08,Starbucks,Meals & Entertainment,15,USD,invoiced,HR,CC-002,PO-77640,INV-528963,Starbucks - Meals & Entertainment,EMP-1246,Approved
TXN-04883,2025-03-09,Office Depot,Office Supplies,200,USD,delivered,Marketing,CC-003,PO-11049,INV-719483,Office Depot - Office Supplies,EMP-1107,Approved
TXN-04884,2024-12-17,Restaurants.com,Meals & Entertainment,40,USD,pending,Finance,CC-002,PO-91581,INV-771367,Restaurants.com - Meals & Entertainment,EMP-1124,Rejected
TXN-04885,2025-01-05,Grubhub,Meals & Entertainment,25,USD,delivered,HR,CC-005,PO-21590,INV-534045,Grubhub - Meals & Entertainment,EMP-1215,Pending
TXN-04886,2025-01-31,UPS,Shipping & Logistics,50,USD,paid,Finance,CC-002,PO-22056,INV-275939,UPS - Shipping & Logistics,EMP-1178,Pending
TXN-04887,2024-12-11,Amazon,Hardware - Equipment,99,USD,invoiced,Operations,CC-003,PO-53194,INV-564847,Amazon - Hardware - Equipment,EMP-1020,Rejected
TXN-04888,2024-11-26,QuickBooks,Accounting Software,300,USD,delivered,Engineering,CC-001,PO-48086,INV-368210,QuickBooks - Accounting Software,EMP-1089,Approved
TXN-04889,2024-04-04,UberEats,Meals & Entertainment,185,USD,completed,Finance,CC-004,PO-78743,INV-157138,UberEats - Meals & Entertainment,EMP-1049,Approved
TXN-04890,2025-03-28,IKEA,Furniture - Fixed Asset,1200,USD,paid,Operations,CC-005,PO-29455,INV-397168,IKEA - Furniture - Fixed Asset,EMP-1019,Pending
TXN-04891,2024-03-16,GitHub,Software - Development,231,USD,invoiced,HR,CC-002,PO-49804,INV-152916,GitHub - Software - Development,EMP-1080,Approved
TXN-04892,2024-05-07,Datadog,Software - Monitoring,400,USD,pending,Marketing,CC-002,PO-30428,INV-244275,Datadog - Software - Monitoring,EMP-1138,Rejected
TXN-04893,2024-08-15,Staples,Office Supplies,50,USD,completed,Marketing,CC-004,,INV-313703,Staples - Office Supplies,EMP-1142,Approved
TXN-04894,2024-01-21,QuickBooks,Accounting Software,600,USD,invoiced,Engineering,CC-001,PO-72429,INV-506637,QuickBooks - Accounting Software,EMP-1099,Approved
TXN-04895,2024-04-24,Starbucks,Meals & Entertainment,5,USD,pending,Engineering,CC-003,PO-78127,INV-948614,Starbucks - Meals & Entertainment,EMP-1037,Pending
TXN-04896,2024-10-08,Verizon,Utilities - Telecom,100,USD,invoiced,Sales,CC-004,PO-80032,INV-552625,Verizon - Utilities - Telecom,EMP-1034,Pending
TXN-04897,2025-01-19,United Airlines,Travel - Airfare,250,USD,completed,Finance,CC-001,PO-60818,INV-226919,United Airlines - Travel - Airfare,EMP-1076,Rejected
TXN-04898,2025-03-21,United Airlines,Travel - Airfare,2500,USD,pending,Sales,CC-001,PO-83564,INV-501320,United Airlines - Travel - Airfare,EMP-1058,Rejected
TXN-04899,2025-03-14,LinkedIn Ads,Marketing - Digital,1000,USD,completed,Operations,CC-004,PO-92471,INV-489283,LinkedIn Ads - Marketing - Digital,EMP-1127,Approved
TXN-04900,2025-01-09,Lyft,Travel - Ground,12,USD,delivered,Finance,CC-004,PO-89257,INV-121747,Lyft - Travel - Ground,EMP-1151,Rejected
TXN-04901,2024-02-05,Herman Miller,Furniture - Fixed Asset,3000,USD,completed,Marketing,CC-002,,INV-977965,Herman Miller - Furniture - Fixed Asset,EMP-1058,Approved
TXN-04902,2024-05-16,FedEx,Shipping & Logistics,100,USD,paid,Finance,CC-003,,INV-586743,FedEx - Shipping & Logistics,EMP-1136,Pending
TXN-04903,2025-03-22,Marriott Hotels,Travel - Lodging,250,USD,invoiced,HR,CC-001,PO-82834,INV-371726,Marriott Hotels - Travel - Lodging,EMP-1196,Rejected
TXN-04904,2024-08-25,DoorDash,Meals & Entertainment,200,USD,delivered,Operations,CC-001,PO-99315,INV-221837,DoorDash - Meals & Entertainment,EMP-1154,Pending
TXN-04905,2024-04-06,GitHub,Software - Development,21,USD,pending,HR,CC-003,PO-21043,INV-719875,GitHub - Software - Development,EMP-1166,Pending
TXN-04906,2025-02-02,Google Ads,Marketing - Digital,500,USD,completed,HR,CC-004,PO-44478,INV-221615,Google Ads - Marketing - Digital,EMP-1173,Approved
TXN-04907,2025-02-22,AT&T,Utilities - Telecom,80,USD,pending,Sales,CC-005,PO-61442,INV-650806,AT&T - Utilities - Telecom,EMP-1173,Pending
TXN-04908,2024-05-06,Hilton Hotels,Travel - Lodging,120,USD,pending,Finance,CC-002,PO-28428,INV-961934,Hilton Hotels - Travel - Lodging,EMP-1216,Rejected
TXN-04909,2024-04-09,Amazon Business,Office Supplies,100,USD,pending,Sales,CC-002,PO-40564,INV-738293,Amazon Business - Office Supplies,EMP-1244,Rejected
TXN-04910,2025-01-27,QuickBooks,Accounting Software,120,USD,invoiced,Engineering,CC-004,PO-57792,INV-708697,QuickBooks - Accounting Software,EMP-1035,Rejected
TXN-04911,2024-10-19,Office Depot,Office Supplies,75,USD,pending,Finance,CC-004,PO-25574,INV-204179,Office Depot - Office Supplies,EMP-1197,Approved
TXN-04912,2025-01-07,Salesforce,Software - SaaS,300,USD,completed,Marketing,CC-002,PO-60181,INV-169859,Salesforce - Software - SaaS,EMP-1179,Pending
TXN-04913,2024-12-04,Lenovo,Hardware - Equipment,2000,USD,completed,Engineering,CC-005,PO-42983,INV-923604,Lenovo - Hardware - Equipment,EMP-1165,Approved
TXN-04914,2024-02-13,American Airlines,Travel - Airfare,950,USD,completed,HR,CC-005,PO-97407,INV-788527,American Airlines - Travel - Airfare,EMP-1016,Approved
TXN-04915,2025-01-01,Best Buy,Hardware - Equipment,100,USD,paid,HR,CC-001,PO-93505,INV-165938,Best Buy - Hardware - Equipment,EMP-1227,Approved
TXN-04916,2024-09-21,IKEA,Furniture - Fixed Asset,600,USD,pending,Sales,CC-002,PO-94453,INV-848929,IKEA - Furniture - Fixed Asset,EMP-1036,Approved
TXN-04917,2024-03-08,Slack,Software - SaaS,299,USD,delivered,Operations,CC-002,PO-25672,INV-999773,Slack - Software - SaaS,EMP-1204,Pending
TXN-04918,2025-03-03,Amazon Business,Office Supplies,100,USD,delivered,Finance,CC-002,PO-92384,INV-642432,Amazon Business - Office Supplies,EMP-1249,Rejected
TXN-04919,2025-03-01,HubSpot,Marketing - Software,1200,USD,completed,Engineering,CC-002,PO-48975,INV-194421,HubSpot - Marketing - Software,EMP-1031,Approved
TXN-04920,2024-01-29,Lenovo,Hardware - Equipment,2000,USD,invoiced,Operations,CC-003,PO-17596,INV-434170,Lenovo - Hardware - Equipment,EMP-1141,Approved
TXN-04921,2024-02-17,IKEA,Furniture - Fixed Asset,100,USD,completed,Sales,CC-003,PO-92546,INV-996647,IKEA - Furniture - Fixed Asset,EMP-1211,Rejected
TXN-04922,2024-06-10,LYFT,Travel - Ground,40,USD,completed,Finance,CC-005,PO-54510,INV-511426,LYFT - Travel - Ground,EMP-1005,Approved
TXN-04923,2024-07-21,Stripe,Software - Payments,500,USD,delivered,Sales,CC-005,PO-91423,INV-894209,Stripe - Software - Payments,EMP-1040,Rejected
TXN-04924,2024-06-07,AT&T,Utilities - Telecom,300,USD,paid,HR,CC-005,,INV-378241,AT&T - Utilities - Telecom,EMP-1042,Pending
TXN-04925,2024-12-14,Salesforce,Software - SaaS,300,USD,delivered,Operations,CC-005,PO-74613,INV-886667,Salesforce - Software - SaaS,EMP-1006,Approved
TXN-04926,2025-03-11,Staples,Office Supplies,500,USD,completed,Engineering,CC-002,,INV-449167,Staples - Office Supplies,EMP-1160,Pending
TXN-04927,2024-04-09,AT&T,Utilities - Telecom,80,USD,pending,Finance,CC-003,PO-50802,INV-410192,AT&T - Utilities - Telecom,EMP-1188,Approved
TXN-04928,2024-08-05,GitHub,Software - Development,21,USD,paid,Operations,CC-001,PO-44310,INV-148222,GitHub - Software - Development,EMP-1241,Approved
TXN-04929,2025-02-15,Office Depot,Office Supplies,75,USD,pending,Sales,CC-001,PO-51340,INV-506215,Office Depot - Office Supplies,EMP-1194,Rejected
TXN-04930,2024-05-10,GitHub,Software - Development,21,USD,completed,Engineering,CC-001,PO-11633,INV-854965,GitHub - Software - Development,EMP-1154,Pending
TXN-04931,2024-05-03,Grubhub,Meals & Entertainment,50,USD,completed,Engineering,CC-001,PO-59314,INV-382418,Grubhub - Meals & Entertainment,EMP-1047,Rejected
TXN-04932,2024-07-25,QuickBooks,Accounting Software,120,USD,pending,Sales,CC-003,PO-79986,INV-757649,QuickBooks - Accounting Software,EMP-1214,Approved
TXN-04933,2024-04-20,Herman Miller,Furniture - Fixed Asset,1200,USD,delivered,Engineering,CC-003,PO-89152,INV-139146,Herman Miller - Furniture - Fixed Asset,EMP-1048,Pending
TXN-04934,2024-09-11,LinkedIn Ads,Marketing - Digital,2500,USD,invoiced,Sales,CC-005,,INV-628181,LinkedIn Ads - Marketing - Digital,EMP-1136,Pending
TXN-04935,2024-07-22,Delta Airlines,Travel - Airfare,1400,USD,completed,Marketing,CC-004,PO-34344,INV-432851,Delta Airlines - Travel - Airfare,EMP-1036,Rejected
TXN-04936,2024-06-19,Office Depot,Office Supplies,200,USD,completed,Finance,CC-005,PO-67772,INV-429108,Office Depot - Office Supplies,EMP-1087,Pending
TXN-04937,2025-02-05,Staples,Office Supplies,150,USD,delivered,Engineering,CC-002,PO-97953,INV-282387,Staples - Office Supplies,EMP-1003,Approved
TXN-04938,2024-02-14,Chipotle,Meals & Entertainment,20,USD,pending,Engineering,CC-003,PO-60187,INV-816866,Chipotle - Meals & Entertainment,EMP-1216,Pending
TXN-04939,2024-01-24,LawDepot,Legal Services,1000,USD,completed,Sales,CC-002,,INV-952757,LawDepot - Legal Services,EMP-1139,Rejected
TXN-04940,2025-02-01,FedEx,Shipping & Logistics,300,USD,paid,HR,CC-003,PO-66866,INV-415412,FedEx - Shipping & Logistics,EMP-1067,Pending
TXN-04941,2024-11-18,LinkedIn Ads,Marketing - Digital,2500,USD,completed,Finance,CC-005,,INV-911702,LinkedIn Ads - Marketing - Digital,EMP-1095,Rejected
TXN-04942,2024-04-05,Verizon,Utilities - Telecom,100,USD,invoiced,Operations,CC-005,PO-87144,INV-175494,Verizon - Utilities - Telecom,EMP-1084,Approved
TXN-04943,2024-09-17,AWS,Software - Cloud,500,USD,paid,Operations,CC-004,PO-32141,INV-363465,AWS - Software - Cloud,EMP-1029,Pending
TXN-04944,2024-11-22,American Airlines,Travel - Airfare,1500,USD,completed,Operations,CC-005,PO-69621,INV-357218,American Airlines - Travel - Airfare,EMP-1089,Rejected
TXN-04945,2025-03-22,Time Warner,Utilities - Internet,60,USD,delivered,Operations,CC-002,PO-83307,INV-159179,Time Warner - Utilities - Internet,EMP-1085,Rejected
TXN-04946,2024-05-18,Amazon Business,Office Supplies,500,USD,paid,Sales,CC-003,PO-14326,INV-742844,Amazon Business - Office Supplies,EMP-1167,Approved
TXN-04947,2025-02-03,Lenovo,Hardware - Equipment,1000,USD,invoiced,Finance,CC-003,PO-21974,INV-511454,Lenovo - Hardware - Equipment,EMP-1034,Approved
TXN-04948,2025-02-16,FedEx,Shipping & Logistics,100,USD,delivered,Sales,CC-002,PO-35854,INV-650152,FedEx - Shipping & Logistics,EMP-1037,Pending
TXN-04949,2024-11-17,Google Ads,Marketing - Digital,1000,USD,pending,Finance,CC-001,PO-62837,INV-127277,Google Ads - Marketing - Digital,EMP-1029,Pending
TXN-04950,2024-09-03,Starbucks,Meals & Entertainment,5,USD,invoiced,Sales,CC-001,PO-26006,INV-800539,Starbucks - Meals & Entertainment,EMP-1217,Approved
TXN-04951,2024-09-27,Time Warner,Utilities - Internet,60,USD,paid,Engineering,CC-004,PO-94962,INV-662561,Time Warner - Utilities - Internet,EMP-1054,Rejected
TXN-04952,2024-06-22,Accenture,Professional Services,7000,USD,completed,Finance,CC-001,PO-81130,INV-596491,Accenture - Professional Services,EMP-1233,Approved
TXN-04953,2024-10-17,DoorDash,Meals & Entertainment,200,USD,pending,Sales,CC-004,PO-57661,INV-531415,DoorDash - Meals & Entertainment,EMP-1124,Rejected
TXN-04954,2024-04-22,AWS,Software - Cloud,5000,USD,completed,Marketing,CC-001,PO-80781,INV-569055,AWS - Software - Cloud,EMP-1077,Rejected
TXN-04955,2024-05-20,AWS,Software - Cloud,500,USD,delivered,Engineering,CC-001,PO-44951,INV-328777,AWS - Software - Cloud,EMP-1205,Pending
TXN-04956,2024-07-16,Uber,Travel - Ground,120,USD,pending,Finance,CC-001,PO-96363,INV-594019,Uber - Travel - Ground,EMP-1157,Pending
TXN-04957,2025-02-10,Hilton Hotels,Travel - Lodging,400,USD,delivered,Engineering,CC-001,PO-68154,INV-794475,Hilton Hotels - Travel - Lodging,EMP-1198,Rejected
TXN-04958,2025-01-14,AT&T,Utilities - Telecom,150,USD,paid,Marketing,CC-001,PO-28156,INV-171038,AT&T - Utilities - Telecom,EMP-1113,Pending
TXN-04959,2024-04-20,Zoom Inc,Software - SaaS,200,USD,pending,HR,CC-005,PO-54576,INV-379799,Zoom Inc - Software - SaaS,EMP-1249,Rejected
TXN-04960,2024-10-09,Office Depot,Office Supplies,350,USD,completed,Finance,CC-002,PO-83159,INV-170807,Office Depot - Office Supplies,EMP-1034,Pending
TXN-04961,2024-08-18,Steelcase,Furniture - Fixed Asset,600,USD,pending,HR,CC-002,PO-76652,INV-975595,Steelcase - Furniture - Fixed Asset,EMP-1227,Rejected
TXN-04962,2024-01-15,FedEx,Shipping & Logistics,20,USD,paid,Finance,CC-002,PO-28410,INV-421340,FedEx - Shipping & Logistics,EMP-1244,Approved
TXN-04963,2024-07-24,Grubhub,Meals & Entertainment,25,USD,invoiced,Finance,CC-004,PO-89908,INV-720551,Grubhub - Meals & Entertainment,EMP-1188,Approved
TXN-04964,2024-01-14,Stripe,Software - Payments,1250,USD,completed,HR,CC-001,PO-22365,INV-773437,Stripe - Software - Payments,EMP-1142,Approved
TXN-04965,2024-08-25,Lyft,Travel - Ground,60,USD,delivered,Marketing,CC-004,PO-48152,INV-189000,Lyft - Travel - Ground,EMP-1166,Rejected
TXN-04966,2024-08-18,AWS,Software - Cloud,5000,USD,paid,Finance,CC-003,PO-71350,INV-280824,AWS - Software - Cloud,EMP-1146,Rejected
TXN-04967,2024-04-30,LawDepot,Legal Services,1000,USD,delivered,Operations,CC-002,PO-20101,INV-604151,LawDepot - Legal Services,EMP-1237,Approved
TXN-04968,2024-12-25,United Airlines,Travel - Airfare,2500,USD,completed,Finance,CC-001,PO-82803,INV-724265,United Airlines - Travel - Airfare,EMP-1178,Pending
TXN-04969,2024-01-11,Best Buy,Hardware - Equipment,500,USD,paid,HR,CC-002,PO-68495,INV-321266,Best Buy - Hardware - Equipment,EMP-1247,Rejected
TXN-04970,2025-03-01,Microsoft Azure,Software - Cloud,300,USD,invoiced,Engineering,CC-001,PO-59619,INV-496629,Microsoft Azure - Software - Cloud,EMP-1195,Approved
TXN-04971,2025-03-04,Marriott Hotels,Travel - Lodging,250,USD,pending,Marketing,CC-003,PO-61074,INV-478166,Marriott Hotels - Travel - Lodging,EMP-1013,Approved
TXN-04972,2024-03-20,McKinsey,Professional Services,15000,USD,paid,Sales,CC-001,PO-36418,INV-400296,McKinsey - Professional Services,EMP-1100,Pending
TXN-04973,2024-05-12,Google Cloud,Software - Cloud,400,USD,invoiced,Engineering,CC-001,PO-83575,INV-890256,Google Cloud - Software - Cloud,EMP-1212,Approved
TXN-04974,2024-03-25,FedEx,Shipping & Logistics,100,USD,paid,Finance,CC-005,PO-42593,INV-988149,FedEx - Shipping & Logistics,EMP-1240,Approved
TXN-04975,2024-11-01,Salesforce,Software - SaaS,2500,USD,delivered,Engineering,CC-004,PO-19542,INV-750081,Salesforce - Software - SaaS,EMP-1119,Approved
TXN-04976,2024-03-21,Google Cloud,Software - Cloud,950,USD,invoiced,Finance,CC-003,,INV-482984,Google Cloud - Software - Cloud,EMP-1244,Rejected
TXN-04977,2024-04-21,Google Ads,Marketing - Digital,1000,USD,invoiced,Operations,CC-003,PO-88317,INV-660772,Google Ads - Marketing - Digital,EMP-1099,Pending
TXN-04978,2025-01-24,Starbucks,Meals & Entertainment,5,USD,completed,Marketing,CC-001,PO-52193,INV-352994,Starbucks - Meals & Entertainment,EMP-1044,Rejected
TXN-04979,2024-12-04,Steelcase,Furniture - Fixed Asset,1000,USD,pending,Operations,CC-001,PO-19348,INV-134844,Steelcase - Furniture - Fixed Asset,EMP-1191,Rejected
TXN-04980,2024-01-17,Uber,Travel - Ground,45,USD,invoiced,Sales,CC-005,PO-21053,INV-921582,Uber - Travel - Ground,EMP-1160,Approved
TXN-04981,2024-05-31,McKinsey,Professional Services,6000,USD,invoiced,Finance,CC-003,PO-73477,INV-508971,McKinsey - Professional Services,EMP-1049,Pending
TXN-04982,2024-12-13,Herman Miller,Furniture - Fixed Asset,3000,USD,invoiced,Finance,CC-004,PO-56205,INV-763478,Herman Miller - Furniture - Fixed Asset,EMP-1005,Pending
TXN-04983,2024-03-31,QuickBooks,Accounting Software,120,USD,invoiced,Finance,CC-001,PO-96425,INV-359914,QuickBooks - Accounting Software,EMP-1202,Approved
TXN-04984,2024-05-21,FedEx,Shipping & Logistics,300,USD,invoiced,Marketing,CC-005,PO-73881,INV-288196,FedEx - Shipping & Logistics,EMP-1188,Approved
TXN-04985,2025-03-29,AT&T,Utilities - Telecom,150,USD,invoiced,Finance,CC-005,PO-40296,INV-129101,AT&T - Utilities - Telecom,EMP-1062,Pending
TXN-04986,2024-02-28,Comcast,Utilities - Internet,200,USD,completed,HR,CC-002,PO-78114,INV-164857,Comcast - Utilities - Internet,EMP-1053,Pending
TXN-04987,2024-03-30,Uber,Travel - Ground,15,USD,completed,Operations,CC-004,PO-38579,INV-437267,Uber - Travel - Ground,EMP-1071,Rejected
TXN-04988,2024-11-14,FedEx,Shipping & Logistics,300,USD,paid,Sales,CC-002,PO-18605,INV-435750,FedEx - Shipping & Logistics,EMP-1080,Rejected
TXN-04989,2025-02-26,IKEA,Furniture - Fixed Asset,100,USD,completed,Finance,CC-004,PO-39951,INV-694673,IKEA - Furniture - Fixed Asset,EMP-1180,Rejected
TXN-04990,2024-07-13,Microsoft Azure,Software - Cloud,800,USD,pending,Engineering,CC-001,PO-59442,INV-820179,Microsoft Azure - Software - Cloud,EMP-1110,Approved
TXN-04991,2025-01-14,Verizon,Utilities - Telecom,100,USD,delivered,Finance,CC-003,PO-60258,INV-900808,Verizon - Utilities - Telecom,EMP-1177,Pending
TXN-04992,2024-04-16,Chipotle,Meals & Entertainment,15,USD,pending,Marketing,CC-003,PO-95209,INV-771440,Chipotle - Meals & Entertainment,EMP-1056,Approved
TXN-04993,2025-01-20,Dell,Hardware - Equipment,2500,USD,paid,Sales,CC-004,PO-20319,INV-916885,Dell - Hardware - Equipment,EMP-1053,Approved
TXN-04994,2025-01-04,PwC,Professional Services,8000,USD,paid,Marketing,CC-004,PO-13706,INV-340405,PwC - Professional Services,EMP-1057,Approved
TXN-04995,2024-06-19,UPS,Shipping & Logistics,120,USD,invoiced,Finance,CC-004,PO-81596,INV-823947,UPS - Shipping & Logistics,EMP-1228,Pending
TXN-04996,2024-10-12,Facebook Ads,Marketing - Digital,800,USD,delivered,Operations,CC-002,,INV-212538,Facebook Ads - Marketing - Digital,EMP-1224,Pending
TXN-04997,2024-01-28,AMAZON BUSINESS,Office Supplies,250,USD,pending,Marketing,CC-004,PO-49122,INV-877127,AMAZON BUSINESS - Office Supplies,EMP-1094,Rejected
TXN-04998,2025-02-08,Starbucks,Meals & Entertainment,10,USD,invoiced,Marketing,CC-003,PO-85650,INV-429391,Starbucks - Meals & Entertainment,EMP-1235,Approved
TXN-04999,2024-02-14,Datadog,Software - Monitoring,800,USD,completed,Marketing,CC-004,PO-28073,INV-832913,Datadog - Software - Monitoring,EMP-1124,Pending
TXN-05000,2024-12-11,Zoom,Software - SaaS,599,USD,delivered,Sales,CC-005,PO-58438,INV-566392,Zoom - Software - SaaS,EMP-1119,Approved
